Entry	Organism (ID)	Organism
A0A0B4U9L8	8705	Vipera ammodytes ammodytes (Western sand viper)
A0A0K2JNB8	8725	Bothrops atrox (Barba amarilla) (Fer-de-lance)
A0A0S4FKT4	8732	Crotalus durissus terrificus (South American rattlesnake)
A0A193CHJ5	1043006	Crotalus tzabcan (Yucatan neotropical rattlesnake) (Crotalus simus tzabcan)
A0A1Z0YU59	8618	Dendroaspis angusticeps (Eastern green mamba) (Naja angusticeps)
A0A2D0TC04	8656	Naja atra (Chinese cobra)
A0A2U8QPE6	430902	Micrurus mipartitus (Red-tailed coral snake)
A0A411EZW9	459671	Agkistrodon piscivorus leucostoma (Western cottonmouth) (Acontias leucostoma)
A0A670XR14	8673	Pseudonaja textilis (Eastern brown snake)
A0A670XY21	8673	Pseudonaja textilis (Eastern brown snake)
A0A670XYJ6	8673	Pseudonaja textilis (Eastern brown snake)
A0A670Y0J1	8673	Pseudonaja textilis (Eastern brown snake)
A0A670YSH0	8673	Pseudonaja textilis (Eastern brown snake)
A0A670YZZ1	8673	Pseudonaja textilis (Eastern brown snake)
A0A670Z6M5	8673	Pseudonaja textilis (Eastern brown snake)
A0A670ZKQ5	8673	Pseudonaja textilis (Eastern brown snake)
A0A6B7FMR5	8705	Vipera ammodytes ammodytes (Western sand viper)
A0A6J1TTB3	8663	Notechis scutatus (mainland tiger snake)
A0A6J1U5V7	8663	Notechis scutatus (mainland tiger snake)
A0A6J1UW97	8663	Notechis scutatus (mainland tiger snake)
A0A6J1VD75	8663	Notechis scutatus (mainland tiger snake)
A0A6J1VNB8	8663	Notechis scutatus (mainland tiger snake)
A0A6P9BXA6	94885	Pantherophis guttatus (Corn snake) (Elaphe guttata)
A0A6P9C1J7	94885	Pantherophis guttatus (Corn snake) (Elaphe guttata)
A0A6P9C1K0	94885	Pantherophis guttatus (Corn snake) (Elaphe guttata)
A0A8C5RFP1	8630	Laticauda laticaudata (Blue-ringed sea krait) (Blue-lipped sea krait)
A0A8C5RUR2	8630	Laticauda laticaudata (Blue-ringed sea krait) (Blue-lipped sea krait)
A0A8C5RYG8	8630	Laticauda laticaudata (Blue-ringed sea krait) (Blue-lipped sea krait)
A0A8C5SIK2	8630	Laticauda laticaudata (Blue-ringed sea krait) (Blue-lipped sea krait)
A0A8C6V2H9	35670	Naja naja (Indian cobra)
A0A8C6X6C0	35670	Naja naja (Indian cobra)
A0A8C6X6E9	35670	Naja naja (Indian cobra)
A0A8C6XSS4	35670	Naja naja (Indian cobra)
A0A8C6Y5N2	35670	Naja naja (Indian cobra)
A0A8C6Y6U5	35670	Naja naja (Indian cobra)
A0A8C6Y8P8	35670	Naja naja (Indian cobra)
A0A8C6Y9B7	35670	Naja naja (Indian cobra)
A0A8C6YBK4	35670	Naja naja (Indian cobra)
A0AAW1BM18	8729	Crotalus adamanteus (Eastern diamondback rattlesnake)
A0ABM3YNY6	94885	Pantherophis guttatus (Corn snake) (Elaphe guttata)
A0ABM3YNZ5	94885	Pantherophis guttatus (Corn snake) (Elaphe guttata)
A0ABM3YP00	94885	Pantherophis guttatus (Corn snake) (Elaphe guttata)
A0S864	92519	Boiga irregularis (Brown tree snake) (Coluber irregularis)
A0S865	92519	Boiga irregularis (Brown tree snake) (Coluber irregularis)
A3R0T9	8665	Ophiophagus hannah (King cobra) (Naja hannah)
A4PBQ9	8730	Crotalus atrox (Western diamondback rattlesnake)
A4VBF0	1808362	Vipera nikolskii (Nikolsky's adder) (Vipera berus nikolskii)
A8CG78	343250	Daboia siamensis (Eastern Russel's viper) (Daboia russelii siamensis)
A8CG82	343250	Daboia siamensis (Eastern Russel's viper) (Daboia russelii siamensis)
A8CG86	8707	Daboia russelii (Russel's viper) (Vipera russelii)
A8E2V8	109781	Trimeresurus gracilis (Kikuchi habu)
A8QL52	8613	Bungarus fasciatus (Banded krait) (Pseudoboa fasciata)
A8QL56	8665	Ophiophagus hannah (King cobra) (Naja hannah)
A8YPR6	99586	Echis ocellatus (Ocellated saw-scaled viper)
A8YPR9	8697	Cerastes cerastes (Horned desert viper)
B3A0N3	157554	Bothrops marajoensis (Marajo lancehead)
B3EWF8	430902	Micrurus mipartitus (Red-tailed coral snake)
B3EWH2	8773	Azemiops feae (Fea's viper)
B5AR80	1042543	Bothrops pauloensis (Neuwied's lancehead) (Bothrops neuwiedi pauloensis)
B6CQR5	3148341	Macrovipera lebetinus (Levantine viper) (Vipera lebetina)
B7S4N9	8667	Oxyuranus scutellatus scutellatus (Australian taipan) (Coastal taipan)
B8K1W0	8707	Daboia russelii (Russel's viper) (Vipera russelii)
C0HJD3	121355	Oxybelis fulgidus (Green vine snake) (Coluber fulgidus)
C0HJE7	8732	Crotalus durissus terrificus (South American rattlesnake)
C0HJL8	88079	Bothriechis nigroviridis (Black-speckled palm pit viper)
C0HJU3	1042543	Bothrops pauloensis (Neuwied's lancehead) (Bothrops neuwiedi pauloensis)
C0HK05	332626	Crotalus lutosus (Great basin rattlesnake) (Crotalus oreganus lutosus)
C0HLF0	44717	Porthidium ophryomegas (Slender hognose viper)
C0HLF7	2340898	Ophryacus sphenophrys (Broad-horned pitviper) (Bothrops sphenophrys)
C0HM14	8732	Crotalus durissus terrificus (South American rattlesnake)
C0HM96	8732	Crotalus durissus terrificus (South American rattlesnake)
C0L2T8	8732	Crotalus durissus terrificus (South American rattlesnake)
C3W4R6	3148341	Macrovipera lebetinus (Levantine viper) (Vipera lebetina)
D3TTC1	8656	Naja atra (Chinese cobra)
D3TTC2	8656	Naja atra (Chinese cobra)
D6PXE8	8656	Naja atra (Chinese cobra)
E0Y419	3148341	Macrovipera lebetinus (Levantine viper) (Vipera lebetina)
E0Y421	3148341	Macrovipera lebetinus (Levantine viper) (Vipera lebetina)
F8QN53	927686	Vipera renardi (Steppe viper) (Vipera ursinii renardi)
F8QN54	927686	Vipera renardi (Steppe viper) (Vipera ursinii renardi)
G8XQX1	8707	Daboia russelii (Russel's viper) (Vipera russelii)
I2C090	8665	Ophiophagus hannah (King cobra) (Naja hannah)
I4CHP3	8714	Gloydius halys (Chinese water mocassin) (Agkistrodon halys)
I6L8L6	157546	Bothrops brazili (Brazil's lancehead)
J3SCV0	8729	Crotalus adamanteus (Eastern diamondback rattlesnake)
J7H670	8752	Lachesis muta (South American bushmaster)
K4LLQ2	1051630	Bothrops barnetti (Barnett's lancehead) (Trimeresurus barnetti)
N0A5N4	8714	Gloydius halys (Chinese water mocassin) (Agkistrodon halys)
O57385	36307	Deinagkistrodon acutus (Hundred-pace snake) (Agkistrodon acutus)
O57413	103944	Protobothrops mucrosquamatus (Taiwan habu) (Trimeresurus mucrosquamatus)
O93364	8729	Crotalus adamanteus (Eastern diamondback rattlesnake)
O93523	8724	Bothrops jararaca (Jararaca) (Bothrops jajaraca)
P00596	8649	Naja kaouthia (Monocled cobra) (Naja siamensis)
P00598	8656	Naja atra (Chinese cobra)
P00608	70142	Notechis scutatus scutatus (Eastern tiger snake) (Naja scutata scutata)
P00614	8667	Oxyuranus scutellatus scutellatus (Australian taipan) (Coastal taipan)
P00617	8616	Bungarus multicinctus (Many-banded krait)
P00618	8616	Bungarus multicinctus (Many-banded krait)
P00619	8616	Bungarus multicinctus (Many-banded krait)
P00624	8730	Crotalus atrox (Western diamondback rattlesnake)
P00625	8769	Ovophis okinavensis (Ryukyu Island pit viper) (Trimeresurus okinavensis)
P00626	8705	Vipera ammodytes ammodytes (Western sand viper)
P00627	8613	Bungarus fasciatus (Banded krait) (Pseudoboa fasciata)
P00628	8613	Bungarus fasciatus (Banded krait) (Pseudoboa fasciata)
P00629	8613	Bungarus fasciatus (Banded krait) (Pseudoboa fasciata)
P00981	8620	Dendroaspis polylepis polylepis (Black mamba)
P00982	8618	Dendroaspis angusticeps (Eastern green mamba) (Naja angusticeps)
P01021	242054	Gloydius blomhoffii (Mamushi) (Agkistrodon halys blomhoffi)
P01391	8649	Naja kaouthia (Monocled cobra) (Naja siamensis)
P01398	8616	Bungarus multicinctus (Many-banded krait)
P01445	8649	Naja kaouthia (Monocled cobra) (Naja siamensis)
P01446	8649	Naja kaouthia (Monocled cobra) (Naja siamensis)
P04084	73841	Vipera ammodytes meridionalis (Eastern sand viper)
P04361	8716	Agkistrodon piscivorus piscivorus (Eastern cottonmouth)
P04971	8725	Bothrops atrox (Barba amarilla) (Fer-de-lance)
P05620	88087	Protobothrops flavoviridis (Habu) (Trimeresurus flavoviridis)
P06859	88087	Protobothrops flavoviridis (Habu) (Trimeresurus flavoviridis)
P08878	8732	Crotalus durissus terrificus (South American rattlesnake)
P09872	8713	Agkistrodon contortrix contortrix (Southern copperhead)
P0C1Z0	8618	Dendroaspis angusticeps (Eastern green mamba) (Naja angusticeps)
P0C2D1	113192	Bothrops pirajai (Piraja's lancehead)
P0C2D4	8649	Naja kaouthia (Monocled cobra) (Naja siamensis)
P0C2D7	31156	Vipera berus berus (Common viper)
P0C577	8694	Bitis gabonica (Gaboon adder) (Gaboon viper)
P0C5B4	88083	Gloydius shedaoensis (Shedao island pit viper) (Agkistrodon shedaoensis)
P0C6E3	8718	Agkistrodon bilineatus (Cantil) (Tropical moccasin)
P0C6E4	242841	Protobothrops jerdonii (Jerdon's pitviper) (Trimeresurus jerdonii)
P0C6E8	8767	Craspedocephalus gramineus (Bamboo pit viper) (Trimeresurus gramineus)
P0C6S4	110227	Eristicophis macmahoni (Leaf-nosed viper)
P0C7B0	3148161	Gloydius brevicauda (Korean slamosa snake) (Agkistrodon halys brevicaudus)
P0C7P5	88087	Protobothrops flavoviridis (Habu) (Trimeresurus flavoviridis)
P0C8M1	98334	Bothrops moojeni (Lance-headed viper) (Caissaca)
P0C942	8753	Lachesis muta muta (Bushmaster)
P0CAR9	8697	Cerastes cerastes (Horned desert viper)
P0CAS0	8697	Cerastes cerastes (Horned desert viper)
P0CAS2	8732	Crotalus durissus terrificus (South American rattlesnake)
P0CAS5	8732	Crotalus durissus terrificus (South American rattlesnake)
P0CAS7	8732	Crotalus durissus terrificus (South American rattlesnake)
P0CC16	2782196	Agkistrodon contortrix laticinctus (Broad-banded copperhead) (Agkistrodon mokasen laticinctus)
P0CC17	8725	Bothrops atrox (Barba amarilla) (Fer-de-lance)
P0CG03	64174	Bothrops alternatus (Urutu) (Rhinocerophis alternatus)
P0CG56	8732	Crotalus durissus terrificus (South American rattlesnake)
P0DI88	8724	Bothrops jararaca (Jararaca) (Bothrops jajaraca)
P0DI89	157295	Bothrops leucurus (Whitetail lancehead)
P0DI90	8707	Daboia russelii (Russel's viper) (Vipera russelii)
P0DJ43	66188	Micropechis ikaheca (New Guinean small-eyed snake)
P0DJ44	8705	Vipera ammodytes ammodytes (Western sand viper)
P0DJ86	157295	Bothrops leucurus (Whitetail lancehead)
P0DJE2	8705	Vipera ammodytes ammodytes (Western sand viper)
P0DJE9	157554	Bothrops marajoensis (Marajo lancehead)
P0DJF0	8726	Bothrops jararacussu (Jararacussu)
P0DJG3	1144373	Bothrocophias andianus (Andean lancehead) (Bothrops andianus)
P0DJG7	36307	Deinagkistrodon acutus (Hundred-pace snake) (Agkistrodon acutus)
P0DJH3	36307	Deinagkistrodon acutus (Hundred-pace snake) (Agkistrodon acutus)
P0DJJ6	157295	Bothrops leucurus (Whitetail lancehead)
P0DJJ9	88087	Protobothrops flavoviridis (Habu) (Trimeresurus flavoviridis)
P0DJN6	35024	Crotalus horridus (Timber rattlesnake)
P0DJN7	992932	Crotalus lepidus lepidus (Mottled rock rattlesnake)
P0DKR6	8620	Dendroaspis polylepis polylepis (Black mamba)
P0DL26	113192	Bothrops pirajai (Piraja's lancehead)
P0DL29	113192	Bothrops pirajai (Piraja's lancehead)
P0DM51	1042543	Bothrops pauloensis (Neuwied's lancehead) (Bothrops neuwiedi pauloensis)
P0DM89	3148161	Gloydius brevicauda (Korean slamosa snake) (Agkistrodon halys brevicaudus)
P0DM90	3148161	Gloydius brevicauda (Korean slamosa snake) (Agkistrodon halys brevicaudus)
P0DPS3	8705	Vipera ammodytes ammodytes (Western sand viper)
P0DPS4	8697	Cerastes cerastes (Horned desert viper)
P0DQH9	8697	Cerastes cerastes (Horned desert viper)
P0DQQ0	157546	Bothrops brazili (Brazil's lancehead)
P0DQQ4	8732	Crotalus durissus terrificus (South American rattlesnake)
P0DRC8	384075	Macrovipera lebetinus transmediterranea (Blunt-nosed viper) (Vipera lebetina transmediterranea)
P0DRJ7	8753	Lachesis muta muta (Bushmaster)
P0DRK3	8692	Bitis arietans (African puff adder)
P0DUN1	230469	Bothrocophias hyoprora (Amazonian hognose viper) (Porthidium hyoprora)
P0DUN2	230469	Bothrocophias hyoprora (Amazonian hognose viper) (Porthidium hyoprora)
P0DUN3	157546	Bothrops brazili (Brazil's lancehead)
P0DUN4	157546	Bothrops brazili (Brazil's lancehead)
P0DUN5	2815652	Bothrops bilineatus smaragdinus (Two-striped forest-pitviper)
P0DV78	8726	Bothrops jararacussu (Jararacussu)
P0DW98	242841	Protobothrops jerdonii (Jerdon's pitviper) (Trimeresurus jerdonii)
P11407	8705	Vipera ammodytes ammodytes (Western sand viper)
P13208	1343144	Atractaspis engaddensis (Israeli burrowing asp) (Israeli mole viper)
P14418	8714	Gloydius halys (Chinese water mocassin) (Agkistrodon halys)
P14420	73841	Vipera ammodytes meridionalis (Eastern sand viper)
P14421	8714	Gloydius halys (Chinese water mocassin) (Agkistrodon halys)
P14424	8705	Vipera ammodytes ammodytes (Western sand viper)
P14530	88087	Protobothrops flavoviridis (Habu) (Trimeresurus flavoviridis)
P15167	8730	Crotalus atrox (Western diamondback rattlesnake)
P17347	124223	Echis carinatus sochureki (Sochurek's saw-scaled viper) (Echis sochureki)
P17349	88086	Protobothrops elegans (Elegant pitviper) (Trimeresurus elegans)
P17935	8705	Vipera ammodytes ammodytes (Western sand viper)
P18964	343250	Daboia siamensis (Eastern Russel's viper) (Daboia russelii siamensis)
P18965	343250	Daboia siamensis (Eastern Russel's viper) (Daboia russelii siamensis)
P20005	8769	Ovophis okinavensis (Ryukyu Island pit viper) (Trimeresurus okinavensis)
P20164	88087	Protobothrops flavoviridis (Habu) (Trimeresurus flavoviridis)
P20474	8722	Bothrops asper (Terciopelo)
P22796	8753	Lachesis muta muta (Bushmaster)
P22947	8620	Dendroaspis polylepis polylepis (Black mamba)
P23026	8673	Pseudonaja textilis (Eastern brown snake)
P23807	88087	Protobothrops flavoviridis (Habu) (Trimeresurus flavoviridis)
P24027	8732	Crotalus durissus terrificus (South American rattlesnake)
P24335	8770	Tropidolaemus wagleri (Wagler's pit viper) (Trimeresurus wagleri)
P24605	8722	Bothrops asper (Terciopelo)
P25428	3148341	Macrovipera lebetinus (Levantine viper) (Vipera lebetina)
P28375	8619	Dendroaspis jamesoni kaimosae (Eastern Jameson's mamba)
P28891	8713	Agkistrodon contortrix contortrix (Southern copperhead)
P30403	8717	Calloselasma rhodostoma (Malayan pit viper) (Agkistrodon rhodostoma)
P30431	8724	Bothrops jararaca (Jararaca) (Bothrops jajaraca)
P31100	343250	Daboia siamensis (Eastern Russel's viper) (Daboia russelii siamensis)
P33589	8753	Lachesis muta muta (Bushmaster)
P34182	8730	Crotalus atrox (Western diamondback rattlesnake)
P45881	8726	Bothrops jararacussu (Jararacussu)
P49121	2782196	Agkistrodon contortrix laticinctus (Broad-banded copperhead) (Agkistrodon mokasen laticinctus)
P58399	113192	Bothrops pirajai (Piraja's lancehead)
P59071	8707	Daboia russelii (Russel's viper) (Vipera russelii)
P60244	36307	Deinagkistrodon acutus (Hundred-pace snake) (Agkistrodon acutus)
P60305	8649	Naja kaouthia (Monocled cobra) (Naja siamensis)
P60615	8616	Bungarus multicinctus (Many-banded krait)
P60770	8656	Naja atra (Chinese cobra)
P60775	8631	Laticauda semifasciata (Black-banded sea krait) (Pseudolaticauda semifasciata)
P61898	8656	Naja atra (Chinese cobra)
P62022	8732	Crotalus durissus terrificus (South American rattlesnake)
P62023	8738	Crotalus scutulatus scutulatus (Mojave rattlesnake)
P67861	8707	Daboia russelii (Russel's viper) (Vipera russelii)
P67863	8705	Vipera ammodytes ammodytes (Western sand viper)
P68515	8723	Bothrops insularis (Golden lancehead) (Lachesis insularis)
P80963	44725	Bothriechis schlegelii (Eyelash palm pitviper)
P80966	8665	Ophiophagus hannah (King cobra) (Naja hannah)
P81165	44722	Cerrophidion godmani (Porthidium godmani) (Bothrops godmani)
P81375	3148341	Macrovipera lebetinus (Levantine viper) (Vipera lebetina)
P81382	8717	Calloselasma rhodostoma (Malayan pit viper) (Agkistrodon rhodostoma)
P81383	8665	Ophiophagus hannah (King cobra) (Naja hannah)
P81428	100989	Tropidechis carinatus (Australian rough-scaled snake)
P81661	8724	Bothrops jararaca (Jararaca) (Bothrops jajaraca)
P82114	98334	Bothrops moojeni (Lance-headed viper) (Caissaca)
P82475	3148341	Macrovipera lebetinus (Levantine viper) (Vipera lebetina)
P82807	70142	Notechis scutatus scutatus (Eastern tiger snake) (Naja scutata scutata)
P82896	39682	Trimeresurus stejnegeri (Chinese green tree viper) (Viridovipera stejnegeri)
P82935	8649	Naja kaouthia (Monocled cobra) (Naja siamensis)
P82972	47769	Pseudocerastes persicus (Persian horned viper) (False horned viper)
P82981	8713	Agkistrodon contortrix contortrix (Southern copperhead)
P83253	3148341	Macrovipera lebetinus (Levantine viper) (Vipera lebetina)
P83255	3148341	Macrovipera lebetinus (Levantine viper) (Vipera lebetina)
P83302	8665	Ophiophagus hannah (King cobra) (Naja hannah)
P83370	196418	Hoplocephalus stephensii (Stephens's banded snake)
P83512	8722	Bothrops asper (Terciopelo)
P83912	242841	Protobothrops jerdonii (Jerdon's pitviper) (Trimeresurus jerdonii)
P83942	194601	Vipera aspis aspis (Aspic viper)
P84674	8707	Daboia russelii (Russel's viper) (Vipera russelii)
P84776	242058	Protobothrops mangshanensis (Mangshan pitviper) (Zhaoermia mangshanensis)
P84787	88086	Protobothrops elegans (Elegant pitviper) (Trimeresurus elegans)
P84907	157295	Bothrops leucurus (Whitetail lancehead)
P85092	8618	Dendroaspis angusticeps (Eastern green mamba) (Naja angusticeps)
P85109	3148161	Gloydius brevicauda (Korean slamosa snake) (Agkistrodon halys brevicaudus)
P85314	98334	Bothrops moojeni (Lance-headed viper) (Caissaca)
P85420	8725	Bothrops atrox (Barba amarilla) (Fer-de-lance)
P86092	157295	Bothrops leucurus (Whitetail lancehead)
P86169	221570	Crotalus durissus ruruima (South American rattlesnake) (Mt. Roraima rattlesnake)
P86453	64174	Bothrops alternatus (Urutu) (Rhinocerophis alternatus)
P86535	8707	Daboia russelii (Russel's viper) (Vipera russelii)
P86802	157554	Bothrops marajoensis (Marajo lancehead)
P86803	157554	Bothrops marajoensis (Marajo lancehead)
P86804	157554	Bothrops marajoensis (Marajo lancehead)
P86805	184542	Crotalus durissus cumanensis (South American rattlesnake)
P86806	184542	Crotalus durissus cumanensis (South American rattlesnake)
P86907	169857	Bothrops ammodytoides (Yararanata) (Patagonian lancehead)
P86976	1051630	Bothrops barnetti (Barnett's lancehead) (Trimeresurus barnetti)
Q02471	343250	Daboia siamensis (Eastern Russel's viper) (Daboia russelii siamensis)
Q072L5	8722	Bothrops asper (Terciopelo)
Q072L6	8722	Bothrops asper (Terciopelo)
Q0NZX5	8724	Bothrops jararaca (Jararaca) (Bothrops jajaraca)
Q10749	8644	Naja mossambica (Mozambique spitting cobra)
Q14FJ4	99586	Echis ocellatus (Ocellated saw-scaled viper)
Q1PHZ4	8726	Bothrops jararacussu (Jararacussu)
Q1RP78	1808362	Vipera nikolskii (Nikolsky's adder) (Vipera berus nikolskii)
Q1RP79	1808362	Vipera nikolskii (Nikolsky's adder) (Vipera berus nikolskii)
Q27J47	8753	Lachesis muta muta (Bushmaster)
Q27J49	8753	Lachesis muta muta (Bushmaster)
Q2LD49	39682	Trimeresurus stejnegeri (Chinese green tree viper) (Viridovipera stejnegeri)
Q2PQJ3	8726	Bothrops jararacussu (Jararacussu)
Q2YHJ2	3147914	Craspedocephalus borneensis (Borneo pit viper) (Trimeresurus borneensis)
Q2YHJ3	3147914	Craspedocephalus borneensis (Borneo pit viper) (Trimeresurus borneensis)
Q2YHJ6	3147916	Craspedocephalus puniceus (Flat-nosed pitviper) (Trimeresurus puniceus)
Q2YHJ7	3147916	Craspedocephalus puniceus (Flat-nosed pitviper) (Trimeresurus puniceus)
Q330K6	103944	Protobothrops mucrosquamatus (Taiwan habu) (Trimeresurus mucrosquamatus)
Q45Z47	8667	Oxyuranus scutellatus scutellatus (Australian taipan) (Coastal taipan)
Q4F867	343250	Daboia siamensis (Eastern Russel's viper) (Daboia russelii siamensis)
Q4PRD1	343250	Daboia siamensis (Eastern Russel's viper) (Daboia russelii siamensis)
Q4PRD2	343250	Daboia siamensis (Eastern Russel's viper) (Daboia russelii siamensis)
Q4VM07	3148341	Macrovipera lebetinus (Levantine viper) (Vipera lebetina)
Q4VM08	3148341	Macrovipera lebetinus (Levantine viper) (Vipera lebetina)
Q53B58	8665	Ophiophagus hannah (King cobra) (Naja hannah)
Q56VR3	8673	Pseudonaja textilis (Eastern brown snake)
Q58L91	8668	Oxyuranus scutellatus (Coastal taipan)
Q58L94	70142	Notechis scutatus scutatus (Eastern tiger snake) (Naja scutata scutata)
Q58L96	8668	Oxyuranus scutellatus (Coastal taipan)
Q5MCS0	8781	Hydrophis hardwickii (Hardwick's spine-bellied seasnake) (Lapemis hardwickii)
Q5W959	8724	Bothrops jararaca (Jararaca) (Bothrops jajaraca)
Q5XUW8	8723	Bothrops insularis (Golden lancehead) (Lachesis insularis)
Q698K8	3148161	Gloydius brevicauda (Korean slamosa snake) (Agkistrodon halys brevicaudus)
Q6EER2	8757	Sistrurus tergeminus (Western massasauga) (Sistrurus catenatus tergeminus)
Q6EER4	44725	Bothriechis schlegelii (Eyelash palm pitviper)
Q6H3C8	39682	Trimeresurus stejnegeri (Chinese green tree viper) (Viridovipera stejnegeri)
Q6H3D0	39682	Trimeresurus stejnegeri (Chinese green tree viper) (Viridovipera stejnegeri)
Q6JK69	8725	Bothrops atrox (Barba amarilla) (Fer-de-lance)
Q6LEM5	8724	Bothrops jararaca (Jararaca) (Bothrops jajaraca)
Q6RY98	172021	Atractaspis microlepidota microlepidota
Q6SLM1	132961	Bungarus caeruleus (Indian krait)
Q6SLM2	132961	Bungarus caeruleus (Indian krait)
Q6STF1	8714	Gloydius halys (Chinese water mocassin) (Agkistrodon halys)
Q6T179	195058	Naja sagittifera (Andaman cobra)
Q6T271	8694	Bitis gabonica (Gaboon adder) (Gaboon viper)
Q6TGQ8	98334	Bothrops moojeni (Lance-headed viper) (Caissaca)
Q6TGQ9	8726	Bothrops jararacussu (Jararacussu)
Q71QE8	8742	Crotalus viridis viridis (Prairie rattlesnake)
Q7LZ09	3148341	Macrovipera lebetinus (Levantine viper) (Vipera lebetina)
Q7LZ61	343250	Daboia siamensis (Eastern Russel's viper) (Daboia russelii siamensis)
Q7SID6	36307	Deinagkistrodon acutus (Hundred-pace snake) (Agkistrodon acutus)
Q7SYF1	8697	Cerastes cerastes (Horned desert viper)
Q7SZE1	44732	Gloydius intermedius (Central Asian pit viper) (Agkistrodon intermedius)
Q7SZN0	8673	Pseudonaja textilis (Eastern brown snake)
Q7T046	3148341	Macrovipera lebetinus (Levantine viper) (Vipera lebetina)
Q7T1M3	8726	Bothrops jararacussu (Jararacussu)
Q7T2R1	343250	Daboia siamensis (Eastern Russel's viper) (Daboia russelii siamensis)
Q7T3S7	40353	Echis carinatus (Saw-scaled viper)
Q7T3T5	343250	Daboia siamensis (Eastern Russel's viper) (Daboia russelii siamensis)
Q7ZTA7	128077	Crotalus lutosus abyssus (Grand Canyon rattlesnake) (Crotalus oreganus abyssus)
Q7ZZS9	242841	Protobothrops jerdonii (Jerdon's pitviper) (Trimeresurus jerdonii)
Q800C4	8742	Crotalus viridis viridis (Prairie rattlesnake)
Q805A2	88087	Protobothrops flavoviridis (Habu) (Trimeresurus flavoviridis)
Q805F6	8713	Agkistrodon contortrix contortrix (Southern copperhead)
Q805F7	8713	Agkistrodon contortrix contortrix (Southern copperhead)
Q8AWI5	8714	Gloydius halys (Chinese water mocassin) (Agkistrodon halys)
Q8AXY1	8726	Bothrops jararacussu (Jararacussu)
Q8AY79	39682	Trimeresurus stejnegeri (Chinese green tree viper) (Viridovipera stejnegeri)
Q8AY80	39682	Trimeresurus stejnegeri (Chinese green tree viper) (Viridovipera stejnegeri)
Q8AY81	39682	Trimeresurus stejnegeri (Chinese green tree viper) (Viridovipera stejnegeri)
Q8JH85	3148341	Macrovipera lebetinus (Levantine viper) (Vipera lebetina)
Q8JIR2	88087	Protobothrops flavoviridis (Habu) (Trimeresurus flavoviridis)
Q8QGR0	8618	Dendroaspis angusticeps (Eastern green mamba) (Naja angusticeps)
Q8UVG0	44710	Bothrops erythromelas (Caatinga lance head)
Q90249	8726	Bothrops jararacussu (Jararacussu)
Q90282	8730	Crotalus atrox (Western diamondback rattlesnake)
Q90495	40353	Echis carinatus (Saw-scaled viper)
Q90W39	103944	Protobothrops mucrosquamatus (Taiwan habu) (Trimeresurus mucrosquamatus)
Q90WA8	8613	Bungarus fasciatus (Banded krait) (Pseudoboa fasciata)
Q90WC0	3148161	Gloydius brevicauda (Korean slamosa snake) (Agkistrodon halys brevicaudus)
Q90Y12	8732	Crotalus durissus terrificus (South American rattlesnake)
Q90YA6	88086	Protobothrops elegans (Elegant pitviper) (Trimeresurus elegans)
Q90ZI3	88087	Protobothrops flavoviridis (Habu) (Trimeresurus flavoviridis)
Q91053	35671	Gloydius ussuriensis (Ussuri mamushi) (Gloydius blomhoffii ussuriensis)
Q91132	8649	Naja kaouthia (Monocled cobra) (Naja siamensis)
Q91401	8730	Crotalus atrox (Western diamondback rattlesnake)
Q91511	103944	Protobothrops mucrosquamatus (Taiwan habu) (Trimeresurus mucrosquamatus)
Q91516	39682	Trimeresurus stejnegeri (Chinese green tree viper) (Viridovipera stejnegeri)
Q92035	8613	Bungarus fasciatus (Banded krait) (Pseudoboa fasciata)
Q92084	33626	Naja sputatrix (Malayan spitting cobra) (Naja naja sputatrix)
Q98995	3148341	Macrovipera lebetinus (Levantine viper) (Vipera lebetina)
Q98SP2	8724	Bothrops jararaca (Jararaca) (Bothrops jajaraca)
Q98UF9	8724	Bothrops jararaca (Jararaca) (Bothrops jajaraca)
Q9DF33	8665	Ophiophagus hannah (King cobra) (Naja hannah)
Q9DF52	132961	Bungarus caeruleus (Indian krait)
Q9DF67	242841	Protobothrops jerdonii (Jerdon's pitviper) (Trimeresurus jerdonii)
Q9DGB9	8730	Crotalus atrox (Western diamondback rattlesnake)
Q9I834	98334	Bothrops moojeni (Lance-headed viper) (Caissaca)
Q9I8X1	36307	Deinagkistrodon acutus (Hundred-pace snake) (Agkistrodon acutus)
Q9IAB0	8713	Agkistrodon contortrix contortrix (Southern copperhead)
Q9IAT9	1042543	Bothrops pauloensis (Neuwied's lancehead) (Bothrops neuwiedi pauloensis)
Q9PT41	3148341	Macrovipera lebetinus (Levantine viper) (Vipera lebetina)
Q9PT51	242054	Gloydius blomhoffii (Mamushi) (Agkistrodon halys blomhoffi)
Q9PTU8	8724	Bothrops jararaca (Jararaca) (Bothrops jajaraca)
Q9PVF0	8717	Calloselasma rhodostoma (Malayan pit viper) (Agkistrodon rhodostoma)
Q9PVF1	8717	Calloselasma rhodostoma (Malayan pit viper) (Agkistrodon rhodostoma)
Q9PVF2	8717	Calloselasma rhodostoma (Malayan pit viper) (Agkistrodon rhodostoma)
Q9PVF4	8717	Calloselasma rhodostoma (Malayan pit viper) (Agkistrodon rhodostoma)
Q9PW35	36307	Deinagkistrodon acutus (Hundred-pace snake) (Agkistrodon acutus)
Q9PW56	8724	Bothrops jararaca (Jararaca) (Bothrops jajaraca)
Q9PWF3	8732	Crotalus durissus terrificus (South American rattlesnake)
Q9W6M5	36307	Deinagkistrodon acutus (Hundred-pace snake) (Agkistrodon acutus)
Q9W7J3	8673	Pseudonaja textilis (Eastern brown snake)
Q9W7J4	8673	Pseudonaja textilis (Eastern brown snake)
Q9YI19	3148161	Gloydius brevicauda (Korean slamosa snake) (Agkistrodon halys brevicaudus)
R4NNL0	8705	Vipera ammodytes ammodytes (Western sand viper)
U3FAE1	8637	Micrurus fulvius (Eastern coral snake) (Coluber fulvius)
U5PZ28	44727	Bothriechis lateralis (Side-striped palm pitviper)
V5TBK6	8705	Vipera ammodytes ammodytes (Western sand viper)
V8P682	8665	Ophiophagus hannah (King cobra) (Naja hannah)
V8P6Z0	8665	Ophiophagus hannah (King cobra) (Naja hannah)
W8E7D1	3148341	Macrovipera lebetinus (Levantine viper) (Vipera lebetina)
W8EFS0	3148341	Macrovipera lebetinus (Levantine viper) (Vipera lebetina)
X2JCV5	8697	Cerastes cerastes (Horned desert viper)
X2L4E2	133440	Bothrops pictus (Desert lancehead)
A0A024AX12	66188	Micropechis ikaheca (New Guinean small-eyed snake)
A0A024AX15	66188	Micropechis ikaheca (New Guinean small-eyed snake)
A0A024AXC7	66188	Micropechis ikaheca (New Guinean small-eyed snake)
A0A024AXF8	66188	Micropechis ikaheca (New Guinean small-eyed snake)
A0A024AXG2	66188	Micropechis ikaheca (New Guinean small-eyed snake)
A0A024AXG5	66188	Micropechis ikaheca (New Guinean small-eyed snake)
A0A024AXW8	66188	Micropechis ikaheca (New Guinean small-eyed snake)
A0A024AXX2	66188	Micropechis ikaheca (New Guinean small-eyed snake)
A0A024AXX4	66188	Micropechis ikaheca (New Guinean small-eyed snake)
A0A024AYB6	66188	Micropechis ikaheca (New Guinean small-eyed snake)
A0A024AYB9	66188	Micropechis ikaheca (New Guinean small-eyed snake)
A0A1I9KNP0	8705	Vipera ammodytes ammodytes (Western sand viper)
A0A346CIA0	1899469	Spilotes sulphureus (Amazon puffing snake) (Natrix sulphurea)
A0A346CIB2	1899469	Spilotes sulphureus (Amazon puffing snake) (Natrix sulphurea)
A0A346CIB3	1899469	Spilotes sulphureus (Amazon puffing snake) (Natrix sulphurea)
A0A670XWV7	8673	Pseudonaja textilis (Eastern brown snake)
A0A670Y2F9	8673	Pseudonaja textilis (Eastern brown snake)
A0A670Y9W8	8673	Pseudonaja textilis (Eastern brown snake)
A0A670YIZ5	8673	Pseudonaja textilis (Eastern brown snake)
A0A670YWQ6	8673	Pseudonaja textilis (Eastern brown snake)
A0A670Z299	8673	Pseudonaja textilis (Eastern brown snake)
A0A6I9YMZ6	35019	Thamnophis sirtalis
A0A6J1U4A8	8663	Notechis scutatus (mainland tiger snake)
A0A6J1UXD9	8663	Notechis scutatus (mainland tiger snake)
A0A6P9D6Y1	94885	Pantherophis guttatus (Corn snake) (Elaphe guttata)
A0A8C5RLT2	8630	Laticauda laticaudata (Blue-ringed sea krait) (Blue-lipped sea krait)
A0A8C5S3D7	8630	Laticauda laticaudata (Blue-ringed sea krait) (Blue-lipped sea krait)
A0A8C5SGI3	8630	Laticauda laticaudata (Blue-ringed sea krait) (Blue-lipped sea krait)
A0A8C5WVZ0	8630	Laticauda laticaudata (Blue-ringed sea krait) (Blue-lipped sea krait)
A0A8C6V5L6	35670	Naja naja (Indian cobra)
A0A8C6V7L7	35670	Naja naja (Indian cobra)
A0A8C6X6F3	35670	Naja naja (Indian cobra)
A0A8C6XEF9	35670	Naja naja (Indian cobra)
A0A8C6XSI3	35670	Naja naja (Indian cobra)
A0A9F5MT37	176946	Python bivittatus (Burmese python) (Python molurus bivittatus)
A0AAW1APA3	8729	Crotalus adamanteus (Eastern diamondback rattlesnake)
A0RZC6	29156	Austrelaps superbus (Lowland copperhead snake) (Hoplocephalus superbus)
A1IVR8	92438	Bungarus candidus (Malayan krait)
A2TK72	36307	Deinagkistrodon acutus (Hundred-pace snake) (Agkistrodon acutus)
A3FM57	8781	Hydrophis hardwickii (Hardwick's spine-bellied seasnake) (Lapemis hardwickii)
A4FS04	8656	Naja atra (Chinese cobra)
A6MEY4	8613	Bungarus fasciatus (Banded krait) (Pseudoboa fasciata)
A6MFK7	412038	Demansia vestigiata (Lesser black whip snake) (Demansia atra)
A6MFK8	412038	Demansia vestigiata (Lesser black whip snake) (Demansia atra)
A6MFL5	412038	Demansia vestigiata (Lesser black whip snake) (Demansia atra)
A6MFL6	412038	Demansia vestigiata (Lesser black whip snake) (Demansia atra)
A6MFL7	412038	Demansia vestigiata (Lesser black whip snake) (Demansia atra)
A8CG89	8707	Daboia russelii (Russel's viper) (Vipera russelii)
A8CG90	8707	Daboia russelii (Russel's viper) (Vipera russelii)
A8QL48	8613	Bungarus fasciatus (Banded krait) (Pseudoboa fasciata)
A8QL49	8616	Bungarus multicinctus (Many-banded krait)
A8QL58	8656	Naja atra (Chinese cobra)
A8QL59	8656	Naja atra (Chinese cobra)
B0FXM1	8732	Crotalus durissus terrificus (South American rattlesnake)
B0FXM2	8732	Crotalus durissus terrificus (South American rattlesnake)
B0FXM3	8732	Crotalus durissus terrificus (South American rattlesnake)
B0VXV8	8762	Sistrurus catenatus edwardsii (Desert massasauga) (Crotalophorus edwardsii)
B0ZT25	242841	Protobothrops jerdonii (Jerdon's pitviper) (Trimeresurus jerdonii)
B5G6G5	292442	Cryptophis nigrescens (Eastern small-eyed snake) (Rhinoplocephalus nigrescens)
B5U6Y4	99586	Echis ocellatus (Ocellated saw-scaled viper)
B5U6Z2	384075	Macrovipera lebetinus transmediterranea (Blunt-nosed viper) (Vipera lebetina transmediterranea)
B7U492	459671	Agkistrodon piscivorus leucostoma (Western cottonmouth) (Acontias leucostoma)
B8QCG6	8713	Agkistrodon contortrix contortrix (Southern copperhead)
C0HJD7	8620	Dendroaspis polylepis polylepis (Black mamba)
C0HJP9	1107943	Bothrops diporus (Chaco lancehead) (Bothrops neuwiedi diporus)
C0HJU2	1042543	Bothrops pauloensis (Neuwied's lancehead) (Bothrops neuwiedi pauloensis)
C0HK16	8707	Daboia russelii (Russel's viper) (Vipera russelii)
C0HKC1	2782195	Agkistrodon conanti (Florida cottonmouth) (Agkistrodon piscivorus conanti)
C0HKC2	459671	Agkistrodon piscivorus leucostoma (Western cottonmouth) (Acontias leucostoma)
C0HL97	184545	Crotalus vegrandis (Uracoan rattlesnake) (Crotalus durissus vegrandis)
C0HLA3	60219	Lachesis muta rhombeata (Atlantic forest bushmaster) (Lachesis rhombeata)
C0HLB2	47769	Pseudocerastes persicus (Persian horned viper) (False horned viper)
C0HM67	60219	Lachesis muta rhombeata (Atlantic forest bushmaster) (Lachesis rhombeata)
C0HM79	459671	Agkistrodon piscivorus leucostoma (Western cottonmouth) (Acontias leucostoma)
C0K3N1	8692	Bitis arietans (African puff adder)
C0K3N3	8730	Crotalus atrox (Western diamondback rattlesnake)
C1IC45	64182	Walterinnesia aegyptia (Desert black snake)
C1IC46	64182	Walterinnesia aegyptia (Desert black snake)
C1IC47	64182	Walterinnesia aegyptia (Desert black snake)
C1IC49	64182	Walterinnesia aegyptia (Desert black snake)
C7G1G6	88087	Protobothrops flavoviridis (Habu) (Trimeresurus flavoviridis)
C9DPL5	113192	Bothrops pirajai (Piraja's lancehead)
C9E1R9	8742	Crotalus viridis viridis (Prairie rattlesnake)
C9E1S1	459671	Agkistrodon piscivorus leucostoma (Western cottonmouth) (Acontias leucostoma)
D0UGJ0	1042543	Bothrops pauloensis (Neuwied's lancehead) (Bothrops neuwiedi pauloensis)
D1MGU0	242841	Protobothrops jerdonii (Jerdon's pitviper) (Trimeresurus jerdonii)
D1MGU1	242841	Protobothrops jerdonii (Jerdon's pitviper) (Trimeresurus jerdonii)
D6MKR0	35024	Crotalus horridus (Timber rattlesnake)
D8VNS0	46267	Cerberus rynchops (Dog-faced water snake)
D9IX97	8656	Naja atra (Chinese cobra)
E2ITZ3	8656	Naja atra (Chinese cobra)
F5CPF0	129457	Micrurus altirostris (Uruguayan coral snake) (Elaps altirostris)
F5CPF1	129457	Micrurus altirostris (Uruguayan coral snake) (Elaps altirostris)
F8QN51	927686	Vipera renardi (Steppe viper) (Vipera ursinii renardi)
F8RKV9	66186	Drysdalia coronoides (White-lipped snake) (Hoplocephalus coronoides)
F8RKW0	66186	Drysdalia coronoides (White-lipped snake) (Hoplocephalus coronoides)
F8RKW1	66186	Drysdalia coronoides (White-lipped snake) (Hoplocephalus coronoides)
F8RKW5	66186	Drysdalia coronoides (White-lipped snake) (Hoplocephalus coronoides)
F8S114	8729	Crotalus adamanteus (Eastern diamondback rattlesnake)
G3DT18	98334	Bothrops moojeni (Lance-headed viper) (Caissaca)
G9I929	1114302	Micrurus tener tener (Texas coral snake)
G9I930	1114302	Micrurus tener tener (Texas coral snake)
H6VC05	8707	Daboia russelii (Russel's viper) (Vipera russelii)
H6VC06	8707	Daboia russelii (Russel's viper) (Vipera russelii)
J3SBP3	8729	Crotalus adamanteus (Eastern diamondback rattlesnake)
J3SEZ3	8729	Crotalus adamanteus (Eastern diamondback rattlesnake)
J9Z332	8729	Crotalus adamanteus (Eastern diamondback rattlesnake)
K9MCH1	1240351	Micrurus laticollaris (Balsas coral snake)
O13069	8724	Bothrops jararaca (Jararaca) (Bothrops jajaraca)
O42138	2782196	Agkistrodon contortrix laticinctus (Broad-banded copperhead) (Agkistrodon mokasen laticinctus)
O42187	8714	Gloydius halys (Chinese water mocassin) (Agkistrodon halys)
O42207	35671	Gloydius ussuriensis (Ussuri mamushi) (Gloydius blomhoffii ussuriensis)
O93426	8732	Crotalus durissus terrificus (South American rattlesnake)
O93427	8732	Crotalus durissus terrificus (South American rattlesnake)
P00595	8626	Hemachatus haemachatus (Rinkhals) (Sepedon haemachatus)
P00604	8644	Naja mossambica (Mozambique spitting cobra)
P00605	8654	Naja nigricollis (Black-necked spitting cobra)
P00609	70142	Notechis scutatus scutatus (Eastern tiger snake) (Naja scutata scutata)
P00610	8682	Hydrophis schistosus (Beaked sea snake) (Enhydrina schistosa)
P00622	8693	Bitis caudalis (Horned adder) (Horned viper)
P00623	8729	Crotalus adamanteus (Eastern diamondback rattlesnake)
P00979	8620	Dendroaspis polylepis polylepis (Black mamba)
P00980	8618	Dendroaspis angusticeps (Eastern green mamba) (Naja angusticeps)
P00983	8620	Dendroaspis polylepis polylepis (Black mamba)
P00987	8616	Bungarus multicinctus (Many-banded krait)
P00989	8616	Bungarus multicinctus (Many-banded krait)
P01140	35670	Naja naja (Indian cobra)
P01379	8631	Laticauda semifasciata (Black-banded sea krait) (Pseudolaticauda semifasciata)
P01404	8618	Dendroaspis angusticeps (Eastern green mamba) (Naja angusticeps)
P01442	8656	Naja atra (Chinese cobra)
P01443	8656	Naja atra (Chinese cobra)
P01452	8644	Naja mossambica (Mozambique spitting cobra)
P01467	8644	Naja mossambica (Mozambique spitting cobra)
P01469	8644	Naja mossambica (Mozambique spitting cobra)
P01476	8742	Crotalus viridis viridis (Prairie rattlesnake)
P04417	242054	Gloydius blomhoffii (Mamushi) (Agkistrodon halys blomhoffi)
P0C2D3	110227	Eristicophis macmahoni (Leaf-nosed viper)
P0C2D5	88087	Protobothrops flavoviridis (Habu) (Trimeresurus flavoviridis)
P0C578	8769	Ovophis okinavensis (Ryukyu Island pit viper) (Trimeresurus okinavensis)
P0C590	35671	Gloydius ussuriensis (Ussuri mamushi) (Gloydius blomhoffii ussuriensis)
P0C6B6	8765	Trimeresurus albolabris (White-lipped pit viper) (Cryptelytrops albolabris)
P0C6R9	64174	Bothrops alternatus (Urutu) (Rhinocerophis alternatus)
P0C6S6	8724	Bothrops jararaca (Jararaca) (Bothrops jajaraca)
P0C7A9	8724	Bothrops jararaca (Jararaca) (Bothrops jajaraca)
P0C7B1	64174	Bothrops alternatus (Urutu) (Rhinocerophis alternatus)
P0C7P6	8767	Craspedocephalus gramineus (Bamboo pit viper) (Trimeresurus gramineus)
P0C7X6	35024	Crotalus horridus (Timber rattlesnake)
P0C7X7	8738	Crotalus scutulatus scutulatus (Mojave rattlesnake)
P0C932	8753	Lachesis muta muta (Bushmaster)
P0C933	8753	Lachesis muta muta (Bushmaster)
P0C943	8753	Lachesis muta muta (Bushmaster)
P0C944	8656	Naja atra (Chinese cobra)
P0CAR8	8726	Bothrops jararacussu (Jararacussu)
P0CAS1	184542	Crotalus durissus cumanensis (South American rattlesnake)
P0CAS3	221570	Crotalus durissus ruruima (South American rattlesnake) (Mt. Roraima rattlesnake)
P0CAS4	221570	Crotalus durissus ruruima (South American rattlesnake) (Mt. Roraima rattlesnake)
P0CAS6	8732	Crotalus durissus terrificus (South American rattlesnake)
P0CB14	8717	Calloselasma rhodostoma (Malayan pit viper) (Agkistrodon rhodostoma)
P0CJ41	8765	Trimeresurus albolabris (White-lipped pit viper) (Cryptelytrops albolabris)
P0CY52	1027870	Notechis scutatus niger (Peninsula tiger snake) (Notechis ater niger)
P0DI84	8705	Vipera ammodytes ammodytes (Western sand viper)
P0DI86	64174	Bothrops alternatus (Urutu) (Rhinocerophis alternatus)
P0DI91	8657	Naja oxiana (Central Asian cobra) (Oxus cobra)
P0DJ42	8730	Crotalus atrox (Western diamondback rattlesnake)
P0DJ62	157295	Bothrops leucurus (Whitetail lancehead)
P0DJE1	8725	Bothrops atrox (Barba amarilla) (Fer-de-lance)
P0DJF1	1042543	Bothrops pauloensis (Neuwied's lancehead) (Bothrops neuwiedi pauloensis)
P0DJF6	8765	Trimeresurus albolabris (White-lipped pit viper) (Cryptelytrops albolabris)
P0DJF7	101163	Trimeresurus purpureomaculatus (Mangrove pit viper) (Cryptelytrops purpureomaculatus)
P0DJG5	8714	Gloydius halys (Chinese water mocassin) (Agkistrodon halys)
P0DJH2	8765	Trimeresurus albolabris (White-lipped pit viper) (Cryptelytrops albolabris)
P0DJH4	1260276	Borikenophis portoricensis (Puerto Rican racer) (Alsophis portoricensis)
P0DJH5	343250	Daboia siamensis (Eastern Russel's viper) (Daboia russelii siamensis)
P0DJJ7	103941	Ovophis monticola (Chinese mountain pitviper) (Trimeresurus monticola)
P0DJJ8	88087	Protobothrops flavoviridis (Habu) (Trimeresurus flavoviridis)
P0DJK0	512568	Atractaspis irregularis (Variable burrowing asp) (Elaps irregularis)
P0DJL1	8765	Trimeresurus albolabris (White-lipped pit viper) (Cryptelytrops albolabris)
P0DJN4	384067	Crotalus mitchellii mitchellii (San Lucan speckled rattlesnake)
P0DJP4	3147916	Craspedocephalus puniceus (Flat-nosed pitviper) (Trimeresurus puniceus)
P0DKR0	98334	Bothrops moojeni (Lance-headed viper) (Caissaca)
P0DKR3	1355908	Pseudocerastes fieldi (Field's horned viper) (Pseudocerastes persicus fieldi)
P0DKR5	1355908	Pseudocerastes fieldi (Field's horned viper) (Pseudocerastes persicus fieldi)
P0DKT6	8692	Bitis arietans (African puff adder)
P0DKT7	183720	Oxyuranus scutellatus canni (Papuan taipan)
P0DKU1	35671	Gloydius ussuriensis (Ussuri mamushi) (Gloydius blomhoffii ussuriensis)
P0DKX2	184542	Crotalus durissus cumanensis (South American rattlesnake)
P0DKX3	184542	Crotalus durissus cumanensis (South American rattlesnake)
P0DKY5	8732	Crotalus durissus terrificus (South American rattlesnake)
P0DL27	113192	Bothrops pirajai (Piraja's lancehead)
P0DL42	343250	Daboia siamensis (Eastern Russel's viper) (Daboia russelii siamensis)
P0DM39	8765	Trimeresurus albolabris (White-lipped pit viper) (Cryptelytrops albolabris)
P0DM43	242841	Protobothrops jerdonii (Jerdon's pitviper) (Trimeresurus jerdonii)
P0DM49	1042543	Bothrops pauloensis (Neuwied's lancehead) (Bothrops neuwiedi pauloensis)
P0DM50	1042543	Bothrops pauloensis (Neuwied's lancehead) (Bothrops neuwiedi pauloensis)
P0DM52	1042543	Bothrops pauloensis (Neuwied's lancehead) (Bothrops neuwiedi pauloensis)
P0DM87	39682	Trimeresurus stejnegeri (Chinese green tree viper) (Viridovipera stejnegeri)
P0DM88	242841	Protobothrops jerdonii (Jerdon's pitviper) (Trimeresurus jerdonii)
P0DM97	8692	Bitis arietans (African puff adder)
P0DMD1	99586	Echis ocellatus (Ocellated saw-scaled viper)
P0DMJ9	1171125	Bothrops mattogrossensis (Pitviper) (Bothrops neuwiedi mattogrossensis)
P0DMK1	1171125	Bothrops mattogrossensis (Pitviper) (Bothrops neuwiedi mattogrossensis)
P0DMT1	38415	Echis pyramidum leakeyi (Leakey's carpet viper) (Echis carinatus leakeyi)
P0DMT2	124223	Echis carinatus sochureki (Sochurek's saw-scaled viper) (Echis sochureki)
P0DMT3	64175	Echis coloratus (Carpet viper)
P0DMU0	242841	Protobothrops jerdonii (Jerdon's pitviper) (Trimeresurus jerdonii)
P0DMU1	242841	Protobothrops jerdonii (Jerdon's pitviper) (Trimeresurus jerdonii)
P0DQH3	8626	Hemachatus haemachatus (Rinkhals) (Sepedon haemachatus)
P0DQH4	8626	Hemachatus haemachatus (Rinkhals) (Sepedon haemachatus)
P0DQP2	2032609	Dendroaspis jamesoni jamesoni (Jameson's mamba)
P0DQP6	44722	Cerrophidion godmani (Porthidium godmani) (Bothrops godmani)
P0DQP9	157546	Bothrops brazili (Brazil's lancehead)
P0DRJ8	8695	Bitis nasicornis (Rhinoceros adder) (Rhinoceros viper)
P0DRL0	8668	Oxyuranus scutellatus (Coastal taipan)
P0DRN3	8620	Dendroaspis polylepis polylepis (Black mamba)
P0DRO0	8725	Bothrops atrox (Barba amarilla) (Fer-de-lance)
P0DTS8	157546	Bothrops brazili (Brazil's lancehead)
P0DUG4	8642	Naja haje haje (Egyptian cobra)
P0DUN6	157695	Bothrops neuwiedi urutu (Neuwied's lancehead)
P0DUN7	8753	Lachesis muta muta (Bushmaster)
P0DUP1	1107943	Bothrops diporus (Chaco lancehead) (Bothrops neuwiedi diporus)
P0DUP2	128077	Crotalus lutosus abyssus (Grand Canyon rattlesnake) (Crotalus oreganus abyssus)
P0DUP9	157554	Bothrops marajoensis (Marajo lancehead)
P0DV82	8723	Bothrops insularis (Golden lancehead) (Lachesis insularis)
P0DW97	1170828	Daboia palaestinae (Palestine viper) (Vipera palaestinae)
P10116	8628	Laticauda colubrina (Yellow-lipped sea krait) (Banded sea krait)
P14411	8613	Bungarus fasciatus (Banded krait) (Pseudoboa fasciata)
P14556	8658	Naja pallida (Red spitting cobra)
P15503	8767	Craspedocephalus gramineus (Bamboo pit viper) (Trimeresurus gramineus)
P17497	8692	Bitis arietans (African puff adder)
P17934	8616	Bungarus multicinctus (Many-banded krait)
P18329	8618	Dendroaspis angusticeps (Eastern green mamba) (Naja angusticeps)
P18619	88087	Protobothrops flavoviridis (Habu) (Trimeresurus flavoviridis)
P18998	8738	Crotalus scutulatus scutulatus (Mojave rattlesnake)
P20258	8671	Pseudechis porphyriacus (Red-bellied black snake)
P20259	8671	Pseudechis porphyriacus (Red-bellied black snake)
P20897	8736	Crotalus ruber ruber (Red diamond rattlesnake)
P21789	8697	Cerastes cerastes (Horned desert viper)
P22028	8724	Bothrops jararaca (Jararaca) (Bothrops jajaraca)
P23027	8673	Pseudonaja textilis (Eastern brown snake)
P23028	8673	Pseudonaja textilis (Eastern brown snake)
P23806	88087	Protobothrops flavoviridis (Habu) (Trimeresurus flavoviridis)
P25660	8613	Bungarus fasciatus (Banded krait) (Pseudoboa fasciata)
P26324	8717	Calloselasma rhodostoma (Malayan pit viper) (Agkistrodon rhodostoma)
P30811	8673	Pseudonaja textilis (Eastern brown snake)
P30894	8707	Daboia russelii (Russel's viper) (Vipera russelii)
P31854	31156	Vipera berus berus (Common viper)
P31989	8724	Bothrops jararaca (Jararaca) (Bothrops jajaraca)
P34128	8616	Bungarus multicinctus (Many-banded krait)
P47797	8717	Calloselasma rhodostoma (Malayan pit viper) (Agkistrodon rhodostoma)
P56742	8730	Crotalus atrox (Western diamondback rattlesnake)
P58464	113192	Bothrops pirajai (Piraja's lancehead)
P59018	8616	Bungarus multicinctus (Many-banded krait)
P59067	29156	Austrelaps superbus (Lowland copperhead snake) (Hoplocephalus superbus)
P59068	29156	Austrelaps superbus (Lowland copperhead snake) (Hoplocephalus superbus)
P59069	29156	Austrelaps superbus (Lowland copperhead snake) (Hoplocephalus superbus)
P59070	29156	Austrelaps superbus (Lowland copperhead snake) (Hoplocephalus superbus)
P59276	8649	Naja kaouthia (Monocled cobra) (Naja siamensis)
P60301	8656	Naja atra (Chinese cobra)
P60304	8656	Naja atra (Chinese cobra)
P60616	8616	Bungarus multicinctus (Many-banded krait)
P61899	8649	Naja kaouthia (Monocled cobra) (Naja siamensis)
P62375	8656	Naja atra (Chinese cobra)
P67862	88087	Protobothrops flavoviridis (Habu) (Trimeresurus flavoviridis)
P68520	8730	Crotalus atrox (Western diamondback rattlesnake)
P70090	8767	Craspedocephalus gramineus (Bamboo pit viper) (Trimeresurus gramineus)
P80245	8656	Naja atra (Chinese cobra)
P80958	8656	Naja atra (Chinese cobra)
P81038	8697	Cerastes cerastes (Horned desert viper)
P81166	8635	Micrurus nigrocinctus (Central American coral snake) (Gargantilla)
P81167	8635	Micrurus nigrocinctus (Central American coral snake) (Gargantilla)
P81176	242054	Gloydius blomhoffii (Mamushi) (Agkistrodon halys blomhoffi)
P81236	8605	Acanthophis antarcticus (Common death adder)
P81237	8605	Acanthophis antarcticus (Common death adder)
P81243	8724	Bothrops jararaca (Jararaca) (Bothrops jajaraca)
P81397	8717	Calloselasma rhodostoma (Malayan pit viper) (Agkistrodon rhodostoma)
P81398	8717	Calloselasma rhodostoma (Malayan pit viper) (Agkistrodon rhodostoma)
P81458	8707	Daboia russelii (Russel's viper) (Vipera russelii)
P81743	110227	Eristicophis macmahoni (Leaf-nosed viper)
P81783	92438	Bungarus candidus (Malayan krait)
P81824	8724	Bothrops jararaca (Jararaca) (Bothrops jajaraca)
P82287	113192	Bothrops pirajai (Piraja's lancehead)
P82662	8665	Ophiophagus hannah (King cobra) (Naja hannah)
P82893	39682	Trimeresurus stejnegeri (Chinese green tree viper) (Viridovipera stejnegeri)
P82942	8649	Naja kaouthia (Monocled cobra) (Naja siamensis)
P82950	3148373	Metlapilcoatlus nummifer (Mexican jumping pitviper) (Atropoides nummifer)
P83228	8667	Oxyuranus scutellatus scutellatus (Australian taipan) (Coastal taipan)
P83254	3148341	Macrovipera lebetinus (Levantine viper) (Vipera lebetina)
P84035	8722	Bothrops asper (Terciopelo)
P84037	3148341	Macrovipera lebetinus (Levantine viper) (Vipera lebetina)
P84038	3148341	Macrovipera lebetinus (Levantine viper) (Vipera lebetina)
P84397	8723	Bothrops insularis (Golden lancehead) (Lachesis insularis)
P84788	88086	Protobothrops elegans (Elegant pitviper) (Trimeresurus elegans)
P85025	8718	Agkistrodon bilineatus (Cantil) (Tropical moccasin)
P85060	412080	Acanthophis sp. (strain Seram) (Seram death adder)
P85061	412080	Acanthophis sp. (strain Seram) (Seram death adder)
P85062	239748	Acanthophis rugosus (Rough-scaled death adder) (Acanthophis antarcticus rugosus)
P85103	120310	Philodryas patagoniensis (Ringless green snake)
P85162	8724	Bothrops jararaca (Jararaca) (Bothrops jajaraca)
P86193	184542	Crotalus durissus cumanensis (South American rattlesnake)
P86194	184542	Crotalus durissus cumanensis (South American rattlesnake)
P86419	8618	Dendroaspis angusticeps (Eastern green mamba) (Naja angusticeps)
P86456	64174	Bothrops alternatus (Urutu) (Rhinocerophis alternatus)
P86497	715877	Bitis rhinoceros (West African gaboon viper) (Vipera rhinoceros)
P86523	8605	Acanthophis antarcticus (Common death adder)
P86524	8605	Acanthophis antarcticus (Common death adder)
P86525	8605	Acanthophis antarcticus (Common death adder)
P86974	157295	Bothrops leucurus (Whitetail lancehead)
Q02517	88087	Protobothrops flavoviridis (Habu) (Trimeresurus flavoviridis)
Q06ZW0	46286	Boiga dendrophila (Mangrove snake) (Gold-ringed cat snake)
Q0ZZJ6	29156	Austrelaps superbus (Lowland copperhead snake) (Hoplocephalus superbus)
Q10754	55427	Vipera aspis zinnikeri (Asp viper)
Q10755	55427	Vipera aspis zinnikeri (Asp viper)
Q1W7Q6	292442	Cryptophis nigrescens (Eastern small-eyed snake) (Rhinoplocephalus nigrescens)
Q1ZY03	36307	Deinagkistrodon acutus (Hundred-pace snake) (Agkistrodon acutus)
Q2HZ28	44710	Bothrops erythromelas (Caatinga lance head)
Q2PG81	88086	Protobothrops elegans (Elegant pitviper) (Trimeresurus elegans)
Q2PWA3	103944	Protobothrops mucrosquamatus (Taiwan habu) (Trimeresurus mucrosquamatus)
Q2QA02	31150	Crotalus durissus durissus (Central American rattlesnake)
Q2UXQ5	99586	Echis ocellatus (Ocellated saw-scaled viper)
Q2UXR0	99586	Echis ocellatus (Ocellated saw-scaled viper)
Q2XXL6	8773	Azemiops feae (Fea's viper)
Q2YHJ4	3147914	Craspedocephalus borneensis (Borneo pit viper) (Trimeresurus borneensis)
Q2YHJ5	3147916	Craspedocephalus puniceus (Flat-nosed pitviper) (Trimeresurus puniceus)
Q2YHJ8	3147916	Craspedocephalus puniceus (Flat-nosed pitviper) (Trimeresurus puniceus)
Q2YHJ9	3147916	Craspedocephalus puniceus (Flat-nosed pitviper) (Trimeresurus puniceus)
Q3BER1	99586	Echis ocellatus (Ocellated saw-scaled viper)
Q3BER3	99586	Echis ocellatus (Ocellated saw-scaled viper)
Q3BK13	3148341	Macrovipera lebetinus (Levantine viper) (Vipera lebetina)
Q3BK14	3148341	Macrovipera lebetinus (Levantine viper) (Vipera lebetina)
Q3HLQ4	103944	Protobothrops mucrosquamatus (Taiwan habu) (Trimeresurus mucrosquamatus)
Q3HXX4	100989	Tropidechis carinatus (Australian rough-scaled snake)
Q3HXX5	100989	Tropidechis carinatus (Australian rough-scaled snake)
Q3HXX6	100989	Tropidechis carinatus (Australian rough-scaled snake)
Q3HXX7	100989	Tropidechis carinatus (Australian rough-scaled snake)
Q3HXX8	100989	Tropidechis carinatus (Australian rough-scaled snake)
Q3HXX9	196418	Hoplocephalus stephensii (Stephens's banded snake)
Q3HXY0	196418	Hoplocephalus stephensii (Stephens's banded snake)
Q3HXY1	8670	Pseudechis australis (Mulga snake) (King brown snake)
Q3HXY2	8670	Pseudechis australis (Mulga snake) (King brown snake)
Q3HXY4	8671	Pseudechis porphyriacus (Red-bellied black snake)
Q3HXY5	70142	Notechis scutatus scutatus (Eastern tiger snake) (Naja scutata scutata)
Q3HXY6	70142	Notechis scutatus scutatus (Eastern tiger snake) (Naja scutata scutata)
Q3HXY7	70142	Notechis scutatus scutatus (Eastern tiger snake) (Naja scutata scutata)
Q3HXY8	8673	Pseudonaja textilis (Eastern brown snake)
Q3HXY9	8673	Pseudonaja textilis (Eastern brown snake)
Q3HXZ0	111177	Oxyuranus microlepidotus (Inland taipan) (Diemenia microlepidota)
Q3HXZ1	111177	Oxyuranus microlepidotus (Inland taipan) (Diemenia microlepidota)
Q3I5F4	8667	Oxyuranus scutellatus scutellatus (Australian taipan) (Coastal taipan)
Q3SAE9	100989	Tropidechis carinatus (Australian rough-scaled snake)
Q45Z11	8667	Oxyuranus scutellatus scutellatus (Australian taipan) (Coastal taipan)
Q45Z25	100989	Tropidechis carinatus (Australian rough-scaled snake)
Q45Z26	100989	Tropidechis carinatus (Australian rough-scaled snake)
Q45Z27	100989	Tropidechis carinatus (Australian rough-scaled snake)
Q45Z28	100989	Tropidechis carinatus (Australian rough-scaled snake)
Q45Z29	100989	Tropidechis carinatus (Australian rough-scaled snake)
Q45Z30	100989	Tropidechis carinatus (Australian rough-scaled snake)
Q45Z42	111177	Oxyuranus microlepidotus (Inland taipan) (Diemenia microlepidota)
Q4JHE1	8670	Pseudechis australis (Mulga snake) (King brown snake)
Q4QXT9	100989	Tropidechis carinatus (Australian rough-scaled snake)
Q56EB0	8724	Bothrops jararaca (Jararaca) (Bothrops jajaraca)
Q56EB1	8724	Bothrops jararaca (Jararaca) (Bothrops jajaraca)
Q58L90	111177	Oxyuranus microlepidotus (Inland taipan) (Diemenia microlepidota)
Q58L93	8671	Pseudechis porphyriacus (Red-bellied black snake)
Q58L95	111177	Oxyuranus microlepidotus (Inland taipan) (Diemenia microlepidota)
Q593B6	8673	Pseudonaja textilis (Eastern brown snake)
Q5YF90	33626	Naja sputatrix (Malayan spitting cobra) (Naja naja sputatrix)
Q5ZPJ7	8656	Naja atra (Chinese cobra)
Q69CK0	8665	Ophiophagus hannah (King cobra) (Naja hannah)
Q6EER5	44722	Cerrophidion godmani (Porthidium godmani) (Bothrops godmani)
Q6EER6	253282	Sistrurus miliarius streckeri (Western pigmy rattlesnake)
Q6H3C5	39682	Trimeresurus stejnegeri (Chinese green tree viper) (Viridovipera stejnegeri)
Q6H3C6	39682	Trimeresurus stejnegeri (Chinese green tree viper) (Viridovipera stejnegeri)
Q6H3C7	39682	Trimeresurus stejnegeri (Chinese green tree viper) (Viridovipera stejnegeri)
Q6H3C9	39682	Trimeresurus stejnegeri (Chinese green tree viper) (Viridovipera stejnegeri)
Q6H3D1	39682	Trimeresurus stejnegeri (Chinese green tree viper) (Viridovipera stejnegeri)
Q6H3D2	39682	Trimeresurus stejnegeri (Chinese green tree viper) (Viridovipera stejnegeri)
Q6H3D3	39682	Trimeresurus stejnegeri (Chinese green tree viper) (Viridovipera stejnegeri)
Q6H3D4	39682	Trimeresurus stejnegeri (Chinese green tree viper) (Viridovipera stejnegeri)
Q6H3D5	39682	Trimeresurus stejnegeri (Chinese green tree viper) (Viridovipera stejnegeri)
Q6H3D6	39682	Trimeresurus stejnegeri (Chinese green tree viper) (Viridovipera stejnegeri)
Q6H3D7	39682	Trimeresurus stejnegeri (Chinese green tree viper) (Viridovipera stejnegeri)
Q6J936	44710	Bothrops erythromelas (Caatinga lance head)
Q6SLM0	132961	Bungarus caeruleus (Indian krait)
Q6T5L0	88083	Gloydius shedaoensis (Shedao island pit viper) (Agkistrodon shedaoensis)
Q6WP39	39682	Trimeresurus stejnegeri (Chinese green tree viper) (Viridovipera stejnegeri)
Q6X1T6	99586	Echis ocellatus (Ocellated saw-scaled viper)
Q6YIJ3	92438	Bungarus candidus (Malayan krait)
Q7LZ71	88087	Protobothrops flavoviridis (Habu) (Trimeresurus flavoviridis)
Q7LZG2	8667	Oxyuranus scutellatus scutellatus (Australian taipan) (Coastal taipan)
Q7SZE2	35671	Gloydius ussuriensis (Ussuri mamushi) (Gloydius blomhoffii ussuriensis)
Q7T045	3148341	Macrovipera lebetinus (Levantine viper) (Vipera lebetina)
Q7T1K6	8656	Naja atra (Chinese cobra)
Q7T1R0	8615	Bungarus flaviceps flaviceps (Red-headed krait)
Q7T1R1	8615	Bungarus flaviceps flaviceps (Red-headed krait)
Q7T1T4	8726	Bothrops jararacussu (Jararacussu)
Q7T2Q0	93050	Echis multisquamatus (Central Asian sand viper)
Q7T2Q1	93050	Echis multisquamatus (Central Asian sand viper)
Q7T3J2	92438	Bungarus candidus (Malayan krait)
Q7ZT99	8730	Crotalus atrox (Western diamondback rattlesnake)
Q7ZTA6	8742	Crotalus viridis viridis (Prairie rattlesnake)
Q7ZTA8	8742	Crotalus viridis viridis (Prairie rattlesnake)
Q7ZZM2	242841	Protobothrops jerdonii (Jerdon's pitviper) (Trimeresurus jerdonii)
Q800C3	8742	Crotalus viridis viridis (Prairie rattlesnake)
Q805F4	8716	Agkistrodon piscivorus piscivorus (Eastern cottonmouth)
Q8AVA3	8671	Pseudechis porphyriacus (Red-bellied black snake)
Q8AVA4	8670	Pseudechis australis (Mulga snake) (King brown snake)
Q8AWX7	8714	Gloydius halys (Chinese water mocassin) (Agkistrodon halys)
Q8AXW7	54390	Micrurus corallinus (Painted coral snake) (Elaps corallinus)
Q8JFG0	194601	Vipera aspis aspis (Aspic viper)
Q8JFX7	8616	Bungarus multicinctus (Many-banded krait)
Q8JGT6	103944	Protobothrops mucrosquamatus (Taiwan habu) (Trimeresurus mucrosquamatus)
Q8JGT7	103944	Protobothrops mucrosquamatus (Taiwan habu) (Trimeresurus mucrosquamatus)
Q8JI39	88087	Protobothrops flavoviridis (Habu) (Trimeresurus flavoviridis)
Q8JIG0	88087	Protobothrops flavoviridis (Habu) (Trimeresurus flavoviridis)
Q8JIY9	242841	Protobothrops jerdonii (Jerdon's pitviper) (Trimeresurus jerdonii)
Q8QG87	8723	Bothrops insularis (Golden lancehead) (Lachesis insularis)
Q8QHK2	8730	Crotalus atrox (Western diamondback rattlesnake)
Q8QHK3	8730	Crotalus atrox (Western diamondback rattlesnake)
Q8UVU7	44722	Cerrophidion godmani (Porthidium godmani) (Bothrops godmani)
Q8UVZ7	8730	Crotalus atrox (Western diamondback rattlesnake)
Q90220	8714	Gloydius halys (Chinese water mocassin) (Agkistrodon halys)
Q90391	8730	Crotalus atrox (Western diamondback rattlesnake)
Q90392	8730	Crotalus atrox (Western diamondback rattlesnake)
Q90VW1	8631	Laticauda semifasciata (Black-banded sea krait) (Pseudolaticauda semifasciata)
Q90W38	8726	Bothrops jararacussu (Jararacussu)
Q90W54	242054	Gloydius blomhoffii (Mamushi) (Agkistrodon halys blomhoffi)
Q90WA1	169397	Pseudonaja textilis textilis (Eastern brown snake)
Q90WA7	8613	Bungarus fasciatus (Banded krait) (Pseudoboa fasciata)
Q90X23	8724	Bothrops jararaca (Jararaca) (Bothrops jajaraca)
Q90X24	8723	Bothrops insularis (Golden lancehead) (Lachesis insularis)
Q90Y77	88087	Protobothrops flavoviridis (Habu) (Trimeresurus flavoviridis)
Q91507	103944	Protobothrops mucrosquamatus (Taiwan habu) (Trimeresurus mucrosquamatus)
Q91508	103944	Protobothrops mucrosquamatus (Taiwan habu) (Trimeresurus mucrosquamatus)
Q91509	103944	Protobothrops mucrosquamatus (Taiwan habu) (Trimeresurus mucrosquamatus)
Q91510	103944	Protobothrops mucrosquamatus (Taiwan habu) (Trimeresurus mucrosquamatus)
Q92031	2782196	Agkistrodon contortrix laticinctus (Broad-banded copperhead) (Agkistrodon mokasen laticinctus)
Q92032	2782196	Agkistrodon contortrix laticinctus (Broad-banded copperhead) (Agkistrodon mokasen laticinctus)
Q92043	8730	Crotalus atrox (Western diamondback rattlesnake)
Q92085	33626	Naja sputatrix (Malayan spitting cobra) (Naja naja sputatrix)
Q92086	33626	Naja sputatrix (Malayan spitting cobra) (Naja naja sputatrix)
Q92147	88087	Protobothrops flavoviridis (Habu) (Trimeresurus flavoviridis)
Q98996	1170828	Daboia palaestinae (Palestine viper) (Vipera palaestinae)
Q9DEF9	36307	Deinagkistrodon acutus (Hundred-pace snake) (Agkistrodon acutus)
Q9DF56	8665	Ophiophagus hannah (King cobra) (Naja hannah)
Q9DGH6	8714	Gloydius halys (Chinese water mocassin) (Agkistrodon halys)
Q9I840	8717	Calloselasma rhodostoma (Malayan pit viper) (Agkistrodon rhodostoma)
Q9I8X2	36307	Deinagkistrodon acutus (Hundred-pace snake) (Agkistrodon acutus)
Q9I9R4	1042543	Bothrops pauloensis (Neuwied's lancehead) (Bothrops neuwiedi pauloensis)
Q9IAM1	36307	Deinagkistrodon acutus (Hundred-pace snake) (Agkistrodon acutus)
Q9PRG0	29156	Austrelaps superbus (Lowland copperhead snake) (Hoplocephalus superbus)
Q9PRM8	8697	Cerastes cerastes (Horned desert viper)
Q9PRP4	60219	Lachesis muta rhombeata (Atlantic forest bushmaster) (Lachesis rhombeata)
Q9PRW2	8730	Crotalus atrox (Western diamondback rattlesnake)
Q9PRW3	8730	Crotalus atrox (Western diamondback rattlesnake)
Q9PRW4	8730	Crotalus atrox (Western diamondback rattlesnake)
Q9PSN3	8718	Agkistrodon bilineatus (Cantil) (Tropical moccasin)
Q9PSN5	70142	Notechis scutatus scutatus (Eastern tiger snake) (Naja scutata scutata)
Q9PTA1	8616	Bungarus multicinctus (Many-banded krait)
Q9PUG7	29156	Austrelaps superbus (Lowland copperhead snake) (Hoplocephalus superbus)
Q9PUG8	29156	Austrelaps superbus (Lowland copperhead snake) (Hoplocephalus superbus)
Q9PVK7	8649	Naja kaouthia (Monocled cobra) (Naja siamensis)
Q9PVK9	3148161	Gloydius brevicauda (Korean slamosa snake) (Agkistrodon halys brevicaudus)
Q9PW36	36307	Deinagkistrodon acutus (Hundred-pace snake) (Agkistrodon acutus)
Q9PWJ0	36307	Deinagkistrodon acutus (Hundred-pace snake) (Agkistrodon acutus)
Q9W7S2	36307	Deinagkistrodon acutus (Hundred-pace snake) (Agkistrodon acutus)
Q9YGG9	242054	Gloydius blomhoffii (Mamushi) (Agkistrodon halys blomhoffi)
Q9YGJ0	8616	Bungarus multicinctus (Many-banded krait)
Q9YGJ8	3148161	Gloydius brevicauda (Korean slamosa snake) (Agkistrodon halys brevicaudus)
Q9YGS1	36307	Deinagkistrodon acutus (Hundred-pace snake) (Agkistrodon acutus)
Q9YI92	242054	Gloydius blomhoffii (Mamushi) (Agkistrodon halys blomhoffi)
R4G2D4	239747	Acanthophis wellsi
W5XDM0	3148341	Macrovipera lebetinus (Levantine viper) (Vipera lebetina)
X5ICI2	1170829	Gloydius tsushimaensis (Tsushima Island pitviper) (Agkistrodon tsushimaensis)
A0A024AXD2	66188	Micropechis ikaheca (New Guinean small-eyed snake)
A0A077L6P3	88087	Protobothrops flavoviridis (Habu) (Trimeresurus flavoviridis)
A0A077L7X3	88086	Protobothrops elegans (Elegant pitviper) (Trimeresurus elegans)
A0A077L854	88087	Protobothrops flavoviridis (Habu) (Trimeresurus flavoviridis)
A0A077LA46	88086	Protobothrops elegans (Elegant pitviper) (Trimeresurus elegans)
A0A077LCZ4	88086	Protobothrops elegans (Elegant pitviper) (Trimeresurus elegans)
A0A081DUA8	64175	Echis coloratus (Carpet viper)
A0A081DUB0	64175	Echis coloratus (Carpet viper)
A0A081DUC4	51751	Python regius (Ball python) (Boa regia)
A0A0F7YZ00	8637	Micrurus fulvius (Eastern coral snake) (Coluber fulvius)
A0A0F7Z289	8729	Crotalus adamanteus (Eastern diamondback rattlesnake)
A0A0F7Z394	8637	Micrurus fulvius (Eastern coral snake) (Coluber fulvius)
A0A0F7Z7A2	8729	Crotalus adamanteus (Eastern diamondback rattlesnake)
A0A0F7ZEQ7	8729	Crotalus adamanteus (Eastern diamondback rattlesnake)
A0A0K8RYR4	35024	Crotalus horridus (Timber rattlesnake)
A0A0M3PMP1	44732	Gloydius intermedius (Central Asian pit viper) (Agkistrodon intermedius)
A0A0U5AUY6	35670	Naja naja (Indian cobra)
A0A193CHI7	1043006	Crotalus tzabcan (Yucatan neotropical rattlesnake) (Crotalus simus tzabcan)
A0A193CHI9	8746	Crotalus cerastes (Sidewinder rattlesnake)
A0A193CHJ1	1043006	Crotalus tzabcan (Yucatan neotropical rattlesnake) (Crotalus simus tzabcan)
A0A193CHJ3	1043006	Crotalus tzabcan (Yucatan neotropical rattlesnake) (Crotalus simus tzabcan)
A0A193CHJ6	35027	Crotalus pricei
A0A193CHJ8	8734	Crotalus molossus nigrescens (Black-tailed rattlesnake)
A0A193CHK0	8734	Crotalus molossus nigrescens (Black-tailed rattlesnake)
A0A193CHK1	8740	Crotalus concolor (Midget faded rattlesnake) (Crotalus oreganus concolor)
A0A193CHK2	8740	Crotalus concolor (Midget faded rattlesnake) (Crotalus oreganus concolor)
A0A193CHK3	36309	Crotalus cerberus (Arizona black rattlesnake) (Crotalus oreganus cerberus)
A0A193CHK4	8740	Crotalus concolor (Midget faded rattlesnake) (Crotalus oreganus concolor)
A0A193CHK5	8734	Crotalus molossus nigrescens (Black-tailed rattlesnake)
A0A193CHK6	8744	Crotalus basiliscus (Mexican west-coast rattlesnake)
A0A193CHK7	8744	Crotalus basiliscus (Mexican west-coast rattlesnake)
A0A193CHK8	36309	Crotalus cerberus (Arizona black rattlesnake) (Crotalus oreganus cerberus)
A0A193CHL0	8744	Crotalus basiliscus (Mexican west-coast rattlesnake)
A0A1D8BAW9	61265	Pseudechis papuanus (Papuan black snake)
A0A1J0R042	8738	Crotalus scutulatus scutulatus (Mojave rattlesnake)
A0A1J0R046	8738	Crotalus scutulatus scutulatus (Mojave rattlesnake)
A0A1J0R049	8738	Crotalus scutulatus scutulatus (Mojave rattlesnake)
A0A1J0R053	8738	Crotalus scutulatus scutulatus (Mojave rattlesnake)
A0A1J0R054	8738	Crotalus scutulatus scutulatus (Mojave rattlesnake)
A0A1J0R055	8738	Crotalus scutulatus scutulatus (Mojave rattlesnake)
A0A1J0R061	8730	Crotalus atrox (Western diamondback rattlesnake)
A0A1J0R063	8730	Crotalus atrox (Western diamondback rattlesnake)
A0A1J0R065	8730	Crotalus atrox (Western diamondback rattlesnake)
A0A1J0R067	8730	Crotalus atrox (Western diamondback rattlesnake)
A0A1J0R068	8730	Crotalus atrox (Western diamondback rattlesnake)
A0A1J0R072	8730	Crotalus atrox (Western diamondback rattlesnake)
A0A1J0R074	8730	Crotalus atrox (Western diamondback rattlesnake)
A0A1J0R076	8730	Crotalus atrox (Western diamondback rattlesnake)
A0A1J0R079	8730	Crotalus atrox (Western diamondback rattlesnake)
A0A1J0R080	8730	Crotalus atrox (Western diamondback rattlesnake)
A0A1J0R081	8730	Crotalus atrox (Western diamondback rattlesnake)
A0A1J0R087	8729	Crotalus adamanteus (Eastern diamondback rattlesnake)
A0A1J0R091	8729	Crotalus adamanteus (Eastern diamondback rattlesnake)
A0A1J0R094	8729	Crotalus adamanteus (Eastern diamondback rattlesnake)
A0A1L8D5U5	8725	Bothrops atrox (Barba amarilla) (Fer-de-lance)
A0A1L8D5V6	8725	Bothrops atrox (Barba amarilla) (Fer-de-lance)
A0A1L8D608	8725	Bothrops atrox (Barba amarilla) (Fer-de-lance)
A0A1L8D651	8725	Bothrops atrox (Barba amarilla) (Fer-de-lance)
A0A1Y0DIC1	8773	Azemiops feae (Fea's viper)
A0A223PK09	8707	Daboia russelii (Russel's viper) (Vipera russelii)
A0A286S0D8	44732	Gloydius intermedius (Central Asian pit viper) (Agkistrodon intermedius)
A0A286S0E3	44732	Gloydius intermedius (Central Asian pit viper) (Agkistrodon intermedius)
A0A286S0E4	44732	Gloydius intermedius (Central Asian pit viper) (Agkistrodon intermedius)
A0A286S0F5	44732	Gloydius intermedius (Central Asian pit viper) (Agkistrodon intermedius)
A0A2H4N383	98334	Bothrops moojeni (Lance-headed viper) (Caissaca)
A0A2H4N385	98334	Bothrops moojeni (Lance-headed viper) (Caissaca)
A0A2I7YRZ4	44709	Crotalus lepidus (Banded rock rattlesnake) (Caudisonia lepida)
A0A2I7YS05	384065	Crotalus mitchellii (speckled rattlesnake)
A0A2I7YS06	384065	Crotalus mitchellii (speckled rattlesnake)
A0A2I7YS07	8737	Crotalus scutulatus (Mojave rattlesnake)
A0A2I7YS08	88082	Crotalus tigris (Tiger rattlesnake)
A0A2I7YS09	88082	Crotalus tigris (Tiger rattlesnake)
A0A2I7YS12	8737	Crotalus scutulatus (Mojave rattlesnake)
A0A2I7YS13	8737	Crotalus scutulatus (Mojave rattlesnake)
A0A2I7YS19	384065	Crotalus mitchellii (speckled rattlesnake)
A0A2I7YS21	384065	Crotalus mitchellii (speckled rattlesnake)
A0A2I7YS22	44709	Crotalus lepidus (Banded rock rattlesnake) (Caudisonia lepida)
A0A2I7YS29	8746	Crotalus cerastes (Sidewinder rattlesnake)
A0A2I7YS76	44709	Crotalus lepidus (Banded rock rattlesnake) (Caudisonia lepida)
A0A2I7YS92	88082	Crotalus tigris (Tiger rattlesnake)
A0A2I7YSA3	88082	Crotalus tigris (Tiger rattlesnake)
A0A2I7YSA7	8737	Crotalus scutulatus (Mojave rattlesnake)
A0A2I7YSB8	88082	Crotalus tigris (Tiger rattlesnake)
A0A346CIB0	1899469	Spilotes sulphureus (Amazon puffing snake) (Natrix sulphurea)
A0A411EZZ3	8729	Crotalus adamanteus (Eastern diamondback rattlesnake)
A0A411EZZ4	8730	Crotalus atrox (Western diamondback rattlesnake)
A0A411F000	8729	Crotalus adamanteus (Eastern diamondback rattlesnake)
A0A411F012	8729	Crotalus adamanteus (Eastern diamondback rattlesnake)
A0A4P1LYC9	8620	Dendroaspis polylepis polylepis (Black mamba)
A0A670XP77	8673	Pseudonaja textilis (Eastern brown snake)
A0A670XTN8	8673	Pseudonaja textilis (Eastern brown snake)
A0A670XV66	8673	Pseudonaja textilis (Eastern brown snake)
A0A670XZR3	8673	Pseudonaja textilis (Eastern brown snake)
A0A670XZU7	8673	Pseudonaja textilis (Eastern brown snake)
A0A670Y204	8673	Pseudonaja textilis (Eastern brown snake)
A0A670Y351	8673	Pseudonaja textilis (Eastern brown snake)
A0A670Y9H9	8673	Pseudonaja textilis (Eastern brown snake)
A0A670YDQ9	8673	Pseudonaja textilis (Eastern brown snake)
A0A670YGV0	8673	Pseudonaja textilis (Eastern brown snake)
A0A670YIL7	8673	Pseudonaja textilis (Eastern brown snake)
A0A670YQ38	8673	Pseudonaja textilis (Eastern brown snake)
A0A670YQK3	8673	Pseudonaja textilis (Eastern brown snake)
A0A670YQQ3	8673	Pseudonaja textilis (Eastern brown snake)
A0A670YRB1	8673	Pseudonaja textilis (Eastern brown snake)
A0A670YSJ9	8673	Pseudonaja textilis (Eastern brown snake)
A0A670YWR8	8673	Pseudonaja textilis (Eastern brown snake)
A0A670YXZ2	8673	Pseudonaja textilis (Eastern brown snake)
A0A670Z2L9	8673	Pseudonaja textilis (Eastern brown snake)
A0A670Z2N0	8673	Pseudonaja textilis (Eastern brown snake)
A0A670Z3Q1	8673	Pseudonaja textilis (Eastern brown snake)
A0A670Z8Y2	8673	Pseudonaja textilis (Eastern brown snake)
A0A670ZKR5	8673	Pseudonaja textilis (Eastern brown snake)
A0A670ZND5	8673	Pseudonaja textilis (Eastern brown snake)
A0A670ZPK5	8673	Pseudonaja textilis (Eastern brown snake)
A0A6G5ZUH1	2604287	Vipera anatolica senliki (Anatolian meadow viper)
A0A6G5ZVR9	2604287	Vipera anatolica senliki (Anatolian meadow viper)
A0A6I9WXW4	35019	Thamnophis sirtalis
A0A6I9X553	35019	Thamnophis sirtalis
A0A6I9XEX3	35019	Thamnophis sirtalis
A0A6I9XU41	35019	Thamnophis sirtalis
A0A6I9Y832	35019	Thamnophis sirtalis
A0A6I9YJ26	35019	Thamnophis sirtalis
A0A6I9YU98	35019	Thamnophis sirtalis
A0A6I9YWH0	35019	Thamnophis sirtalis
A0A6I9YZI0	35019	Thamnophis sirtalis
A0A6J1TQ15	8663	Notechis scutatus (mainland tiger snake)
A0A6J1TU04	8663	Notechis scutatus (mainland tiger snake)
A0A6J1TUS8	8663	Notechis scutatus (mainland tiger snake)
A0A6J1TVQ2	8663	Notechis scutatus (mainland tiger snake)
A0A6J1TVU9	8663	Notechis scutatus (mainland tiger snake)
A0A6J1U240	8663	Notechis scutatus (mainland tiger snake)
A0A6J1U3G3	8663	Notechis scutatus (mainland tiger snake)
A0A6J1U4A6	8663	Notechis scutatus (mainland tiger snake)
A0A6J1U690	8663	Notechis scutatus (mainland tiger snake)
A0A6J1U7E5	8663	Notechis scutatus (mainland tiger snake)
A0A6J1U832	8663	Notechis scutatus (mainland tiger snake)
A0A6J1U8T7	8663	Notechis scutatus (mainland tiger snake)
A0A6J1U8W7	8663	Notechis scutatus (mainland tiger snake)
A0A6J1U930	8663	Notechis scutatus (mainland tiger snake)
A0A6J1UHX2	8663	Notechis scutatus (mainland tiger snake)
A0A6J1UJH5	8663	Notechis scutatus (mainland tiger snake)
A0A6J1UN68	8663	Notechis scutatus (mainland tiger snake)
A0A6J1UQZ0	8663	Notechis scutatus (mainland tiger snake)
A0A6J1UXR5	8663	Notechis scutatus (mainland tiger snake)
A0A6J1V516	8663	Notechis scutatus (mainland tiger snake)
A0A6J1V7K1	8663	Notechis scutatus (mainland tiger snake)
A0A6J1VCW5	8663	Notechis scutatus (mainland tiger snake)
A0A6J1VI16	8663	Notechis scutatus (mainland tiger snake)
A0A6J1VKD9	8663	Notechis scutatus (mainland tiger snake)
A0A6J1VLY3	8663	Notechis scutatus (mainland tiger snake)
A0A6J1VW41	8663	Notechis scutatus (mainland tiger snake)
A0A6J1VWA9	8663	Notechis scutatus (mainland tiger snake)
A0A6J1VYK5	8663	Notechis scutatus (mainland tiger snake)
A0A6J1W360	8663	Notechis scutatus (mainland tiger snake)
A0A6P9B1Z0	94885	Pantherophis guttatus (Corn snake) (Elaphe guttata)
A0A6P9B2P4	94885	Pantherophis guttatus (Corn snake) (Elaphe guttata)
A0A6P9B6K9	94885	Pantherophis guttatus (Corn snake) (Elaphe guttata)
A0A6P9B9Q5	94885	Pantherophis guttatus (Corn snake) (Elaphe guttata)
A0A6P9BB28	94885	Pantherophis guttatus (Corn snake) (Elaphe guttata)
A0A6P9BBV5	94885	Pantherophis guttatus (Corn snake) (Elaphe guttata)
A0A6P9BFR7	94885	Pantherophis guttatus (Corn snake) (Elaphe guttata)
A0A6P9C052	94885	Pantherophis guttatus (Corn snake) (Elaphe guttata)
A0A6P9C9R4	94885	Pantherophis guttatus (Corn snake) (Elaphe guttata)
A0A6P9CA41	94885	Pantherophis guttatus (Corn snake) (Elaphe guttata)
A0A6P9CFK7	94885	Pantherophis guttatus (Corn snake) (Elaphe guttata)
A0A6P9CJF4	94885	Pantherophis guttatus (Corn snake) (Elaphe guttata)
A0A6P9DSR4	94885	Pantherophis guttatus (Corn snake) (Elaphe guttata)
A0A7T7DMY7	1108807	Naja sumatrana (Equatorial spitting cobra) (Naja tripudians var. sumatrana)
A0A898IKL9	8633	Calliophis bivirgatus (Blue Malaysian coral snake) (Maticora bivirgata)
A0A898ILA7	8633	Calliophis bivirgatus (Blue Malaysian coral snake) (Maticora bivirgata)
A0A898ILG0	8633	Calliophis bivirgatus (Blue Malaysian coral snake) (Maticora bivirgata)
A0A898INF1	8633	Calliophis bivirgatus (Blue Malaysian coral snake) (Maticora bivirgata)
A0A8C5R9C1	8630	Laticauda laticaudata (Blue-ringed sea krait) (Blue-lipped sea krait)
A0A8C5RC26	8630	Laticauda laticaudata (Blue-ringed sea krait) (Blue-lipped sea krait)
A0A8C5RDW9	8630	Laticauda laticaudata (Blue-ringed sea krait) (Blue-lipped sea krait)
A0A8C5RFZ8	8630	Laticauda laticaudata (Blue-ringed sea krait) (Blue-lipped sea krait)
A0A8C5RIM3	8630	Laticauda laticaudata (Blue-ringed sea krait) (Blue-lipped sea krait)
A0A8C5RW07	8630	Laticauda laticaudata (Blue-ringed sea krait) (Blue-lipped sea krait)
A0A8C5S360	8630	Laticauda laticaudata (Blue-ringed sea krait) (Blue-lipped sea krait)
A0A8C5S365	8630	Laticauda laticaudata (Blue-ringed sea krait) (Blue-lipped sea krait)
A0A8C5S5V1	8630	Laticauda laticaudata (Blue-ringed sea krait) (Blue-lipped sea krait)
A0A8C5SGI8	8630	Laticauda laticaudata (Blue-ringed sea krait) (Blue-lipped sea krait)
A0A8C5SWV9	8630	Laticauda laticaudata (Blue-ringed sea krait) (Blue-lipped sea krait)
A0A8C5SY45	8630	Laticauda laticaudata (Blue-ringed sea krait) (Blue-lipped sea krait)
A0A8C5WPI0	8630	Laticauda laticaudata (Blue-ringed sea krait) (Blue-lipped sea krait)
A0A8C5WRH5	8630	Laticauda laticaudata (Blue-ringed sea krait) (Blue-lipped sea krait)
A0A8C5WVQ9	8630	Laticauda laticaudata (Blue-ringed sea krait) (Blue-lipped sea krait)
A0A8C6VA93	35670	Naja naja (Indian cobra)
A0A8C6VC02	35670	Naja naja (Indian cobra)
A0A8C6VK98	35670	Naja naja (Indian cobra)
A0A8C6VNS5	35670	Naja naja (Indian cobra)
A0A8C6X1H0	35670	Naja naja (Indian cobra)
A0A8C6X2I3	35670	Naja naja (Indian cobra)
A0A8C6X322	35670	Naja naja (Indian cobra)
A0A8C6X3L6	35670	Naja naja (Indian cobra)
A0A8C6X4G2	35670	Naja naja (Indian cobra)
A0A8C6X6J2	35670	Naja naja (Indian cobra)
A0A8C6X8X2	35670	Naja naja (Indian cobra)
A0A8C6XBU7	35670	Naja naja (Indian cobra)
A0A8C6XV03	35670	Naja naja (Indian cobra)
A0A8C6XVA8	35670	Naja naja (Indian cobra)
A0A8C6XVY9	35670	Naja naja (Indian cobra)
A0A8C6XW23	35670	Naja naja (Indian cobra)
A0A8C6XWE4	35670	Naja naja (Indian cobra)
A0A8C6XX99	35670	Naja naja (Indian cobra)
A0A8C6Y4C1	35670	Naja naja (Indian cobra)
A0A8C6Y837	35670	Naja naja (Indian cobra)
A0A8C6YBV3	35670	Naja naja (Indian cobra)
A0A8C6YFJ8	35670	Naja naja (Indian cobra)
A0A8C6YFV2	35670	Naja naja (Indian cobra)
A0A8C6YHE8	35670	Naja naja (Indian cobra)
A0A8C6YJR8	35670	Naja naja (Indian cobra)
A0A8C7DX43	35670	Naja naja (Indian cobra)
A0A8C7E130	35670	Naja naja (Indian cobra)
A0A8C7E2Y1	35670	Naja naja (Indian cobra)
A0A8C7E2Z0	35670	Naja naja (Indian cobra)
A0A8C7E348	35670	Naja naja (Indian cobra)
A0A8C7E5Z4	35670	Naja naja (Indian cobra)
A0A8T1N336	8724	Bothrops jararaca (Jararaca) (Bothrops jajaraca)
A0A9F2KVJ1	176946	Python bivittatus (Burmese python) (Python molurus bivittatus)
A0A9F2NCP9	176946	Python bivittatus (Burmese python) (Python molurus bivittatus)
A0A9F2QYB8	176946	Python bivittatus (Burmese python) (Python molurus bivittatus)
A0A9F2QZ77	176946	Python bivittatus (Burmese python) (Python molurus bivittatus)
A0A9F2R0C2	176946	Python bivittatus (Burmese python) (Python molurus bivittatus)
A0A9F2R0Y3	176946	Python bivittatus (Burmese python) (Python molurus bivittatus)
A0A9F3QTC6	176946	Python bivittatus (Burmese python) (Python molurus bivittatus)
A0A9F3QUN9	176946	Python bivittatus (Burmese python) (Python molurus bivittatus)
A0A9F3QUU7	176946	Python bivittatus (Burmese python) (Python molurus bivittatus)
A0A9F5INY1	176946	Python bivittatus (Burmese python) (Python molurus bivittatus)
A0A9F5IQC4	176946	Python bivittatus (Burmese python) (Python molurus bivittatus)
A0A9F5IU93	176946	Python bivittatus (Burmese python) (Python molurus bivittatus)
A0A9F5IVV1	176946	Python bivittatus (Burmese python) (Python molurus bivittatus)
A0A9F5J4G3	176946	Python bivittatus (Burmese python) (Python molurus bivittatus)
A0A9F5J4W5	176946	Python bivittatus (Burmese python) (Python molurus bivittatus)
A0A9F5MRD3	176946	Python bivittatus (Burmese python) (Python molurus bivittatus)
A0AAW1AR40	8729	Crotalus adamanteus (Eastern diamondback rattlesnake)
A0AAW1ARB3	8729	Crotalus adamanteus (Eastern diamondback rattlesnake)
A0AAW1ATK0	8729	Crotalus adamanteus (Eastern diamondback rattlesnake)
A0AAW1AVJ4	8729	Crotalus adamanteus (Eastern diamondback rattlesnake)
A0AAW1AZH2	8729	Crotalus adamanteus (Eastern diamondback rattlesnake)
A0AAW1AZT6	8729	Crotalus adamanteus (Eastern diamondback rattlesnake)
A0AAW1BAV3	8729	Crotalus adamanteus (Eastern diamondback rattlesnake)
A0AAW1BAZ5	8729	Crotalus adamanteus (Eastern diamondback rattlesnake)
A0AAW1BLU2	8729	Crotalus adamanteus (Eastern diamondback rattlesnake)
A0AAW1BV82	8729	Crotalus adamanteus (Eastern diamondback rattlesnake)
A0AAW1C3A6	8729	Crotalus adamanteus (Eastern diamondback rattlesnake)
A0AAW1C4I2	8729	Crotalus adamanteus (Eastern diamondback rattlesnake)
A0AAW1C9S9	8729	Crotalus adamanteus (Eastern diamondback rattlesnake)
A0AAW1CBW0	8729	Crotalus adamanteus (Eastern diamondback rattlesnake)
A0ABM3YXQ2	94885	Pantherophis guttatus (Corn snake) (Elaphe guttata)
A0ABM3YY81	94885	Pantherophis guttatus (Corn snake) (Elaphe guttata)
A0ABM3YY89	94885	Pantherophis guttatus (Corn snake) (Elaphe guttata)
A0ABM3YY90	94885	Pantherophis guttatus (Corn snake) (Elaphe guttata)
A0ABM3YY93	94885	Pantherophis guttatus (Corn snake) (Elaphe guttata)
A0ABM3YYA0	94885	Pantherophis guttatus (Corn snake) (Elaphe guttata)
A0ABM3YYA2	94885	Pantherophis guttatus (Corn snake) (Elaphe guttata)
A0ABM3YYA3	94885	Pantherophis guttatus (Corn snake) (Elaphe guttata)
A0ABM3ZDZ2	94885	Pantherophis guttatus (Corn snake) (Elaphe guttata)
A1IVR9	92438	Bungarus candidus (Malayan krait)
A2CJE2	8738	Crotalus scutulatus scutulatus (Mojave rattlesnake)
A2CJE3	8742	Crotalus viridis viridis (Prairie rattlesnake)
A2CJE4	8730	Crotalus atrox (Western diamondback rattlesnake)
A2CKF6	8613	Bungarus fasciatus (Banded krait) (Pseudoboa fasciata)
A2CKF7	8613	Bungarus fasciatus (Banded krait) (Pseudoboa fasciata)
A6MFL0	412038	Demansia vestigiata (Lesser black whip snake) (Demansia atra)
A6MFM0	412038	Demansia vestigiata (Lesser black whip snake) (Demansia atra)
A6MFM1	412038	Demansia vestigiata (Lesser black whip snake) (Demansia atra)
A6MFM2	412038	Demansia vestigiata (Lesser black whip snake) (Demansia atra)
A6MFM3	412038	Demansia vestigiata (Lesser black whip snake) (Demansia atra)
A6MFM4	412038	Demansia vestigiata (Lesser black whip snake) (Demansia atra)
A6MFM5	412038	Demansia vestigiata (Lesser black whip snake) (Demansia atra)
A6MFM6	412038	Demansia vestigiata (Lesser black whip snake) (Demansia atra)
A6MJG3	196418	Hoplocephalus stephensii (Stephens's banded snake)
A6MJG4	196418	Hoplocephalus stephensii (Stephens's banded snake)
A6MJG5	196418	Hoplocephalus stephensii (Stephens's banded snake)
A6MJG6	196418	Hoplocephalus stephensii (Stephens's banded snake)
A6MJG7	196418	Hoplocephalus stephensii (Stephens's banded snake)
A6MJG8	196418	Hoplocephalus stephensii (Stephens's banded snake)
A7LAC6	8765	Trimeresurus albolabris (White-lipped pit viper) (Cryptelytrops albolabris)
A7LAC7	8765	Trimeresurus albolabris (White-lipped pit viper) (Cryptelytrops albolabris)
A8CG84	343250	Daboia siamensis (Eastern Russel's viper) (Daboia russelii siamensis)
A8CG87	8707	Daboia russelii (Russel's viper) (Vipera russelii)
A8E2V5	44722	Cerrophidion godmani (Porthidium godmani) (Bothrops godmani)
A8E2V6	44722	Cerrophidion godmani (Porthidium godmani) (Bothrops godmani)
A8E2V7	44722	Cerrophidion godmani (Porthidium godmani) (Bothrops godmani)
A8HDJ4	8671	Pseudechis porphyriacus (Red-bellied black snake)
A8N286	8665	Ophiophagus hannah (King cobra) (Naja hannah)
A8QL51	8616	Bungarus multicinctus (Many-banded krait)
A8QL53	8656	Naja atra (Chinese cobra)
A8QL57	8616	Bungarus multicinctus (Many-banded krait)
A8S6C2	29156	Austrelaps superbus (Lowland copperhead snake) (Hoplocephalus superbus)
A8S6C5	29156	Austrelaps superbus (Lowland copperhead snake) (Hoplocephalus superbus)
A8S6C8	29156	Austrelaps superbus (Lowland copperhead snake) (Hoplocephalus superbus)
A8Y7N5	343250	Daboia siamensis (Eastern Russel's viper) (Daboia russelii siamensis)
A8Y7P3	343250	Daboia siamensis (Eastern Russel's viper) (Daboia russelii siamensis)
A8Y7P4	343250	Daboia siamensis (Eastern Russel's viper) (Daboia russelii siamensis)
B0VXT6	8762	Sistrurus catenatus edwardsii (Desert massasauga) (Crotalophorus edwardsii)
B0VXU3	8762	Sistrurus catenatus edwardsii (Desert massasauga) (Crotalophorus edwardsii)
B0VXV3	8762	Sistrurus catenatus edwardsii (Desert massasauga) (Crotalophorus edwardsii)
B0VXV4	8762	Sistrurus catenatus edwardsii (Desert massasauga) (Crotalophorus edwardsii)
B0VXV5	8762	Sistrurus catenatus edwardsii (Desert massasauga) (Crotalophorus edwardsii)
B0VXW0	8762	Sistrurus catenatus edwardsii (Desert massasauga) (Crotalophorus edwardsii)
B1Q3K2	88087	Protobothrops flavoviridis (Habu) (Trimeresurus flavoviridis)
B2BRQ5	471292	Austrelaps labialis (Pygmy copperhead) (Denisonia superba)
B2BRS4	471292	Austrelaps labialis (Pygmy copperhead) (Denisonia superba)
B2BRS5	471292	Austrelaps labialis (Pygmy copperhead) (Denisonia superba)
B2BRS6	471292	Austrelaps labialis (Pygmy copperhead) (Denisonia superba)
B2BRS7	471292	Austrelaps labialis (Pygmy copperhead) (Denisonia superba)
B2BRS8	471292	Austrelaps labialis (Pygmy copperhead) (Denisonia superba)
B2BRS9	471292	Austrelaps labialis (Pygmy copperhead) (Denisonia superba)
B3A0N1	8725	Bothrops atrox (Barba amarilla) (Fer-de-lance)
B3EWG8	74558	Porthidium nasutum (Hognosed pitviper) (Bothrops nasutus)
B3EWH9	8626	Hemachatus haemachatus (Rinkhals) (Sepedon haemachatus)
B3EWI9	1171125	Bothrops mattogrossensis (Pitviper) (Bothrops neuwiedi mattogrossensis)
B3EWQ8	8613	Bungarus fasciatus (Banded krait) (Pseudoboa fasciata)
B3EWR3	35670	Naja naja (Indian cobra)
B3EWY2	128077	Crotalus lutosus abyssus (Grand Canyon rattlesnake) (Crotalus oreganus abyssus)
B3EWY3	128077	Crotalus lutosus abyssus (Grand Canyon rattlesnake) (Crotalus oreganus abyssus)
B5G6G1	100989	Tropidechis carinatus (Australian rough-scaled snake)
B5U6Y3	99586	Echis ocellatus (Ocellated saw-scaled viper)
B5U6Y8	99586	Echis ocellatus (Ocellated saw-scaled viper)
C0HJB0	8618	Dendroaspis angusticeps (Eastern green mamba) (Naja angusticeps)
C0HJI9	8613	Bungarus fasciatus (Banded krait) (Pseudoboa fasciata)
C0HJM4	1043007	Crotalus simus (Central American rattlesnake) (Caudisona simus)
C0HJM5	1200835	Cerrophidion sasai (Costa Rica montane pitviper)
C0HJQ0	1107943	Bothrops diporus (Chaco lancehead) (Bothrops neuwiedi diporus)
C0HJR1	430902	Micrurus mipartitus (Red-tailed coral snake)
C0HJR2	430902	Micrurus mipartitus (Red-tailed coral snake)
C0HJR6	8732	Crotalus durissus terrificus (South American rattlesnake)
C0HJT4	8618	Dendroaspis angusticeps (Eastern green mamba) (Naja angusticeps)
C0HJT5	8626	Hemachatus haemachatus (Rinkhals) (Sepedon haemachatus)
C0HJW9	8649	Naja kaouthia (Monocled cobra) (Naja siamensis)
C0HK18	8732	Crotalus durissus terrificus (South American rattlesnake)
C0HK19	8732	Crotalus durissus terrificus (South American rattlesnake)
C0HKZ6	3148341	Macrovipera lebetinus (Levantine viper) (Vipera lebetina)
C0HKZ7	3148341	Macrovipera lebetinus (Levantine viper) (Vipera lebetina)
C0HKZ8	64182	Walterinnesia aegyptia (Desert black snake)
C0HLA5	8621	Dendroaspis viridis (Western green mamba)
C0HLA6	8620	Dendroaspis polylepis polylepis (Black mamba)
C0HLA7	8621	Dendroaspis viridis (Western green mamba)
C0HLA8	8619	Dendroaspis jamesoni kaimosae (Eastern Jameson's mamba)
C0HLA9	8621	Dendroaspis viridis (Western green mamba)
C0HLB0	8621	Dendroaspis viridis (Western green mamba)
C0HLK3	2527855	Micrurus tschudii (Desert coral snake)
C0HM08	35670	Naja naja (Indian cobra)
C0HM09	35670	Naja naja (Indian cobra)
C0HMB6	98334	Bothrops moojeni (Lance-headed viper) (Caissaca)
C0HMC4	103944	Protobothrops mucrosquamatus (Taiwan habu) (Trimeresurus mucrosquamatus)
C0HME7	36307	Deinagkistrodon acutus (Hundred-pace snake) (Agkistrodon acutus)
C0HML9	103944	Protobothrops mucrosquamatus (Taiwan habu) (Trimeresurus mucrosquamatus)
C0K3N2	8716	Agkistrodon piscivorus piscivorus (Eastern cottonmouth)
C0LZJ5	384075	Macrovipera lebetinus transmediterranea (Blunt-nosed viper) (Vipera lebetina transmediterranea)
C1IC48	64182	Walterinnesia aegyptia (Desert black snake)
C1IC50	64182	Walterinnesia aegyptia (Desert black snake)
C1IC52	64182	Walterinnesia aegyptia (Desert black snake)
C1IC53	64182	Walterinnesia aegyptia (Desert black snake)
C5H5D2	8725	Bothrops atrox (Barba amarilla) (Fer-de-lance)
C5H5D3	8725	Bothrops atrox (Barba amarilla) (Fer-de-lance)
C5H5D4	8725	Bothrops atrox (Barba amarilla) (Fer-de-lance)
C5H5D5	60219	Lachesis muta rhombeata (Atlantic forest bushmaster) (Lachesis rhombeata)
C5H5D6	60219	Lachesis muta rhombeata (Atlantic forest bushmaster) (Lachesis rhombeata)
C6JUP3	54390	Micrurus corallinus (Painted coral snake) (Elaps corallinus)
C9E1R7	8730	Crotalus atrox (Western diamondback rattlesnake)
C9E1R8	8742	Crotalus viridis viridis (Prairie rattlesnake)
C9E1S0	459671	Agkistrodon piscivorus leucostoma (Western cottonmouth) (Acontias leucostoma)
C9E7C4	8732	Crotalus durissus terrificus (South American rattlesnake)
D1MZV3	193080	Rhabdophis tigrinus tigrinus (Tiger keelback snake)
D2YW39	8717	Calloselasma rhodostoma (Malayan pit viper) (Agkistrodon rhodostoma)
D2YW40	8717	Calloselasma rhodostoma (Malayan pit viper) (Agkistrodon rhodostoma)
D3YLG9	99586	Echis ocellatus (Ocellated saw-scaled viper)
D5J9R7	8614	Bungarus flaviceps
D5J9R8	8614	Bungarus flaviceps
D5LMJ3	8656	Naja atra (Chinese cobra)
D8MIA0	715877	Bitis rhinoceros (West African gaboon viper) (Vipera rhinoceros)
D8MIA1	715877	Bitis rhinoceros (West African gaboon viper) (Vipera rhinoceros)
D8MIA2	715877	Bitis rhinoceros (West African gaboon viper) (Vipera rhinoceros)
D8MIA3	715877	Bitis rhinoceros (West African gaboon viper) (Vipera rhinoceros)
D8VNS7	46267	Cerberus rynchops (Dog-faced water snake)
D8VNS8	46267	Cerberus rynchops (Dog-faced water snake)
D8VNS9	46267	Cerberus rynchops (Dog-faced water snake)
D8VNT0	46267	Cerberus rynchops (Dog-faced water snake)
E0Y418	3148341	Macrovipera lebetinus (Levantine viper) (Vipera lebetina)
E0Y420	3148341	Macrovipera lebetinus (Levantine viper) (Vipera lebetina)
E2DQZ5	242841	Protobothrops jerdonii (Jerdon's pitviper) (Trimeresurus jerdonii)
E2DQZ6	242841	Protobothrops jerdonii (Jerdon's pitviper) (Trimeresurus jerdonii)
E5AJX2	1808362	Vipera nikolskii (Nikolsky's adder) (Vipera berus nikolskii)
E5L0E3	343250	Daboia siamensis (Eastern Russel's viper) (Daboia russelii siamensis)
E5L0E4	343250	Daboia siamensis (Eastern Russel's viper) (Daboia russelii siamensis)
E5L0E6	459671	Agkistrodon piscivorus leucostoma (Western cottonmouth) (Acontias leucostoma)
E7FL11	1489342	Pseudechis rossignolii (Papuan pigmy mulga snake) (Pailsus rossignolii)
E7FL12	1489342	Pseudechis rossignolii (Papuan pigmy mulga snake) (Pailsus rossignolii)
E7FL13	1489342	Pseudechis rossignolii (Papuan pigmy mulga snake) (Pailsus rossignolii)
E9NW26	103944	Protobothrops mucrosquamatus (Taiwan habu) (Trimeresurus mucrosquamatus)
E9NW27	103944	Protobothrops mucrosquamatus (Taiwan habu) (Trimeresurus mucrosquamatus)
E9NW28	103944	Protobothrops mucrosquamatus (Taiwan habu) (Trimeresurus mucrosquamatus)
F5CPD3	129457	Micrurus altirostris (Uruguayan coral snake) (Elaps altirostris)
F5CPD5	129457	Micrurus altirostris (Uruguayan coral snake) (Elaps altirostris)
F5CPD8	129457	Micrurus altirostris (Uruguayan coral snake) (Elaps altirostris)
F5CPE0	129457	Micrurus altirostris (Uruguayan coral snake) (Elaps altirostris)
F5CPE4	129457	Micrurus altirostris (Uruguayan coral snake) (Elaps altirostris)
F8J2D0	66186	Drysdalia coronoides (White-lipped snake) (Hoplocephalus coronoides)
F8J2D1	66186	Drysdalia coronoides (White-lipped snake) (Hoplocephalus coronoides)
F8J2D2	66186	Drysdalia coronoides (White-lipped snake) (Hoplocephalus coronoides)
F8QN50	927686	Vipera renardi (Steppe viper) (Vipera ursinii renardi)
F8QN52	927686	Vipera renardi (Steppe viper) (Vipera ursinii renardi)
F8S0Z5	8729	Crotalus adamanteus (Eastern diamondback rattlesnake)
F8S108	8729	Crotalus adamanteus (Eastern diamondback rattlesnake)
F8S116	8729	Crotalus adamanteus (Eastern diamondback rattlesnake)
H6BFA2	8741	Crotalus helleri (Southern pacific rattlesnake) (Crotalus oreganus helleri)
H6BFA3	8741	Crotalus helleri (Southern pacific rattlesnake) (Crotalus oreganus helleri)
H6BFA4	8741	Crotalus helleri (Southern pacific rattlesnake) (Crotalus oreganus helleri)
H8PG96	687874	Suta nigriceps (Mallee black-backed snake)
I1SB18	73841	Vipera ammodytes meridionalis (Eastern sand viper)
I7ICN3	715877	Bitis rhinoceros (West African gaboon viper) (Vipera rhinoceros)
I7JUQ0	715877	Bitis rhinoceros (West African gaboon viper) (Vipera rhinoceros)
J3RY63	8729	Crotalus adamanteus (Eastern diamondback rattlesnake)
J3RY93	8729	Crotalus adamanteus (Eastern diamondback rattlesnake)
J3RYA3	8729	Crotalus adamanteus (Eastern diamondback rattlesnake)
J3S3V5	8729	Crotalus adamanteus (Eastern diamondback rattlesnake)
J3S3V6	8729	Crotalus adamanteus (Eastern diamondback rattlesnake)
J3S3W5	8729	Crotalus adamanteus (Eastern diamondback rattlesnake)
J3S823	8729	Crotalus adamanteus (Eastern diamondback rattlesnake)
J3S829	8729	Crotalus adamanteus (Eastern diamondback rattlesnake)
J3S830	8729	Crotalus adamanteus (Eastern diamondback rattlesnake)
J3S832	8729	Crotalus adamanteus (Eastern diamondback rattlesnake)
J3S833	8729	Crotalus adamanteus (Eastern diamondback rattlesnake)
J3S835	8729	Crotalus adamanteus (Eastern diamondback rattlesnake)
J3S836	8729	Crotalus adamanteus (Eastern diamondback rattlesnake)
J3SBP4	8729	Crotalus adamanteus (Eastern diamondback rattlesnake)
J3SBP9	8729	Crotalus adamanteus (Eastern diamondback rattlesnake)
J3SBQ3	8729	Crotalus adamanteus (Eastern diamondback rattlesnake)
J3SDK6	8729	Crotalus adamanteus (Eastern diamondback rattlesnake)
J3SDV8	8729	Crotalus adamanteus (Eastern diamondback rattlesnake)
J3SDV9	8729	Crotalus adamanteus (Eastern diamondback rattlesnake)
J3SDW0	8729	Crotalus adamanteus (Eastern diamondback rattlesnake)
J3SDW6	8729	Crotalus adamanteus (Eastern diamondback rattlesnake)
J3SDW8	8729	Crotalus adamanteus (Eastern diamondback rattlesnake)
J3SDW9	8729	Crotalus adamanteus (Eastern diamondback rattlesnake)
J3SDX0	8729	Crotalus adamanteus (Eastern diamondback rattlesnake)
J3SDY6	8729	Crotalus adamanteus (Eastern diamondback rattlesnake)
K0IV83	242054	Gloydius blomhoffii (Mamushi) (Agkistrodon halys blomhoffi)
K7RW47	111177	Oxyuranus microlepidotus (Inland taipan) (Diemenia microlepidota)
M5BGS2	110225	Atheris squamigera (Variable bush viper)
M5BGY5	110216	Atheris chlorechis (Western bush viper) (Vipera chlorechis)
M5BHN0	110224	Atheris nitschei (Great lakes bush viper)
N0AAE6	8714	Gloydius halys (Chinese water mocassin) (Agkistrodon halys)
O13057	88087	Protobothrops flavoviridis (Habu) (Trimeresurus flavoviridis)
O13058	88087	Protobothrops flavoviridis (Habu) (Trimeresurus flavoviridis)
O13059	8767	Craspedocephalus gramineus (Bamboo pit viper) (Trimeresurus gramineus)
O13060	8767	Craspedocephalus gramineus (Bamboo pit viper) (Trimeresurus gramineus)
O13061	8767	Craspedocephalus gramineus (Bamboo pit viper) (Trimeresurus gramineus)
O13062	8767	Craspedocephalus gramineus (Bamboo pit viper) (Trimeresurus gramineus)
O13063	8767	Craspedocephalus gramineus (Bamboo pit viper) (Trimeresurus gramineus)
O42257	33626	Naja sputatrix (Malayan spitting cobra) (Naja naja sputatrix)
O73795	3148161	Gloydius brevicauda (Korean slamosa snake) (Agkistrodon halys brevicaudus)
O73800	8714	Gloydius halys (Chinese water mocassin) (Agkistrodon halys)
O73856	33626	Naja sputatrix (Malayan spitting cobra) (Naja naja sputatrix)
O73857	33626	Naja sputatrix (Malayan spitting cobra) (Naja naja sputatrix)
O93421	8714	Gloydius halys (Chinese water mocassin) (Agkistrodon halys)
O93472	33626	Naja sputatrix (Malayan spitting cobra) (Naja naja sputatrix)
O93515	3148161	Gloydius brevicauda (Korean slamosa snake) (Agkistrodon halys brevicaudus)
O93516	3148161	Gloydius brevicauda (Korean slamosa snake) (Agkistrodon halys brevicaudus)
O93517	3148161	Gloydius brevicauda (Korean slamosa snake) (Agkistrodon halys brevicaudus)
O93518	3148161	Gloydius brevicauda (Korean slamosa snake) (Agkistrodon halys brevicaudus)
P00602	8644	Naja mossambica (Mozambique spitting cobra)
P00603	8644	Naja mossambica (Mozambique spitting cobra)
P00984	8620	Dendroaspis polylepis polylepis (Black mamba)
P01022	8724	Bothrops jararaca (Jararaca) (Bothrops jajaraca)
P01380	355677	Hydrophis stokesii (Stokes's sea snake) (Astrotia stokesii)
P01381	355677	Hydrophis stokesii (Stokes's sea snake) (Astrotia stokesii)
P01382	8657	Naja oxiana (Central Asian cobra) (Oxus cobra)
P01384	70142	Notechis scutatus scutatus (Eastern tiger snake) (Naja scutata scutata)
P01386	8665	Ophiophagus hannah (King cobra) (Naja hannah)
P01388	8643	Naja melanoleuca (Forest cobra) (Black-lipped cobra)
P01389	263737	Naja anchietae (Anchieta's cobra) (Naja haje anchietae)
P01390	8655	Naja nivea (Cape cobra) (Coluber niveus)
P01394	8621	Dendroaspis viridis (Western green mamba)
P01395	8621	Dendroaspis viridis (Western green mamba)
P01396	8620	Dendroaspis polylepis polylepis (Black mamba)
P01409	8618	Dendroaspis angusticeps (Eastern green mamba) (Naja angusticeps)
P01412	8665	Ophiophagus hannah (King cobra) (Naja hannah)
P01414	8620	Dendroaspis polylepis polylepis (Black mamba)
P01416	8620	Dendroaspis polylepis polylepis (Black mamba)
P01418	8621	Dendroaspis viridis (Western green mamba)
P01420	96794	Naja annulifera (Banded Egyptian cobra) (Naja haje annulifera)
P01421	96794	Naja annulifera (Banded Egyptian cobra) (Naja haje annulifera)
P01422	96794	Naja annulifera (Banded Egyptian cobra) (Naja haje annulifera)
P01423	8655	Naja nivea (Cape cobra) (Coluber niveus)
P01425	8626	Hemachatus haemachatus (Rinkhals) (Sepedon haemachatus)
P01426	8658	Naja pallida (Red spitting cobra)
P01427	8657	Naja oxiana (Central Asian cobra) (Oxus cobra)
P01431	8644	Naja mossambica (Mozambique spitting cobra)
P01432	8644	Naja mossambica (Mozambique spitting cobra)
P01433	8626	Hemachatus haemachatus (Rinkhals) (Sepedon haemachatus)
P01434	8605	Acanthophis antarcticus (Common death adder)
P01437	8684	Hydrophis lapemoides (Persian gulf sea snake) (Aturia lapemoides)
P01440	35670	Naja naja (Indian cobra)
P01441	8657	Naja oxiana (Central Asian cobra) (Oxus cobra)
P01447	35670	Naja naja (Indian cobra)
P01448	8643	Naja melanoleuca (Forest cobra) (Black-lipped cobra)
P01451	8657	Naja oxiana (Central Asian cobra) (Oxus cobra)
P01453	96794	Naja annulifera (Banded Egyptian cobra) (Naja haje annulifera)
P01454	96794	Naja annulifera (Banded Egyptian cobra) (Naja haje annulifera)
P01455	96794	Naja annulifera (Banded Egyptian cobra) (Naja haje annulifera)
P01456	8655	Naja nivea (Cape cobra) (Coluber niveus)
P01457	8642	Naja haje haje (Egyptian cobra)
P01458	8655	Naja nivea (Cape cobra) (Coluber niveus)
P01459	96794	Naja annulifera (Banded Egyptian cobra) (Naja haje annulifera)
P01460	96794	Naja annulifera (Banded Egyptian cobra) (Naja haje annulifera)
P01461	96794	Naja annulifera (Banded Egyptian cobra) (Naja haje annulifera)
P01462	96794	Naja annulifera (Banded Egyptian cobra) (Naja haje annulifera)
P01463	8655	Naja nivea (Cape cobra) (Coluber niveus)
P01464	96794	Naja annulifera (Banded Egyptian cobra) (Naja haje annulifera)
P01465	96794	Naja annulifera (Banded Egyptian cobra) (Naja haje annulifera)
P01466	96794	Naja annulifera (Banded Egyptian cobra) (Naja haje annulifera)
P01468	8658	Naja pallida (Red spitting cobra)
P01470	8644	Naja mossambica (Mozambique spitting cobra)
P01473	8643	Naja melanoleuca (Forest cobra) (Black-lipped cobra)
P01474	8643	Naja melanoleuca (Forest cobra) (Black-lipped cobra)
P01477	8741	Crotalus helleri (Southern pacific rattlesnake) (Crotalus oreganus helleri)
P06860	88087	Protobothrops flavoviridis (Habu) (Trimeresurus flavoviridis)
P07525	8656	Naja atra (Chinese cobra)
P0C1Y9	8618	Dendroaspis angusticeps (Eastern green mamba) (Naja angusticeps)
P0C2D6	103944	Protobothrops mucrosquamatus (Taiwan habu) (Trimeresurus mucrosquamatus)
P0C547	8656	Naja atra (Chinese cobra)
P0C552	8613	Bungarus fasciatus (Banded krait) (Pseudoboa fasciata)
P0C553	8613	Bungarus fasciatus (Banded krait) (Pseudoboa fasciata)
P0C554	8613	Bungarus fasciatus (Banded krait) (Pseudoboa fasciata)
P0C603	46286	Boiga dendrophila (Mangrove snake) (Gold-ringed cat snake)
P0C616	8722	Bothrops asper (Terciopelo)
P0C6A3	93050	Echis multisquamatus (Central Asian sand viper)
P0C6A4	99586	Echis ocellatus (Ocellated saw-scaled viper)
P0C6A5	8705	Vipera ammodytes ammodytes (Western sand viper)
P0C6A6	31156	Vipera berus berus (Common viper)
P0C6A7	31156	Vipera berus berus (Common viper)
P0C6A8	209528	Macrovipera lebetina obtusa (Levant blunt-nosed viper) (Vipera lebetina obtusa)
P0C6A9	209528	Macrovipera lebetina obtusa (Levant blunt-nosed viper) (Vipera lebetina obtusa)
P0C6B0	209528	Macrovipera lebetina obtusa (Levant blunt-nosed viper) (Vipera lebetina obtusa)
P0C6B4	40353	Echis carinatus (Saw-scaled viper)
P0C6B5	40353	Echis carinatus (Saw-scaled viper)
P0C6E2	1170828	Daboia palaestinae (Palestine viper) (Vipera palaestinae)
P0C6S0	1042543	Bothrops pauloensis (Neuwied's lancehead) (Bothrops neuwiedi pauloensis)
P0C6S1	1042543	Bothrops pauloensis (Neuwied's lancehead) (Bothrops neuwiedi pauloensis)
P0C6S5	8724	Bothrops jararaca (Jararaca) (Bothrops jajaraca)
P0C7N3	8742	Crotalus viridis viridis (Prairie rattlesnake)
P0C7S4	95648	Bothrops neuwiedi (Neuwied's lancehead)
P0C7S7	103944	Protobothrops mucrosquamatus (Taiwan habu) (Trimeresurus mucrosquamatus)
P0C8I7	8705	Vipera ammodytes ammodytes (Western sand viper)
P0C8I9	64174	Bothrops alternatus (Urutu) (Rhinocerophis alternatus)
P0C8J0	8665	Ophiophagus hannah (King cobra) (Naja hannah)
P0C8J1	8665	Ophiophagus hannah (King cobra) (Naja hannah)
P0C8J2	8705	Vipera ammodytes ammodytes (Western sand viper)
P0C8J3	8705	Vipera ammodytes ammodytes (Western sand viper)
P0C8J4	8705	Vipera ammodytes ammodytes (Western sand viper)
P0C8J5	8705	Vipera ammodytes ammodytes (Western sand viper)
P0C929	8723	Bothrops insularis (Golden lancehead) (Lachesis insularis)
P0C930	8723	Bothrops insularis (Golden lancehead) (Lachesis insularis)
P0CAS9	129468	Micrurus pyrrhocryptus (Coral snake)
P0CB06	8667	Oxyuranus scutellatus scutellatus (Australian taipan) (Coastal taipan)
P0CG02	747462	Hydrophis torquatus (West Coast black-headed sea snake) (Chitulia torquata)
P0CH80	8649	Naja kaouthia (Monocled cobra) (Naja siamensis)
P0CJ33	3148341	Macrovipera lebetinus (Levantine viper) (Vipera lebetina)
P0CJ35	8667	Oxyuranus scutellatus scutellatus (Australian taipan) (Coastal taipan)
P0CJ40	157554	Bothrops marajoensis (Marajo lancehead)
P0CV87	8730	Crotalus atrox (Western diamondback rattlesnake)
P0CV89	8730	Crotalus atrox (Western diamondback rattlesnake)
P0DI85	36307	Deinagkistrodon acutus (Hundred-pace snake) (Agkistrodon acutus)
P0DI87	8723	Bothrops insularis (Golden lancehead) (Lachesis insularis)
P0DI92	157554	Bothrops marajoensis (Marajo lancehead)
P0DJ87	157295	Bothrops leucurus (Whitetail lancehead)
P0DJC8	8722	Bothrops asper (Terciopelo)
P0DJC9	8722	Bothrops asper (Terciopelo)
P0DJE8	8726	Bothrops jararacussu (Jararacussu)
P0DJF4	8765	Trimeresurus albolabris (White-lipped pit viper) (Cryptelytrops albolabris)
P0DJF5	8765	Trimeresurus albolabris (White-lipped pit viper) (Cryptelytrops albolabris)
P0DJG6	8742	Crotalus viridis viridis (Prairie rattlesnake)
P0DJJ1	8656	Naja atra (Chinese cobra)
P0DJJ4	8657	Naja oxiana (Central Asian cobra) (Oxus cobra)
P0DJK1	512568	Atractaspis irregularis (Variable burrowing asp) (Elaps irregularis)
P0DJK2	8727	Bothrops cotiara (Cotiara) (Rhinocerophis cotiara)
P0DJK3	8727	Bothrops cotiara (Cotiara) (Rhinocerophis cotiara)
P0DJK4	8727	Bothrops cotiara (Cotiara) (Rhinocerophis cotiara)
P0DJK5	157549	Bothrops fonsecai (Fonseca's lancehead) (Rhinocerophis fonsecai)
P0DJK6	8724	Bothrops jararaca (Jararaca) (Bothrops jajaraca)
P0DJK7	157549	Bothrops fonsecai (Fonseca's lancehead) (Rhinocerophis fonsecai)
P0DJL2	101163	Trimeresurus purpureomaculatus (Mangrove pit viper) (Cryptelytrops purpureomaculatus)
P0DJL3	101163	Trimeresurus purpureomaculatus (Mangrove pit viper) (Cryptelytrops purpureomaculatus)
P0DJL4	1170828	Daboia palaestinae (Palestine viper) (Vipera palaestinae)
P0DJL5	1170828	Daboia palaestinae (Palestine viper) (Vipera palaestinae)
P0DJM5	8742	Crotalus viridis viridis (Prairie rattlesnake)
P0DJM6	242058	Protobothrops mangshanensis (Mangshan pitviper) (Zhaoermia mangshanensis)
P0DJM7	61225	Protobothrops tokarensis (Tokara habu) (Trimeresurus tokarensis)
P0DJM8	44732	Gloydius intermedius (Central Asian pit viper) (Agkistrodon intermedius)
P0DJM9	8744	Crotalus basiliscus (Mexican west-coast rattlesnake)
P0DJN0	184545	Crotalus vegrandis (Uracoan rattlesnake) (Crotalus durissus vegrandis)
P0DJN1	184542	Crotalus durissus cumanensis (South American rattlesnake)
P0DJN3	184542	Crotalus durissus cumanensis (South American rattlesnake)
P0DJN5	8732	Crotalus durissus terrificus (South American rattlesnake)
P0DJN8	8759	Sistrurus miliarius barbouri (Dusky pigmy rattlesnake) (Sistrurus barbouri)
P0DJP5	343250	Daboia siamensis (Eastern Russel's viper) (Daboia russelii siamensis)
P0DJP6	39682	Trimeresurus stejnegeri (Chinese green tree viper) (Viridovipera stejnegeri)
P0DJP7	39682	Trimeresurus stejnegeri (Chinese green tree viper) (Viridovipera stejnegeri)
P0DJP8	39682	Trimeresurus stejnegeri (Chinese green tree viper) (Viridovipera stejnegeri)
P0DJP9	39682	Trimeresurus stejnegeri (Chinese green tree viper) (Viridovipera stejnegeri)
P0DJQ0	39682	Trimeresurus stejnegeri (Chinese green tree viper) (Viridovipera stejnegeri)
P0DJQ2	39682	Trimeresurus stejnegeri (Chinese green tree viper) (Viridovipera stejnegeri)
P0DJR1	35024	Crotalus horridus (Timber rattlesnake)
P0DJR2	35024	Crotalus horridus (Timber rattlesnake)
P0DKL8	927686	Vipera renardi (Steppe viper) (Vipera ursinii renardi)
P0DKR4	1355908	Pseudocerastes fieldi (Field's horned viper) (Pseudocerastes persicus fieldi)
P0DKS3	8620	Dendroaspis polylepis polylepis (Black mamba)
P0DKU3	8654	Naja nigricollis (Black-necked spitting cobra)
P0DKU4	8654	Naja nigricollis (Black-necked spitting cobra)
P0DKW9	8605	Acanthophis antarcticus (Common death adder)
P0DKX1	8707	Daboia russelii (Russel's viper) (Vipera russelii)
P0DKY6	8732	Crotalus durissus terrificus (South American rattlesnake)
P0DKZ2	8727	Bothrops cotiara (Cotiara) (Rhinocerophis cotiara)
P0DKZ3	8727	Bothrops cotiara (Cotiara) (Rhinocerophis cotiara)
P0DKZ4	8727	Bothrops cotiara (Cotiara) (Rhinocerophis cotiara)
P0DKZ5	8727	Bothrops cotiara (Cotiara) (Rhinocerophis cotiara)
P0DKZ6	8727	Bothrops cotiara (Cotiara) (Rhinocerophis cotiara)
P0DKZ7	157549	Bothrops fonsecai (Fonseca's lancehead) (Rhinocerophis fonsecai)
P0DKZ8	157549	Bothrops fonsecai (Fonseca's lancehead) (Rhinocerophis fonsecai)
P0DKZ9	157549	Bothrops fonsecai (Fonseca's lancehead) (Rhinocerophis fonsecai)
P0DL00	157549	Bothrops fonsecai (Fonseca's lancehead) (Rhinocerophis fonsecai)
P0DL01	8724	Bothrops jararaca (Jararaca) (Bothrops jajaraca)
P0DL02	8724	Bothrops jararaca (Jararaca) (Bothrops jajaraca)
P0DL03	8724	Bothrops jararaca (Jararaca) (Bothrops jajaraca)
P0DL82	8633	Calliophis bivirgatus (Blue Malaysian coral snake) (Maticora bivirgata)
P0DM38	8765	Trimeresurus albolabris (White-lipped pit viper) (Cryptelytrops albolabris)
P0DM77	36307	Deinagkistrodon acutus (Hundred-pace snake) (Agkistrodon acutus)
P0DMH0	157549	Bothrops fonsecai (Fonseca's lancehead) (Rhinocerophis fonsecai)
P0DMJ6	8618	Dendroaspis angusticeps (Eastern green mamba) (Naja angusticeps)
P0DMK0	1171125	Bothrops mattogrossensis (Pitviper) (Bothrops neuwiedi mattogrossensis)
P0DMM6	8770	Tropidolaemus wagleri (Wagler's pit viper) (Trimeresurus wagleri)
P0DMM7	8770	Tropidolaemus wagleri (Wagler's pit viper) (Trimeresurus wagleri)
P0DMV6	8707	Daboia russelii (Russel's viper) (Vipera russelii)
P0DQH2	8626	Hemachatus haemachatus (Rinkhals) (Sepedon haemachatus)
P0DQQ1	8643	Naja melanoleuca (Forest cobra) (Black-lipped cobra)
P0DQQ2	8643	Naja melanoleuca (Forest cobra) (Black-lipped cobra)
P0DQQ3	8643	Naja melanoleuca (Forest cobra) (Black-lipped cobra)
P0DRJ9	8695	Bitis nasicornis (Rhinoceros adder) (Rhinoceros viper)
P0DRK0	715877	Bitis rhinoceros (West African gaboon viper) (Vipera rhinoceros)
P0DRK1	8694	Bitis gabonica (Gaboon adder) (Gaboon viper)
P0DRN9	98334	Bothrops moojeni (Lance-headed viper) (Caissaca)
P0DSN0	8649	Naja kaouthia (Monocled cobra) (Naja siamensis)
P0DTB7	8730	Crotalus atrox (Western diamondback rattlesnake)
P0DUK7	8656	Naja atra (Chinese cobra)
P0DUN8	1171125	Bothrops mattogrossensis (Pitviper) (Bothrops neuwiedi mattogrossensis)
P0DUP0	1107943	Bothrops diporus (Chaco lancehead) (Bothrops neuwiedi diporus)
P0DW30	2902644	Metlapilcoatlus mexicanus (Central American jumping pitviper) (Atropoides mexicanus)
P10458	8629	Laticauda crockeri (Crocker's sea snake) (Rennell Island sea krait)
P10459	8630	Laticauda laticaudata (Blue-ringed sea krait) (Blue-lipped sea krait)
P10460	8630	Laticauda laticaudata (Blue-ringed sea krait) (Blue-lipped sea krait)
P12029	8740	Crotalus concolor (Midget faded rattlesnake) (Crotalus oreganus concolor)
P13211	1343144	Atractaspis engaddensis (Israeli burrowing asp) (Israeli mole viper)
P15816	8616	Bungarus multicinctus (Many-banded krait)
P15817	8616	Bungarus multicinctus (Many-banded krait)
P15818	8616	Bungarus multicinctus (Many-banded krait)
P16338	8716	Agkistrodon piscivorus piscivorus (Eastern cottonmouth)
P17495	8767	Craspedocephalus gramineus (Bamboo pit viper) (Trimeresurus gramineus)
P18328	8618	Dendroaspis angusticeps (Eastern green mamba) (Naja angusticeps)
P18618	8725	Bothrops atrox (Barba amarilla) (Fer-de-lance)
P18692	8698	Cerastes vipera (Sahara sand viper)
P18997	8714	Gloydius halys (Chinese water mocassin) (Agkistrodon halys)
P18999	343250	Daboia siamensis (Eastern Russel's viper) (Daboia russelii siamensis)
P19959	8678	Aipysurus laevis (Olive sea snake)
P20416	8724	Bothrops jararaca (Jararaca) (Bothrops jajaraca)
P21790	8635	Micrurus nigrocinctus (Central American coral snake) (Gargantilla)
P21791	8635	Micrurus nigrocinctus (Central American coral snake) (Gargantilla)
P21792	8635	Micrurus nigrocinctus (Central American coral snake) (Gargantilla)
P21858	242054	Gloydius blomhoffii (Mamushi) (Agkistrodon halys blomhoffi)
P21859	88087	Protobothrops flavoviridis (Habu) (Trimeresurus flavoviridis)
P22029	8724	Bothrops jararaca (Jararaca) (Bothrops jajaraca)
P22030	8724	Bothrops jararaca (Jararaca) (Bothrops jajaraca)
P22640	103944	Protobothrops mucrosquamatus (Taiwan habu) (Trimeresurus mucrosquamatus)
P22826	110227	Eristicophis macmahoni (Leaf-nosed viper)
P22827	8759	Sistrurus miliarius barbouri (Dusky pigmy rattlesnake) (Sistrurus barbouri)
P22828	8757	Sistrurus tergeminus (Western massasauga) (Sistrurus catenatus tergeminus)
P23323	88087	Protobothrops flavoviridis (Habu) (Trimeresurus flavoviridis)
P24330	8729	Crotalus adamanteus (Eastern diamondback rattlesnake)
P24541	110227	Eristicophis macmahoni (Leaf-nosed viper)
P24644	8633	Calliophis bivirgatus (Blue Malaysian coral snake) (Maticora bivirgata)
P24645	8633	Calliophis bivirgatus (Blue Malaysian coral snake) (Maticora bivirgata)
P24776	8626	Hemachatus haemachatus (Rinkhals) (Sepedon haemachatus)
P24777	8626	Hemachatus haemachatus (Rinkhals) (Sepedon haemachatus)
P24778	8626	Hemachatus haemachatus (Rinkhals) (Sepedon haemachatus)
P24780	35670	Naja naja (Indian cobra)
P25497	8670	Pseudechis australis (Mulga snake) (King brown snake)
P25517	8644	Naja mossambica (Mozambique spitting cobra)
P25518	8620	Dendroaspis polylepis polylepis (Black mamba)
P25671	35670	Naja naja (Indian cobra)
P25687	8620	Dendroaspis polylepis polylepis (Black mamba)
P30426	8723	Bothrops insularis (Golden lancehead) (Lachesis insularis)
P31351	8706	Vipera aspis (Aspic viper)
P31981	8744	Crotalus basiliscus (Mexican west-coast rattlesnake)
P31982	31149	Crotalus cerastes cerastes (Mojave desert sidewinder)
P31984	31151	Crotalus molossus molossus (Northern black-tailed rattlesnake)
P31985	36309	Crotalus cerberus (Arizona black rattlesnake) (Crotalus oreganus cerberus)
P31986	332626	Crotalus lutosus (Great basin rattlesnake) (Crotalus oreganus lutosus)
P31987	8742	Crotalus viridis viridis (Prairie rattlesnake)
P31988	8727	Bothrops cotiara (Cotiara) (Rhinocerophis cotiara)
P31990	8753	Lachesis muta muta (Bushmaster)
P33588	8718	Agkistrodon bilineatus (Cantil) (Tropical moccasin)
P34074	8610	Naja annulata annulata (Banded water cobra) (Boulengerina annulata annulata)
P34076	8611	Naja christyi (Christy's water cobra) (Boulengerina christyi)
P58930	8770	Tropidolaemus wagleri (Wagler's pit viper) (Trimeresurus wagleri)
P59072	8673	Pseudonaja textilis (Eastern brown snake)
P59073	8673	Pseudonaja textilis (Eastern brown snake)
P59264	88087	Protobothrops flavoviridis (Habu) (Trimeresurus flavoviridis)
P59265	88087	Protobothrops flavoviridis (Habu) (Trimeresurus flavoviridis)
P59275	8649	Naja kaouthia (Monocled cobra) (Naja siamensis)
P59359	29156	Austrelaps superbus (Lowland copperhead snake) (Hoplocephalus superbus)
P60234	8618	Dendroaspis angusticeps (Eastern green mamba) (Naja angusticeps)
P60235	8618	Dendroaspis angusticeps (Eastern green mamba) (Naja angusticeps)
P60236	8618	Dendroaspis angusticeps (Eastern green mamba) (Naja angusticeps)
P60302	33626	Naja sputatrix (Malayan spitting cobra) (Naja naja sputatrix)
P60303	8649	Naja kaouthia (Monocled cobra) (Naja siamensis)
P60623	39682	Trimeresurus stejnegeri (Chinese green tree viper) (Viridovipera stejnegeri)
P60771	8649	Naja kaouthia (Monocled cobra) (Naja siamensis)
P60773	8659	Naja philippinensis (Philippine cobra)
P62376	8686	Hydrophis cyanocinctus (Asian annulated sea snake) (Leioselasma cyanocincta)
P62377	35670	Naja naja (Indian cobra)
P62383	8767	Craspedocephalus gramineus (Bamboo pit viper) (Trimeresurus gramineus)
P62384	8765	Trimeresurus albolabris (White-lipped pit viper) (Cryptelytrops albolabris)
P62390	96794	Naja annulifera (Banded Egyptian cobra) (Naja haje annulifera)
P62394	8642	Naja haje haje (Egyptian cobra)
P63175	8742	Crotalus viridis viridis (Prairie rattlesnake)
P63176	8742	Crotalus viridis viridis (Prairie rattlesnake)
P63327	221570	Crotalus durissus ruruima (South American rattlesnake) (Mt. Roraima rattlesnake)
P68416	8781	Hydrophis hardwickii (Hardwick's spine-bellied seasnake) (Lapemis hardwickii)
P68417	96794	Naja annulifera (Banded Egyptian cobra) (Naja haje annulifera)
P68418	8642	Naja haje haje (Egyptian cobra)
P68419	8655	Naja nivea (Cape cobra) (Coluber niveus)
P68521	31150	Crotalus durissus durissus (Central American rattlesnake)
P79845	103944	Protobothrops mucrosquamatus (Taiwan habu) (Trimeresurus mucrosquamatus)
P80494	8620	Dendroaspis polylepis polylepis (Black mamba)
P80548	8635	Micrurus nigrocinctus (Central American coral snake) (Gargantilla)
P81017	124223	Echis carinatus sochureki (Sochurek's saw-scaled viper) (Echis sochureki)
P81030	8618	Dendroaspis angusticeps (Eastern green mamba) (Naja angusticeps)
P81111	8765	Trimeresurus albolabris (White-lipped pit viper) (Cryptelytrops albolabris)
P81112	8765	Trimeresurus albolabris (White-lipped pit viper) (Cryptelytrops albolabris)
P81113	8765	Trimeresurus albolabris (White-lipped pit viper) (Cryptelytrops albolabris)
P81114	8765	Trimeresurus albolabris (White-lipped pit viper) (Cryptelytrops albolabris)
P81115	8765	Trimeresurus albolabris (White-lipped pit viper) (Cryptelytrops albolabris)
P81116	8765	Trimeresurus albolabris (White-lipped pit viper) (Cryptelytrops albolabris)
P81508	35024	Crotalus horridus (Timber rattlesnake)
P81509	35024	Crotalus horridus (Timber rattlesnake)
P81630	40353	Echis carinatus (Saw-scaled viper)
P81631	40353	Echis carinatus (Saw-scaled viper)
P81658	8618	Dendroaspis angusticeps (Eastern green mamba) (Naja angusticeps)
P81742	110227	Eristicophis macmahoni (Leaf-nosed viper)
P81782	92438	Bungarus candidus (Malayan krait)
P81797	93050	Echis multisquamatus (Central Asian sand viper)
P81798	93050	Echis multisquamatus (Central Asian sand viper)
P81882	8724	Bothrops jararaca (Jararaca) (Bothrops jajaraca)
P81883	8724	Bothrops jararaca (Jararaca) (Bothrops jajaraca)
P81884	8724	Bothrops jararaca (Jararaca) (Bothrops jajaraca)
P81946	8618	Dendroaspis angusticeps (Eastern green mamba) (Naja angusticeps)
P81996	124223	Echis carinatus sochureki (Sochurek's saw-scaled viper) (Echis sochureki)
P82462	8649	Naja kaouthia (Monocled cobra) (Naja siamensis)
P82463	8649	Naja kaouthia (Monocled cobra) (Naja siamensis)
P82464	8649	Naja kaouthia (Monocled cobra) (Naja siamensis)
P82465	124223	Echis carinatus sochureki (Sochurek's saw-scaled viper) (Echis sochureki)
P82466	124223	Echis carinatus sochureki (Sochurek's saw-scaled viper) (Echis sochureki)
P82849	8649	Naja kaouthia (Monocled cobra) (Naja siamensis)
P83041	8697	Cerastes cerastes (Horned desert viper)
P83043	8697	Cerastes cerastes (Horned desert viper)
P83044	8697	Cerastes cerastes (Horned desert viper)
P83224	111177	Oxyuranus microlepidotus (Inland taipan) (Diemenia microlepidota)
P83225	8667	Oxyuranus scutellatus scutellatus (Australian taipan) (Coastal taipan)
P83226	183720	Oxyuranus scutellatus canni (Papuan taipan)
P83227	111177	Oxyuranus microlepidotus (Inland taipan) (Diemenia microlepidota)
P83229	183720	Oxyuranus scutellatus canni (Papuan taipan)
P83230	111177	Oxyuranus microlepidotus (Inland taipan) (Diemenia microlepidota)
P83231	183720	Oxyuranus scutellatus canni (Papuan taipan)
P83234	8665	Ophiophagus hannah (King cobra) (Naja hannah)
P83345	195058	Naja sagittifera (Andaman cobra)
P83346	92438	Bungarus candidus (Malayan krait)
P83469	209528	Macrovipera lebetina obtusa (Levant blunt-nosed viper) (Vipera lebetina obtusa)
P83490	201391	Coelognathus radiatus (Radiated ratsnake) (Elaphe radiata)
P83658	40353	Echis carinatus (Saw-scaled viper)
P84026	8724	Bothrops jararaca (Jararaca) (Bothrops jajaraca)
P84470	92438	Bungarus candidus (Malayan krait)
P84471	92438	Bungarus candidus (Malayan krait)
P84472	92438	Bungarus candidus (Malayan krait)
P84473	92438	Bungarus candidus (Malayan krait)
P84474	92438	Bungarus candidus (Malayan krait)
P84475	92438	Bungarus candidus (Malayan krait)
P84745	8726	Bothrops jararacussu (Jararacussu)
P84747	98334	Bothrops moojeni (Lance-headed viper) (Caissaca)
P84803	8649	Naja kaouthia (Monocled cobra) (Naja siamensis)
P84804	8642	Naja haje haje (Egyptian cobra)
P84805	8649	Naja kaouthia (Monocled cobra) (Naja siamensis)
P84806	8642	Naja haje haje (Egyptian cobra)
P84807	8642	Naja haje haje (Egyptian cobra)
P84808	8649	Naja kaouthia (Monocled cobra) (Naja siamensis)
P85005	110218	Proatheris superciliaris (Lowland swamp viper)
P85024	8742	Crotalus viridis viridis (Prairie rattlesnake)
P85140	92438	Bungarus candidus (Malayan krait)
P85160	8724	Bothrops jararaca (Jararaca) (Bothrops jajaraca)
P85161	8724	Bothrops jararaca (Jararaca) (Bothrops jajaraca)
P85163	8724	Bothrops jararaca (Jararaca) (Bothrops jajaraca)
P85168	8724	Bothrops jararaca (Jararaca) (Bothrops jajaraca)
P85169	8724	Bothrops jararaca (Jararaca) (Bothrops jajaraca)
P85429	8656	Naja atra (Chinese cobra)
P85520	8657	Naja oxiana (Central Asian cobra) (Oxus cobra)
P86094	129470	Micrurus surinamensis (Surinam coral snake)
P86095	129470	Micrurus surinamensis (Surinam coral snake)
P86096	129470	Micrurus surinamensis (Surinam coral snake)
P86097	129470	Micrurus surinamensis (Surinam coral snake)
P86098	129470	Micrurus surinamensis (Surinam coral snake)
P86099	129470	Micrurus surinamensis (Surinam coral snake)
P86382	35670	Naja naja (Indian cobra)
P86420	129461	Micrurus frontalis (Coral snake)
P86422	129461	Micrurus frontalis (Coral snake)
P86423	129461	Micrurus frontalis (Coral snake)
P86536	8707	Daboia russelii (Russel's viper) (Vipera russelii)
P86538	35670	Naja naja (Indian cobra)
P86540	35670	Naja naja (Indian cobra)
P86541	35670	Naja naja (Indian cobra)
P86545	35670	Naja naja (Indian cobra)
P86721	8725	Bothrops atrox (Barba amarilla) (Fer-de-lance)
P86975	157295	Bothrops leucurus (Whitetail lancehead)
Q072L7	88085	Lachesis stenophrys (Central American bushmaster)
Q076D1	8732	Crotalus durissus terrificus (South American rattlesnake)
Q09GK1	120305	Philodryas olfersii (Lichtenstein's green racer) (Coluber olfersii)
Q09GK2	120305	Philodryas olfersii (Lichtenstein's green racer) (Coluber olfersii)
Q0NZX6	8724	Bothrops jararaca (Jararaca) (Bothrops jajaraca)
Q0NZX7	8724	Bothrops jararaca (Jararaca) (Bothrops jajaraca)
Q0NZX8	8724	Bothrops jararaca (Jararaca) (Bothrops jajaraca)
Q0NZX9	8724	Bothrops jararaca (Jararaca) (Bothrops jajaraca)
Q0NZY0	8724	Bothrops jararaca (Jararaca) (Bothrops jajaraca)
Q1PBD1	8714	Gloydius halys (Chinese water mocassin) (Agkistrodon halys)
Q1PS45	36307	Deinagkistrodon acutus (Hundred-pace snake) (Agkistrodon acutus)
Q2EI26	36307	Deinagkistrodon acutus (Hundred-pace snake) (Agkistrodon acutus)
Q2PG83	88086	Protobothrops elegans (Elegant pitviper) (Trimeresurus elegans)
Q2QA04	31150	Crotalus durissus durissus (Central American rattlesnake)
Q2VBP8	8665	Ophiophagus hannah (King cobra) (Naja hannah)
Q38L02	343250	Daboia siamensis (Eastern Russel's viper) (Daboia russelii siamensis)
Q3BER4	99586	Echis ocellatus (Ocellated saw-scaled viper)
Q3HTN1	39682	Trimeresurus stejnegeri (Chinese green tree viper) (Viridovipera stejnegeri)
Q3HTN2	39682	Trimeresurus stejnegeri (Chinese green tree viper) (Viridovipera stejnegeri)
Q3HXY3	8670	Pseudechis australis (Mulga snake) (King brown snake)
Q3ZD74	3148341	Macrovipera lebetinus (Levantine viper) (Vipera lebetina)
Q4JHE2	70142	Notechis scutatus scutatus (Eastern tiger snake) (Naja scutata scutata)
Q4JHE3	8667	Oxyuranus scutellatus scutellatus (Australian taipan) (Coastal taipan)
Q53B47	8665	Ophiophagus hannah (King cobra) (Naja hannah)
Q53B52	8665	Ophiophagus hannah (King cobra) (Naja hannah)
Q53B53	8665	Ophiophagus hannah (King cobra) (Naja hannah)
Q53B59	8665	Ophiophagus hannah (King cobra) (Naja hannah)
Q58G94	8732	Crotalus durissus terrificus (South American rattlesnake)
Q5FZI5	103944	Protobothrops mucrosquamatus (Taiwan habu) (Trimeresurus mucrosquamatus)
Q5FZI6	103944	Protobothrops mucrosquamatus (Taiwan habu) (Trimeresurus mucrosquamatus)
Q5UFR8	8676	Hydrophis peronii (Spiny-headed seasnake) (Acalyptophis peronii)
Q5W958	8724	Bothrops jararaca (Jararaca) (Bothrops jajaraca)
Q5W960	8724	Bothrops jararaca (Jararaca) (Bothrops jajaraca)
Q5YF89	33626	Naja sputatrix (Malayan spitting cobra) (Naja naja sputatrix)
Q696W1	3148341	Macrovipera lebetinus (Levantine viper) (Vipera lebetina)
Q6A336	55427	Vipera aspis zinnikeri (Asp viper)
Q6A337	55427	Vipera aspis zinnikeri (Asp viper)
Q6A338	55427	Vipera aspis zinnikeri (Asp viper)
Q6A339	55427	Vipera aspis zinnikeri (Asp viper)
Q6A342	55427	Vipera aspis zinnikeri (Asp viper)
Q6A346	55427	Vipera aspis zinnikeri (Asp viper)
Q6A349	55427	Vipera aspis zinnikeri (Asp viper)
Q6A351	55427	Vipera aspis zinnikeri (Asp viper)
Q6A352	194601	Vipera aspis aspis (Aspic viper)
Q6A356	194601	Vipera aspis aspis (Aspic viper)
Q6A359	194601	Vipera aspis aspis (Aspic viper)
Q6A360	194601	Vipera aspis aspis (Aspic viper)
Q6A361	194601	Vipera aspis aspis (Aspic viper)
Q6A362	194601	Vipera aspis aspis (Aspic viper)
Q6A363	194601	Vipera aspis aspis (Aspic viper)
Q6A364	194601	Vipera aspis aspis (Aspic viper)
Q6A367	235554	Vipera ammodytes montandoni
Q6A368	235554	Vipera ammodytes montandoni
Q6A369	235554	Vipera ammodytes montandoni
Q6A370	235554	Vipera ammodytes montandoni
Q6A371	235554	Vipera ammodytes montandoni
Q6A373	8705	Vipera ammodytes ammodytes (Western sand viper)
Q6A374	8705	Vipera ammodytes ammodytes (Western sand viper)
Q6A376	8705	Vipera ammodytes ammodytes (Western sand viper)
Q6A378	8705	Vipera ammodytes ammodytes (Western sand viper)
Q6A380	8705	Vipera ammodytes ammodytes (Western sand viper)
Q6A381	8705	Vipera ammodytes ammodytes (Western sand viper)
Q6A382	8705	Vipera ammodytes ammodytes (Western sand viper)
Q6A383	8705	Vipera ammodytes ammodytes (Western sand viper)
Q6A385	31156	Vipera berus berus (Common viper)
Q6A386	246549	Vipera ammodytes ruffoi
Q6A387	246549	Vipera ammodytes ruffoi
Q6A388	31156	Vipera berus berus (Common viper)
Q6A389	31156	Vipera berus berus (Common viper)
Q6A390	31156	Vipera berus berus (Common viper)
Q6A391	31156	Vipera berus berus (Common viper)
Q6A392	31156	Vipera berus berus (Common viper)
Q6A394	31156	Vipera berus berus (Common viper)
Q6A3B8	194601	Vipera aspis aspis (Aspic viper)
Q6A3C3	31156	Vipera berus berus (Common viper)
Q6A3M8	246549	Vipera ammodytes ruffoi
Q6A3M9	246549	Vipera ammodytes ruffoi
Q6A3N1	55427	Vipera aspis zinnikeri (Asp viper)
Q6A3N2	55427	Vipera aspis zinnikeri (Asp viper)
Q6A3N6	55427	Vipera aspis zinnikeri (Asp viper)
Q6A3N9	194601	Vipera aspis aspis (Aspic viper)
Q6A3P1	194601	Vipera aspis aspis (Aspic viper)
Q6EAN6	8757	Sistrurus tergeminus (Western massasauga) (Sistrurus catenatus tergeminus)
Q6EER3	8757	Sistrurus tergeminus (Western massasauga) (Sistrurus catenatus tergeminus)
Q6IWF1	64174	Bothrops alternatus (Urutu) (Rhinocerophis alternatus)
Q6T6S7	8694	Bitis gabonica (Gaboon adder) (Gaboon viper)
Q6T6T2	8694	Bitis gabonica (Gaboon adder) (Gaboon viper)
Q6T6T3	8694	Bitis gabonica (Gaboon adder) (Gaboon viper)
Q6TAR7	92438	Bungarus candidus (Malayan krait)
Q6TPG9	103944	Protobothrops mucrosquamatus (Taiwan habu) (Trimeresurus mucrosquamatus)
Q6TPH0	103944	Protobothrops mucrosquamatus (Taiwan habu) (Trimeresurus mucrosquamatus)
Q6X5T3	8692	Bitis arietans (African puff adder)
Q6YCP0	55427	Vipera aspis zinnikeri (Asp viper)
Q6YCP1	8706	Vipera aspis (Aspic viper)
Q6YNQ0	92438	Bungarus candidus (Malayan krait)
Q715Z8	8706	Vipera aspis (Aspic viper)
Q71QH5	39682	Trimeresurus stejnegeri (Chinese green tree viper) (Viridovipera stejnegeri)
Q71QH6	39682	Trimeresurus stejnegeri (Chinese green tree viper) (Viridovipera stejnegeri)
Q71QH7	39682	Trimeresurus stejnegeri (Chinese green tree viper) (Viridovipera stejnegeri)
Q71QH8	39682	Trimeresurus stejnegeri (Chinese green tree viper) (Viridovipera stejnegeri)
Q71QH9	39682	Trimeresurus stejnegeri (Chinese green tree viper) (Viridovipera stejnegeri)
Q71QI0	39682	Trimeresurus stejnegeri (Chinese green tree viper) (Viridovipera stejnegeri)
Q71QI1	39682	Trimeresurus stejnegeri (Chinese green tree viper) (Viridovipera stejnegeri)
Q71QI2	39682	Trimeresurus stejnegeri (Chinese green tree viper) (Viridovipera stejnegeri)
Q71QI3	39682	Trimeresurus stejnegeri (Chinese green tree viper) (Viridovipera stejnegeri)
Q71QI4	39682	Trimeresurus stejnegeri (Chinese green tree viper) (Viridovipera stejnegeri)
Q71QI5	39682	Trimeresurus stejnegeri (Chinese green tree viper) (Viridovipera stejnegeri)
Q71QI6	39682	Trimeresurus stejnegeri (Chinese green tree viper) (Viridovipera stejnegeri)
Q71QI7	39682	Trimeresurus stejnegeri (Chinese green tree viper) (Viridovipera stejnegeri)
Q71QI8	39682	Trimeresurus stejnegeri (Chinese green tree viper) (Viridovipera stejnegeri)
Q71QI9	39682	Trimeresurus stejnegeri (Chinese green tree viper) (Viridovipera stejnegeri)
Q71QJ0	39682	Trimeresurus stejnegeri (Chinese green tree viper) (Viridovipera stejnegeri)
Q71QJ1	39682	Trimeresurus stejnegeri (Chinese green tree viper) (Viridovipera stejnegeri)
Q71QJ2	39682	Trimeresurus stejnegeri (Chinese green tree viper) (Viridovipera stejnegeri)
Q71QJ3	39682	Trimeresurus stejnegeri (Chinese green tree viper) (Viridovipera stejnegeri)
Q71QJ4	39682	Trimeresurus stejnegeri (Chinese green tree viper) (Viridovipera stejnegeri)
Q71RQ7	39682	Trimeresurus stejnegeri (Chinese green tree viper) (Viridovipera stejnegeri)
Q75S51	92438	Bungarus candidus (Malayan krait)
Q7LZF4	8697	Cerastes cerastes (Horned desert viper)
Q7LZF5	8730	Crotalus atrox (Western diamondback rattlesnake)
Q7LZF6	8730	Crotalus atrox (Western diamondback rattlesnake)
Q7LZG1	8657	Naja oxiana (Central Asian cobra) (Oxus cobra)
Q7LZG3	61265	Pseudechis papuanus (Papuan black snake)
Q7LZI5	35671	Gloydius ussuriensis (Ussuri mamushi) (Gloydius blomhoffii ussuriensis)
Q7LZI6	61225	Protobothrops tokarensis (Tokara habu) (Trimeresurus tokarensis)
Q7LZK1	38415	Echis pyramidum leakeyi (Leakey's carpet viper) (Echis carinatus leakeyi)
Q7LZK5	8692	Bitis arietans (African puff adder)
Q7LZK6	61225	Protobothrops tokarensis (Tokara habu) (Trimeresurus tokarensis)
Q7LZK8	8692	Bitis arietans (African puff adder)
Q7LZQ4	35671	Gloydius ussuriensis (Ussuri mamushi) (Gloydius blomhoffii ussuriensis)
Q7LZQ5	8706	Vipera aspis (Aspic viper)
Q7LZS9	36307	Deinagkistrodon acutus (Hundred-pace snake) (Agkistrodon acutus)
Q7LZT4	35671	Gloydius ussuriensis (Ussuri mamushi) (Gloydius blomhoffii ussuriensis)
Q7SZD9	35671	Gloydius ussuriensis (Ussuri mamushi) (Gloydius blomhoffii ussuriensis)
Q7SZE0	44732	Gloydius intermedius (Central Asian pit viper) (Agkistrodon intermedius)
Q7T1C6	194601	Vipera aspis aspis (Aspic viper)
Q7T229	8726	Bothrops jararacussu (Jararacussu)
Q7T247	40353	Echis carinatus (Saw-scaled viper)
Q7T248	40353	Echis carinatus (Saw-scaled viper)
Q7T2I5	8631	Laticauda semifasciata (Black-banded sea krait) (Pseudolaticauda semifasciata)
Q7T2Q6	8615	Bungarus flaviceps flaviceps (Red-headed krait)
Q7ZT98	8665	Ophiophagus hannah (King cobra) (Naja hannah)
Q7ZTA0	8716	Agkistrodon piscivorus piscivorus (Eastern cottonmouth)
Q7ZZN8	8656	Naja atra (Chinese cobra)
Q800C1	8742	Crotalus viridis viridis (Prairie rattlesnake)
Q800C2	8742	Crotalus viridis viridis (Prairie rattlesnake)
Q801Z4	64174	Bothrops alternatus (Urutu) (Rhinocerophis alternatus)
Q802F0	8714	Gloydius halys (Chinese water mocassin) (Agkistrodon halys)
Q805F5	8716	Agkistrodon piscivorus piscivorus (Eastern cottonmouth)
Q8AV97	88087	Protobothrops flavoviridis (Habu) (Trimeresurus flavoviridis)
Q8AV98	88087	Protobothrops flavoviridis (Habu) (Trimeresurus flavoviridis)
Q8AXW2	8616	Bungarus multicinctus (Many-banded krait)
Q8AY47	92438	Bungarus candidus (Malayan krait)
Q8AY48	92438	Bungarus candidus (Malayan krait)
Q8AY78	39682	Trimeresurus stejnegeri (Chinese green tree viper) (Viridovipera stejnegeri)
Q8AY82	39682	Trimeresurus stejnegeri (Chinese green tree viper) (Viridovipera stejnegeri)
Q8AYA3	36307	Deinagkistrodon acutus (Hundred-pace snake) (Agkistrodon acutus)
Q8AYA4	36307	Deinagkistrodon acutus (Hundred-pace snake) (Agkistrodon acutus)
Q8AYA5	36307	Deinagkistrodon acutus (Hundred-pace snake) (Agkistrodon acutus)
Q8JFG1	194601	Vipera aspis aspis (Aspic viper)
Q8JI40	242054	Gloydius blomhoffii (Mamushi) (Agkistrodon halys blomhoffi)
Q8JIV8	36307	Deinagkistrodon acutus (Hundred-pace snake) (Agkistrodon acutus)
Q8JIV9	36307	Deinagkistrodon acutus (Hundred-pace snake) (Agkistrodon acutus)
Q8JIW1	36307	Deinagkistrodon acutus (Hundred-pace snake) (Agkistrodon acutus)
Q8JJ51	31151	Crotalus molossus molossus (Northern black-tailed rattlesnake)
Q8QFW3	132961	Bungarus caeruleus (Indian krait)
Q8QFW4	132961	Bungarus caeruleus (Indian krait)
Q8QG86	8723	Bothrops insularis (Golden lancehead) (Lachesis insularis)
Q8QG88	8723	Bothrops insularis (Golden lancehead) (Lachesis insularis)
Q8QG89	8723	Bothrops insularis (Golden lancehead) (Lachesis insularis)
Q8UUH7	8628	Laticauda colubrina (Yellow-lipped sea krait) (Banded sea krait)
Q8UUH8	8628	Laticauda colubrina (Yellow-lipped sea krait) (Banded sea krait)
Q8UUH9	8628	Laticauda colubrina (Yellow-lipped sea krait) (Banded sea krait)
Q8UUI0	8628	Laticauda colubrina (Yellow-lipped sea krait) (Banded sea krait)
Q8UUJ1	35671	Gloydius ussuriensis (Ussuri mamushi) (Gloydius blomhoffii ussuriensis)
Q8UUJ2	35671	Gloydius ussuriensis (Ussuri mamushi) (Gloydius blomhoffii ussuriensis)
Q8UUK2	8729	Crotalus adamanteus (Eastern diamondback rattlesnake)
Q8UVX1	35671	Gloydius ussuriensis (Ussuri mamushi) (Gloydius blomhoffii ussuriensis)
Q8UW08	8781	Hydrophis hardwickii (Hardwick's spine-bellied seasnake) (Lapemis hardwickii)
Q8UW30	8781	Hydrophis hardwickii (Hardwick's spine-bellied seasnake) (Lapemis hardwickii)
Q90221	8714	Gloydius halys (Chinese water mocassin) (Agkistrodon halys)
Q90251	8616	Bungarus multicinctus (Many-banded krait)
Q90Y44	8714	Gloydius halys (Chinese water mocassin) (Agkistrodon halys)
Q92152	8769	Ovophis okinavensis (Ryukyu Island pit viper) (Trimeresurus okinavensis)
Q9DEA1	36307	Deinagkistrodon acutus (Hundred-pace snake) (Agkistrodon acutus)
Q9DEA2	36307	Deinagkistrodon acutus (Hundred-pace snake) (Agkistrodon acutus)
Q9DEF8	36307	Deinagkistrodon acutus (Hundred-pace snake) (Agkistrodon acutus)
Q9DEZ9	8732	Crotalus durissus terrificus (South American rattlesnake)
Q9DF66	242841	Protobothrops jerdonii (Jerdon's pitviper) (Trimeresurus jerdonii)
Q9DF68	242841	Protobothrops jerdonii (Jerdon's pitviper) (Trimeresurus jerdonii)
Q9DG31	8714	Gloydius halys (Chinese water mocassin) (Agkistrodon halys)
Q9DG83	103944	Protobothrops mucrosquamatus (Taiwan habu) (Trimeresurus mucrosquamatus)
Q9DG84	103944	Protobothrops mucrosquamatus (Taiwan habu) (Trimeresurus mucrosquamatus)
Q9I841	8717	Calloselasma rhodostoma (Malayan pit viper) (Agkistrodon rhodostoma)
Q9I8W9	36307	Deinagkistrodon acutus (Hundred-pace snake) (Agkistrodon acutus)
Q9I8X0	36307	Deinagkistrodon acutus (Hundred-pace snake) (Agkistrodon acutus)
Q9I900	33626	Naja sputatrix (Malayan spitting cobra) (Naja naja sputatrix)
Q9I968	103944	Protobothrops mucrosquamatus (Taiwan habu) (Trimeresurus mucrosquamatus)
Q9IAX6	36307	Deinagkistrodon acutus (Hundred-pace snake) (Agkistrodon acutus)
Q9IAY0	36307	Deinagkistrodon acutus (Hundred-pace snake) (Agkistrodon acutus)
Q9IAY1	36307	Deinagkistrodon acutus (Hundred-pace snake) (Agkistrodon acutus)
Q9IAY3	36307	Deinagkistrodon acutus (Hundred-pace snake) (Agkistrodon acutus)
Q9IAY4	36307	Deinagkistrodon acutus (Hundred-pace snake) (Agkistrodon acutus)
Q9PRP7	40353	Echis carinatus (Saw-scaled viper)
Q9PRP8	40353	Echis carinatus (Saw-scaled viper)
Q9PRP9	40353	Echis carinatus (Saw-scaled viper)
Q9PRY9	8692	Bitis arietans (African puff adder)
Q9PS28	8697	Cerastes cerastes (Horned desert viper)
Q9PS48	8730	Crotalus atrox (Western diamondback rattlesnake)
Q9PSF9	8718	Agkistrodon bilineatus (Cantil) (Tropical moccasin)
Q9PSM5	8724	Bothrops jararaca (Jararaca) (Bothrops jajaraca)
Q9PSM6	8724	Bothrops jararaca (Jararaca) (Bothrops jajaraca)
Q9PSM8	40353	Echis carinatus (Saw-scaled viper)
Q9PSM9	40353	Echis carinatus (Saw-scaled viper)
Q9PSN1	8618	Dendroaspis angusticeps (Eastern green mamba) (Naja angusticeps)
Q9PSN6	33626	Naja sputatrix (Malayan spitting cobra) (Naja naja sputatrix)
Q9PSN7	8736	Crotalus ruber ruber (Red diamond rattlesnake)
Q9PT40	3148341	Macrovipera lebetinus (Levantine viper) (Vipera lebetina)
Q9PTA5	8616	Bungarus multicinctus (Many-banded krait)
Q9PTA6	8616	Bungarus multicinctus (Many-banded krait)
Q9PTA7	8616	Bungarus multicinctus (Many-banded krait)
Q9PTL3	3148161	Gloydius brevicauda (Korean slamosa snake) (Agkistrodon halys brevicaudus)
Q9PTT0	35670	Naja naja (Indian cobra)
Q9PU97	8616	Bungarus multicinctus (Many-banded krait)
Q9PUG9	29156	Austrelaps superbus (Lowland copperhead snake) (Hoplocephalus superbus)
Q9PUH0	29156	Austrelaps superbus (Lowland copperhead snake) (Hoplocephalus superbus)
Q9PUH1	29156	Austrelaps superbus (Lowland copperhead snake) (Hoplocephalus superbus)
Q9PUH2	29156	Austrelaps superbus (Lowland copperhead snake) (Hoplocephalus superbus)
Q9PUH3	29156	Austrelaps superbus (Lowland copperhead snake) (Hoplocephalus superbus)
Q9PUH4	29156	Austrelaps superbus (Lowland copperhead snake) (Hoplocephalus superbus)
Q9PUH5	29156	Austrelaps superbus (Lowland copperhead snake) (Hoplocephalus superbus)
Q9PUH6	29156	Austrelaps superbus (Lowland copperhead snake) (Hoplocephalus superbus)
Q9PUH7	29156	Austrelaps superbus (Lowland copperhead snake) (Hoplocephalus superbus)
Q9PUH8	29156	Austrelaps superbus (Lowland copperhead snake) (Hoplocephalus superbus)
Q9PUH9	29156	Austrelaps superbus (Lowland copperhead snake) (Hoplocephalus superbus)
Q9PUI0	29156	Austrelaps superbus (Lowland copperhead snake) (Hoplocephalus superbus)
Q9PUI1	29156	Austrelaps superbus (Lowland copperhead snake) (Hoplocephalus superbus)
Q9PVE3	8722	Bothrops asper (Terciopelo)
Q9PVE9	8717	Calloselasma rhodostoma (Malayan pit viper) (Agkistrodon rhodostoma)
Q9PVF3	8717	Calloselasma rhodostoma (Malayan pit viper) (Agkistrodon rhodostoma)
Q9PW19	8616	Bungarus multicinctus (Many-banded krait)
Q9PWR6	1170828	Daboia palaestinae (Palestine viper) (Vipera palaestinae)
Q9W7J5	8673	Pseudonaja textilis (Eastern brown snake)
Q9W7J6	8673	Pseudonaja textilis (Eastern brown snake)
Q9W7J7	8673	Pseudonaja textilis (Eastern brown snake)
Q9W7K0	8673	Pseudonaja textilis (Eastern brown snake)
Q9W7K1	8673	Pseudonaja textilis (Eastern brown snake)
Q9W7K2	8673	Pseudonaja textilis (Eastern brown snake)
Q9YGI0	8616	Bungarus multicinctus (Many-banded krait)
Q9YGI6	8714	Gloydius halys (Chinese water mocassin) (Agkistrodon halys)
Q9YGJ2	8714	Gloydius halys (Chinese water mocassin) (Agkistrodon halys)
Q9YGJ7	1170828	Daboia palaestinae (Palestine viper) (Vipera palaestinae)
Q9YGJ9	3148161	Gloydius brevicauda (Korean slamosa snake) (Agkistrodon halys brevicaudus)
Q9YGN4	3148161	Gloydius brevicauda (Korean slamosa snake) (Agkistrodon halys brevicaudus)
Q9YGN5	3148161	Gloydius brevicauda (Korean slamosa snake) (Agkistrodon halys brevicaudus)
R4FI83	1295043	Brachyurophis roperi (Northern shovel-nosed snake)
R4FID6	529692	Echiopsis curta
R4FIK9	83403	Hoplocephalus bungaroides
R4FIM5	83403	Hoplocephalus bungaroides
R4FIN0	83403	Hoplocephalus bungaroides
R4FIR0	340912	Pseudonaja modesta
R4FJE9	1295043	Brachyurophis roperi (Northern shovel-nosed snake)
R4FJL1	529689	Denisonia devisi (De Vis' banded snake) (Denisonia maculata subsp. devisi)
R4FJZ9	83403	Hoplocephalus bungaroides
R4FK05	83403	Hoplocephalus bungaroides
R4FK22	83403	Hoplocephalus bungaroides
R4G2H9	83403	Hoplocephalus bungaroides
R4G2I3	83403	Hoplocephalus bungaroides
R4G2I4	83403	Hoplocephalus bungaroides
R4G2P8	1295043	Brachyurophis roperi (Northern shovel-nosed snake)
R4G2V1	529697	Furina ornata
R4G2Z3	83403	Hoplocephalus bungaroides
R4G2Z5	83403	Hoplocephalus bungaroides
R4G7I8	83403	Hoplocephalus bungaroides
R4G7J2	83403	Hoplocephalus bungaroides
R4G7J3	83403	Hoplocephalus bungaroides
T1D6N7	35024	Crotalus horridus (Timber rattlesnake)
T1D6P2	35024	Crotalus horridus (Timber rattlesnake)
T1DE66	8741	Crotalus helleri (Southern pacific rattlesnake) (Crotalus oreganus helleri)
T1DE90	8741	Crotalus helleri (Southern pacific rattlesnake) (Crotalus oreganus helleri)
T1DEA2	8741	Crotalus helleri (Southern pacific rattlesnake) (Crotalus oreganus helleri)
T1DGZ4	35024	Crotalus horridus (Timber rattlesnake)
T1DH13	35024	Crotalus horridus (Timber rattlesnake)
T1DH17	35024	Crotalus horridus (Timber rattlesnake)
T1DHN3	35024	Crotalus horridus (Timber rattlesnake)
T1DJY7	35024	Crotalus horridus (Timber rattlesnake)
T1DMM4	8741	Crotalus helleri (Southern pacific rattlesnake) (Crotalus oreganus helleri)
T1DP13	35024	Crotalus horridus (Timber rattlesnake)
T1DP47	8741	Crotalus helleri (Southern pacific rattlesnake) (Crotalus oreganus helleri)
T1DP65	8741	Crotalus helleri (Southern pacific rattlesnake) (Crotalus oreganus helleri)
T1E3C7	35024	Crotalus horridus (Timber rattlesnake)
T1E3C9	35024	Crotalus horridus (Timber rattlesnake)
T1E3D1	35024	Crotalus horridus (Timber rattlesnake)
T1E3Y1	35024	Crotalus horridus (Timber rattlesnake)
T1E3Y3	35024	Crotalus horridus (Timber rattlesnake)
T1E6V6	8741	Crotalus helleri (Southern pacific rattlesnake) (Crotalus oreganus helleri)
T2HPR2	8769	Ovophis okinavensis (Ryukyu Island pit viper) (Trimeresurus okinavensis)
T2HQ62	8769	Ovophis okinavensis (Ryukyu Island pit viper) (Trimeresurus okinavensis)
T2HRU2	88087	Protobothrops flavoviridis (Habu) (Trimeresurus flavoviridis)
U3EPH5	8637	Micrurus fulvius (Eastern coral snake) (Coluber fulvius)
U3F5A6	8637	Micrurus fulvius (Eastern coral snake) (Coluber fulvius)
U3FYV1	8637	Micrurus fulvius (Eastern coral snake) (Coluber fulvius)
U3FZF7	8637	Micrurus fulvius (Eastern coral snake) (Coluber fulvius)
U5YCR8	133440	Bothrops pictus (Desert lancehead)
V8N4D8	8665	Ophiophagus hannah (King cobra) (Naja hannah)
V8NGA1	8665	Ophiophagus hannah (King cobra) (Naja hannah)
V8NGZ8	8665	Ophiophagus hannah (King cobra) (Naja hannah)
V8NP13	8665	Ophiophagus hannah (King cobra) (Naja hannah)
V8NZZ2	8665	Ophiophagus hannah (King cobra) (Naja hannah)
V8P5I5	8665	Ophiophagus hannah (King cobra) (Naja hannah)
V8PAN4	8665	Ophiophagus hannah (King cobra) (Naja hannah)
V8PF09	8665	Ophiophagus hannah (King cobra) (Naja hannah)
V8PFC9	8665	Ophiophagus hannah (King cobra) (Naja hannah)
V9I1A1	8613	Bungarus fasciatus (Banded krait) (Pseudoboa fasciata)
V9I1F9	64182	Walterinnesia aegyptia (Desert black snake)
A0A024AXF6	66188	Micropechis ikaheca (New Guinean small-eyed snake)
A0A024AXX7	66188	Micropechis ikaheca (New Guinean small-eyed snake)
A0A024AYB1	66188	Micropechis ikaheca (New Guinean small-eyed snake)
A0A068EPZ2	44732	Gloydius intermedius (Central Asian pit viper) (Agkistrodon intermedius)
A0A077L6L4	88086	Protobothrops elegans (Elegant pitviper) (Trimeresurus elegans)
A0A077L6L9	88086	Protobothrops elegans (Elegant pitviper) (Trimeresurus elegans)
A0A077L7H9	88087	Protobothrops flavoviridis (Habu) (Trimeresurus flavoviridis)
A0A077L7U3	88086	Protobothrops elegans (Elegant pitviper) (Trimeresurus elegans)
A0A077LA64	88086	Protobothrops elegans (Elegant pitviper) (Trimeresurus elegans)
A0A077LA85	88087	Protobothrops flavoviridis (Habu) (Trimeresurus flavoviridis)
A0A077LD42	88087	Protobothrops flavoviridis (Habu) (Trimeresurus flavoviridis)
A0A081DUA9	64175	Echis coloratus (Carpet viper)
A0A081DUB8	186591	Opheodrys aestivus
A0A081DUC2	94885	Pantherophis guttatus (Corn snake) (Elaphe guttata)
A0A098LWS4	51751	Python regius (Ball python) (Boa regia)
A0A098LWT7	186591	Opheodrys aestivus
A0A098LWW8	186591	Opheodrys aestivus
A0A098LX00	94885	Pantherophis guttatus (Corn snake) (Elaphe guttata)
A0A098LY71	51751	Python regius (Ball python) (Boa regia)
A0A098LY92	186591	Opheodrys aestivus
A0A098LY95	51751	Python regius (Ball python) (Boa regia)
A0A098LYA1	186591	Opheodrys aestivus
A0A098LYB0	186591	Opheodrys aestivus
A0A098LYE6	94885	Pantherophis guttatus (Corn snake) (Elaphe guttata)
A0A098LYG5	94885	Pantherophis guttatus (Corn snake) (Elaphe guttata)
A0A098LYJ6	94885	Pantherophis guttatus (Corn snake) (Elaphe guttata)
A0A0A1WC91	64175	Echis coloratus (Carpet viper)
A0A0A1WC94	64175	Echis coloratus (Carpet viper)
A0A0A1WCI0	64175	Echis coloratus (Carpet viper)
A0A0A1WCK4	64175	Echis coloratus (Carpet viper)
A0A0A1WCL0	64175	Echis coloratus (Carpet viper)
A0A0A1WCN2	64175	Echis coloratus (Carpet viper)
A0A0A1WCY1	64175	Echis coloratus (Carpet viper)
A0A0A1WCY6	64175	Echis coloratus (Carpet viper)
A0A0A1WCZ6	64175	Echis coloratus (Carpet viper)
A0A0A1WD06	64175	Echis coloratus (Carpet viper)
A0A0A1WD12	64175	Echis coloratus (Carpet viper)
A0A0A1WDM9	64175	Echis coloratus (Carpet viper)
A0A0A1WDN9	64175	Echis coloratus (Carpet viper)
A0A0A1WDQ6	64175	Echis coloratus (Carpet viper)
A0A0A1WDR4	64175	Echis coloratus (Carpet viper)
A0A0A1WDS7	64175	Echis coloratus (Carpet viper)
A0A0A1WDV5	64175	Echis coloratus (Carpet viper)
A0A0B4SX28	1050405	Philodryas chamissonis
A0A0B4SX85	1050405	Philodryas chamissonis
A0A0B4SX88	1050405	Philodryas chamissonis
A0A0B8RX84	1899461	Philothamnus irregularis (brown tree snake)
A0A0C4ZNF1	44732	Gloydius intermedius (Central Asian pit viper) (Agkistrodon intermedius)
A0A0F7YYV1	8637	Micrurus fulvius (Eastern coral snake) (Coluber fulvius)
A0A0F7YYZ8	8637	Micrurus fulvius (Eastern coral snake) (Coluber fulvius)
A0A0F7Z0V4	8729	Crotalus adamanteus (Eastern diamondback rattlesnake)
A0A0F7Z0V8	8729	Crotalus adamanteus (Eastern diamondback rattlesnake)
A0A0F7Z2Q3	8729	Crotalus adamanteus (Eastern diamondback rattlesnake)
A0A0F7Z2Q4	8729	Crotalus adamanteus (Eastern diamondback rattlesnake)
A0A0F7Z3C1	8729	Crotalus adamanteus (Eastern diamondback rattlesnake)
A0A0F7Z792	8729	Crotalus adamanteus (Eastern diamondback rattlesnake)
A0A0F7Z793	8729	Crotalus adamanteus (Eastern diamondback rattlesnake)
A0A0F7Z7C8	8729	Crotalus adamanteus (Eastern diamondback rattlesnake)
A0A0F7Z7G5	8729	Crotalus adamanteus (Eastern diamondback rattlesnake)
A0A0F7ZCQ8	8729	Crotalus adamanteus (Eastern diamondback rattlesnake)
A0A0M4AL47	44732	Gloydius intermedius (Central Asian pit viper) (Agkistrodon intermedius)
A0A0P0G942	8673	Pseudonaja textilis (Eastern brown snake)
A0A141DWM1	2759634	Pseudagkistrodon rudis (Red keelback)
A0A1B3LEZ8	44727	Bothriechis lateralis (Side-striped palm pitviper)
A0A1D8BAX5	61265	Pseudechis papuanus (Papuan black snake)
A0A1I9KNL5	8705	Vipera ammodytes ammodytes (Western sand viper)
A0A1I9KNM0	8705	Vipera ammodytes ammodytes (Western sand viper)
A0A1I9KNN4	8705	Vipera ammodytes ammodytes (Western sand viper)
A0A1I9KNP8	8705	Vipera ammodytes ammodytes (Western sand viper)
A0A1I9KNR5	8705	Vipera ammodytes ammodytes (Western sand viper)
A0A1I9KNR6	8705	Vipera ammodytes ammodytes (Western sand viper)
A0A1I9KNR8	8705	Vipera ammodytes ammodytes (Western sand viper)
A0A1I9KNS1	8705	Vipera ammodytes ammodytes (Western sand viper)
A0A1I9KNS3	8705	Vipera ammodytes ammodytes (Western sand viper)
A0A1I9KNT0	8705	Vipera ammodytes ammodytes (Western sand viper)
A0A1L8D5R9	8725	Bothrops atrox (Barba amarilla) (Fer-de-lance)
A0A1L8D5T9	8725	Bothrops atrox (Barba amarilla) (Fer-de-lance)
A0A1L8D5U3	8725	Bothrops atrox (Barba amarilla) (Fer-de-lance)
A0A1L8D5U8	8725	Bothrops atrox (Barba amarilla) (Fer-de-lance)
A0A1L8D5U9	8725	Bothrops atrox (Barba amarilla) (Fer-de-lance)
A0A1L8D5V0	8725	Bothrops atrox (Barba amarilla) (Fer-de-lance)
A0A1L8D5V3	8725	Bothrops atrox (Barba amarilla) (Fer-de-lance)
A0A1L8D5V4	8725	Bothrops atrox (Barba amarilla) (Fer-de-lance)
A0A1L8D5V7	8725	Bothrops atrox (Barba amarilla) (Fer-de-lance)
A0A1L8D5V8	8725	Bothrops atrox (Barba amarilla) (Fer-de-lance)
A0A1L8D5V9	8725	Bothrops atrox (Barba amarilla) (Fer-de-lance)
A0A1L8D5W3	8725	Bothrops atrox (Barba amarilla) (Fer-de-lance)
A0A1L8D5W4	8725	Bothrops atrox (Barba amarilla) (Fer-de-lance)
A0A1L8D5W5	8725	Bothrops atrox (Barba amarilla) (Fer-de-lance)
A0A1L8D5W6	8725	Bothrops atrox (Barba amarilla) (Fer-de-lance)
A0A1L8D5W7	8725	Bothrops atrox (Barba amarilla) (Fer-de-lance)
A0A1L8D5X1	8725	Bothrops atrox (Barba amarilla) (Fer-de-lance)
A0A1L8D5X2	8725	Bothrops atrox (Barba amarilla) (Fer-de-lance)
A0A1L8D5X3	8725	Bothrops atrox (Barba amarilla) (Fer-de-lance)
A0A1L8D5X4	8725	Bothrops atrox (Barba amarilla) (Fer-de-lance)
A0A1L8D5X6	8725	Bothrops atrox (Barba amarilla) (Fer-de-lance)
A0A1L8D5X7	8725	Bothrops atrox (Barba amarilla) (Fer-de-lance)
A0A1L8D5X8	8725	Bothrops atrox (Barba amarilla) (Fer-de-lance)
A0A1L8D5X9	8725	Bothrops atrox (Barba amarilla) (Fer-de-lance)
A0A1L8D5Y0	8725	Bothrops atrox (Barba amarilla) (Fer-de-lance)
A0A1L8D5Y2	8725	Bothrops atrox (Barba amarilla) (Fer-de-lance)
A0A1L8D5Y6	8725	Bothrops atrox (Barba amarilla) (Fer-de-lance)
A0A1L8D5Y7	8725	Bothrops atrox (Barba amarilla) (Fer-de-lance)
A0A1L8D5Z0	8725	Bothrops atrox (Barba amarilla) (Fer-de-lance)
A0A1L8D5Z1	8725	Bothrops atrox (Barba amarilla) (Fer-de-lance)
A0A1L8D5Z3	8725	Bothrops atrox (Barba amarilla) (Fer-de-lance)
A0A1L8D5Z6	8725	Bothrops atrox (Barba amarilla) (Fer-de-lance)
A0A1L8D600	8725	Bothrops atrox (Barba amarilla) (Fer-de-lance)
A0A1L8D610	8725	Bothrops atrox (Barba amarilla) (Fer-de-lance)
A0A1L8D615	8725	Bothrops atrox (Barba amarilla) (Fer-de-lance)
A0A1L8D620	8725	Bothrops atrox (Barba amarilla) (Fer-de-lance)
A0A1L8D626	8725	Bothrops atrox (Barba amarilla) (Fer-de-lance)
A0A1L8D633	8725	Bothrops atrox (Barba amarilla) (Fer-de-lance)
A0A1L8D635	8725	Bothrops atrox (Barba amarilla) (Fer-de-lance)
A0A1L8D641	8725	Bothrops atrox (Barba amarilla) (Fer-de-lance)
A0A1L8D646	8725	Bothrops atrox (Barba amarilla) (Fer-de-lance)
A0A1L8D649	8725	Bothrops atrox (Barba amarilla) (Fer-de-lance)
A0A1L8D656	8725	Bothrops atrox (Barba amarilla) (Fer-de-lance)
A0A1L8D658	8725	Bothrops atrox (Barba amarilla) (Fer-de-lance)
A0A1L8D660	8725	Bothrops atrox (Barba amarilla) (Fer-de-lance)
A0A1L8D662	8725	Bothrops atrox (Barba amarilla) (Fer-de-lance)
A0A1L8D664	8725	Bothrops atrox (Barba amarilla) (Fer-de-lance)
A0A1L8D665	8725	Bothrops atrox (Barba amarilla) (Fer-de-lance)
A0A1L8D666	8725	Bothrops atrox (Barba amarilla) (Fer-de-lance)
A0A1L8D668	8725	Bothrops atrox (Barba amarilla) (Fer-de-lance)
A0A1L8D674	8725	Bothrops atrox (Barba amarilla) (Fer-de-lance)
A0A1L8D675	8725	Bothrops atrox (Barba amarilla) (Fer-de-lance)
A0A1L8D676	8725	Bothrops atrox (Barba amarilla) (Fer-de-lance)
A0A1L8D677	8725	Bothrops atrox (Barba amarilla) (Fer-de-lance)
A0A1L8D679	8725	Bothrops atrox (Barba amarilla) (Fer-de-lance)
A0A1L8D680	8725	Bothrops atrox (Barba amarilla) (Fer-de-lance)
A0A1L8D681	8725	Bothrops atrox (Barba amarilla) (Fer-de-lance)
A0A1L8D682	8725	Bothrops atrox (Barba amarilla) (Fer-de-lance)
A0A1L8D686	8725	Bothrops atrox (Barba amarilla) (Fer-de-lance)
A0A1L8D689	8725	Bothrops atrox (Barba amarilla) (Fer-de-lance)
A0A1L8D691	8725	Bothrops atrox (Barba amarilla) (Fer-de-lance)
A0A1L8D698	8725	Bothrops atrox (Barba amarilla) (Fer-de-lance)
A0A1L8D6A0	8725	Bothrops atrox (Barba amarilla) (Fer-de-lance)
A0A1L8D6A9	8725	Bothrops atrox (Barba amarilla) (Fer-de-lance)
A0A1L8D6B7	8725	Bothrops atrox (Barba amarilla) (Fer-de-lance)
A0A1L8D6D1	8725	Bothrops atrox (Barba amarilla) (Fer-de-lance)
A0A1L8D6G6	8725	Bothrops atrox (Barba amarilla) (Fer-de-lance)
A0A1L8D6I0	8725	Bothrops atrox (Barba amarilla) (Fer-de-lance)
A0A1L8D6I8	8725	Bothrops atrox (Barba amarilla) (Fer-de-lance)
A0A1L8D6J8	8725	Bothrops atrox (Barba amarilla) (Fer-de-lance)
A0A1S6K7T1	8725	Bothrops atrox (Barba amarilla) (Fer-de-lance)
A0A1W7RB89	8729	Crotalus adamanteus (Eastern diamondback rattlesnake)
A0A1W7RB97	8729	Crotalus adamanteus (Eastern diamondback rattlesnake)
A0A1W7RBA3	8729	Crotalus adamanteus (Eastern diamondback rattlesnake)
A0A1W7RBB8	8729	Crotalus adamanteus (Eastern diamondback rattlesnake)
A0A223PK14	8707	Daboia russelii (Russel's viper) (Vipera russelii)
A0A223PK23	8707	Daboia russelii (Russel's viper) (Vipera russelii)
A0A223PK27	8707	Daboia russelii (Russel's viper) (Vipera russelii)
A0A223PK29	8707	Daboia russelii (Russel's viper) (Vipera russelii)
A0A223PK33	8707	Daboia russelii (Russel's viper) (Vipera russelii)
A0A223PK39	8707	Daboia russelii (Russel's viper) (Vipera russelii)
A0A286S0D3	44732	Gloydius intermedius (Central Asian pit viper) (Agkistrodon intermedius)
A0A286S0D6	44732	Gloydius intermedius (Central Asian pit viper) (Agkistrodon intermedius)
A0A286S0D7	44732	Gloydius intermedius (Central Asian pit viper) (Agkistrodon intermedius)
A0A286S0E6	44732	Gloydius intermedius (Central Asian pit viper) (Agkistrodon intermedius)
A0A2H4Z2W1	343250	Daboia siamensis (Eastern Russel's viper) (Daboia russelii siamensis)
A0A2H4Z2X4	343250	Daboia siamensis (Eastern Russel's viper) (Daboia russelii siamensis)
A0A2H4Z2Y9	343250	Daboia siamensis (Eastern Russel's viper) (Daboia russelii siamensis)
A0A2P1BSS8	430902	Micrurus mipartitus (Red-tailed coral snake)
A0A2P1BSS9	430902	Micrurus mipartitus (Red-tailed coral snake)
A0A2P1BST7	430902	Micrurus mipartitus (Red-tailed coral snake)
A0A2P1BSU3	430902	Micrurus mipartitus (Red-tailed coral snake)
A0A2U8QNR2	430902	Micrurus mipartitus (Red-tailed coral snake)
A0A2U8QNR3	430902	Micrurus mipartitus (Red-tailed coral snake)
A0A2U8QNR6	430902	Micrurus mipartitus (Red-tailed coral snake)
A0A2U8QNR7	430902	Micrurus mipartitus (Red-tailed coral snake)
A0A2U8QNU6	430902	Micrurus mipartitus (Red-tailed coral snake)
A0A2Z4N9R6	1899461	Philothamnus irregularis (brown tree snake)
A0A2Z4N9S2	1899461	Philothamnus irregularis (brown tree snake)
A0A2Z4N9S9	1899461	Philothamnus irregularis (brown tree snake)
A0A2Z4N9T6	1899461	Philothamnus irregularis (brown tree snake)
A0A2Z4N9U9	1899461	Philothamnus irregularis (brown tree snake)
A0A2Z4N9V2	1899461	Philothamnus irregularis (brown tree snake)
A0A2Z4N9V4	1899461	Philothamnus irregularis (brown tree snake)
A0A2Z4N9W3	1899461	Philothamnus irregularis (brown tree snake)
A0A2Z4N9X1	1899461	Philothamnus irregularis (brown tree snake)
A0A2Z4N9X6	1899461	Philothamnus irregularis (brown tree snake)
A0A2Z4N9Z0	1899461	Philothamnus irregularis (brown tree snake)
A0A2Z4NA08	1899461	Philothamnus irregularis (brown tree snake)
A0A2Z4NA15	1899461	Philothamnus irregularis (brown tree snake)
A0A346CI97	1899469	Spilotes sulphureus (Amazon puffing snake) (Natrix sulphurea)
A0A346CI98	1899469	Spilotes sulphureus (Amazon puffing snake) (Natrix sulphurea)
A0A346CIA2	1899469	Spilotes sulphureus (Amazon puffing snake) (Natrix sulphurea)
A0A346CIA3	1899469	Spilotes sulphureus (Amazon puffing snake) (Natrix sulphurea)
A0A346CIA4	1899469	Spilotes sulphureus (Amazon puffing snake) (Natrix sulphurea)
A0A346CIA5	1899469	Spilotes sulphureus (Amazon puffing snake) (Natrix sulphurea)
A0A346CIB8	1899469	Spilotes sulphureus (Amazon puffing snake) (Natrix sulphurea)
A0A346CLS7	1260276	Borikenophis portoricensis (Puerto Rican racer) (Alsophis portoricensis)
A0A346CLS8	1260276	Borikenophis portoricensis (Puerto Rican racer) (Alsophis portoricensis)
A0A346CLS9	1260276	Borikenophis portoricensis (Puerto Rican racer) (Alsophis portoricensis)
A0A346CLT0	1260276	Borikenophis portoricensis (Puerto Rican racer) (Alsophis portoricensis)
A0A346CLT1	1260276	Borikenophis portoricensis (Puerto Rican racer) (Alsophis portoricensis)
A0A346CLT2	1260276	Borikenophis portoricensis (Puerto Rican racer) (Alsophis portoricensis)
A0A346CLT3	1260276	Borikenophis portoricensis (Puerto Rican racer) (Alsophis portoricensis)
A0A346CLT4	1260276	Borikenophis portoricensis (Puerto Rican racer) (Alsophis portoricensis)
A0A346CLT5	1260276	Borikenophis portoricensis (Puerto Rican racer) (Alsophis portoricensis)
A0A346CLT6	1260276	Borikenophis portoricensis (Puerto Rican racer) (Alsophis portoricensis)
A0A346CLT7	1260276	Borikenophis portoricensis (Puerto Rican racer) (Alsophis portoricensis)
A0A346CLT8	1260276	Borikenophis portoricensis (Puerto Rican racer) (Alsophis portoricensis)
A0A346CLT9	1260276	Borikenophis portoricensis (Puerto Rican racer) (Alsophis portoricensis)
A0A346CLU0	1260276	Borikenophis portoricensis (Puerto Rican racer) (Alsophis portoricensis)
A0A346CLU1	1260276	Borikenophis portoricensis (Puerto Rican racer) (Alsophis portoricensis)
A0A346CLU2	1260276	Borikenophis portoricensis (Puerto Rican racer) (Alsophis portoricensis)
A0A346CLU3	1260276	Borikenophis portoricensis (Puerto Rican racer) (Alsophis portoricensis)
A0A346CLU4	1260276	Borikenophis portoricensis (Puerto Rican racer) (Alsophis portoricensis)
A0A346CLU5	1260276	Borikenophis portoricensis (Puerto Rican racer) (Alsophis portoricensis)
A0A346CLU6	1260276	Borikenophis portoricensis (Puerto Rican racer) (Alsophis portoricensis)
A0A346CLU7	1260276	Borikenophis portoricensis (Puerto Rican racer) (Alsophis portoricensis)
A0A346CLU8	1260276	Borikenophis portoricensis (Puerto Rican racer) (Alsophis portoricensis)
A0A346CLU9	1260276	Borikenophis portoricensis (Puerto Rican racer) (Alsophis portoricensis)
A0A346CLV0	1260276	Borikenophis portoricensis (Puerto Rican racer) (Alsophis portoricensis)
A0A346CLV1	1260276	Borikenophis portoricensis (Puerto Rican racer) (Alsophis portoricensis)
A0A346CLV2	1260276	Borikenophis portoricensis (Puerto Rican racer) (Alsophis portoricensis)
A0A346CLV3	1260276	Borikenophis portoricensis (Puerto Rican racer) (Alsophis portoricensis)
A0A346CLV4	1260276	Borikenophis portoricensis (Puerto Rican racer) (Alsophis portoricensis)
A0A346CLV5	1260276	Borikenophis portoricensis (Puerto Rican racer) (Alsophis portoricensis)
A0A346CLV6	1260276	Borikenophis portoricensis (Puerto Rican racer) (Alsophis portoricensis)
A0A346CLX2	1260276	Borikenophis portoricensis (Puerto Rican racer) (Alsophis portoricensis)
A0A346CLX5	1260276	Borikenophis portoricensis (Puerto Rican racer) (Alsophis portoricensis)
A0A346CLY1	499056	Ahaetulla prasina
A0A346CLZ9	499056	Ahaetulla prasina
A0A346CM01	499056	Ahaetulla prasina
A0A346CM02	499056	Ahaetulla prasina
A0A346CM03	499056	Ahaetulla prasina
A0A346CM04	499056	Ahaetulla prasina
A0A346CM06	499056	Ahaetulla prasina
A0A346CM07	499056	Ahaetulla prasina
A0A346CM09	499056	Ahaetulla prasina
A0A346CM10	499056	Ahaetulla prasina
A0A346CM11	499056	Ahaetulla prasina
A0A346CM12	499056	Ahaetulla prasina
A0A346CM13	499056	Ahaetulla prasina
A0A346CM14	499056	Ahaetulla prasina
A0A346CM16	499056	Ahaetulla prasina
A0A346CM17	499056	Ahaetulla prasina
A0A346CM18	499056	Ahaetulla prasina
A0A346CM19	499056	Ahaetulla prasina
A0A346CM20	499056	Ahaetulla prasina
A0A346CM21	499056	Ahaetulla prasina
A0A346CM22	499056	Ahaetulla prasina
A0A346CM23	499056	Ahaetulla prasina
A0A346CM24	499056	Ahaetulla prasina
A0A346CM26	499056	Ahaetulla prasina
A0A346CM27	499056	Ahaetulla prasina
A0A346CM28	499056	Ahaetulla prasina
A0A346CM29	499056	Ahaetulla prasina
A0A346CM31	499056	Ahaetulla prasina
A0A346CM32	499056	Ahaetulla prasina
A0A346CM33	499056	Ahaetulla prasina
A0A346CM34	499056	Ahaetulla prasina
A0A346CM35	499056	Ahaetulla prasina
A0A346CM36	499056	Ahaetulla prasina
A0A346CM37	499056	Ahaetulla prasina
A0A346CM38	499056	Ahaetulla prasina
A0A346CM39	499056	Ahaetulla prasina
A0A346CM40	499056	Ahaetulla prasina
A0A346CM41	499056	Ahaetulla prasina
A0A346CM42	499056	Ahaetulla prasina
A0A346CM43	499056	Ahaetulla prasina
A0A346CM44	499056	Ahaetulla prasina
A0A3G1E3T4	99586	Echis ocellatus (Ocellated saw-scaled viper)
A0A3G1E3T5	99586	Echis ocellatus (Ocellated saw-scaled viper)
A0A3G1E3U2	99586	Echis ocellatus (Ocellated saw-scaled viper)
A0A670XPL2	8673	Pseudonaja textilis (Eastern brown snake)
A0A670XRP9	8673	Pseudonaja textilis (Eastern brown snake)
A0A670XSZ9	8673	Pseudonaja textilis (Eastern brown snake)
A0A670XTF2	8673	Pseudonaja textilis (Eastern brown snake)
A0A670XTM7	8673	Pseudonaja textilis (Eastern brown snake)
A0A670XU93	8673	Pseudonaja textilis (Eastern brown snake)
A0A670XWP2	8673	Pseudonaja textilis (Eastern brown snake)
A0A670XYC8	8673	Pseudonaja textilis (Eastern brown snake)
A0A670Y098	8673	Pseudonaja textilis (Eastern brown snake)
A0A670Y1G0	8673	Pseudonaja textilis (Eastern brown snake)
A0A670YAR1	8673	Pseudonaja textilis (Eastern brown snake)
A0A670YB59	8673	Pseudonaja textilis (Eastern brown snake)
A0A670YFJ0	8673	Pseudonaja textilis (Eastern brown snake)
A0A670YHI6	8673	Pseudonaja textilis (Eastern brown snake)
A0A670YI11	8673	Pseudonaja textilis (Eastern brown snake)
A0A670YLV9	8673	Pseudonaja textilis (Eastern brown snake)
A0A670YMF0	8673	Pseudonaja textilis (Eastern brown snake)
A0A670YMP6	8673	Pseudonaja textilis (Eastern brown snake)
A0A670YPP0	8673	Pseudonaja textilis (Eastern brown snake)
A0A670YQ43	8673	Pseudonaja textilis (Eastern brown snake)
A0A670YQ46	8673	Pseudonaja textilis (Eastern brown snake)
A0A670YQH3	8673	Pseudonaja textilis (Eastern brown snake)
A0A670YQN1	8673	Pseudonaja textilis (Eastern brown snake)
A0A670YQV9	8673	Pseudonaja textilis (Eastern brown snake)
A0A670YR02	8673	Pseudonaja textilis (Eastern brown snake)
A0A670YR19	8673	Pseudonaja textilis (Eastern brown snake)
A0A670YRN7	8673	Pseudonaja textilis (Eastern brown snake)
A0A670YRX0	8673	Pseudonaja textilis (Eastern brown snake)
A0A670YS85	8673	Pseudonaja textilis (Eastern brown snake)
A0A670YSN2	8673	Pseudonaja textilis (Eastern brown snake)
A0A670YST0	8673	Pseudonaja textilis (Eastern brown snake)
A0A670YSZ7	8673	Pseudonaja textilis (Eastern brown snake)
A0A670YT18	8673	Pseudonaja textilis (Eastern brown snake)
A0A670YTM0	8673	Pseudonaja textilis (Eastern brown snake)
A0A670YUD8	8673	Pseudonaja textilis (Eastern brown snake)
A0A670YUI2	8673	Pseudonaja textilis (Eastern brown snake)
A0A670YWZ7	8673	Pseudonaja textilis (Eastern brown snake)
A0A670YXJ0	8673	Pseudonaja textilis (Eastern brown snake)
A0A670YY34	8673	Pseudonaja textilis (Eastern brown snake)
A0A670YY52	8673	Pseudonaja textilis (Eastern brown snake)
A0A670YY63	8673	Pseudonaja textilis (Eastern brown snake)
A0A670YYT6	8673	Pseudonaja textilis (Eastern brown snake)
A0A670YYY4	8673	Pseudonaja textilis (Eastern brown snake)
A0A670YZ49	8673	Pseudonaja textilis (Eastern brown snake)
A0A670YZC6	8673	Pseudonaja textilis (Eastern brown snake)
A0A670YZY6	8673	Pseudonaja textilis (Eastern brown snake)
A0A670YZZ7	8673	Pseudonaja textilis (Eastern brown snake)
A0A670Z003	8673	Pseudonaja textilis (Eastern brown snake)
A0A670Z0L6	8673	Pseudonaja textilis (Eastern brown snake)
A0A670Z0N2	8673	Pseudonaja textilis (Eastern brown snake)
A0A670Z1X5	8673	Pseudonaja textilis (Eastern brown snake)
A0A670Z2B3	8673	Pseudonaja textilis (Eastern brown snake)
A0A670Z2L0	8673	Pseudonaja textilis (Eastern brown snake)
A0A670Z2T9	8673	Pseudonaja textilis (Eastern brown snake)
A0A670Z460	8673	Pseudonaja textilis (Eastern brown snake)
A0A670Z4L4	8673	Pseudonaja textilis (Eastern brown snake)
A0A670Z578	8673	Pseudonaja textilis (Eastern brown snake)
A0A670Z6C8	8673	Pseudonaja textilis (Eastern brown snake)
A0A670Z6D8	8673	Pseudonaja textilis (Eastern brown snake)
A0A670Z6H7	8673	Pseudonaja textilis (Eastern brown snake)
A0A670Z8L4	8673	Pseudonaja textilis (Eastern brown snake)
A0A670Z8M9	8673	Pseudonaja textilis (Eastern brown snake)
A0A670Z8X5	8673	Pseudonaja textilis (Eastern brown snake)
A0A670Z8Z3	8673	Pseudonaja textilis (Eastern brown snake)
A0A670ZAB1	8673	Pseudonaja textilis (Eastern brown snake)
A0A670ZBR1	8673	Pseudonaja textilis (Eastern brown snake)
A0A670ZBW6	8673	Pseudonaja textilis (Eastern brown snake)
A0A670ZCN3	8673	Pseudonaja textilis (Eastern brown snake)
A0A670ZDU7	8673	Pseudonaja textilis (Eastern brown snake)
A0A670ZGB3	8673	Pseudonaja textilis (Eastern brown snake)
A0A670ZGC3	8673	Pseudonaja textilis (Eastern brown snake)
A0A670ZHX7	8673	Pseudonaja textilis (Eastern brown snake)
A0A670ZKE5	8673	Pseudonaja textilis (Eastern brown snake)
A0A670ZL08	8673	Pseudonaja textilis (Eastern brown snake)
A0A670ZNQ9	8673	Pseudonaja textilis (Eastern brown snake)
A0A670ZNW0	8673	Pseudonaja textilis (Eastern brown snake)
A0A670ZRQ2	8673	Pseudonaja textilis (Eastern brown snake)
A0A670ZSW4	8673	Pseudonaja textilis (Eastern brown snake)
A0A670ZSY2	8673	Pseudonaja textilis (Eastern brown snake)
A0A670ZT23	8673	Pseudonaja textilis (Eastern brown snake)
A0A670ZTT3	8673	Pseudonaja textilis (Eastern brown snake)
A0A670ZWJ2	8673	Pseudonaja textilis (Eastern brown snake)
A0A6B7FMQ3	8705	Vipera ammodytes ammodytes (Western sand viper)
A0A6B7FMR4	8705	Vipera ammodytes ammodytes (Western sand viper)
A0A6B7FNM6	8705	Vipera ammodytes ammodytes (Western sand viper)
A0A6B7FNN4	8705	Vipera ammodytes ammodytes (Western sand viper)
A0A6B7FPJ0	8705	Vipera ammodytes ammodytes (Western sand viper)
A0A6B7FPT0	8705	Vipera ammodytes ammodytes (Western sand viper)
A0A6B7FPT6	8705	Vipera ammodytes ammodytes (Western sand viper)
A0A6B7FQF8	8705	Vipera ammodytes ammodytes (Western sand viper)
A0A6B7FRF2	8705	Vipera ammodytes ammodytes (Western sand viper)
A0A6B7FRK6	8705	Vipera ammodytes ammodytes (Western sand viper)
A0A6G5ZUB2	2604287	Vipera anatolica senliki (Anatolian meadow viper)
A0A6G5ZUB3	2604287	Vipera anatolica senliki (Anatolian meadow viper)
A0A6G5ZUG1	2604287	Vipera anatolica senliki (Anatolian meadow viper)
A0A6G5ZUG5	2604287	Vipera anatolica senliki (Anatolian meadow viper)
A0A6G5ZUH5	2604287	Vipera anatolica senliki (Anatolian meadow viper)
A0A6G5ZUI9	2604287	Vipera anatolica senliki (Anatolian meadow viper)
A0A6G5ZUL5	2604287	Vipera anatolica senliki (Anatolian meadow viper)
A0A6G5ZUR1	2604287	Vipera anatolica senliki (Anatolian meadow viper)
A0A6G5ZUR6	2604287	Vipera anatolica senliki (Anatolian meadow viper)
A0A6G5ZUV8	2604287	Vipera anatolica senliki (Anatolian meadow viper)
A0A6G5ZUW7	2604287	Vipera anatolica senliki (Anatolian meadow viper)
A0A6G5ZV03	2604287	Vipera anatolica senliki (Anatolian meadow viper)
A0A6G5ZV11	2604287	Vipera anatolica senliki (Anatolian meadow viper)
A0A6G5ZVQ6	2604287	Vipera anatolica senliki (Anatolian meadow viper)
A0A6G5ZVU8	2604287	Vipera anatolica senliki (Anatolian meadow viper)
A0A6G5ZVU9	2604287	Vipera anatolica senliki (Anatolian meadow viper)
A0A6G5ZVX6	2604287	Vipera anatolica senliki (Anatolian meadow viper)
A0A6G5ZVX7	2604287	Vipera anatolica senliki (Anatolian meadow viper)
A0A6G5ZW07	2604287	Vipera anatolica senliki (Anatolian meadow viper)
A0A6G5ZW10	2604287	Vipera anatolica senliki (Anatolian meadow viper)
A0A6G5ZW32	2604287	Vipera anatolica senliki (Anatolian meadow viper)
A0A6G5ZW74	2604287	Vipera anatolica senliki (Anatolian meadow viper)
A0A6G5ZW78	2604287	Vipera anatolica senliki (Anatolian meadow viper)
A0A6G5ZWB7	2604287	Vipera anatolica senliki (Anatolian meadow viper)
A0A6I9WZ58	35019	Thamnophis sirtalis
A0A6I9WZX9	35019	Thamnophis sirtalis
A0A6I9X3T3	35019	Thamnophis sirtalis
A0A6I9X3U1	35019	Thamnophis sirtalis
A0A6I9X6P5	35019	Thamnophis sirtalis
A0A6I9XD44	35019	Thamnophis sirtalis
A0A6I9XF80	35019	Thamnophis sirtalis
A0A6I9XFF0	35019	Thamnophis sirtalis
A0A6I9XGQ4	35019	Thamnophis sirtalis
A0A6I9XJ09	35019	Thamnophis sirtalis
A0A6I9XJC3	35019	Thamnophis sirtalis
A0A6I9XKU6	35019	Thamnophis sirtalis
A0A6I9XLQ6	35019	Thamnophis sirtalis
A0A6I9XM94	35019	Thamnophis sirtalis
A0A6I9XU71	35019	Thamnophis sirtalis
A0A6I9XWS2	35019	Thamnophis sirtalis
A0A6I9XYW7	35019	Thamnophis sirtalis
A0A6I9Y427	35019	Thamnophis sirtalis
A0A6I9Y4M9	35019	Thamnophis sirtalis
A0A6I9Y6P0	35019	Thamnophis sirtalis
A0A6I9Y7E6	35019	Thamnophis sirtalis
A0A6I9Y9P8	35019	Thamnophis sirtalis
A0A6I9YAD9	35019	Thamnophis sirtalis
A0A6I9YCJ8	35019	Thamnophis sirtalis
A0A6I9YIS7	35019	Thamnophis sirtalis
A0A6I9YK14	35019	Thamnophis sirtalis
A0A6I9YME4	35019	Thamnophis sirtalis
A0A6I9YQ41	35019	Thamnophis sirtalis
A0A6I9YR91	35019	Thamnophis sirtalis
A0A6I9YRT2	35019	Thamnophis sirtalis
A0A6I9YV47	35019	Thamnophis sirtalis
A0A6I9YVG2	35019	Thamnophis sirtalis
A0A6I9YZ17	35019	Thamnophis sirtalis
A0A6I9Z3Y9	35019	Thamnophis sirtalis
A0A6I9Z546	35019	Thamnophis sirtalis
A0A6I9Z681	35019	Thamnophis sirtalis
A0A6I9Z6X7	35019	Thamnophis sirtalis
A0A6I9Z7X4	35019	Thamnophis sirtalis
A0A6J1TQY5	8663	Notechis scutatus (mainland tiger snake)
A0A6J1TTY5	8663	Notechis scutatus (mainland tiger snake)
A0A6J1TV53	8663	Notechis scutatus (mainland tiger snake)
A0A6J1TXF6	8663	Notechis scutatus (mainland tiger snake)
A0A6J1TYH5	8663	Notechis scutatus (mainland tiger snake)
A0A6J1U0C5	8663	Notechis scutatus (mainland tiger snake)
A0A6J1U1P8	8663	Notechis scutatus (mainland tiger snake)
A0A6J1U767	8663	Notechis scutatus (mainland tiger snake)
A0A6J1U821	8663	Notechis scutatus (mainland tiger snake)
A0A6J1UAX0	8663	Notechis scutatus (mainland tiger snake)
A0A6J1UDE6	8663	Notechis scutatus (mainland tiger snake)
A0A6J1UG27	8663	Notechis scutatus (mainland tiger snake)
A0A6J1UHL8	8663	Notechis scutatus (mainland tiger snake)
A0A6J1UTR7	8663	Notechis scutatus (mainland tiger snake)
A0A6J1UZN3	8663	Notechis scutatus (mainland tiger snake)
A0A6J1V018	8663	Notechis scutatus (mainland tiger snake)
A0A6J1V027	8663	Notechis scutatus (mainland tiger snake)
A0A6J1V116	8663	Notechis scutatus (mainland tiger snake)
A0A6J1V117	8663	Notechis scutatus (mainland tiger snake)
A0A6J1V1I2	8663	Notechis scutatus (mainland tiger snake)
A0A6J1V1L9	8663	Notechis scutatus (mainland tiger snake)
A0A6J1V1M1	8663	Notechis scutatus (mainland tiger snake)
A0A6J1V1M4	8663	Notechis scutatus (mainland tiger snake)
A0A6J1V2M9	8663	Notechis scutatus (mainland tiger snake)
A0A6J1V326	8663	Notechis scutatus (mainland tiger snake)
A0A6J1V5Z2	8663	Notechis scutatus (mainland tiger snake)
A0A6J1V7F6	8663	Notechis scutatus (mainland tiger snake)
A0A6J1V7G1	8663	Notechis scutatus (mainland tiger snake)
A0A6J1V7Y6	8663	Notechis scutatus (mainland tiger snake)
A0A6J1V8Z2	8663	Notechis scutatus (mainland tiger snake)
A0A6J1V971	8663	Notechis scutatus (mainland tiger snake)
A0A6J1V989	8663	Notechis scutatus (mainland tiger snake)
A0A6J1V9T1	8663	Notechis scutatus (mainland tiger snake)
A0A6J1V9Z9	8663	Notechis scutatus (mainland tiger snake)
A0A6J1VB39	8663	Notechis scutatus (mainland tiger snake)
A0A6J1VBB6	8663	Notechis scutatus (mainland tiger snake)
A0A6J1VBR6	8663	Notechis scutatus (mainland tiger snake)
A0A6J1VBX6	8663	Notechis scutatus (mainland tiger snake)
A0A6J1VD78	8663	Notechis scutatus (mainland tiger snake)
A0A6J1VE32	8663	Notechis scutatus (mainland tiger snake)
A0A6J1VED4	8663	Notechis scutatus (mainland tiger snake)
A0A6J1VFP9	8663	Notechis scutatus (mainland tiger snake)
A0A6J1VG35	8663	Notechis scutatus (mainland tiger snake)
A0A6J1VGC9	8663	Notechis scutatus (mainland tiger snake)
A0A6J1VGV1	8663	Notechis scutatus (mainland tiger snake)
A0A6J1VIH7	8663	Notechis scutatus (mainland tiger snake)
A0A6J1VJM9	8663	Notechis scutatus (mainland tiger snake)
A0A6J1VLQ1	8663	Notechis scutatus (mainland tiger snake)
A0A6J1VNH2	8663	Notechis scutatus (mainland tiger snake)
A0A6J1VPN9	8663	Notechis scutatus (mainland tiger snake)
A0A6J1VQ70	8663	Notechis scutatus (mainland tiger snake)
A0A6J1VQ94	8663	Notechis scutatus (mainland tiger snake)
A0A6J1VS22	8663	Notechis scutatus (mainland tiger snake)
A0A6J1VS77	8663	Notechis scutatus (mainland tiger snake)
A0A6J1VSP6	8663	Notechis scutatus (mainland tiger snake)
A0A6J1VUI6	8663	Notechis scutatus (mainland tiger snake)
A0A6J1VW13	8663	Notechis scutatus (mainland tiger snake)
A0A6J1VW97	8663	Notechis scutatus (mainland tiger snake)
A0A6J1VWZ5	8663	Notechis scutatus (mainland tiger snake)
A0A6J1VYT1	8663	Notechis scutatus (mainland tiger snake)
A0A6J1VZS5	8663	Notechis scutatus (mainland tiger snake)
A0A6J1W0I1	8663	Notechis scutatus (mainland tiger snake)
A0A6J1W0R4	8663	Notechis scutatus (mainland tiger snake)
A0A6J1W1Y1	8663	Notechis scutatus (mainland tiger snake)
A0A6J1W1Z0	8663	Notechis scutatus (mainland tiger snake)
A0A6J1W538	8663	Notechis scutatus (mainland tiger snake)
A0A6J1W554	8663	Notechis scutatus (mainland tiger snake)
A0A6J1W5S3	8663	Notechis scutatus (mainland tiger snake)
A0A6J1W5Z9	8663	Notechis scutatus (mainland tiger snake)
A0A6J1W634	8663	Notechis scutatus (mainland tiger snake)
A0A6J1W854	8663	Notechis scutatus (mainland tiger snake)
A0A6J1W8T1	8663	Notechis scutatus (mainland tiger snake)
A0A6P9AI98	94885	Pantherophis guttatus (Corn snake) (Elaphe guttata)
A0A6P9AIQ7	94885	Pantherophis guttatus (Corn snake) (Elaphe guttata)
A0A6P9AR79	94885	Pantherophis guttatus (Corn snake) (Elaphe guttata)
A0A6P9AR87	94885	Pantherophis guttatus (Corn snake) (Elaphe guttata)
A0A6P9AXQ9	94885	Pantherophis guttatus (Corn snake) (Elaphe guttata)
A0A6P9AZV8	94885	Pantherophis guttatus (Corn snake) (Elaphe guttata)
A0A6P9B343	94885	Pantherophis guttatus (Corn snake) (Elaphe guttata)
A0A6P9B3V4	94885	Pantherophis guttatus (Corn snake) (Elaphe guttata)
A0A6P9B4Y2	94885	Pantherophis guttatus (Corn snake) (Elaphe guttata)
A0A6P9B642	94885	Pantherophis guttatus (Corn snake) (Elaphe guttata)
A0A6P9B6C4	94885	Pantherophis guttatus (Corn snake) (Elaphe guttata)
A0A6P9B979	94885	Pantherophis guttatus (Corn snake) (Elaphe guttata)
A0A6P9BB55	94885	Pantherophis guttatus (Corn snake) (Elaphe guttata)
A0A6P9BBY4	94885	Pantherophis guttatus (Corn snake) (Elaphe guttata)
A0A6P9BCF9	94885	Pantherophis guttatus (Corn snake) (Elaphe guttata)
A0A6P9BDG1	94885	Pantherophis guttatus (Corn snake) (Elaphe guttata)
A0A6P9BHT7	94885	Pantherophis guttatus (Corn snake) (Elaphe guttata)
A0A6P9BJM1	94885	Pantherophis guttatus (Corn snake) (Elaphe guttata)
A0A6P9BK47	94885	Pantherophis guttatus (Corn snake) (Elaphe guttata)
A0A6P9BL20	94885	Pantherophis guttatus (Corn snake) (Elaphe guttata)
A0A6P9BM83	94885	Pantherophis guttatus (Corn snake) (Elaphe guttata)
A0A6P9BPM7	94885	Pantherophis guttatus (Corn snake) (Elaphe guttata)
A0A6P9BPN1	94885	Pantherophis guttatus (Corn snake) (Elaphe guttata)
A0A6P9BQF0	94885	Pantherophis guttatus (Corn snake) (Elaphe guttata)
A0A6P9BSW2	94885	Pantherophis guttatus (Corn snake) (Elaphe guttata)
A0A6P9BTL3	94885	Pantherophis guttatus (Corn snake) (Elaphe guttata)
A0A6P9BUC5	94885	Pantherophis guttatus (Corn snake) (Elaphe guttata)
A0A6P9BVN6	94885	Pantherophis guttatus (Corn snake) (Elaphe guttata)
A0A6P9BVP1	94885	Pantherophis guttatus (Corn snake) (Elaphe guttata)
A0A6P9BWQ3	94885	Pantherophis guttatus (Corn snake) (Elaphe guttata)
A0A6P9BWQ7	94885	Pantherophis guttatus (Corn snake) (Elaphe guttata)
A0A6P9BX26	94885	Pantherophis guttatus (Corn snake) (Elaphe guttata)
A0A6P9BXU8	94885	Pantherophis guttatus (Corn snake) (Elaphe guttata)
A0A6P9C0N3	94885	Pantherophis guttatus (Corn snake) (Elaphe guttata)
A0A6P9C1G7	94885	Pantherophis guttatus (Corn snake) (Elaphe guttata)
A0A6P9C270	94885	Pantherophis guttatus (Corn snake) (Elaphe guttata)
A0A6P9C576	94885	Pantherophis guttatus (Corn snake) (Elaphe guttata)
A0A6P9C7W6	94885	Pantherophis guttatus (Corn snake) (Elaphe guttata)
A0A6P9CBJ8	94885	Pantherophis guttatus (Corn snake) (Elaphe guttata)
A0A6P9CCQ2	94885	Pantherophis guttatus (Corn snake) (Elaphe guttata)
A0A6P9CEC1	94885	Pantherophis guttatus (Corn snake) (Elaphe guttata)
A0A6P9CF88	94885	Pantherophis guttatus (Corn snake) (Elaphe guttata)
A0A6P9CJA3	94885	Pantherophis guttatus (Corn snake) (Elaphe guttata)
A0A6P9CLE6	94885	Pantherophis guttatus (Corn snake) (Elaphe guttata)
A0A6P9CNF9	94885	Pantherophis guttatus (Corn snake) (Elaphe guttata)
A0A6P9CSL9	94885	Pantherophis guttatus (Corn snake) (Elaphe guttata)
A0A6P9CW99	94885	Pantherophis guttatus (Corn snake) (Elaphe guttata)
A0A6P9CWA5	94885	Pantherophis guttatus (Corn snake) (Elaphe guttata)
A0A6P9CXW9	94885	Pantherophis guttatus (Corn snake) (Elaphe guttata)
A0A6P9CYL1	94885	Pantherophis guttatus (Corn snake) (Elaphe guttata)
A0A6P9CZ14	94885	Pantherophis guttatus (Corn snake) (Elaphe guttata)
A0A6P9CZ30	94885	Pantherophis guttatus (Corn snake) (Elaphe guttata)
A0A6P9CZZ2	94885	Pantherophis guttatus (Corn snake) (Elaphe guttata)
A0A6P9D0E9	94885	Pantherophis guttatus (Corn snake) (Elaphe guttata)
A0A6P9D799	94885	Pantherophis guttatus (Corn snake) (Elaphe guttata)
A0A6P9D7J6	94885	Pantherophis guttatus (Corn snake) (Elaphe guttata)
A0A6P9D8S7	94885	Pantherophis guttatus (Corn snake) (Elaphe guttata)
A0A6P9D9D3	94885	Pantherophis guttatus (Corn snake) (Elaphe guttata)
A0A6P9DAT3	94885	Pantherophis guttatus (Corn snake) (Elaphe guttata)
A0A6P9DAU4	94885	Pantherophis guttatus (Corn snake) (Elaphe guttata)
A0A6P9DBE0	94885	Pantherophis guttatus (Corn snake) (Elaphe guttata)
A0A6P9DBY7	94885	Pantherophis guttatus (Corn snake) (Elaphe guttata)
A0A6P9DC87	94885	Pantherophis guttatus (Corn snake) (Elaphe guttata)
A0A6P9DFT5	94885	Pantherophis guttatus (Corn snake) (Elaphe guttata)
A0A6P9DLH9	94885	Pantherophis guttatus (Corn snake) (Elaphe guttata)
A0A6P9DNB3	94885	Pantherophis guttatus (Corn snake) (Elaphe guttata)
A0A898IKT8	8633	Calliophis bivirgatus (Blue Malaysian coral snake) (Maticora bivirgata)
A0A898ILE9	8633	Calliophis bivirgatus (Blue Malaysian coral snake) (Maticora bivirgata)
A0A898ILL7	8633	Calliophis bivirgatus (Blue Malaysian coral snake) (Maticora bivirgata)
A0A898ILW0	8633	Calliophis bivirgatus (Blue Malaysian coral snake) (Maticora bivirgata)
A0A898INC7	8633	Calliophis bivirgatus (Blue Malaysian coral snake) (Maticora bivirgata)
A0A898ING0	8633	Calliophis bivirgatus (Blue Malaysian coral snake) (Maticora bivirgata)
A0A898INH6	8633	Calliophis bivirgatus (Blue Malaysian coral snake) (Maticora bivirgata)
A0A8C5RCK6	8630	Laticauda laticaudata (Blue-ringed sea krait) (Blue-lipped sea krait)
A0A8C5RCW5	8630	Laticauda laticaudata (Blue-ringed sea krait) (Blue-lipped sea krait)
A0A8C5RCY0	8630	Laticauda laticaudata (Blue-ringed sea krait) (Blue-lipped sea krait)
A0A8C5RD78	8630	Laticauda laticaudata (Blue-ringed sea krait) (Blue-lipped sea krait)
A0A8C5REZ1	8630	Laticauda laticaudata (Blue-ringed sea krait) (Blue-lipped sea krait)
A0A8C5RGQ4	8630	Laticauda laticaudata (Blue-ringed sea krait) (Blue-lipped sea krait)
A0A8C5RH13	8630	Laticauda laticaudata (Blue-ringed sea krait) (Blue-lipped sea krait)
A0A8C5RHX0	8630	Laticauda laticaudata (Blue-ringed sea krait) (Blue-lipped sea krait)
A0A8C5RIR2	8630	Laticauda laticaudata (Blue-ringed sea krait) (Blue-lipped sea krait)
A0A8C5RM35	8630	Laticauda laticaudata (Blue-ringed sea krait) (Blue-lipped sea krait)
A0A8C5RNB2	8630	Laticauda laticaudata (Blue-ringed sea krait) (Blue-lipped sea krait)
A0A8C5RSB4	8630	Laticauda laticaudata (Blue-ringed sea krait) (Blue-lipped sea krait)
A0A8C5RSZ2	8630	Laticauda laticaudata (Blue-ringed sea krait) (Blue-lipped sea krait)
A0A8C5RTY3	8630	Laticauda laticaudata (Blue-ringed sea krait) (Blue-lipped sea krait)
A0A8C5RWA8	8630	Laticauda laticaudata (Blue-ringed sea krait) (Blue-lipped sea krait)
A0A8C5RY52	8630	Laticauda laticaudata (Blue-ringed sea krait) (Blue-lipped sea krait)
A0A8C5RZ46	8630	Laticauda laticaudata (Blue-ringed sea krait) (Blue-lipped sea krait)
A0A8C5S0N1	8630	Laticauda laticaudata (Blue-ringed sea krait) (Blue-lipped sea krait)
A0A8C5S183	8630	Laticauda laticaudata (Blue-ringed sea krait) (Blue-lipped sea krait)
A0A8C5S1M6	8630	Laticauda laticaudata (Blue-ringed sea krait) (Blue-lipped sea krait)
A0A8C5S4T2	8630	Laticauda laticaudata (Blue-ringed sea krait) (Blue-lipped sea krait)
A0A8C5S6C5	8630	Laticauda laticaudata (Blue-ringed sea krait) (Blue-lipped sea krait)
A0A8C5S6E1	8630	Laticauda laticaudata (Blue-ringed sea krait) (Blue-lipped sea krait)
A0A8C5S6E2	8630	Laticauda laticaudata (Blue-ringed sea krait) (Blue-lipped sea krait)
A0A8C5S801	8630	Laticauda laticaudata (Blue-ringed sea krait) (Blue-lipped sea krait)
A0A8C5S8G8	8630	Laticauda laticaudata (Blue-ringed sea krait) (Blue-lipped sea krait)
A0A8C5S978	8630	Laticauda laticaudata (Blue-ringed sea krait) (Blue-lipped sea krait)
A0A8C5SBX5	8630	Laticauda laticaudata (Blue-ringed sea krait) (Blue-lipped sea krait)
A0A8C5SD24	8630	Laticauda laticaudata (Blue-ringed sea krait) (Blue-lipped sea krait)
A0A8C5SF00	8630	Laticauda laticaudata (Blue-ringed sea krait) (Blue-lipped sea krait)
A0A8C5SHB6	8630	Laticauda laticaudata (Blue-ringed sea krait) (Blue-lipped sea krait)
A0A8C5SHM7	8630	Laticauda laticaudata (Blue-ringed sea krait) (Blue-lipped sea krait)
A0A8C5SIP3	8630	Laticauda laticaudata (Blue-ringed sea krait) (Blue-lipped sea krait)
A0A8C5SKM7	8630	Laticauda laticaudata (Blue-ringed sea krait) (Blue-lipped sea krait)
A0A8C5SKN0	8630	Laticauda laticaudata (Blue-ringed sea krait) (Blue-lipped sea krait)
A0A8C5SLX6	8630	Laticauda laticaudata (Blue-ringed sea krait) (Blue-lipped sea krait)
A0A8C5SLZ0	8630	Laticauda laticaudata (Blue-ringed sea krait) (Blue-lipped sea krait)
A0A8C5SM67	8630	Laticauda laticaudata (Blue-ringed sea krait) (Blue-lipped sea krait)
A0A8C5SN59	8630	Laticauda laticaudata (Blue-ringed sea krait) (Blue-lipped sea krait)
A0A8C5SNF2	8630	Laticauda laticaudata (Blue-ringed sea krait) (Blue-lipped sea krait)
A0A8C5SNH2	8630	Laticauda laticaudata (Blue-ringed sea krait) (Blue-lipped sea krait)
A0A8C5SNL0	8630	Laticauda laticaudata (Blue-ringed sea krait) (Blue-lipped sea krait)
A0A8C5SNX0	8630	Laticauda laticaudata (Blue-ringed sea krait) (Blue-lipped sea krait)
A0A8C5SP78	8630	Laticauda laticaudata (Blue-ringed sea krait) (Blue-lipped sea krait)
A0A8C5SPB0	8630	Laticauda laticaudata (Blue-ringed sea krait) (Blue-lipped sea krait)
A0A8C5SRC2	8630	Laticauda laticaudata (Blue-ringed sea krait) (Blue-lipped sea krait)
A0A8C5SRW6	8630	Laticauda laticaudata (Blue-ringed sea krait) (Blue-lipped sea krait)
A0A8C5SSB0	8630	Laticauda laticaudata (Blue-ringed sea krait) (Blue-lipped sea krait)
A0A8C5SSZ6	8630	Laticauda laticaudata (Blue-ringed sea krait) (Blue-lipped sea krait)
A0A8C5ST74	8630	Laticauda laticaudata (Blue-ringed sea krait) (Blue-lipped sea krait)
A0A8C5SU84	8630	Laticauda laticaudata (Blue-ringed sea krait) (Blue-lipped sea krait)
A0A8C5SV59	8630	Laticauda laticaudata (Blue-ringed sea krait) (Blue-lipped sea krait)
A0A8C5SVR9	8630	Laticauda laticaudata (Blue-ringed sea krait) (Blue-lipped sea krait)
A0A8C5SVS7	8630	Laticauda laticaudata (Blue-ringed sea krait) (Blue-lipped sea krait)
A0A8C5SW97	8630	Laticauda laticaudata (Blue-ringed sea krait) (Blue-lipped sea krait)
A0A8C5SX07	8630	Laticauda laticaudata (Blue-ringed sea krait) (Blue-lipped sea krait)
A0A8C5SXX5	8630	Laticauda laticaudata (Blue-ringed sea krait) (Blue-lipped sea krait)
A0A8C5SYU2	8630	Laticauda laticaudata (Blue-ringed sea krait) (Blue-lipped sea krait)
A0A8C5SZE1	8630	Laticauda laticaudata (Blue-ringed sea krait) (Blue-lipped sea krait)
A0A8C5SZL3	8630	Laticauda laticaudata (Blue-ringed sea krait) (Blue-lipped sea krait)
A0A8C5SZY3	8630	Laticauda laticaudata (Blue-ringed sea krait) (Blue-lipped sea krait)
A0A8C5T043	8630	Laticauda laticaudata (Blue-ringed sea krait) (Blue-lipped sea krait)
A0A8C5T0H4	8630	Laticauda laticaudata (Blue-ringed sea krait) (Blue-lipped sea krait)
A0A8C5T0L1	8630	Laticauda laticaudata (Blue-ringed sea krait) (Blue-lipped sea krait)
A0A8C5T101	8630	Laticauda laticaudata (Blue-ringed sea krait) (Blue-lipped sea krait)
A0A8C5WMW8	8630	Laticauda laticaudata (Blue-ringed sea krait) (Blue-lipped sea krait)
A0A8C5WNJ2	8630	Laticauda laticaudata (Blue-ringed sea krait) (Blue-lipped sea krait)
A0A8C5WNZ7	8630	Laticauda laticaudata (Blue-ringed sea krait) (Blue-lipped sea krait)
A0A8C5WR73	8630	Laticauda laticaudata (Blue-ringed sea krait) (Blue-lipped sea krait)
A0A8C5WRD9	8630	Laticauda laticaudata (Blue-ringed sea krait) (Blue-lipped sea krait)
A0A8C5WRZ6	8630	Laticauda laticaudata (Blue-ringed sea krait) (Blue-lipped sea krait)
A0A8C5WSD1	8630	Laticauda laticaudata (Blue-ringed sea krait) (Blue-lipped sea krait)
A0A8C5WUE8	8630	Laticauda laticaudata (Blue-ringed sea krait) (Blue-lipped sea krait)
A0A8C5WUI2	8630	Laticauda laticaudata (Blue-ringed sea krait) (Blue-lipped sea krait)
A0A8C5WVA4	8630	Laticauda laticaudata (Blue-ringed sea krait) (Blue-lipped sea krait)
A0A8C5WVS5	8630	Laticauda laticaudata (Blue-ringed sea krait) (Blue-lipped sea krait)
A0A8C5WX08	8630	Laticauda laticaudata (Blue-ringed sea krait) (Blue-lipped sea krait)
A0A8C5WYH7	8630	Laticauda laticaudata (Blue-ringed sea krait) (Blue-lipped sea krait)
A0A8C5WZM5	8630	Laticauda laticaudata (Blue-ringed sea krait) (Blue-lipped sea krait)
A0A8C6V7I6	35670	Naja naja (Indian cobra)
A0A8C6V7Z3	35670	Naja naja (Indian cobra)
A0A8C6V804	35670	Naja naja (Indian cobra)
A0A8C6V814	35670	Naja naja (Indian cobra)
A0A8C6V890	35670	Naja naja (Indian cobra)
A0A8C6V8E0	35670	Naja naja (Indian cobra)
A0A8C6V8Q9	35670	Naja naja (Indian cobra)
A0A8C6V945	35670	Naja naja (Indian cobra)
A0A8C6V9B0	35670	Naja naja (Indian cobra)
A0A8C6V9N4	35670	Naja naja (Indian cobra)
A0A8C6VAS7	35670	Naja naja (Indian cobra)
A0A8C6VBS6	35670	Naja naja (Indian cobra)
A0A8C6VCJ3	35670	Naja naja (Indian cobra)
A0A8C6VCK0	35670	Naja naja (Indian cobra)
A0A8C6VD35	35670	Naja naja (Indian cobra)
A0A8C6VD58	35670	Naja naja (Indian cobra)
A0A8C6VDB1	35670	Naja naja (Indian cobra)
A0A8C6VFA9	35670	Naja naja (Indian cobra)
A0A8C6VFE7	35670	Naja naja (Indian cobra)
A0A8C6VGF2	35670	Naja naja (Indian cobra)
A0A8C6VGY2	35670	Naja naja (Indian cobra)
A0A8C6VHW3	35670	Naja naja (Indian cobra)
A0A8C6VRK7	35670	Naja naja (Indian cobra)
A0A8C6X0L1	35670	Naja naja (Indian cobra)
A0A8C6X1H3	35670	Naja naja (Indian cobra)
A0A8C6X1M1	35670	Naja naja (Indian cobra)
A0A8C6X1M5	35670	Naja naja (Indian cobra)
A0A8C6X1Z8	35670	Naja naja (Indian cobra)
A0A8C6X5U4	35670	Naja naja (Indian cobra)
A0A8C6X628	35670	Naja naja (Indian cobra)
A0A8C6X698	35670	Naja naja (Indian cobra)
A0A8C6X6A0	35670	Naja naja (Indian cobra)
A0A8C6X7E6	35670	Naja naja (Indian cobra)
A0A8C6X7G1	35670	Naja naja (Indian cobra)
A0A8C6X7Y0	35670	Naja naja (Indian cobra)
A0A8C6X7Z5	35670	Naja naja (Indian cobra)
A0A8C6X831	35670	Naja naja (Indian cobra)
A0A8C6X8C4	35670	Naja naja (Indian cobra)
A0A8C6X8F4	35670	Naja naja (Indian cobra)
A0A8C6X9N2	35670	Naja naja (Indian cobra)
A0A8C6XAT8	35670	Naja naja (Indian cobra)
A0A8C6XBD0	35670	Naja naja (Indian cobra)
A0A8C6XBK5	35670	Naja naja (Indian cobra)
A0A8C6XE63	35670	Naja naja (Indian cobra)
A0A8C6XI15	35670	Naja naja (Indian cobra)
A0A8C6XIQ9	35670	Naja naja (Indian cobra)
A0A8C6XIT1	35670	Naja naja (Indian cobra)
A0A8C6XIZ9	35670	Naja naja (Indian cobra)
A0A8C6XJ65	35670	Naja naja (Indian cobra)
A0A8C6XJC3	35670	Naja naja (Indian cobra)
A0A8C6XJV4	35670	Naja naja (Indian cobra)
A0A8C6XJZ1	35670	Naja naja (Indian cobra)
A0A8C6XLA9	35670	Naja naja (Indian cobra)
A0A8C6XLX6	35670	Naja naja (Indian cobra)
A0A8C6XMH3	35670	Naja naja (Indian cobra)
A0A8C6XMY9	35670	Naja naja (Indian cobra)
A0A8C6XN15	35670	Naja naja (Indian cobra)
A0A8C6XPB6	35670	Naja naja (Indian cobra)
A0A8C6XQE5	35670	Naja naja (Indian cobra)
A0A8C6XQK7	35670	Naja naja (Indian cobra)
A0A8C6XQM7	35670	Naja naja (Indian cobra)
A0A8C6XRZ1	35670	Naja naja (Indian cobra)
A0A8C6XUZ5	35670	Naja naja (Indian cobra)
A0A8C6XWC6	35670	Naja naja (Indian cobra)
A0A8C6XY57	35670	Naja naja (Indian cobra)
A0A8C6Y285	35670	Naja naja (Indian cobra)
A0A8C6Y2F1	35670	Naja naja (Indian cobra)
A0A8C6Y2J5	35670	Naja naja (Indian cobra)
A0A8C6Y2W0	35670	Naja naja (Indian cobra)
A0A8C6Y2X0	35670	Naja naja (Indian cobra)
A0A8C6Y542	35670	Naja naja (Indian cobra)
A0A8C6Y6B8	35670	Naja naja (Indian cobra)
A0A8C6Y6N2	35670	Naja naja (Indian cobra)
A0A8C6Y9C7	35670	Naja naja (Indian cobra)
A0A8C6YBP1	35670	Naja naja (Indian cobra)
A0A8C6YCD6	35670	Naja naja (Indian cobra)
A0A8C6YH37	35670	Naja naja (Indian cobra)
A0A8C6YH48	35670	Naja naja (Indian cobra)
A0A8C6YH63	35670	Naja naja (Indian cobra)
A0A8C6YHC7	35670	Naja naja (Indian cobra)
A0A8C6YJT3	35670	Naja naja (Indian cobra)
A0A8C6YJT8	35670	Naja naja (Indian cobra)
A0A8C6YJV4	35670	Naja naja (Indian cobra)
A0A8C6YLK1	35670	Naja naja (Indian cobra)
A0A8C6YMN7	35670	Naja naja (Indian cobra)
A0A8C7DSX1	35670	Naja naja (Indian cobra)
A0A8C7DU51	35670	Naja naja (Indian cobra)
A0A8C7DZU5	35670	Naja naja (Indian cobra)
A0A8C7E011	35670	Naja naja (Indian cobra)
A0A8C7E027	35670	Naja naja (Indian cobra)
A0A8C7E051	35670	Naja naja (Indian cobra)
A0A8C7E060	35670	Naja naja (Indian cobra)
A0A8C7E1L9	35670	Naja naja (Indian cobra)
A0A8C7E2Y2	35670	Naja naja (Indian cobra)
A0A8C7E359	35670	Naja naja (Indian cobra)
A0A8C7E5Y6	35670	Naja naja (Indian cobra)
A0A8C7E7N8	35670	Naja naja (Indian cobra)
A0A8C7E7S6	35670	Naja naja (Indian cobra)
A0A8T1N153	8724	Bothrops jararaca (Jararaca) (Bothrops jajaraca)
A0A8T1N158	8724	Bothrops jararaca (Jararaca) (Bothrops jajaraca)
A0A8T1N163	8724	Bothrops jararaca (Jararaca) (Bothrops jajaraca)
A0A8T1N169	8724	Bothrops jararaca (Jararaca) (Bothrops jajaraca)
A0A8T1N171	8724	Bothrops jararaca (Jararaca) (Bothrops jajaraca)
A0A8T1N172	8724	Bothrops jararaca (Jararaca) (Bothrops jajaraca)
A0A8T1N174	8724	Bothrops jararaca (Jararaca) (Bothrops jajaraca)
A0A8T1N180	8724	Bothrops jararaca (Jararaca) (Bothrops jajaraca)
A0A8T1N182	8724	Bothrops jararaca (Jararaca) (Bothrops jajaraca)
A0A8T1N2E9	8724	Bothrops jararaca (Jararaca) (Bothrops jajaraca)
A0A8T1N2F4	8724	Bothrops jararaca (Jararaca) (Bothrops jajaraca)
A0A8T1N2F9	8724	Bothrops jararaca (Jararaca) (Bothrops jajaraca)
A0A8T1N2G3	8724	Bothrops jararaca (Jararaca) (Bothrops jajaraca)
A0A8T1N2G8	8724	Bothrops jararaca (Jararaca) (Bothrops jajaraca)
A0A8T1N2H3	8724	Bothrops jararaca (Jararaca) (Bothrops jajaraca)
A0A8T1N2V3	8724	Bothrops jararaca (Jararaca) (Bothrops jajaraca)
A0A8T1N2V9	8724	Bothrops jararaca (Jararaca) (Bothrops jajaraca)
A0A8T1N2W5	8724	Bothrops jararaca (Jararaca) (Bothrops jajaraca)
A0A8T1N2X3	8724	Bothrops jararaca (Jararaca) (Bothrops jajaraca)
A0A8T1N2X9	8724	Bothrops jararaca (Jararaca) (Bothrops jajaraca)
A0A8T1N329	8724	Bothrops jararaca (Jararaca) (Bothrops jajaraca)
A0A8T1N342	8724	Bothrops jararaca (Jararaca) (Bothrops jajaraca)
A0A8T1N356	8724	Bothrops jararaca (Jararaca) (Bothrops jajaraca)
A0A8T1N367	8724	Bothrops jararaca (Jararaca) (Bothrops jajaraca)
A0A8T1N405	8724	Bothrops jararaca (Jararaca) (Bothrops jajaraca)
A0A8T1N420	8724	Bothrops jararaca (Jararaca) (Bothrops jajaraca)
A0A8T1N427	8724	Bothrops jararaca (Jararaca) (Bothrops jajaraca)
A0A8T1N447	8724	Bothrops jararaca (Jararaca) (Bothrops jajaraca)
A0A8T1N450	8724	Bothrops jararaca (Jararaca) (Bothrops jajaraca)
A0A8T1N476	8724	Bothrops jararaca (Jararaca) (Bothrops jajaraca)
A0A8T1N487	8724	Bothrops jararaca (Jararaca) (Bothrops jajaraca)
A0A8T1N499	8724	Bothrops jararaca (Jararaca) (Bothrops jajaraca)
A0A8T1N4P7	8724	Bothrops jararaca (Jararaca) (Bothrops jajaraca)
A0A8T1N4S1	8724	Bothrops jararaca (Jararaca) (Bothrops jajaraca)
A0A8T1N4T2	8724	Bothrops jararaca (Jararaca) (Bothrops jajaraca)
A0A8T1N4U4	8724	Bothrops jararaca (Jararaca) (Bothrops jajaraca)
A0A8T1N4V1	8724	Bothrops jararaca (Jararaca) (Bothrops jajaraca)
A0A8T1N4W0	8724	Bothrops jararaca (Jararaca) (Bothrops jajaraca)
A0A8T1N4X0	8724	Bothrops jararaca (Jararaca) (Bothrops jajaraca)
A0A8T1N4Y0	8724	Bothrops jararaca (Jararaca) (Bothrops jajaraca)
A0A8T1N5P5	8724	Bothrops jararaca (Jararaca) (Bothrops jajaraca)
A0A8T1N5Q9	8724	Bothrops jararaca (Jararaca) (Bothrops jajaraca)
A0A8T1N5R9	8724	Bothrops jararaca (Jararaca) (Bothrops jajaraca)
A0A8T1N5T1	8724	Bothrops jararaca (Jararaca) (Bothrops jajaraca)
A0A977TFW8	8725	Bothrops atrox (Barba amarilla) (Fer-de-lance)
A0A9F2KU56	176946	Python bivittatus (Burmese python) (Python molurus bivittatus)
A0A9F2KW25	176946	Python bivittatus (Burmese python) (Python molurus bivittatus)
A0A9F2N4Z1	176946	Python bivittatus (Burmese python) (Python molurus bivittatus)
A0A9F2N7E4	176946	Python bivittatus (Burmese python) (Python molurus bivittatus)
A0A9F2NCH3	176946	Python bivittatus (Burmese python) (Python molurus bivittatus)
A0A9F2NG66	176946	Python bivittatus (Burmese python) (Python molurus bivittatus)
A0A9F2NIJ3	176946	Python bivittatus (Burmese python) (Python molurus bivittatus)
A0A9F2NR52	176946	Python bivittatus (Burmese python) (Python molurus bivittatus)
A0A9F2NV51	176946	Python bivittatus (Burmese python) (Python molurus bivittatus)
A0A9F2PNA6	176946	Python bivittatus (Burmese python) (Python molurus bivittatus)
A0A9F2Q4E9	176946	Python bivittatus (Burmese python) (Python molurus bivittatus)
A0A9F2QBY6	176946	Python bivittatus (Burmese python) (Python molurus bivittatus)
A0A9F2QTX0	176946	Python bivittatus (Burmese python) (Python molurus bivittatus)
A0A9F2QY82	176946	Python bivittatus (Burmese python) (Python molurus bivittatus)
A0A9F2QYB6	176946	Python bivittatus (Burmese python) (Python molurus bivittatus)
A0A9F2QZ54	176946	Python bivittatus (Burmese python) (Python molurus bivittatus)
A0A9F2R2G4	176946	Python bivittatus (Burmese python) (Python molurus bivittatus)
A0A9F2R644	176946	Python bivittatus (Burmese python) (Python molurus bivittatus)
A0A9F2R6U2	176946	Python bivittatus (Burmese python) (Python molurus bivittatus)
A0A9F2R7G4	176946	Python bivittatus (Burmese python) (Python molurus bivittatus)
A0A9F2R7J0	176946	Python bivittatus (Burmese python) (Python molurus bivittatus)
A0A9F2REA7	176946	Python bivittatus (Burmese python) (Python molurus bivittatus)
A0A9F2RFA0	176946	Python bivittatus (Burmese python) (Python molurus bivittatus)
A0A9F2WEQ9	176946	Python bivittatus (Burmese python) (Python molurus bivittatus)
A0A9F2WFQ5	176946	Python bivittatus (Burmese python) (Python molurus bivittatus)
A0A9F2WJW6	176946	Python bivittatus (Burmese python) (Python molurus bivittatus)
A0A9F3QR73	176946	Python bivittatus (Burmese python) (Python molurus bivittatus)
A0A9F3QTG7	176946	Python bivittatus (Burmese python) (Python molurus bivittatus)
A0A9F3QUI7	176946	Python bivittatus (Burmese python) (Python molurus bivittatus)
A0A9F3QUM8	176946	Python bivittatus (Burmese python) (Python molurus bivittatus)
A0A9F3VZC3	176946	Python bivittatus (Burmese python) (Python molurus bivittatus)
A0A9F3W0P3	176946	Python bivittatus (Burmese python) (Python molurus bivittatus)
A0A9F3W2E4	176946	Python bivittatus (Burmese python) (Python molurus bivittatus)
A0A9F5IFC7	176946	Python bivittatus (Burmese python) (Python molurus bivittatus)
A0A9F5IFU9	176946	Python bivittatus (Burmese python) (Python molurus bivittatus)
A0A9F5IM86	176946	Python bivittatus (Burmese python) (Python molurus bivittatus)
A0A9F5IN39	176946	Python bivittatus (Burmese python) (Python molurus bivittatus)
A0A9F5INE8	176946	Python bivittatus (Burmese python) (Python molurus bivittatus)
A0A9F5INR0	176946	Python bivittatus (Burmese python) (Python molurus bivittatus)
A0A9F5IQ36	176946	Python bivittatus (Burmese python) (Python molurus bivittatus)
A0A9F5IQJ6	176946	Python bivittatus (Burmese python) (Python molurus bivittatus)
A0A9F5IQX4	176946	Python bivittatus (Burmese python) (Python molurus bivittatus)
A0A9F5IR03	176946	Python bivittatus (Burmese python) (Python molurus bivittatus)
A0A9F5ITE7	176946	Python bivittatus (Burmese python) (Python molurus bivittatus)
A0A9F5ITP6	176946	Python bivittatus (Burmese python) (Python molurus bivittatus)
A0A9F5IUH2	176946	Python bivittatus (Burmese python) (Python molurus bivittatus)
A0A9F5IUU8	176946	Python bivittatus (Burmese python) (Python molurus bivittatus)
A0A9F5IVI7	176946	Python bivittatus (Burmese python) (Python molurus bivittatus)
A0A9F5J0R4	176946	Python bivittatus (Burmese python) (Python molurus bivittatus)
A0A9F5J390	176946	Python bivittatus (Burmese python) (Python molurus bivittatus)
A0A9F5J652	176946	Python bivittatus (Burmese python) (Python molurus bivittatus)
A0A9F5J7K0	176946	Python bivittatus (Burmese python) (Python molurus bivittatus)
A0A9F5JBQ1	176946	Python bivittatus (Burmese python) (Python molurus bivittatus)
A0A9F5JBY9	176946	Python bivittatus (Burmese python) (Python molurus bivittatus)
A0A9F5JBZ8	176946	Python bivittatus (Burmese python) (Python molurus bivittatus)
A0A9F5JC72	176946	Python bivittatus (Burmese python) (Python molurus bivittatus)
A0A9F5JDM0	176946	Python bivittatus (Burmese python) (Python molurus bivittatus)
A0A9F5JFY3	176946	Python bivittatus (Burmese python) (Python molurus bivittatus)
A0A9F5MR32	176946	Python bivittatus (Burmese python) (Python molurus bivittatus)
A0A9F5MS78	176946	Python bivittatus (Burmese python) (Python molurus bivittatus)
A0A9F5MSP1	176946	Python bivittatus (Burmese python) (Python molurus bivittatus)
A0A9F5MWI1	176946	Python bivittatus (Burmese python) (Python molurus bivittatus)
A0A9F5MX01	176946	Python bivittatus (Burmese python) (Python molurus bivittatus)
A0A9F5MYA5	176946	Python bivittatus (Burmese python) (Python molurus bivittatus)
A0A9F5MYR7	176946	Python bivittatus (Burmese python) (Python molurus bivittatus)
A0A9F5N0M4	176946	Python bivittatus (Burmese python) (Python molurus bivittatus)
A0A9F5N2P8	176946	Python bivittatus (Burmese python) (Python molurus bivittatus)
A0A9F5N641	176946	Python bivittatus (Burmese python) (Python molurus bivittatus)
A0A9F5N7C4	176946	Python bivittatus (Burmese python) (Python molurus bivittatus)
A0AA50IEA0	133440	Bothrops pictus (Desert lancehead)
A0AAU6NT02	430902	Micrurus mipartitus (Red-tailed coral snake)
A0AAU6NT91	430902	Micrurus mipartitus (Red-tailed coral snake)
A0AAW1AP29	8729	Crotalus adamanteus (Eastern diamondback rattlesnake)
A0AAW1APX4	8729	Crotalus adamanteus (Eastern diamondback rattlesnake)
A0AAW1AQI6	8729	Crotalus adamanteus (Eastern diamondback rattlesnake)
A0AAW1AQU8	8729	Crotalus adamanteus (Eastern diamondback rattlesnake)
A0AAW1AQZ7	8729	Crotalus adamanteus (Eastern diamondback rattlesnake)
A0AAW1AR85	8729	Crotalus adamanteus (Eastern diamondback rattlesnake)
A0AAW1ARC3	8729	Crotalus adamanteus (Eastern diamondback rattlesnake)
A0AAW1ARJ9	8729	Crotalus adamanteus (Eastern diamondback rattlesnake)
A0AAW1ART7	8729	Crotalus adamanteus (Eastern diamondback rattlesnake)
A0AAW1AXI5	8729	Crotalus adamanteus (Eastern diamondback rattlesnake)
A0AAW1AYY9	8729	Crotalus adamanteus (Eastern diamondback rattlesnake)
A0AAW1AZ03	8729	Crotalus adamanteus (Eastern diamondback rattlesnake)
A0AAW1AZ78	8729	Crotalus adamanteus (Eastern diamondback rattlesnake)
A0AAW1AZ91	8729	Crotalus adamanteus (Eastern diamondback rattlesnake)
A0AAW1AZJ1	8729	Crotalus adamanteus (Eastern diamondback rattlesnake)
A0AAW1AZL2	8729	Crotalus adamanteus (Eastern diamondback rattlesnake)
A0AAW1AZM0	8729	Crotalus adamanteus (Eastern diamondback rattlesnake)
A0AAW1AZN6	8729	Crotalus adamanteus (Eastern diamondback rattlesnake)
A0AAW1AZP7	8729	Crotalus adamanteus (Eastern diamondback rattlesnake)
A0AAW1AZR3	8729	Crotalus adamanteus (Eastern diamondback rattlesnake)
A0AAW1AZS6	8729	Crotalus adamanteus (Eastern diamondback rattlesnake)
A0AAW1AZX0	8729	Crotalus adamanteus (Eastern diamondback rattlesnake)
A0AAW1B012	8729	Crotalus adamanteus (Eastern diamondback rattlesnake)
A0AAW1B069	8729	Crotalus adamanteus (Eastern diamondback rattlesnake)
A0AAW1B072	8729	Crotalus adamanteus (Eastern diamondback rattlesnake)
A0AAW1B0B2	8729	Crotalus adamanteus (Eastern diamondback rattlesnake)
A0AAW1B0F2	8729	Crotalus adamanteus (Eastern diamondback rattlesnake)
A0AAW1B156	8729	Crotalus adamanteus (Eastern diamondback rattlesnake)
A0AAW1B1Y4	8729	Crotalus adamanteus (Eastern diamondback rattlesnake)
A0AAW1B2G4	8729	Crotalus adamanteus (Eastern diamondback rattlesnake)
A0AAW1B3V4	8729	Crotalus adamanteus (Eastern diamondback rattlesnake)
A0AAW1B6R2	8729	Crotalus adamanteus (Eastern diamondback rattlesnake)
A0AAW1B8R5	8729	Crotalus adamanteus (Eastern diamondback rattlesnake)
A0AAW1BFF7	8729	Crotalus adamanteus (Eastern diamondback rattlesnake)
A0AAW1BGY9	8729	Crotalus adamanteus (Eastern diamondback rattlesnake)
A0AAW1BHH2	8729	Crotalus adamanteus (Eastern diamondback rattlesnake)
A0AAW1BJR7	8729	Crotalus adamanteus (Eastern diamondback rattlesnake)
A0AAW1BLL2	8729	Crotalus adamanteus (Eastern diamondback rattlesnake)
A0AAW1BLM9	8729	Crotalus adamanteus (Eastern diamondback rattlesnake)
A0AAW1BNJ2	8729	Crotalus adamanteus (Eastern diamondback rattlesnake)
A0AAW1BP06	8729	Crotalus adamanteus (Eastern diamondback rattlesnake)
A0AAW1BRZ8	8729	Crotalus adamanteus (Eastern diamondback rattlesnake)
A0AAW1BS91	8729	Crotalus adamanteus (Eastern diamondback rattlesnake)
A0AAW1BTY0	8729	Crotalus adamanteus (Eastern diamondback rattlesnake)
A0AAW1BUN4	8729	Crotalus adamanteus (Eastern diamondback rattlesnake)
A0AAW1BUR1	8729	Crotalus adamanteus (Eastern diamondback rattlesnake)
A0AAW1BUT8	8729	Crotalus adamanteus (Eastern diamondback rattlesnake)
A0AAW1BV02	8729	Crotalus adamanteus (Eastern diamondback rattlesnake)
A0AAW1BV77	8729	Crotalus adamanteus (Eastern diamondback rattlesnake)
A0AAW1BW16	8729	Crotalus adamanteus (Eastern diamondback rattlesnake)
A0AAW1BW52	8729	Crotalus adamanteus (Eastern diamondback rattlesnake)
A0AAW1BYN5	8729	Crotalus adamanteus (Eastern diamondback rattlesnake)
A0AAW1BZJ8	8729	Crotalus adamanteus (Eastern diamondback rattlesnake)
A0AAW1BZY4	8729	Crotalus adamanteus (Eastern diamondback rattlesnake)
A0AAW1C0K0	8729	Crotalus adamanteus (Eastern diamondback rattlesnake)
A0AAW1C6P1	8729	Crotalus adamanteus (Eastern diamondback rattlesnake)
A0AAW1C6Y2	8729	Crotalus adamanteus (Eastern diamondback rattlesnake)
A0AAW1C7L8	8729	Crotalus adamanteus (Eastern diamondback rattlesnake)
A0AAW1C850	8729	Crotalus adamanteus (Eastern diamondback rattlesnake)
A0AAW1C8P0	8729	Crotalus adamanteus (Eastern diamondback rattlesnake)
A0AAW1CAH9	8729	Crotalus adamanteus (Eastern diamondback rattlesnake)
A0AAW1CAX3	8729	Crotalus adamanteus (Eastern diamondback rattlesnake)
A0AAW1CD90	8729	Crotalus adamanteus (Eastern diamondback rattlesnake)
A0ABM3YNC0	94885	Pantherophis guttatus (Corn snake) (Elaphe guttata)
A0ABM3YRE0	94885	Pantherophis guttatus (Corn snake) (Elaphe guttata)
A0ABM3YUS1	94885	Pantherophis guttatus (Corn snake) (Elaphe guttata)
A0ABM3YVM7	94885	Pantherophis guttatus (Corn snake) (Elaphe guttata)
A0ABM3YVN3	94885	Pantherophis guttatus (Corn snake) (Elaphe guttata)
A0ABM3YVQ5	94885	Pantherophis guttatus (Corn snake) (Elaphe guttata)
A0ABM3YVR4	94885	Pantherophis guttatus (Corn snake) (Elaphe guttata)
A0ABM3YWJ9	94885	Pantherophis guttatus (Corn snake) (Elaphe guttata)
A0ABM3YXM6	94885	Pantherophis guttatus (Corn snake) (Elaphe guttata)
A0ABM3YYR4	94885	Pantherophis guttatus (Corn snake) (Elaphe guttata)
A0ABM3Z482	94885	Pantherophis guttatus (Corn snake) (Elaphe guttata)
A0ABM3Z4A6	94885	Pantherophis guttatus (Corn snake) (Elaphe guttata)
A0ABM3Z4E3	94885	Pantherophis guttatus (Corn snake) (Elaphe guttata)
A0ABM3Z554	94885	Pantherophis guttatus (Corn snake) (Elaphe guttata)
A0ABM3Z5V3	94885	Pantherophis guttatus (Corn snake) (Elaphe guttata)
A0ABM3Z7D6	94885	Pantherophis guttatus (Corn snake) (Elaphe guttata)
A0ABM3Z7X2	94885	Pantherophis guttatus (Corn snake) (Elaphe guttata)
A0ABM3Z7Z6	94885	Pantherophis guttatus (Corn snake) (Elaphe guttata)
A0ABM3Z9M0	94885	Pantherophis guttatus (Corn snake) (Elaphe guttata)
A0ABM3ZAQ0	94885	Pantherophis guttatus (Corn snake) (Elaphe guttata)
A0ABM3ZBD9	94885	Pantherophis guttatus (Corn snake) (Elaphe guttata)
A0ABM3ZCP8	94885	Pantherophis guttatus (Corn snake) (Elaphe guttata)
A0ABM3ZDZ8	94885	Pantherophis guttatus (Corn snake) (Elaphe guttata)
A0ABM3ZE64	94885	Pantherophis guttatus (Corn snake) (Elaphe guttata)
A0ABM3ZEQ8	94885	Pantherophis guttatus (Corn snake) (Elaphe guttata)
A0ABM3ZER4	94885	Pantherophis guttatus (Corn snake) (Elaphe guttata)
A0ABM3ZER9	94885	Pantherophis guttatus (Corn snake) (Elaphe guttata)
A0ABM3ZET1	94885	Pantherophis guttatus (Corn snake) (Elaphe guttata)
A0ABM3ZH50	94885	Pantherophis guttatus (Corn snake) (Elaphe guttata)
A0ABM3ZH84	94885	Pantherophis guttatus (Corn snake) (Elaphe guttata)
A0ABM3ZID2	94885	Pantherophis guttatus (Corn snake) (Elaphe guttata)
A0ABM3ZM81	94885	Pantherophis guttatus (Corn snake) (Elaphe guttata)
A0ABM3ZMR0	94885	Pantherophis guttatus (Corn snake) (Elaphe guttata)
A0ABM3ZPX6	94885	Pantherophis guttatus (Corn snake) (Elaphe guttata)
A0RZG1	29156	Austrelaps superbus (Lowland copperhead snake) (Hoplocephalus superbus)
A0RZG2	29156	Austrelaps superbus (Lowland copperhead snake) (Hoplocephalus superbus)
A1IVR7	92438	Bungarus candidus (Malayan krait)
A2CJE5	8730	Crotalus atrox (Western diamondback rattlesnake)
A2CJE6	8742	Crotalus viridis viridis (Prairie rattlesnake)
A3FM53	8781	Hydrophis hardwickii (Hardwick's spine-bellied seasnake) (Lapemis hardwickii)
A5X2W8	8762	Sistrurus catenatus edwardsii (Desert massasauga) (Crotalophorus edwardsii)
A6MFK4	412038	Demansia vestigiata (Lesser black whip snake) (Demansia atra)
A6MFK5	412038	Demansia vestigiata (Lesser black whip snake) (Demansia atra)
A6MFK6	412038	Demansia vestigiata (Lesser black whip snake) (Demansia atra)
A6MFK9	412038	Demansia vestigiata (Lesser black whip snake) (Demansia atra)
A6XJS7	29156	Austrelaps superbus (Lowland copperhead snake) (Hoplocephalus superbus)
A7X3M3	234064	Psammophis mossambicus (Olive grass snake) (Psammophis sibilans mossambica)
A7X3M9	338838	Erythrolamprus poecilogyrus (Water snake) (Liophis poecilogyrus)
A7X3R6	46577	Leioheterodon madagascariensis (Malagasy giant hognose snake) (Heterodon madagascariensis)
A7X3S0	338818	Trimorphodon biscutatus (Western lyre snake)
A7X3S2	338818	Trimorphodon biscutatus (Western lyre snake)
A7X3V0	338837	Telescopus dhara (Egyptian catsnake)
A7X3W1	338839	Pseudoferania polylepis (Macleay's water snake) (Enhydris polylepis)
A7X3W6	338839	Pseudoferania polylepis (Macleay's water snake) (Enhydris polylepis)
A7X3X0	338839	Pseudoferania polylepis (Macleay's water snake) (Enhydris polylepis)
A7X3X3	338839	Pseudoferania polylepis (Macleay's water snake) (Enhydris polylepis)
A7X3X8	338839	Pseudoferania polylepis (Macleay's water snake) (Enhydris polylepis)
A7X3Y2	338839	Pseudoferania polylepis (Macleay's water snake) (Enhydris polylepis)
A7X3Y6	338839	Pseudoferania polylepis (Macleay's water snake) (Enhydris polylepis)
A7X4Q3	111177	Oxyuranus microlepidotus (Inland taipan) (Diemenia microlepidota)
A7X4R0	111177	Oxyuranus microlepidotus (Inland taipan) (Diemenia microlepidota)
A7X4R5	111177	Oxyuranus microlepidotus (Inland taipan) (Diemenia microlepidota)
A7X4S0	111177	Oxyuranus microlepidotus (Inland taipan) (Diemenia microlepidota)
A7X4S7	111177	Oxyuranus microlepidotus (Inland taipan) (Diemenia microlepidota)
A7X4T2	111177	Oxyuranus microlepidotus (Inland taipan) (Diemenia microlepidota)
A7X4T8	44735	Causus rhombeatus (Rhombic night adder)
A7X4V2	44735	Causus rhombeatus (Rhombic night adder)
A7X4W0	44735	Causus rhombeatus (Rhombic night adder)
A7X4W7	44735	Causus rhombeatus (Rhombic night adder)
A7X6I4	186611	Thrasops jacksonii (Jackson's black tree snake)
A7X6J0	46295	Dispholidus typus (Boomslang) (Bucephalus typus)
A8HDJ5	100989	Tropidechis carinatus (Australian rough-scaled snake)
A8HDJ6	100989	Tropidechis carinatus (Australian rough-scaled snake)
A8HDJ7	292442	Cryptophis nigrescens (Eastern small-eyed snake) (Rhinoplocephalus nigrescens)
A8HDJ8	292442	Cryptophis nigrescens (Eastern small-eyed snake) (Rhinoplocephalus nigrescens)
A8HDJ9	196418	Hoplocephalus stephensii (Stephens's banded snake)
A8HDK0	70142	Notechis scutatus scutatus (Eastern tiger snake) (Naja scutata scutata)
A8HDK1	8673	Pseudonaja textilis (Eastern brown snake)
A8HDK2	8667	Oxyuranus scutellatus scutellatus (Australian taipan) (Coastal taipan)
A8HDK4	100989	Tropidechis carinatus (Australian rough-scaled snake)
A8HDK6	8673	Pseudonaja textilis (Eastern brown snake)
A8HDK7	111177	Oxyuranus microlepidotus (Inland taipan) (Diemenia microlepidota)
A8HDK8	111177	Oxyuranus microlepidotus (Inland taipan) (Diemenia microlepidota)
A8HDK9	8667	Oxyuranus scutellatus scutellatus (Australian taipan) (Coastal taipan)
A8N285	8665	Ophiophagus hannah (King cobra) (Naja hannah)
A8S6A4	29156	Austrelaps superbus (Lowland copperhead snake) (Hoplocephalus superbus)
A8S6A8	29156	Austrelaps superbus (Lowland copperhead snake) (Hoplocephalus superbus)
A8S6B0	29156	Austrelaps superbus (Lowland copperhead snake) (Hoplocephalus superbus)
A8S6B3	29156	Austrelaps superbus (Lowland copperhead snake) (Hoplocephalus superbus)
A8S6B6	29156	Austrelaps superbus (Lowland copperhead snake) (Hoplocephalus superbus)
B0VXU4	8762	Sistrurus catenatus edwardsii (Desert massasauga) (Crotalophorus edwardsii)
B0VXU5	8762	Sistrurus catenatus edwardsii (Desert massasauga) (Crotalophorus edwardsii)
B0VXU6	8762	Sistrurus catenatus edwardsii (Desert massasauga) (Crotalophorus edwardsii)
B0VXU8	8762	Sistrurus catenatus edwardsii (Desert massasauga) (Crotalophorus edwardsii)
B0VXU9	8762	Sistrurus catenatus edwardsii (Desert massasauga) (Crotalophorus edwardsii)
B0VXV0	8762	Sistrurus catenatus edwardsii (Desert massasauga) (Crotalophorus edwardsii)
B0VXV1	8762	Sistrurus catenatus edwardsii (Desert massasauga) (Crotalophorus edwardsii)
B0VXV2	8762	Sistrurus catenatus edwardsii (Desert massasauga) (Crotalophorus edwardsii)
B0VXV6	8762	Sistrurus catenatus edwardsii (Desert massasauga) (Crotalophorus edwardsii)
B1NMS6	8673	Pseudonaja textilis (Eastern brown snake)
B2BRQ6	471292	Austrelaps labialis (Pygmy copperhead) (Denisonia superba)
B2CGN4	8731	Crotalus durissus (tropical rattlesnake)
B2CGN7	8731	Crotalus durissus (tropical rattlesnake)
B2CGN9	8731	Crotalus durissus (tropical rattlesnake)
B2KTG2	8613	Bungarus fasciatus (Banded krait) (Pseudoboa fasciata)
B2KTG3	8613	Bungarus fasciatus (Banded krait) (Pseudoboa fasciata)
B4XSY4	3148341	Macrovipera lebetinus (Levantine viper) (Vipera lebetina)
B4XSY5	3148341	Macrovipera lebetinus (Levantine viper) (Vipera lebetina)
B4XSY6	3148341	Macrovipera lebetinus (Levantine viper) (Vipera lebetina)
B4XSY7	3148341	Macrovipera lebetinus (Levantine viper) (Vipera lebetina)
B4XSY8	3148341	Macrovipera lebetinus (Levantine viper) (Vipera lebetina)
B4XSY9	3148341	Macrovipera lebetinus (Levantine viper) (Vipera lebetina)
B4XSZ0	3148341	Macrovipera lebetinus (Levantine viper) (Vipera lebetina)
B4XSZ1	3148341	Macrovipera lebetinus (Levantine viper) (Vipera lebetina)
B4XSZ2	3148341	Macrovipera lebetinus (Levantine viper) (Vipera lebetina)
B4XSZ3	3148341	Macrovipera lebetinus (Levantine viper) (Vipera lebetina)
B4XSZ4	3148341	Macrovipera lebetinus (Levantine viper) (Vipera lebetina)
B4XSZ5	3148341	Macrovipera lebetinus (Levantine viper) (Vipera lebetina)
B4XSZ6	3148341	Macrovipera lebetinus (Levantine viper) (Vipera lebetina)
B4XSZ7	3148341	Macrovipera lebetinus (Levantine viper) (Vipera lebetina)
B4XSZ8	3148341	Macrovipera lebetinus (Levantine viper) (Vipera lebetina)
B4XSZ9	3148341	Macrovipera lebetinus (Levantine viper) (Vipera lebetina)
B4XT00	3148341	Macrovipera lebetinus (Levantine viper) (Vipera lebetina)
B4XT01	3148341	Macrovipera lebetinus (Levantine viper) (Vipera lebetina)
B4XT02	3148341	Macrovipera lebetinus (Levantine viper) (Vipera lebetina)
B4XT03	3148341	Macrovipera lebetinus (Levantine viper) (Vipera lebetina)
B4XT05	3148341	Macrovipera lebetinus (Levantine viper) (Vipera lebetina)
B4XT06	3148341	Macrovipera lebetinus (Levantine viper) (Vipera lebetina)
B4XT07	3148341	Macrovipera lebetinus (Levantine viper) (Vipera lebetina)
B4XT08	3148341	Macrovipera lebetinus (Levantine viper) (Vipera lebetina)
B5G6F7	412038	Demansia vestigiata (Lesser black whip snake) (Demansia atra)
B5KFV1	100989	Tropidechis carinatus (Australian rough-scaled snake)
B5KFV2	8671	Pseudechis porphyriacus (Red-bellied black snake)
B5KFV3	8670	Pseudechis australis (Mulga snake) (King brown snake)
B5KFV4	196418	Hoplocephalus stephensii (Stephens's banded snake)
B5KFV5	8668	Oxyuranus scutellatus (Coastal taipan)
B5KFV6	111177	Oxyuranus microlepidotus (Inland taipan) (Diemenia microlepidota)
B5KFV7	8663	Notechis scutatus (mainland tiger snake)
B5KFV8	292442	Cryptophis nigrescens (Eastern small-eyed snake) (Rhinoplocephalus nigrescens)
B5KFV9	8673	Pseudonaja textilis (Eastern brown snake)
B5L5Q8	8670	Pseudechis australis (Mulga snake) (King brown snake)
B5U6Y6	99586	Echis ocellatus (Ocellated saw-scaled viper)
B5U6Y7	99586	Echis ocellatus (Ocellated saw-scaled viper)
B7FDI0	1808362	Vipera nikolskii (Nikolsky's adder) (Vipera berus nikolskii)
B7FDI1	31155	Vipera berus (Common European adder) (Coluber berus)
B8K1V9	8637	Micrurus fulvius (Eastern coral snake) (Coluber fulvius)
C0HK50	1043006	Crotalus tzabcan (Yucatan neotropical rattlesnake) (Crotalus simus tzabcan)
C0HL88	184545	Crotalus vegrandis (Uracoan rattlesnake) (Crotalus durissus vegrandis)
C0HLA1	60219	Lachesis muta rhombeata (Atlantic forest bushmaster) (Lachesis rhombeata)
C0HLA2	60219	Lachesis muta rhombeata (Atlantic forest bushmaster) (Lachesis rhombeata)
C0HLA4	60219	Lachesis muta rhombeata (Atlantic forest bushmaster) (Lachesis rhombeata)
C0HLL1	8732	Crotalus durissus terrificus (South American rattlesnake)
C0HMH2	44732	Gloydius intermedius (Central Asian pit viper) (Agkistrodon intermedius)
C1IC51	64182	Walterinnesia aegyptia (Desert black snake)
C5ILC5	8665	Ophiophagus hannah (King cobra) (Naja hannah)
C6JUN2	120305	Philodryas olfersii (Lichtenstein's green racer) (Coluber olfersii)
C6JUN3	120305	Philodryas olfersii (Lichtenstein's green racer) (Coluber olfersii)
C6JUN4	120305	Philodryas olfersii (Lichtenstein's green racer) (Coluber olfersii)
C6JUP1	54390	Micrurus corallinus (Painted coral snake) (Elaps corallinus)
C6JUP2	54390	Micrurus corallinus (Painted coral snake) (Elaps corallinus)
C9E1S2	459671	Agkistrodon piscivorus leucostoma (Western cottonmouth) (Acontias leucostoma)
D2N116	132961	Bungarus caeruleus (Indian krait)
D5J9Q8	8615	Bungarus flaviceps flaviceps (Red-headed krait)
D5J9S0	8615	Bungarus flaviceps flaviceps (Red-headed krait)
D5KRX9	99586	Echis ocellatus (Ocellated saw-scaled viper)
D5KRY0	99586	Echis ocellatus (Ocellated saw-scaled viper)
D5KRY1	99586	Echis ocellatus (Ocellated saw-scaled viper)
D8VNS1	46267	Cerberus rynchops (Dog-faced water snake)
D8VNS6	46267	Cerberus rynchops (Dog-faced water snake)
D9IX98	8665	Ophiophagus hannah (King cobra) (Naja hannah)
E3UJL0	95648	Bothrops neuwiedi (Neuwied's lancehead)
E3UJL1	95648	Bothrops neuwiedi (Neuwied's lancehead)
E3UJL2	95648	Bothrops neuwiedi (Neuwied's lancehead)
E3UJL5	95648	Bothrops neuwiedi (Neuwied's lancehead)
E3UJL7	95648	Bothrops neuwiedi (Neuwied's lancehead)
E3UJL8	95648	Bothrops neuwiedi (Neuwied's lancehead)
E3UJL9	95648	Bothrops neuwiedi (Neuwied's lancehead)
E3UJM0	95648	Bothrops neuwiedi (Neuwied's lancehead)
E9JFZ5	38415	Echis pyramidum leakeyi (Leakey's carpet viper) (Echis carinatus leakeyi)
E9JFZ6	38415	Echis pyramidum leakeyi (Leakey's carpet viper) (Echis carinatus leakeyi)
E9JFZ7	38415	Echis pyramidum leakeyi (Leakey's carpet viper) (Echis carinatus leakeyi)
E9JFZ8	64175	Echis coloratus (Carpet viper)
E9JFZ9	124223	Echis carinatus sochureki (Sochurek's saw-scaled viper) (Echis sochureki)
E9JG00	64175	Echis coloratus (Carpet viper)
E9JG01	64175	Echis coloratus (Carpet viper)
E9JG02	99586	Echis ocellatus (Ocellated saw-scaled viper)
E9JG04	99586	Echis ocellatus (Ocellated saw-scaled viper)
E9JG05	99586	Echis ocellatus (Ocellated saw-scaled viper)
E9JG06	38415	Echis pyramidum leakeyi (Leakey's carpet viper) (Echis carinatus leakeyi)
E9JG07	38415	Echis pyramidum leakeyi (Leakey's carpet viper) (Echis carinatus leakeyi)
E9JG08	64175	Echis coloratus (Carpet viper)
E9JG09	64175	Echis coloratus (Carpet viper)
E9JG12	99586	Echis ocellatus (Ocellated saw-scaled viper)
E9JG14	124223	Echis carinatus sochureki (Sochurek's saw-scaled viper) (Echis sochureki)
E9JG15	64175	Echis coloratus (Carpet viper)
E9JG16	64175	Echis coloratus (Carpet viper)
E9JG17	64175	Echis coloratus (Carpet viper)
E9JG18	64175	Echis coloratus (Carpet viper)
E9JG19	64175	Echis coloratus (Carpet viper)
E9JG20	38415	Echis pyramidum leakeyi (Leakey's carpet viper) (Echis carinatus leakeyi)
E9JG21	64175	Echis coloratus (Carpet viper)
E9JG22	124223	Echis carinatus sochureki (Sochurek's saw-scaled viper) (Echis sochureki)
E9JG23	64175	Echis coloratus (Carpet viper)
E9JG24	124223	Echis carinatus sochureki (Sochurek's saw-scaled viper) (Echis sochureki)
E9JG25	64175	Echis coloratus (Carpet viper)
E9JG26	124223	Echis carinatus sochureki (Sochurek's saw-scaled viper) (Echis sochureki)
E9JG27	124223	Echis carinatus sochureki (Sochurek's saw-scaled viper) (Echis sochureki)
E9JG28	124223	Echis carinatus sochureki (Sochurek's saw-scaled viper) (Echis sochureki)
E9JG29	124223	Echis carinatus sochureki (Sochurek's saw-scaled viper) (Echis sochureki)
E9JG30	124223	Echis carinatus sochureki (Sochurek's saw-scaled viper) (Echis sochureki)
E9JG33	124223	Echis carinatus sochureki (Sochurek's saw-scaled viper) (Echis sochureki)
E9JG34	124223	Echis carinatus sochureki (Sochurek's saw-scaled viper) (Echis sochureki)
E9JG35	124223	Echis carinatus sochureki (Sochurek's saw-scaled viper) (Echis sochureki)
E9JG36	124223	Echis carinatus sochureki (Sochurek's saw-scaled viper) (Echis sochureki)
E9JG37	124223	Echis carinatus sochureki (Sochurek's saw-scaled viper) (Echis sochureki)
E9JG38	124223	Echis carinatus sochureki (Sochurek's saw-scaled viper) (Echis sochureki)
E9JG39	124223	Echis carinatus sochureki (Sochurek's saw-scaled viper) (Echis sochureki)
E9JG40	124223	Echis carinatus sochureki (Sochurek's saw-scaled viper) (Echis sochureki)
E9JG41	124223	Echis carinatus sochureki (Sochurek's saw-scaled viper) (Echis sochureki)
E9JG43	124223	Echis carinatus sochureki (Sochurek's saw-scaled viper) (Echis sochureki)
E9JG44	124223	Echis carinatus sochureki (Sochurek's saw-scaled viper) (Echis sochureki)
E9JG45	124223	Echis carinatus sochureki (Sochurek's saw-scaled viper) (Echis sochureki)
E9JG46	124223	Echis carinatus sochureki (Sochurek's saw-scaled viper) (Echis sochureki)
E9JG47	124223	Echis carinatus sochureki (Sochurek's saw-scaled viper) (Echis sochureki)
E9JG48	124223	Echis carinatus sochureki (Sochurek's saw-scaled viper) (Echis sochureki)
E9JG49	124223	Echis carinatus sochureki (Sochurek's saw-scaled viper) (Echis sochureki)
E9JG50	124223	Echis carinatus sochureki (Sochurek's saw-scaled viper) (Echis sochureki)
E9JG51	124223	Echis carinatus sochureki (Sochurek's saw-scaled viper) (Echis sochureki)
E9JG52	124223	Echis carinatus sochureki (Sochurek's saw-scaled viper) (Echis sochureki)
E9JG54	64175	Echis coloratus (Carpet viper)
E9JG55	64175	Echis coloratus (Carpet viper)
E9JG56	64175	Echis coloratus (Carpet viper)
E9JG57	64175	Echis coloratus (Carpet viper)
E9JG58	64175	Echis coloratus (Carpet viper)
E9JG59	64175	Echis coloratus (Carpet viper)
E9JG60	64175	Echis coloratus (Carpet viper)
E9JG61	64175	Echis coloratus (Carpet viper)
E9JG62	64175	Echis coloratus (Carpet viper)
E9JG63	64175	Echis coloratus (Carpet viper)
E9JG64	64175	Echis coloratus (Carpet viper)
E9JG65	64175	Echis coloratus (Carpet viper)
E9JG66	64175	Echis coloratus (Carpet viper)
E9JG67	64175	Echis coloratus (Carpet viper)
E9JG68	64175	Echis coloratus (Carpet viper)
E9JG69	64175	Echis coloratus (Carpet viper)
E9JG70	64175	Echis coloratus (Carpet viper)
E9JG71	64175	Echis coloratus (Carpet viper)
E9JG72	64175	Echis coloratus (Carpet viper)
E9JG73	64175	Echis coloratus (Carpet viper)
E9JG74	64175	Echis coloratus (Carpet viper)
E9JG75	64175	Echis coloratus (Carpet viper)
E9JG76	64175	Echis coloratus (Carpet viper)
E9JG77	64175	Echis coloratus (Carpet viper)
E9JG78	64175	Echis coloratus (Carpet viper)
E9JG79	64175	Echis coloratus (Carpet viper)
E9JG80	64175	Echis coloratus (Carpet viper)
E9JG81	64175	Echis coloratus (Carpet viper)
E9JG82	64175	Echis coloratus (Carpet viper)
E9JG83	64175	Echis coloratus (Carpet viper)
E9JG84	64175	Echis coloratus (Carpet viper)
E9JG85	64175	Echis coloratus (Carpet viper)
E9JG86	64175	Echis coloratus (Carpet viper)
E9JG87	64175	Echis coloratus (Carpet viper)
E9JG88	64175	Echis coloratus (Carpet viper)
E9JG89	64175	Echis coloratus (Carpet viper)
E9JG90	64175	Echis coloratus (Carpet viper)
E9JG91	64175	Echis coloratus (Carpet viper)
E9JG92	64175	Echis coloratus (Carpet viper)
E9JG93	64175	Echis coloratus (Carpet viper)
E9JG94	64175	Echis coloratus (Carpet viper)
E9JG95	64175	Echis coloratus (Carpet viper)
E9JG96	64175	Echis coloratus (Carpet viper)
E9JG97	64175	Echis coloratus (Carpet viper)
E9JG98	64175	Echis coloratus (Carpet viper)
E9JG99	64175	Echis coloratus (Carpet viper)
E9JGA0	64175	Echis coloratus (Carpet viper)
E9JGA1	64175	Echis coloratus (Carpet viper)
E9JGA2	64175	Echis coloratus (Carpet viper)
E9JGA3	64175	Echis coloratus (Carpet viper)
E9JGA4	64175	Echis coloratus (Carpet viper)
E9JGA5	64175	Echis coloratus (Carpet viper)
E9JGA6	64175	Echis coloratus (Carpet viper)
E9JGA7	64175	Echis coloratus (Carpet viper)
E9JGA8	64175	Echis coloratus (Carpet viper)
E9JGA9	64175	Echis coloratus (Carpet viper)
E9JGB0	64175	Echis coloratus (Carpet viper)
E9JGB1	38415	Echis pyramidum leakeyi (Leakey's carpet viper) (Echis carinatus leakeyi)
E9JGB2	38415	Echis pyramidum leakeyi (Leakey's carpet viper) (Echis carinatus leakeyi)
E9JGB3	38415	Echis pyramidum leakeyi (Leakey's carpet viper) (Echis carinatus leakeyi)
E9JGB4	38415	Echis pyramidum leakeyi (Leakey's carpet viper) (Echis carinatus leakeyi)
E9JGB5	38415	Echis pyramidum leakeyi (Leakey's carpet viper) (Echis carinatus leakeyi)
E9JGB6	38415	Echis pyramidum leakeyi (Leakey's carpet viper) (Echis carinatus leakeyi)
E9JGB7	38415	Echis pyramidum leakeyi (Leakey's carpet viper) (Echis carinatus leakeyi)
E9JGB9	38415	Echis pyramidum leakeyi (Leakey's carpet viper) (Echis carinatus leakeyi)
E9JGC0	38415	Echis pyramidum leakeyi (Leakey's carpet viper) (Echis carinatus leakeyi)
E9JGC1	38415	Echis pyramidum leakeyi (Leakey's carpet viper) (Echis carinatus leakeyi)
E9JGC2	38415	Echis pyramidum leakeyi (Leakey's carpet viper) (Echis carinatus leakeyi)
E9JGC3	38415	Echis pyramidum leakeyi (Leakey's carpet viper) (Echis carinatus leakeyi)
E9JGC4	38415	Echis pyramidum leakeyi (Leakey's carpet viper) (Echis carinatus leakeyi)
E9JGC5	38415	Echis pyramidum leakeyi (Leakey's carpet viper) (Echis carinatus leakeyi)
E9JGC6	38415	Echis pyramidum leakeyi (Leakey's carpet viper) (Echis carinatus leakeyi)
E9JGC7	38415	Echis pyramidum leakeyi (Leakey's carpet viper) (Echis carinatus leakeyi)
E9JGC8	38415	Echis pyramidum leakeyi (Leakey's carpet viper) (Echis carinatus leakeyi)
E9JGC9	38415	Echis pyramidum leakeyi (Leakey's carpet viper) (Echis carinatus leakeyi)
E9JGD0	38415	Echis pyramidum leakeyi (Leakey's carpet viper) (Echis carinatus leakeyi)
E9JGD2	64175	Echis coloratus (Carpet viper)
E9JGD3	64175	Echis coloratus (Carpet viper)
E9JGD4	64175	Echis coloratus (Carpet viper)
E9JGD5	64175	Echis coloratus (Carpet viper)
E9JGD6	64175	Echis coloratus (Carpet viper)
E9JGD7	64175	Echis coloratus (Carpet viper)
E9JGD8	64175	Echis coloratus (Carpet viper)
E9JGD9	64175	Echis coloratus (Carpet viper)
E9JGE0	64175	Echis coloratus (Carpet viper)
E9JGE1	64175	Echis coloratus (Carpet viper)
E9JGE2	64175	Echis coloratus (Carpet viper)
E9JGE3	64175	Echis coloratus (Carpet viper)
E9JGE4	64175	Echis coloratus (Carpet viper)
E9JGE5	64175	Echis coloratus (Carpet viper)
E9JGE6	64175	Echis coloratus (Carpet viper)
E9JGE7	64175	Echis coloratus (Carpet viper)
E9JGE8	64175	Echis coloratus (Carpet viper)
E9JGE9	64175	Echis coloratus (Carpet viper)
E9JGF0	64175	Echis coloratus (Carpet viper)
E9JGF1	64175	Echis coloratus (Carpet viper)
E9JGF2	64175	Echis coloratus (Carpet viper)
E9JGF3	64175	Echis coloratus (Carpet viper)
E9JGF4	64175	Echis coloratus (Carpet viper)
E9JGF5	64175	Echis coloratus (Carpet viper)
E9JGF6	64175	Echis coloratus (Carpet viper)
E9JGF7	64175	Echis coloratus (Carpet viper)
E9JGF8	64175	Echis coloratus (Carpet viper)
E9JGG0	64175	Echis coloratus (Carpet viper)
E9JGG1	64175	Echis coloratus (Carpet viper)
E9JGG2	64175	Echis coloratus (Carpet viper)
E9JGG3	64175	Echis coloratus (Carpet viper)
E9JGG4	64175	Echis coloratus (Carpet viper)
E9JGG5	64175	Echis coloratus (Carpet viper)
E9JGG7	124223	Echis carinatus sochureki (Sochurek's saw-scaled viper) (Echis sochureki)
E9JGG8	124223	Echis carinatus sochureki (Sochurek's saw-scaled viper) (Echis sochureki)
E9JGH0	124223	Echis carinatus sochureki (Sochurek's saw-scaled viper) (Echis sochureki)
E9JGH1	124223	Echis carinatus sochureki (Sochurek's saw-scaled viper) (Echis sochureki)
E9JGH2	124223	Echis carinatus sochureki (Sochurek's saw-scaled viper) (Echis sochureki)
E9JGH3	124223	Echis carinatus sochureki (Sochurek's saw-scaled viper) (Echis sochureki)
E9JGH4	124223	Echis carinatus sochureki (Sochurek's saw-scaled viper) (Echis sochureki)
E9JGH7	38415	Echis pyramidum leakeyi (Leakey's carpet viper) (Echis carinatus leakeyi)
E9JGH8	38415	Echis pyramidum leakeyi (Leakey's carpet viper) (Echis carinatus leakeyi)
E9JGH9	38415	Echis pyramidum leakeyi (Leakey's carpet viper) (Echis carinatus leakeyi)
E9JGI0	38415	Echis pyramidum leakeyi (Leakey's carpet viper) (Echis carinatus leakeyi)
E9JGI1	38415	Echis pyramidum leakeyi (Leakey's carpet viper) (Echis carinatus leakeyi)
E9JGI2	38415	Echis pyramidum leakeyi (Leakey's carpet viper) (Echis carinatus leakeyi)
E9JGI3	38415	Echis pyramidum leakeyi (Leakey's carpet viper) (Echis carinatus leakeyi)
E9JGI4	38415	Echis pyramidum leakeyi (Leakey's carpet viper) (Echis carinatus leakeyi)
E9JGI6	38415	Echis pyramidum leakeyi (Leakey's carpet viper) (Echis carinatus leakeyi)
E9JGI7	38415	Echis pyramidum leakeyi (Leakey's carpet viper) (Echis carinatus leakeyi)
E9JGI8	38415	Echis pyramidum leakeyi (Leakey's carpet viper) (Echis carinatus leakeyi)
E9JGI9	38415	Echis pyramidum leakeyi (Leakey's carpet viper) (Echis carinatus leakeyi)
E9JGJ0	38415	Echis pyramidum leakeyi (Leakey's carpet viper) (Echis carinatus leakeyi)
E9JGJ1	38415	Echis pyramidum leakeyi (Leakey's carpet viper) (Echis carinatus leakeyi)
E9JGJ2	38415	Echis pyramidum leakeyi (Leakey's carpet viper) (Echis carinatus leakeyi)
E9JGJ3	38415	Echis pyramidum leakeyi (Leakey's carpet viper) (Echis carinatus leakeyi)
E9JGJ4	38415	Echis pyramidum leakeyi (Leakey's carpet viper) (Echis carinatus leakeyi)
E9JGJ5	38415	Echis pyramidum leakeyi (Leakey's carpet viper) (Echis carinatus leakeyi)
E9JGJ6	38415	Echis pyramidum leakeyi (Leakey's carpet viper) (Echis carinatus leakeyi)
E9JGJ7	38415	Echis pyramidum leakeyi (Leakey's carpet viper) (Echis carinatus leakeyi)
E9JGJ8	38415	Echis pyramidum leakeyi (Leakey's carpet viper) (Echis carinatus leakeyi)
E9JGJ9	38415	Echis pyramidum leakeyi (Leakey's carpet viper) (Echis carinatus leakeyi)
E9JGK0	38415	Echis pyramidum leakeyi (Leakey's carpet viper) (Echis carinatus leakeyi)
E9JGK1	38415	Echis pyramidum leakeyi (Leakey's carpet viper) (Echis carinatus leakeyi)
E9JGK2	38415	Echis pyramidum leakeyi (Leakey's carpet viper) (Echis carinatus leakeyi)
E9JGK3	38415	Echis pyramidum leakeyi (Leakey's carpet viper) (Echis carinatus leakeyi)
E9JGK4	38415	Echis pyramidum leakeyi (Leakey's carpet viper) (Echis carinatus leakeyi)
E9JGK5	38415	Echis pyramidum leakeyi (Leakey's carpet viper) (Echis carinatus leakeyi)
E9JGK6	38415	Echis pyramidum leakeyi (Leakey's carpet viper) (Echis carinatus leakeyi)
E9JGK7	38415	Echis pyramidum leakeyi (Leakey's carpet viper) (Echis carinatus leakeyi)
E9JGK8	38415	Echis pyramidum leakeyi (Leakey's carpet viper) (Echis carinatus leakeyi)
E9JGK9	38415	Echis pyramidum leakeyi (Leakey's carpet viper) (Echis carinatus leakeyi)
E9JGL0	38415	Echis pyramidum leakeyi (Leakey's carpet viper) (Echis carinatus leakeyi)
E9JGL1	38415	Echis pyramidum leakeyi (Leakey's carpet viper) (Echis carinatus leakeyi)
E9JGL2	38415	Echis pyramidum leakeyi (Leakey's carpet viper) (Echis carinatus leakeyi)
E9JGL3	38415	Echis pyramidum leakeyi (Leakey's carpet viper) (Echis carinatus leakeyi)
E9JGL4	38415	Echis pyramidum leakeyi (Leakey's carpet viper) (Echis carinatus leakeyi)
E9JGL5	38415	Echis pyramidum leakeyi (Leakey's carpet viper) (Echis carinatus leakeyi)
E9JGL6	38415	Echis pyramidum leakeyi (Leakey's carpet viper) (Echis carinatus leakeyi)
E9JGL7	38415	Echis pyramidum leakeyi (Leakey's carpet viper) (Echis carinatus leakeyi)
E9JGL8	38415	Echis pyramidum leakeyi (Leakey's carpet viper) (Echis carinatus leakeyi)
E9KJW7	99586	Echis ocellatus (Ocellated saw-scaled viper)
E9KJW8	99586	Echis ocellatus (Ocellated saw-scaled viper)
E9KJW9	99586	Echis ocellatus (Ocellated saw-scaled viper)
E9KJX0	99586	Echis ocellatus (Ocellated saw-scaled viper)
E9KJX1	99586	Echis ocellatus (Ocellated saw-scaled viper)
E9KJX2	99586	Echis ocellatus (Ocellated saw-scaled viper)
E9KJX3	99586	Echis ocellatus (Ocellated saw-scaled viper)
E9KJX4	99586	Echis ocellatus (Ocellated saw-scaled viper)
E9KJX5	99586	Echis ocellatus (Ocellated saw-scaled viper)
E9KJX6	99586	Echis ocellatus (Ocellated saw-scaled viper)
E9KJX7	99586	Echis ocellatus (Ocellated saw-scaled viper)
E9KJX8	99586	Echis ocellatus (Ocellated saw-scaled viper)
E9KJX9	99586	Echis ocellatus (Ocellated saw-scaled viper)
E9KJY0	99586	Echis ocellatus (Ocellated saw-scaled viper)
E9KJY1	99586	Echis ocellatus (Ocellated saw-scaled viper)
E9KJY2	99586	Echis ocellatus (Ocellated saw-scaled viper)
E9KJY3	99586	Echis ocellatus (Ocellated saw-scaled viper)
E9KJY4	99586	Echis ocellatus (Ocellated saw-scaled viper)
E9KJY5	99586	Echis ocellatus (Ocellated saw-scaled viper)
E9KJY6	99586	Echis ocellatus (Ocellated saw-scaled viper)
E9KJY7	99586	Echis ocellatus (Ocellated saw-scaled viper)
E9KJY8	99586	Echis ocellatus (Ocellated saw-scaled viper)
E9KJY9	99586	Echis ocellatus (Ocellated saw-scaled viper)
E9KJZ0	99586	Echis ocellatus (Ocellated saw-scaled viper)
E9KJZ1	99586	Echis ocellatus (Ocellated saw-scaled viper)
E9KJZ2	99586	Echis ocellatus (Ocellated saw-scaled viper)
E9KJZ3	99586	Echis ocellatus (Ocellated saw-scaled viper)
E9KJZ4	99586	Echis ocellatus (Ocellated saw-scaled viper)
E9KJZ5	99586	Echis ocellatus (Ocellated saw-scaled viper)
E9KJZ6	99586	Echis ocellatus (Ocellated saw-scaled viper)
E9KJZ7	99586	Echis ocellatus (Ocellated saw-scaled viper)
E9KJZ8	99586	Echis ocellatus (Ocellated saw-scaled viper)
E9KJZ9	99586	Echis ocellatus (Ocellated saw-scaled viper)
E9KNB4	124223	Echis carinatus sochureki (Sochurek's saw-scaled viper) (Echis sochureki)
F2Q6E2	110224	Atheris nitschei (Great lakes bush viper)
F2Q6F2	8707	Daboia russelii (Russel's viper) (Vipera russelii)
F2Q6F3	8707	Daboia russelii (Russel's viper) (Vipera russelii)
F5CPD6	129457	Micrurus altirostris (Uruguayan coral snake) (Elaps altirostris)
F5CPD7	129457	Micrurus altirostris (Uruguayan coral snake) (Elaps altirostris)
F5CPD9	129457	Micrurus altirostris (Uruguayan coral snake) (Elaps altirostris)
F5CPE2	129457	Micrurus altirostris (Uruguayan coral snake) (Elaps altirostris)
F5CPE3	129457	Micrurus altirostris (Uruguayan coral snake) (Elaps altirostris)
F5CPE6	129457	Micrurus altirostris (Uruguayan coral snake) (Elaps altirostris)
F5CPE8	129457	Micrurus altirostris (Uruguayan coral snake) (Elaps altirostris)
F8J2B3	66186	Drysdalia coronoides (White-lipped snake) (Hoplocephalus coronoides)
F8J2D3	66186	Drysdalia coronoides (White-lipped snake) (Hoplocephalus coronoides)
F8J2D4	66186	Drysdalia coronoides (White-lipped snake) (Hoplocephalus coronoides)
F8J2D7	66186	Drysdalia coronoides (White-lipped snake) (Hoplocephalus coronoides)
F8J2E1	66186	Drysdalia coronoides (White-lipped snake) (Hoplocephalus coronoides)
F8J2E2	66186	Drysdalia coronoides (White-lipped snake) (Hoplocephalus coronoides)
F8J2E5	66186	Drysdalia coronoides (White-lipped snake) (Hoplocephalus coronoides)
F8J2E6	66186	Drysdalia coronoides (White-lipped snake) (Hoplocephalus coronoides)
F8J2F2	66186	Drysdalia coronoides (White-lipped snake) (Hoplocephalus coronoides)
F8J2G3	66186	Drysdalia coronoides (White-lipped snake) (Hoplocephalus coronoides)
F8J2G5	66186	Drysdalia coronoides (White-lipped snake) (Hoplocephalus coronoides)
F8RKW2	66186	Drysdalia coronoides (White-lipped snake) (Hoplocephalus coronoides)
F8S0Y4	8729	Crotalus adamanteus (Eastern diamondback rattlesnake)
F8S101	8729	Crotalus adamanteus (Eastern diamondback rattlesnake)
F8S102	8729	Crotalus adamanteus (Eastern diamondback rattlesnake)
F8S103	8729	Crotalus adamanteus (Eastern diamondback rattlesnake)
F8S104	8729	Crotalus adamanteus (Eastern diamondback rattlesnake)
F8S105	8729	Crotalus adamanteus (Eastern diamondback rattlesnake)
F8S106	8729	Crotalus adamanteus (Eastern diamondback rattlesnake)
F8S107	8729	Crotalus adamanteus (Eastern diamondback rattlesnake)
F8S109	8729	Crotalus adamanteus (Eastern diamondback rattlesnake)
F8S110	8729	Crotalus adamanteus (Eastern diamondback rattlesnake)
F8S111	8729	Crotalus adamanteus (Eastern diamondback rattlesnake)
F8S112	8729	Crotalus adamanteus (Eastern diamondback rattlesnake)
F8S121	8729	Crotalus adamanteus (Eastern diamondback rattlesnake)
F8S122	8729	Crotalus adamanteus (Eastern diamondback rattlesnake)
G1UJB2	88087	Protobothrops flavoviridis (Habu) (Trimeresurus flavoviridis)
G9DCI3	8741	Crotalus helleri (Southern pacific rattlesnake) (Crotalus oreganus helleri)
G9DCI4	8741	Crotalus helleri (Southern pacific rattlesnake) (Crotalus oreganus helleri)
G9DCI5	8741	Crotalus helleri (Southern pacific rattlesnake) (Crotalus oreganus helleri)
G9DCI7	8741	Crotalus helleri (Southern pacific rattlesnake) (Crotalus oreganus helleri)
G9DCI8	8741	Crotalus helleri (Southern pacific rattlesnake) (Crotalus oreganus helleri)
G9DCI9	8741	Crotalus helleri (Southern pacific rattlesnake) (Crotalus oreganus helleri)
H9M5U4	8736	Crotalus ruber ruber (Red diamond rattlesnake)
I0BWT0	338839	Pseudoferania polylepis (Macleay's water snake) (Enhydris polylepis)
I0BWT1	338839	Pseudoferania polylepis (Macleay's water snake) (Enhydris polylepis)
I0BWT2	338839	Pseudoferania polylepis (Macleay's water snake) (Enhydris polylepis)
I0BWT3	338839	Pseudoferania polylepis (Macleay's water snake) (Enhydris polylepis)
I0BWT4	338839	Pseudoferania polylepis (Macleay's water snake) (Enhydris polylepis)
I0BWT5	338839	Pseudoferania polylepis (Macleay's water snake) (Enhydris polylepis)
I0BWT6	120305	Philodryas olfersii (Lichtenstein's green racer) (Coluber olfersii)
J3RY43	8729	Crotalus adamanteus (Eastern diamondback rattlesnake)
J3RY66	8729	Crotalus adamanteus (Eastern diamondback rattlesnake)
J3RY69	8729	Crotalus adamanteus (Eastern diamondback rattlesnake)
J3RY72	8729	Crotalus adamanteus (Eastern diamondback rattlesnake)
J3RY76	8729	Crotalus adamanteus (Eastern diamondback rattlesnake)
J3RY78	8729	Crotalus adamanteus (Eastern diamondback rattlesnake)
J3RY82	8729	Crotalus adamanteus (Eastern diamondback rattlesnake)
J3RY86	8729	Crotalus adamanteus (Eastern diamondback rattlesnake)
J3RY90	8729	Crotalus adamanteus (Eastern diamondback rattlesnake)
J3S3U4	8729	Crotalus adamanteus (Eastern diamondback rattlesnake)
J3S3U6	8729	Crotalus adamanteus (Eastern diamondback rattlesnake)
J3S3V8	8729	Crotalus adamanteus (Eastern diamondback rattlesnake)
J3S3V9	8729	Crotalus adamanteus (Eastern diamondback rattlesnake)
J3S3W0	8729	Crotalus adamanteus (Eastern diamondback rattlesnake)
J3S3W1	8729	Crotalus adamanteus (Eastern diamondback rattlesnake)
J3S3W2	8729	Crotalus adamanteus (Eastern diamondback rattlesnake)
J3S3W3	8729	Crotalus adamanteus (Eastern diamondback rattlesnake)
J3S824	8729	Crotalus adamanteus (Eastern diamondback rattlesnake)
J3S825	8729	Crotalus adamanteus (Eastern diamondback rattlesnake)
J3S826	8729	Crotalus adamanteus (Eastern diamondback rattlesnake)
J3S827	8729	Crotalus adamanteus (Eastern diamondback rattlesnake)
J3S828	8729	Crotalus adamanteus (Eastern diamondback rattlesnake)
J3S831	8729	Crotalus adamanteus (Eastern diamondback rattlesnake)
J3SBN9	8729	Crotalus adamanteus (Eastern diamondback rattlesnake)
J3SBP0	8729	Crotalus adamanteus (Eastern diamondback rattlesnake)
J3SBP6	8729	Crotalus adamanteus (Eastern diamondback rattlesnake)
J3SBP7	8729	Crotalus adamanteus (Eastern diamondback rattlesnake)
J3SBP8	8729	Crotalus adamanteus (Eastern diamondback rattlesnake)
J3SBQ0	8729	Crotalus adamanteus (Eastern diamondback rattlesnake)
J3SBQ1	8729	Crotalus adamanteus (Eastern diamondback rattlesnake)
J3SBQ2	8729	Crotalus adamanteus (Eastern diamondback rattlesnake)
J3SDW1	8729	Crotalus adamanteus (Eastern diamondback rattlesnake)
J3SDW3	8729	Crotalus adamanteus (Eastern diamondback rattlesnake)
J3SDW4	8729	Crotalus adamanteus (Eastern diamondback rattlesnake)
J3SDW5	8729	Crotalus adamanteus (Eastern diamondback rattlesnake)
J7LCB0	36307	Deinagkistrodon acutus (Hundred-pace snake) (Agkistrodon acutus)
K0IXA2	242054	Gloydius blomhoffii (Mamushi) (Agkistrodon halys blomhoffi)
K0J2I0	242054	Gloydius blomhoffii (Mamushi) (Agkistrodon halys blomhoffi)
K4IT20	8773	Azemiops feae (Fea's viper)
K4J3K2	8773	Azemiops feae (Fea's viper)
K9JAW0	31159	Daboia russelii russelii
K9MCX0	1240351	Micrurus laticollaris (Balsas coral snake)
M5A7D0	8717	Calloselasma rhodostoma (Malayan pit viper) (Agkistrodon rhodostoma)
M5A7M5	88086	Protobothrops elegans (Elegant pitviper) (Trimeresurus elegans)
M5A8I2	88087	Protobothrops flavoviridis (Habu) (Trimeresurus flavoviridis)
M9T1P5	186578	Cylindrophis ruffus (Red-tailed pipe snake)
O12961	8616	Bungarus multicinctus (Many-banded krait)
O12962	8616	Bungarus multicinctus (Many-banded krait)
O12963	8616	Bungarus multicinctus (Many-banded krait)
O42255	33626	Naja sputatrix (Malayan spitting cobra) (Naja naja sputatrix)
O42256	33626	Naja sputatrix (Malayan spitting cobra) (Naja naja sputatrix)
O57326	33626	Naja sputatrix (Malayan spitting cobra) (Naja naja sputatrix)
O57327	33626	Naja sputatrix (Malayan spitting cobra) (Naja naja sputatrix)
O57540	8732	Crotalus durissus terrificus (South American rattlesnake)
O73799	8732	Crotalus durissus terrificus (South American rattlesnake)
O73858	33626	Naja sputatrix (Malayan spitting cobra) (Naja naja sputatrix)
O73859	33626	Naja sputatrix (Malayan spitting cobra) (Naja naja sputatrix)
O93422	8656	Naja atra (Chinese cobra)
O93471	33626	Naja sputatrix (Malayan spitting cobra) (Naja naja sputatrix)
O93473	33626	Naja sputatrix (Malayan spitting cobra) (Naja naja sputatrix)
P01383	8643	Naja melanoleuca (Forest cobra) (Black-lipped cobra)
P01385	8605	Acanthophis antarcticus (Common death adder)
P01387	8665	Ophiophagus hannah (King cobra) (Naja hannah)
P01393	8619	Dendroaspis jamesoni kaimosae (Eastern Jameson's mamba)
P01397	8620	Dendroaspis polylepis polylepis (Black mamba)
P01399	96794	Naja annulifera (Banded Egyptian cobra) (Naja haje annulifera)
P01400	8643	Naja melanoleuca (Forest cobra) (Black-lipped cobra)
P01401	8642	Naja haje haje (Egyptian cobra)
P01402	8626	Hemachatus haemachatus (Rinkhals) (Sepedon haemachatus)
P01405	8621	Dendroaspis viridis (Western green mamba)
P01406	8619	Dendroaspis jamesoni kaimosae (Eastern Jameson's mamba)
P01407	8619	Dendroaspis jamesoni kaimosae (Eastern Jameson's mamba)
P01408	8618	Dendroaspis angusticeps (Eastern green mamba) (Naja angusticeps)
P01410	8618	Dendroaspis angusticeps (Eastern green mamba) (Naja angusticeps)
P01411	8618	Dendroaspis angusticeps (Eastern green mamba) (Naja angusticeps)
P01413	8619	Dendroaspis jamesoni kaimosae (Eastern Jameson's mamba)
P01415	8642	Naja haje haje (Egyptian cobra)
P01417	8619	Dendroaspis jamesoni kaimosae (Eastern Jameson's mamba)
P01419	8619	Dendroaspis jamesoni kaimosae (Eastern Jameson's mamba)
P01424	8643	Naja melanoleuca (Forest cobra) (Black-lipped cobra)
P01471	8626	Hemachatus haemachatus (Rinkhals) (Sepedon haemachatus)
P04562	8714	Gloydius halys (Chinese water mocassin) (Agkistrodon halys)
P07526	8665	Ophiophagus hannah (King cobra) (Naja hannah)
P0C555	8613	Bungarus fasciatus (Banded krait) (Pseudoboa fasciata)
P0C5H4	8707	Daboia russelii (Russel's viper) (Vipera russelii)
P0C6R5	93050	Echis multisquamatus (Central Asian sand viper)
P0C6R6	99586	Echis ocellatus (Ocellated saw-scaled viper)
P0C6R7	38415	Echis pyramidum leakeyi (Leakey's carpet viper) (Echis carinatus leakeyi)
P0C6R8	38415	Echis pyramidum leakeyi (Leakey's carpet viper) (Echis carinatus leakeyi)
P0C7A7	504457	Echis leucogaster (Roman's saw-scaled viper) (Echis carinatus leucogaster)
P0C7A8	504457	Echis leucogaster (Roman's saw-scaled viper) (Echis carinatus leucogaster)
P0C7J7	64174	Bothrops alternatus (Urutu) (Rhinocerophis alternatus)
P0C7J8	8724	Bothrops jararaca (Jararaca) (Bothrops jajaraca)
P0C7J9	8729	Crotalus adamanteus (Eastern diamondback rattlesnake)
P0C7K0	8729	Crotalus adamanteus (Eastern diamondback rattlesnake)
P0C7K1	8742	Crotalus viridis viridis (Prairie rattlesnake)
P0C7K2	8742	Crotalus viridis viridis (Prairie rattlesnake)
P0C7K3	8742	Crotalus viridis viridis (Prairie rattlesnake)
P0C7R7	64174	Bothrops alternatus (Urutu) (Rhinocerophis alternatus)
P0C7R8	44710	Bothrops erythromelas (Caatinga lance head)
P0C7R9	157295	Bothrops leucurus (Whitetail lancehead)
P0C7S0	98334	Bothrops moojeni (Lance-headed viper) (Caissaca)
P0C7S5	95648	Bothrops neuwiedi (Neuwied's lancehead)
P0C8I8	8692	Bitis arietans (African puff adder)
P0C8R6	8628	Laticauda colubrina (Yellow-lipped sea krait) (Banded sea krait)
P0C8R7	8628	Laticauda colubrina (Yellow-lipped sea krait) (Banded sea krait)
P0C8R8	8628	Laticauda colubrina (Yellow-lipped sea krait) (Banded sea krait)
P0CAR0	129468	Micrurus pyrrhocryptus (Coral snake)
P0CAR1	129468	Micrurus pyrrhocryptus (Coral snake)
P0CAR2	129468	Micrurus pyrrhocryptus (Coral snake)
P0CAR3	129468	Micrurus pyrrhocryptus (Coral snake)
P0CAR4	129468	Micrurus pyrrhocryptus (Coral snake)
P0CAR5	129468	Micrurus pyrrhocryptus (Coral snake)
P0CAR7	129468	Micrurus pyrrhocryptus (Coral snake)
P0CJ34	8730	Crotalus atrox (Western diamondback rattlesnake)
P0CV88	8730	Crotalus atrox (Western diamondback rattlesnake)
P0CV90	8730	Crotalus atrox (Western diamondback rattlesnake)
P0DJ63	111177	Oxyuranus microlepidotus (Inland taipan) (Diemenia microlepidota)
P0DJ96	8618	Dendroaspis angusticeps (Eastern green mamba) (Naja angusticeps)
P0DJB0	129464	Micrurus lemniscatus (South American coral snake)
P0DJG8	121331	Helicops angulatus (South American water snake)
P0DJQ1	39682	Trimeresurus stejnegeri (Chinese green tree viper) (Viridovipera stejnegeri)
P0DKL7	927686	Vipera renardi (Steppe viper) (Vipera ursinii renardi)
P0DL04	8724	Bothrops jararaca (Jararaca) (Bothrops jajaraca)
P0DL05	8724	Bothrops jararaca (Jararaca) (Bothrops jajaraca)
P0DL06	8724	Bothrops jararaca (Jararaca) (Bothrops jajaraca)
P0DL14	96794	Naja annulifera (Banded Egyptian cobra) (Naja haje annulifera)
P0DL15	96794	Naja annulifera (Banded Egyptian cobra) (Naja haje annulifera)
P0DL16	8644	Naja mossambica (Mozambique spitting cobra)
P0DL17	8626	Hemachatus haemachatus (Rinkhals) (Sepedon haemachatus)
P0DL18	8769	Ovophis okinavensis (Ryukyu Island pit viper) (Trimeresurus okinavensis)
P0DL19	70142	Notechis scutatus scutatus (Eastern tiger snake) (Naja scutata scutata)
P0DL20	239755	Pseudechis guttatus (Spotted black snake) (Pseudechis mortonensis)
P0DL21	239754	Pseudechis colletti (Collett's snake)
P0DM46	54390	Micrurus corallinus (Painted coral snake) (Elaps corallinus)
P0DM47	129457	Micrurus altirostris (Uruguayan coral snake) (Elaps altirostris)
P0DM54	8724	Bothrops jararaca (Jararaca) (Bothrops jajaraca)
P0DMD5	8616	Bungarus multicinctus (Many-banded krait)
P0DMG5	8727	Bothrops cotiara (Cotiara) (Rhinocerophis cotiara)
P0DMG6	157549	Bothrops fonsecai (Fonseca's lancehead) (Rhinocerophis fonsecai)
P0DMG7	8727	Bothrops cotiara (Cotiara) (Rhinocerophis cotiara)
P0DMG8	8727	Bothrops cotiara (Cotiara) (Rhinocerophis cotiara)
P0DMG9	157549	Bothrops fonsecai (Fonseca's lancehead) (Rhinocerophis fonsecai)
P0DMH1	157549	Bothrops fonsecai (Fonseca's lancehead) (Rhinocerophis fonsecai)
P0DMH2	8727	Bothrops cotiara (Cotiara) (Rhinocerophis cotiara)
P0DMH3	157549	Bothrops fonsecai (Fonseca's lancehead) (Rhinocerophis fonsecai)
P0DMH4	157549	Bothrops fonsecai (Fonseca's lancehead) (Rhinocerophis fonsecai)
P0DMH5	8727	Bothrops cotiara (Cotiara) (Rhinocerophis cotiara)
P0DMH6	157549	Bothrops fonsecai (Fonseca's lancehead) (Rhinocerophis fonsecai)
P0DMT4	64175	Echis coloratus (Carpet viper)
P0DRK2	8695	Bitis nasicornis (Rhinoceros adder) (Rhinoceros viper)
P0DRK9	8718	Agkistrodon bilineatus (Cantil) (Tropical moccasin)
P0DSM9	8649	Naja kaouthia (Monocled cobra) (Naja siamensis)
P0DSN1	8654	Naja nigricollis (Black-necked spitting cobra)
P0DV80	715877	Bitis rhinoceros (West African gaboon viper) (Vipera rhinoceros)
P0DV81	715877	Bitis rhinoceros (West African gaboon viper) (Vipera rhinoceros)
P0DW29	2782198	Crotalus morulus (Tamaulipan rock rattlesnake) (Crotalus lepidus morulus)
P0DXT0	239754	Pseudechis colletti (Collett's snake)
P10455	8628	Laticauda colubrina (Yellow-lipped sea krait) (Banded sea krait)
P10456	8628	Laticauda colubrina (Yellow-lipped sea krait) (Banded sea krait)
P10457	8628	Laticauda colubrina (Yellow-lipped sea krait) (Banded sea krait)
P10808	8613	Bungarus fasciatus (Banded krait) (Pseudoboa fasciata)
P12028	8740	Crotalus concolor (Midget faded rattlesnake) (Crotalus oreganus concolor)
P13495	8673	Pseudonaja textilis (Eastern brown snake)
P14534	8613	Bungarus fasciatus (Banded krait) (Pseudoboa fasciata)
P14541	8649	Naja kaouthia (Monocled cobra) (Naja siamensis)
P14612	8670	Pseudechis australis (Mulga snake) (King brown snake)
P14613	8649	Naja kaouthia (Monocled cobra) (Naja siamensis)
P15815	8615	Bungarus flaviceps flaviceps (Red-headed krait)
P17696	8618	Dendroaspis angusticeps (Eastern green mamba) (Naja angusticeps)
P19003	8607	Aspidelaps scutatus (Shield-nose snake)
P19004	8607	Aspidelaps scutatus (Shield-nose snake)
P19958	8678	Aipysurus laevis (Olive sea snake)
P19960	8678	Aipysurus laevis (Olive sea snake)
P24331	8732	Crotalus durissus terrificus (South American rattlesnake)
P24332	8732	Crotalus durissus terrificus (South American rattlesnake)
P24333	8732	Crotalus durissus terrificus (South American rattlesnake)
P24334	8732	Crotalus durissus terrificus (South American rattlesnake)
P24742	8633	Calliophis bivirgatus (Blue Malaysian coral snake) (Maticora bivirgata)
P24779	8649	Naja kaouthia (Monocled cobra) (Naja siamensis)
P25494	8686	Hydrophis cyanocinctus (Asian annulated sea snake) (Leioselasma cyanocincta)
P25495	8629	Laticauda crockeri (Crocker's sea snake) (Rennell Island sea krait)
P25496	8629	Laticauda crockeri (Crocker's sea snake) (Rennell Island sea krait)
P25667	8620	Dendroaspis polylepis polylepis (Black mamba)
P25668	35670	Naja naja (Indian cobra)
P25669	35670	Naja naja (Indian cobra)
P25670	8607	Aspidelaps scutatus (Shield-nose snake)
P25672	35670	Naja naja (Indian cobra)
P25673	35670	Naja naja (Indian cobra)
P25674	8642	Naja haje haje (Egyptian cobra)
P25675	8642	Naja haje haje (Egyptian cobra)
P25676	8626	Hemachatus haemachatus (Rinkhals) (Sepedon haemachatus)
P25677	96794	Naja annulifera (Banded Egyptian cobra) (Naja haje annulifera)
P25678	96794	Naja annulifera (Banded Egyptian cobra) (Naja haje annulifera)
P25679	8649	Naja kaouthia (Monocled cobra) (Naja siamensis)
P25680	8655	Naja nivea (Cape cobra) (Coluber niveus)
P25681	8620	Dendroaspis polylepis polylepis (Black mamba)
P25682	8619	Dendroaspis jamesoni kaimosae (Eastern Jameson's mamba)
P25683	8619	Dendroaspis jamesoni kaimosae (Eastern Jameson's mamba)
P25684	8618	Dendroaspis angusticeps (Eastern green mamba) (Naja angusticeps)
P28374	8618	Dendroaspis angusticeps (Eastern green mamba) (Naja angusticeps)
P29179	35670	Naja naja (Indian cobra)
P29180	35670	Naja naja (Indian cobra)
P29181	35670	Naja naja (Indian cobra)
P29182	35670	Naja naja (Indian cobra)
P30424	8723	Bothrops insularis (Golden lancehead) (Lachesis insularis)
P32879	8678	Aipysurus laevis (Olive sea snake)
P34073	8605	Acanthophis antarcticus (Common death adder)
P34075	8610	Naja annulata annulata (Banded water cobra) (Boulengerina annulata annulata)
P43445	8616	Bungarus multicinctus (Many-banded krait)
P49122	8656	Naja atra (Chinese cobra)
P49123	8656	Naja atra (Chinese cobra)
P58370	54390	Micrurus corallinus (Painted coral snake) (Elaps corallinus)
P59066	29156	Austrelaps superbus (Lowland copperhead snake) (Hoplocephalus superbus)
P60237	8618	Dendroaspis angusticeps (Eastern green mamba) (Naja angusticeps)
P60306	8656	Naja atra (Chinese cobra)
P60307	8656	Naja atra (Chinese cobra)
P60308	8656	Naja atra (Chinese cobra)
P60309	8656	Naja atra (Chinese cobra)
P60310	33626	Naja sputatrix (Malayan spitting cobra) (Naja naja sputatrix)
P60311	33626	Naja sputatrix (Malayan spitting cobra) (Naja naja sputatrix)
P60772	33626	Naja sputatrix (Malayan spitting cobra) (Naja naja sputatrix)
P60774	8660	Naja samarensis (Peters' cobra)
P60814	8656	Naja atra (Chinese cobra)
P62388	8688	Hydrophis platurus (Yellow-bellied sea snake) (Pelamis platura)
P62389	8682	Hydrophis schistosus (Beaked sea snake) (Enhydrina schistosa)
P68412	355677	Hydrophis stokesii (Stokes's sea snake) (Astrotia stokesii)
P68413	8685	Hydrophis ornatus (Ornate reef seasnake)
P68415	8682	Hydrophis schistosus (Beaked sea snake) (Enhydrina schistosa)
P79688	8616	Bungarus multicinctus (Many-banded krait)
P79799	54390	Micrurus corallinus (Painted coral snake) (Elaps corallinus)
P79810	8656	Naja atra (Chinese cobra)
P80156	8665	Ophiophagus hannah (King cobra) (Naja hannah)
P80163	61304	Atractaspis bibronii (Bibron's mole viper) (Southern stiletto snake)
P80495	8620	Dendroaspis polylepis polylepis (Black mamba)
P80899	8714	Gloydius halys (Chinese water mocassin) (Agkistrodon halys)
P80965	8665	Ophiophagus hannah (King cobra) (Naja hannah)
P81031	8618	Dendroaspis angusticeps (Eastern green mamba) (Naja angusticeps)
P81990	8607	Aspidelaps scutatus (Shield-nose snake)
P81991	29156	Austrelaps superbus (Lowland copperhead snake) (Hoplocephalus superbus)
P81992	29156	Austrelaps superbus (Lowland copperhead snake) (Hoplocephalus superbus)
P81993	92438	Bungarus candidus (Malayan krait)
P81994	100989	Tropidechis carinatus (Australian rough-scaled snake)
P81995	101163	Trimeresurus purpureomaculatus (Mangrove pit viper) (Cryptelytrops purpureomaculatus)
P82885	8649	Naja kaouthia (Monocled cobra) (Naja siamensis)
P84716	44735	Causus rhombeatus (Rhombic night adder)
P84746	8726	Bothrops jararacussu (Jararacussu)
P85006	110218	Proatheris superciliaris (Lowland swamp viper)
P85038	8714	Gloydius halys (Chinese water mocassin) (Agkistrodon halys)
P86348	36307	Deinagkistrodon acutus (Hundred-pace snake) (Agkistrodon acutus)
P86421	129461	Micrurus frontalis (Coral snake)
P86424	129461	Micrurus frontalis (Coral snake)
P86425	129461	Micrurus frontalis (Coral snake)
P86522	8605	Acanthophis antarcticus (Common death adder)
P86530	8707	Daboia russelii (Russel's viper) (Vipera russelii)
P86531	8707	Daboia russelii (Russel's viper) (Vipera russelii)
P86532	8707	Daboia russelii (Russel's viper) (Vipera russelii)
P86537	8707	Daboia russelii (Russel's viper) (Vipera russelii)
P86539	35670	Naja naja (Indian cobra)
P86543	35670	Naja naja (Indian cobra)
P86544	35670	Naja naja (Indian cobra)
Q02454	33626	Naja sputatrix (Malayan spitting cobra) (Naja naja sputatrix)
Q09GJ8	120305	Philodryas olfersii (Lichtenstein's green racer) (Coluber olfersii)
Q09GJ9	120305	Philodryas olfersii (Lichtenstein's green racer) (Coluber olfersii)
Q09GK0	120305	Philodryas olfersii (Lichtenstein's green racer) (Coluber olfersii)
Q0PL65	8616	Bungarus multicinctus (Many-banded krait)
Q1RPS8	8616	Bungarus multicinctus (Many-banded krait)
Q1RPS9	8616	Bungarus multicinctus (Many-banded krait)
Q1RPT0	8616	Bungarus multicinctus (Many-banded krait)
Q1ZYW0	292442	Cryptophis nigrescens (Eastern small-eyed snake) (Rhinoplocephalus nigrescens)
Q1ZYW1	292442	Cryptophis nigrescens (Eastern small-eyed snake) (Rhinoplocephalus nigrescens)
Q1ZZ79	31150	Crotalus durissus durissus (Central American rattlesnake)
Q27J48	8753	Lachesis muta muta (Bushmaster)
Q2QA03	31150	Crotalus durissus durissus (Central American rattlesnake)
Q2UXQ0	99586	Echis ocellatus (Ocellated saw-scaled viper)
Q2UXQ1	99586	Echis ocellatus (Ocellated saw-scaled viper)
Q2UXQ2	99586	Echis ocellatus (Ocellated saw-scaled viper)
Q2UXQ3	99586	Echis ocellatus (Ocellated saw-scaled viper)
Q2UXQ4	99586	Echis ocellatus (Ocellated saw-scaled viper)
Q2UXQ6	99586	Echis ocellatus (Ocellated saw-scaled viper)
Q2UXQ7	99586	Echis ocellatus (Ocellated saw-scaled viper)
Q2UXQ9	99586	Echis ocellatus (Ocellated saw-scaled viper)
Q2VBN0	8665	Ophiophagus hannah (King cobra) (Naja hannah)
Q2VBN1	8665	Ophiophagus hannah (King cobra) (Naja hannah)
Q2VBN2	8665	Ophiophagus hannah (King cobra) (Naja hannah)
Q2VBN3	8665	Ophiophagus hannah (King cobra) (Naja hannah)
Q2VBN4	8665	Ophiophagus hannah (King cobra) (Naja hannah)
Q2VBN5	8665	Ophiophagus hannah (King cobra) (Naja hannah)
Q2VBN7	8665	Ophiophagus hannah (King cobra) (Naja hannah)
Q2VBN8	8665	Ophiophagus hannah (King cobra) (Naja hannah)
Q2VBN9	8665	Ophiophagus hannah (King cobra) (Naja hannah)
Q2VBP0	8665	Ophiophagus hannah (King cobra) (Naja hannah)
Q2VBP1	8665	Ophiophagus hannah (King cobra) (Naja hannah)
Q2VBP2	8665	Ophiophagus hannah (King cobra) (Naja hannah)
Q2VBP3	8665	Ophiophagus hannah (King cobra) (Naja hannah)
Q2VBP4	8665	Ophiophagus hannah (King cobra) (Naja hannah)
Q2VBP5	8665	Ophiophagus hannah (King cobra) (Naja hannah)
Q2VBP6	8665	Ophiophagus hannah (King cobra) (Naja hannah)
Q2XXM2	120305	Philodryas olfersii (Lichtenstein's green racer) (Coluber olfersii)
Q2XXM3	120305	Philodryas olfersii (Lichtenstein's green racer) (Coluber olfersii)
Q2XXM4	120305	Philodryas olfersii (Lichtenstein's green racer) (Coluber olfersii)
Q2XXM5	120305	Philodryas olfersii (Lichtenstein's green racer) (Coluber olfersii)
Q2XXM6	120305	Philodryas olfersii (Lichtenstein's green racer) (Coluber olfersii)
Q2XXP4	338818	Trimorphodon biscutatus (Western lyre snake)
Q2XXP5	338837	Telescopus dhara (Egyptian catsnake)
Q2XXQ0	338838	Erythrolamprus poecilogyrus (Water snake) (Liophis poecilogyrus)
Q2XXQ1	46577	Leioheterodon madagascariensis (Malagasy giant hognose snake) (Heterodon madagascariensis)
Q2XXQ2	338839	Pseudoferania polylepis (Macleay's water snake) (Enhydris polylepis)
Q2XXQ3	338839	Pseudoferania polylepis (Macleay's water snake) (Enhydris polylepis)
Q2XXQ4	46295	Dispholidus typus (Boomslang) (Bucephalus typus)
Q2XXQ5	46295	Dispholidus typus (Boomslang) (Bucephalus typus)
Q2XXQ6	46295	Dispholidus typus (Boomslang) (Bucephalus typus)
Q3BER2	99586	Echis ocellatus (Ocellated saw-scaled viper)
Q3BK15	8698	Cerastes vipera (Sahara sand viper)
Q3BK16	8698	Cerastes vipera (Sahara sand viper)
Q3BK17	8698	Cerastes vipera (Sahara sand viper)
Q3SAE5	196418	Hoplocephalus stephensii (Stephens's banded snake)
Q3SAE6	196418	Hoplocephalus stephensii (Stephens's banded snake)
Q3SAE7	70142	Notechis scutatus scutatus (Eastern tiger snake) (Naja scutata scutata)
Q3SAE8	70142	Notechis scutatus scutatus (Eastern tiger snake) (Naja scutata scutata)
Q3SAF0	8671	Pseudechis porphyriacus (Red-bellied black snake)
Q3SAF1	8671	Pseudechis porphyriacus (Red-bellied black snake)
Q3SAF2	8670	Pseudechis australis (Mulga snake) (King brown snake)
Q3SAF3	8670	Pseudechis australis (Mulga snake) (King brown snake)
Q3SAF4	8670	Pseudechis australis (Mulga snake) (King brown snake)
Q3SAF5	8670	Pseudechis australis (Mulga snake) (King brown snake)
Q3SAF6	8673	Pseudonaja textilis (Eastern brown snake)
Q3SAF7	111177	Oxyuranus microlepidotus (Inland taipan) (Diemenia microlepidota)
Q3SAF8	111177	Oxyuranus microlepidotus (Inland taipan) (Diemenia microlepidota)
Q3SAX8	8667	Oxyuranus scutellatus scutellatus (Australian taipan) (Coastal taipan)
Q3SB03	196418	Hoplocephalus stephensii (Stephens's banded snake)
Q3SB04	70142	Notechis scutatus scutatus (Eastern tiger snake) (Naja scutata scutata)
Q3SB05	8673	Pseudonaja textilis (Eastern brown snake)
Q3SB06	111177	Oxyuranus microlepidotus (Inland taipan) (Diemenia microlepidota)
Q3SB07	8667	Oxyuranus scutellatus scutellatus (Australian taipan) (Coastal taipan)
Q49HM6	29156	Austrelaps superbus (Lowland copperhead snake) (Hoplocephalus superbus)
Q4JCS0	8692	Bitis arietans (African puff adder)
Q4JCS1	8692	Bitis arietans (African puff adder)
Q4PRC6	343250	Daboia siamensis (Eastern Russel's viper) (Daboia russelii siamensis)
Q4PRC7	343250	Daboia siamensis (Eastern Russel's viper) (Daboia russelii siamensis)
Q4PRC8	343250	Daboia siamensis (Eastern Russel's viper) (Daboia russelii siamensis)
Q4PRC9	343250	Daboia siamensis (Eastern Russel's viper) (Daboia russelii siamensis)
Q4PRD0	343250	Daboia siamensis (Eastern Russel's viper) (Daboia russelii siamensis)
Q4QT06	8692	Bitis arietans (African puff adder)
Q4VRI0	8667	Oxyuranus scutellatus scutellatus (Australian taipan) (Coastal taipan)
Q53B46	8665	Ophiophagus hannah (King cobra) (Naja hannah)
Q53B48	8665	Ophiophagus hannah (King cobra) (Naja hannah)
Q53B49	8665	Ophiophagus hannah (King cobra) (Naja hannah)
Q53B50	8665	Ophiophagus hannah (King cobra) (Naja hannah)
Q53B54	8665	Ophiophagus hannah (King cobra) (Naja hannah)
Q53B55	8665	Ophiophagus hannah (King cobra) (Naja hannah)
Q53B56	8665	Ophiophagus hannah (King cobra) (Naja hannah)
Q53B57	8665	Ophiophagus hannah (King cobra) (Naja hannah)
Q53B61	8665	Ophiophagus hannah (King cobra) (Naja hannah)
Q5EE07	40353	Echis carinatus (Saw-scaled viper)
Q5I2B6	36307	Deinagkistrodon acutus (Hundred-pace snake) (Agkistrodon acutus)
Q5I2C5	36307	Deinagkistrodon acutus (Hundred-pace snake) (Agkistrodon acutus)
Q5UFR7	8676	Hydrophis peronii (Spiny-headed seasnake) (Acalyptophis peronii)
Q69CJ8	8665	Ophiophagus hannah (King cobra) (Naja hannah)
Q6ITB0	100989	Tropidechis carinatus (Australian rough-scaled snake)
Q6ITB1	8671	Pseudechis porphyriacus (Red-bellied black snake)
Q6ITB8	8670	Pseudechis australis (Mulga snake) (King brown snake)
Q6ITB9	8670	Pseudechis australis (Mulga snake) (King brown snake)
Q6ITC0	8670	Pseudechis australis (Mulga snake) (King brown snake)
Q6ITC1	8670	Pseudechis australis (Mulga snake) (King brown snake)
Q6IZ95	92438	Bungarus candidus (Malayan krait)
Q6T627	8694	Bitis gabonica (Gaboon adder) (Gaboon viper)
Q6T6T1	8694	Bitis gabonica (Gaboon adder) (Gaboon viper)
Q6T7B5	8694	Bitis gabonica (Gaboon adder) (Gaboon viper)
Q6T7B6	8694	Bitis gabonica (Gaboon adder) (Gaboon viper)
Q6X5S0	38415	Echis pyramidum leakeyi (Leakey's carpet viper) (Echis carinatus leakeyi)
Q6X5S1	38415	Echis pyramidum leakeyi (Leakey's carpet viper) (Echis carinatus leakeyi)
Q6X5S2	38415	Echis pyramidum leakeyi (Leakey's carpet viper) (Echis carinatus leakeyi)
Q6X5S3	38415	Echis pyramidum leakeyi (Leakey's carpet viper) (Echis carinatus leakeyi)
Q6X5S4	124223	Echis carinatus sochureki (Sochurek's saw-scaled viper) (Echis sochureki)
Q6X5S5	99586	Echis ocellatus (Ocellated saw-scaled viper)
Q6X5S6	124223	Echis carinatus sochureki (Sochurek's saw-scaled viper) (Echis sochureki)
Q6X5S7	99586	Echis ocellatus (Ocellated saw-scaled viper)
Q6X5S8	124223	Echis carinatus sochureki (Sochurek's saw-scaled viper) (Echis sochureki)
Q6X5S9	124223	Echis carinatus sochureki (Sochurek's saw-scaled viper) (Echis sochureki)
Q6X5T0	99586	Echis ocellatus (Ocellated saw-scaled viper)
Q6X5T1	8692	Bitis arietans (African puff adder)
Q6X5T2	8692	Bitis arietans (African puff adder)
Q6X5T4	8692	Bitis arietans (African puff adder)
Q6X5T5	8692	Bitis arietans (African puff adder)
Q70WS8	8616	Bungarus multicinctus (Many-banded krait)
Q719L8	8732	Crotalus durissus terrificus (South American rattlesnake)
Q719L9	8732	Crotalus durissus terrificus (South American rattlesnake)
Q71RP8	39682	Trimeresurus stejnegeri (Chinese green tree viper) (Viridovipera stejnegeri)
Q71RP9	39682	Trimeresurus stejnegeri (Chinese green tree viper) (Viridovipera stejnegeri)
Q71RQ0	39682	Trimeresurus stejnegeri (Chinese green tree viper) (Viridovipera stejnegeri)
Q71RQ1	39682	Trimeresurus stejnegeri (Chinese green tree viper) (Viridovipera stejnegeri)
Q71RQ8	39682	Trimeresurus stejnegeri (Chinese green tree viper) (Viridovipera stejnegeri)
Q71RQ9	39682	Trimeresurus stejnegeri (Chinese green tree viper) (Viridovipera stejnegeri)
Q71RR0	39682	Trimeresurus stejnegeri (Chinese green tree viper) (Viridovipera stejnegeri)
Q71RR1	39682	Trimeresurus stejnegeri (Chinese green tree viper) (Viridovipera stejnegeri)
Q71RR2	39682	Trimeresurus stejnegeri (Chinese green tree viper) (Viridovipera stejnegeri)
Q71RR4	39682	Trimeresurus stejnegeri (Chinese green tree viper) (Viridovipera stejnegeri)
Q75S49	92438	Bungarus candidus (Malayan krait)
Q75S50	92438	Bungarus candidus (Malayan krait)
Q7LZ24	194601	Vipera aspis aspis (Aspic viper)
Q7LZ26	36307	Deinagkistrodon acutus (Hundred-pace snake) (Agkistrodon acutus)
Q7LZJ1	8734	Crotalus molossus nigrescens (Black-tailed rattlesnake)
Q7LZK0	38415	Echis pyramidum leakeyi (Leakey's carpet viper) (Echis carinatus leakeyi)
Q7LZQ6	8613	Bungarus fasciatus (Banded krait) (Pseudoboa fasciata)
Q7SZV0	8714	Gloydius halys (Chinese water mocassin) (Agkistrodon halys)
Q7T1M4	8726	Bothrops jararacussu (Jararacussu)
Q7T1T3	8726	Bothrops jararacussu (Jararacussu)
Q7T1T5	8726	Bothrops jararacussu (Jararacussu)
Q7T2I1	8630	Laticauda laticaudata (Blue-ringed sea krait) (Blue-lipped sea krait)
Q7T2I3	8630	Laticauda laticaudata (Blue-ringed sea krait) (Blue-lipped sea krait)
Q7ZT13	8616	Bungarus multicinctus (Many-banded krait)
Q7ZZN9	242841	Protobothrops jerdonii (Jerdon's pitviper) (Trimeresurus jerdonii)
Q800Y3	8616	Bungarus multicinctus (Many-banded krait)
Q802B2	33626	Naja sputatrix (Malayan spitting cobra) (Naja naja sputatrix)
Q802B3	33626	Naja sputatrix (Malayan spitting cobra) (Naja naja sputatrix)
Q8AY44	92438	Bungarus candidus (Malayan krait)
Q8AY45	92438	Bungarus candidus (Malayan krait)
Q8AY46	92438	Bungarus candidus (Malayan krait)
Q8AY49	92438	Bungarus candidus (Malayan krait)
Q8AY50	92438	Bungarus candidus (Malayan krait)
Q8AY51	92438	Bungarus candidus (Malayan krait)
Q8AY52	92438	Bungarus candidus (Malayan krait)
Q8AY53	92438	Bungarus candidus (Malayan krait)
Q8AY55	92438	Bungarus candidus (Malayan krait)
Q8AY56	92438	Bungarus candidus (Malayan krait)
Q8JI38	8631	Laticauda semifasciata (Black-banded sea krait) (Pseudolaticauda semifasciata)
Q8JJ49	31151	Crotalus molossus molossus (Northern black-tailed rattlesnake)
Q8JJ50	31151	Crotalus molossus molossus (Northern black-tailed rattlesnake)
Q8JJ52	31151	Crotalus molossus molossus (Northern black-tailed rattlesnake)
Q8QGP7	8618	Dendroaspis angusticeps (Eastern green mamba) (Naja angusticeps)
Q8UUK0	8656	Naja atra (Chinese cobra)
Q8UW11	8781	Hydrophis hardwickii (Hardwick's spine-bellied seasnake) (Lapemis hardwickii)
Q8UW25	8781	Hydrophis hardwickii (Hardwick's spine-bellied seasnake) (Lapemis hardwickii)
Q8UW26	8781	Hydrophis hardwickii (Hardwick's spine-bellied seasnake) (Lapemis hardwickii)
Q8UW27	8781	Hydrophis hardwickii (Hardwick's spine-bellied seasnake) (Lapemis hardwickii)
Q8UW28	8781	Hydrophis hardwickii (Hardwick's spine-bellied seasnake) (Lapemis hardwickii)
Q8UW29	8781	Hydrophis hardwickii (Hardwick's spine-bellied seasnake) (Lapemis hardwickii)
Q90499	8700	Echis pyramidum (carpet viper)
Q90500	8700	Echis pyramidum (carpet viper)
Q91124	8656	Naja atra (Chinese cobra)
Q91126	8656	Naja atra (Chinese cobra)
Q91135	8656	Naja atra (Chinese cobra)
Q91136	8656	Naja atra (Chinese cobra)
Q91137	8656	Naja atra (Chinese cobra)
Q91996	8656	Naja atra (Chinese cobra)
Q98956	8656	Naja atra (Chinese cobra)
Q98957	8656	Naja atra (Chinese cobra)
Q98958	8656	Naja atra (Chinese cobra)
Q98959	8656	Naja atra (Chinese cobra)
Q98960	8656	Naja atra (Chinese cobra)
Q98961	8656	Naja atra (Chinese cobra)
Q98962	8656	Naja atra (Chinese cobra)
Q98965	8656	Naja atra (Chinese cobra)
Q9DEQ3	8656	Naja atra (Chinese cobra)
Q9DG39	8714	Gloydius halys (Chinese water mocassin) (Agkistrodon halys)
Q9DGH9	8649	Naja kaouthia (Monocled cobra) (Naja siamensis)
Q9PRI1	54390	Micrurus corallinus (Painted coral snake) (Elaps corallinus)
Q9PRQ2	8635	Micrurus nigrocinctus (Central American coral snake) (Gargantilla)
Q9PRQ3	8635	Micrurus nigrocinctus (Central American coral snake) (Gargantilla)
Q9PRQ4	8635	Micrurus nigrocinctus (Central American coral snake) (Gargantilla)
Q9PRT7	8722	Bothrops asper (Terciopelo)
Q9PS05	8724	Bothrops jararaca (Jararaca) (Bothrops jajaraca)
Q9PS06	8724	Bothrops jararaca (Jararaca) (Bothrops jajaraca)
Q9PS08	8618	Dendroaspis angusticeps (Eastern green mamba) (Naja angusticeps)
Q9PS09	8618	Dendroaspis angusticeps (Eastern green mamba) (Naja angusticeps)
Q9PS34	8657	Naja oxiana (Central Asian cobra) (Oxus cobra)
Q9PST3	33626	Naja sputatrix (Malayan spitting cobra) (Naja naja sputatrix)
Q9PST4	33626	Naja sputatrix (Malayan spitting cobra) (Naja naja sputatrix)
Q9PT47	8600	Atractaspis andersonii (Arabian small-scaled burrowing asp)
Q9PT48	1343144	Atractaspis engaddensis (Israeli burrowing asp) (Israeli mole viper)
Q9PT49	8600	Atractaspis andersonii (Arabian small-scaled burrowing asp)
Q9PTA2	8616	Bungarus multicinctus (Many-banded krait)
Q9PUB7	54390	Micrurus corallinus (Painted coral snake) (Elaps corallinus)
Q9W6W6	8656	Naja atra (Chinese cobra)
Q9W6W9	8656	Naja atra (Chinese cobra)
Q9W717	8656	Naja atra (Chinese cobra)
Q9W727	8616	Bungarus multicinctus (Many-banded krait)
Q9W728	8616	Bungarus multicinctus (Many-banded krait)
Q9W729	8616	Bungarus multicinctus (Many-banded krait)
Q9W7I3	33626	Naja sputatrix (Malayan spitting cobra) (Naja naja sputatrix)
Q9W7J9	8673	Pseudonaja textilis (Eastern brown snake)
Q9YGC2	8630	Laticauda laticaudata (Blue-ringed sea krait) (Blue-lipped sea krait)
Q9YGC4	8630	Laticauda laticaudata (Blue-ringed sea krait) (Blue-lipped sea krait)
Q9YGC7	8628	Laticauda colubrina (Yellow-lipped sea krait) (Banded sea krait)
Q9YGH9	8616	Bungarus multicinctus (Many-banded krait)
Q9YGI1	8656	Naja atra (Chinese cobra)
Q9YGI2	8656	Naja atra (Chinese cobra)
Q9YGI4	8656	Naja atra (Chinese cobra)
Q9YGI8	8616	Bungarus multicinctus (Many-banded krait)
Q9YGJ5	33626	Naja sputatrix (Malayan spitting cobra) (Naja naja sputatrix)
Q9YGJ6	33626	Naja sputatrix (Malayan spitting cobra) (Naja naja sputatrix)
Q9YGW8	8630	Laticauda laticaudata (Blue-ringed sea krait) (Blue-lipped sea krait)
Q9YGW9	8630	Laticauda laticaudata (Blue-ringed sea krait) (Blue-lipped sea krait)
Q9YGX0	8628	Laticauda colubrina (Yellow-lipped sea krait) (Banded sea krait)
Q9YGX1	8631	Laticauda semifasciata (Black-banded sea krait) (Pseudolaticauda semifasciata)
R4FIC4	529689	Denisonia devisi (De Vis' banded snake) (Denisonia maculata subsp. devisi)
R4FID0	529689	Denisonia devisi (De Vis' banded snake) (Denisonia maculata subsp. devisi)
R4FII3	355698	Hemiaspis signata
R4FIJ6	355698	Hemiaspis signata
R4FIL3	83403	Hoplocephalus bungaroides
R4FIL7	83403	Hoplocephalus bungaroides
R4FIM1	83403	Hoplocephalus bungaroides
R4FIX4	529716	Suta fasciata
R4FIY6	1295044	Vermicella annulata (Eastern bandy-bandy)
R4FJM6	529692	Echiopsis curta
R4FJP5	529692	Echiopsis curta
R4FJY3	83403	Hoplocephalus bungaroides
R4FJY9	83403	Hoplocephalus bungaroides
R4FJZ4	83403	Hoplocephalus bungaroides
R4FK16	83403	Hoplocephalus bungaroides
R4G2D3	239747	Acanthophis wellsi
R4G2I0	83403	Hoplocephalus bungaroides
R4G2I1	83403	Hoplocephalus bungaroides
R4G2I2	83403	Hoplocephalus bungaroides
R4G2I8	340912	Pseudonaja modesta
R4G2W9	355698	Hemiaspis signata
R4G2Y6	83403	Hoplocephalus bungaroides
R4G2Y9	83403	Hoplocephalus bungaroides
R4G2Z1	83403	Hoplocephalus bungaroides
R4G7F0	1295043	Brachyurophis roperi (Northern shovel-nosed snake)
R4G7I9	83403	Hoplocephalus bungaroides
R4G7J0	83403	Hoplocephalus bungaroides
R4G7J1	83403	Hoplocephalus bungaroides
R4G7L3	529716	Suta fasciata
T1D6P7	35024	Crotalus horridus (Timber rattlesnake)
T1DEB4	8741	Crotalus helleri (Southern pacific rattlesnake) (Crotalus oreganus helleri)
T1DH25	35024	Crotalus horridus (Timber rattlesnake)
T1DJT5	35024	Crotalus horridus (Timber rattlesnake)
T1DJY5	35024	Crotalus horridus (Timber rattlesnake)
T1DK06	35024	Crotalus horridus (Timber rattlesnake)
T1DMN4	8741	Crotalus helleri (Southern pacific rattlesnake) (Crotalus oreganus helleri)
T1DP71	8741	Crotalus helleri (Southern pacific rattlesnake) (Crotalus oreganus helleri)
T1E3C5	35024	Crotalus horridus (Timber rattlesnake)
T1E3X9	35024	Crotalus horridus (Timber rattlesnake)
T1E3Z6	35024	Crotalus horridus (Timber rattlesnake)
T1E6U1	8741	Crotalus helleri (Southern pacific rattlesnake) (Crotalus oreganus helleri)
T1E6V4	8741	Crotalus helleri (Southern pacific rattlesnake) (Crotalus oreganus helleri)
T1E7J2	8741	Crotalus helleri (Southern pacific rattlesnake) (Crotalus oreganus helleri)
T1E7J7	8741	Crotalus helleri (Southern pacific rattlesnake) (Crotalus oreganus helleri)
T2HP62	88087	Protobothrops flavoviridis (Habu) (Trimeresurus flavoviridis)
T2HP78	88087	Protobothrops flavoviridis (Habu) (Trimeresurus flavoviridis)
T2HPD6	88087	Protobothrops flavoviridis (Habu) (Trimeresurus flavoviridis)
T2HPF3	88087	Protobothrops flavoviridis (Habu) (Trimeresurus flavoviridis)
T2HQ57	8769	Ovophis okinavensis (Ryukyu Island pit viper) (Trimeresurus okinavensis)
T2HQA0	88087	Protobothrops flavoviridis (Habu) (Trimeresurus flavoviridis)
T2HQA7	88087	Protobothrops flavoviridis (Habu) (Trimeresurus flavoviridis)
T2HRR0	88087	Protobothrops flavoviridis (Habu) (Trimeresurus flavoviridis)
T2HRT4	88087	Protobothrops flavoviridis (Habu) (Trimeresurus flavoviridis)
T2HRT8	88087	Protobothrops flavoviridis (Habu) (Trimeresurus flavoviridis)
U3EPC7	8637	Micrurus fulvius (Eastern coral snake) (Coluber fulvius)
U3EPI5	8637	Micrurus fulvius (Eastern coral snake) (Coluber fulvius)
U3EPL2	8637	Micrurus fulvius (Eastern coral snake) (Coluber fulvius)
U3FAB3	8637	Micrurus fulvius (Eastern coral snake) (Coluber fulvius)
U3FWL3	8637	Micrurus fulvius (Eastern coral snake) (Coluber fulvius)
U3FYQ2	8637	Micrurus fulvius (Eastern coral snake) (Coluber fulvius)
U3TAI7	8769	Ovophis okinavensis (Ryukyu Island pit viper) (Trimeresurus okinavensis)
U3TBC0	88087	Protobothrops flavoviridis (Habu) (Trimeresurus flavoviridis)
U3TBG7	88087	Protobothrops flavoviridis (Habu) (Trimeresurus flavoviridis)
U3TBJ5	8769	Ovophis okinavensis (Ryukyu Island pit viper) (Trimeresurus okinavensis)
U3TBS9	8769	Ovophis okinavensis (Ryukyu Island pit viper) (Trimeresurus okinavensis)
U3TDK5	8769	Ovophis okinavensis (Ryukyu Island pit viper) (Trimeresurus okinavensis)
V5IWD5	109781	Trimeresurus gracilis (Kikuchi habu)
V5IWE4	109781	Trimeresurus gracilis (Kikuchi habu)
V5IWE9	109781	Trimeresurus gracilis (Kikuchi habu)
V5IWF4	109781	Trimeresurus gracilis (Kikuchi habu)
V5Z141	36307	Deinagkistrodon acutus (Hundred-pace snake) (Agkistrodon acutus)
V8N2B9	8665	Ophiophagus hannah (King cobra) (Naja hannah)
V8N3Q9	8665	Ophiophagus hannah (King cobra) (Naja hannah)
V8N4F6	8665	Ophiophagus hannah (King cobra) (Naja hannah)
V8N5Y3	8665	Ophiophagus hannah (King cobra) (Naja hannah)
V8N647	8665	Ophiophagus hannah (King cobra) (Naja hannah)
V8N6C6	8665	Ophiophagus hannah (King cobra) (Naja hannah)
V8N6D9	8665	Ophiophagus hannah (King cobra) (Naja hannah)
V8N6J1	8665	Ophiophagus hannah (King cobra) (Naja hannah)
V8N6T1	8665	Ophiophagus hannah (King cobra) (Naja hannah)
V8N8J2	8665	Ophiophagus hannah (King cobra) (Naja hannah)
V8N9E2	8665	Ophiophagus hannah (King cobra) (Naja hannah)
V8NB97	8665	Ophiophagus hannah (King cobra) (Naja hannah)
V8NBD7	8665	Ophiophagus hannah (King cobra) (Naja hannah)
V8NC56	8665	Ophiophagus hannah (King cobra) (Naja hannah)
V8NEA0	8665	Ophiophagus hannah (King cobra) (Naja hannah)
V8NI93	8665	Ophiophagus hannah (King cobra) (Naja hannah)
V8NID4	8665	Ophiophagus hannah (King cobra) (Naja hannah)
V8NIH4	8665	Ophiophagus hannah (King cobra) (Naja hannah)
V8NJI5	8665	Ophiophagus hannah (King cobra) (Naja hannah)
V8NKD3	8665	Ophiophagus hannah (King cobra) (Naja hannah)
V8NKR8	8665	Ophiophagus hannah (King cobra) (Naja hannah)
V8NL69	8665	Ophiophagus hannah (King cobra) (Naja hannah)
V8NS25	8665	Ophiophagus hannah (King cobra) (Naja hannah)
V8NVY5	8665	Ophiophagus hannah (King cobra) (Naja hannah)
V8NW79	8665	Ophiophagus hannah (King cobra) (Naja hannah)
V8NX49	8665	Ophiophagus hannah (King cobra) (Naja hannah)
V8NXF9	8665	Ophiophagus hannah (King cobra) (Naja hannah)
V8P0N7	8665	Ophiophagus hannah (King cobra) (Naja hannah)
V8P216	8665	Ophiophagus hannah (King cobra) (Naja hannah)
V8P243	8665	Ophiophagus hannah (King cobra) (Naja hannah)
V8P328	8665	Ophiophagus hannah (King cobra) (Naja hannah)
V8P449	8665	Ophiophagus hannah (King cobra) (Naja hannah)
V8P5N2	8665	Ophiophagus hannah (King cobra) (Naja hannah)
V8P9E2	8665	Ophiophagus hannah (King cobra) (Naja hannah)
V8P9I6	8665	Ophiophagus hannah (King cobra) (Naja hannah)
V8PAW3	8665	Ophiophagus hannah (King cobra) (Naja hannah)
V8PBP5	8665	Ophiophagus hannah (King cobra) (Naja hannah)
V8PC90	8665	Ophiophagus hannah (King cobra) (Naja hannah)
V8PCF5	8665	Ophiophagus hannah (King cobra) (Naja hannah)
V8PCT6	8665	Ophiophagus hannah (King cobra) (Naja hannah)
V8PFL7	8665	Ophiophagus hannah (King cobra) (Naja hannah)
V8PGL7	8665	Ophiophagus hannah (King cobra) (Naja hannah)
V8PIB8	8665	Ophiophagus hannah (King cobra) (Naja hannah)
V9I168	103942	Vipera ursinii (Meadow viper)
V9I1B5	8707	Daboia russelii (Russel's viper) (Vipera russelii)
V9I1K1	8707	Daboia russelii (Russel's viper) (Vipera russelii)
A0A024AX08	66188	Micropechis ikaheca (New Guinean small-eyed snake)
A0A024AX16	66188	Micropechis ikaheca (New Guinean small-eyed snake)
A0A024AXC4	66188	Micropechis ikaheca (New Guinean small-eyed snake)
A0A024AXD4	66188	Micropechis ikaheca (New Guinean small-eyed snake)
A0A024AXD8	66188	Micropechis ikaheca (New Guinean small-eyed snake)
A0A024AXH2	66188	Micropechis ikaheca (New Guinean small-eyed snake)
A0A024AXY1	66188	Micropechis ikaheca (New Guinean small-eyed snake)
A0A024AYC2	66188	Micropechis ikaheca (New Guinean small-eyed snake)
A0A068B2C1	44732	Gloydius intermedius (Central Asian pit viper) (Agkistrodon intermedius)
A0A068B4V7	44732	Gloydius intermedius (Central Asian pit viper) (Agkistrodon intermedius)
A0A077L6M9	88086	Protobothrops elegans (Elegant pitviper) (Trimeresurus elegans)
A0A077L6T2	88087	Protobothrops flavoviridis (Habu) (Trimeresurus flavoviridis)
A0A077L7D6	88086	Protobothrops elegans (Elegant pitviper) (Trimeresurus elegans)
A0A077L7E1	88086	Protobothrops elegans (Elegant pitviper) (Trimeresurus elegans)
A0A077L7I7	88087	Protobothrops flavoviridis (Habu) (Trimeresurus flavoviridis)
A0A077L7M5	88087	Protobothrops flavoviridis (Habu) (Trimeresurus flavoviridis)
A0A077L7Y5	88086	Protobothrops elegans (Elegant pitviper) (Trimeresurus elegans)
A0A077L844	88087	Protobothrops flavoviridis (Habu) (Trimeresurus flavoviridis)
A0A077L861	88087	Protobothrops flavoviridis (Habu) (Trimeresurus flavoviridis)
A0A077LA53	88086	Protobothrops elegans (Elegant pitviper) (Trimeresurus elegans)
A0A077LA61	88086	Protobothrops elegans (Elegant pitviper) (Trimeresurus elegans)
A0A077LA68	88086	Protobothrops elegans (Elegant pitviper) (Trimeresurus elegans)
A0A077LA75	88086	Protobothrops elegans (Elegant pitviper) (Trimeresurus elegans)
A0A077LAC3	88087	Protobothrops flavoviridis (Habu) (Trimeresurus flavoviridis)
A0A077LAE2	88087	Protobothrops flavoviridis (Habu) (Trimeresurus flavoviridis)
A0A077LD04	88086	Protobothrops elegans (Elegant pitviper) (Trimeresurus elegans)
A0A077LD34	88087	Protobothrops flavoviridis (Habu) (Trimeresurus flavoviridis)
A0A077LD73	88087	Protobothrops flavoviridis (Habu) (Trimeresurus flavoviridis)
A0A077LD96	88087	Protobothrops flavoviridis (Habu) (Trimeresurus flavoviridis)
A0A098LWX5	186591	Opheodrys aestivus
A0A098LWY0	186591	Opheodrys aestivus
A0A098LY65	51751	Python regius (Ball python) (Boa regia)
A0A098LY89	51751	Python regius (Ball python) (Boa regia)
A0A098LYI7	94885	Pantherophis guttatus (Corn snake) (Elaphe guttata)
A0A098LYK0	94885	Pantherophis guttatus (Corn snake) (Elaphe guttata)
A0A098LYK3	94885	Pantherophis guttatus (Corn snake) (Elaphe guttata)
A0A098LYM0	94885	Pantherophis guttatus (Corn snake) (Elaphe guttata)
A0A0A1WCB1	64175	Echis coloratus (Carpet viper)
A0A0A1WCC0	64175	Echis coloratus (Carpet viper)
A0A0A1WCC5	64175	Echis coloratus (Carpet viper)
A0A0A1WCD4	64175	Echis coloratus (Carpet viper)
A0A0A1WCD8	64175	Echis coloratus (Carpet viper)
A0A0A1WCJ4	64175	Echis coloratus (Carpet viper)
A0A0A1WCJ8	64175	Echis coloratus (Carpet viper)
A0A0A1WCL8	64175	Echis coloratus (Carpet viper)
A0A0A1WCM3	64175	Echis coloratus (Carpet viper)
A0A0A1WCM8	64175	Echis coloratus (Carpet viper)
A0A0A1WD01	64175	Echis coloratus (Carpet viper)
A0A0A1WD17	64175	Echis coloratus (Carpet viper)
A0A0A1WD30	64175	Echis coloratus (Carpet viper)
A0A0A1WD34	64175	Echis coloratus (Carpet viper)
A0A0A1WDR0	64175	Echis coloratus (Carpet viper)
A0A0A1WDS0	64175	Echis coloratus (Carpet viper)
A0A0A1WDS1	64175	Echis coloratus (Carpet viper)
A0A0A1WDS6	64175	Echis coloratus (Carpet viper)
A0A0A1WDV1	64175	Echis coloratus (Carpet viper)
A0A0A1WDW9	64175	Echis coloratus (Carpet viper)
A0A0A1WDX5	64175	Echis coloratus (Carpet viper)
A0A0B4SXI8	1050405	Philodryas chamissonis
A0A0C5DKL1	3148341	Macrovipera lebetinus (Levantine viper) (Vipera lebetina)
A0A0F7YYW3	8637	Micrurus fulvius (Eastern coral snake) (Coluber fulvius)
A0A0F7Z0Y7	8729	Crotalus adamanteus (Eastern diamondback rattlesnake)
A0A0F7Z2N8	8729	Crotalus adamanteus (Eastern diamondback rattlesnake)
A0A0F7Z2Q6	8729	Crotalus adamanteus (Eastern diamondback rattlesnake)
A0A0F7Z2U7	8729	Crotalus adamanteus (Eastern diamondback rattlesnake)
A0A0F7Z3A7	8729	Crotalus adamanteus (Eastern diamondback rattlesnake)
A0A0F7Z3H3	8729	Crotalus adamanteus (Eastern diamondback rattlesnake)
A0A0F7Z3H4	8729	Crotalus adamanteus (Eastern diamondback rattlesnake)
A0A0F7Z7E6	8729	Crotalus adamanteus (Eastern diamondback rattlesnake)
A0A0F7ZDX6	8729	Crotalus adamanteus (Eastern diamondback rattlesnake)
A0A0G3YJD1	39023	Micrurus diastema (variable coral snake)
A0A0H4IVP7	1675716	Micrurus browni (Brown's coral snake)
A0A0H4J512	1675716	Micrurus browni (Brown's coral snake)
A0A0M4AL12	44732	Gloydius intermedius (Central Asian pit viper) (Agkistrodon intermedius)
A0A0M4MEY5	36307	Deinagkistrodon acutus (Hundred-pace snake) (Agkistrodon acutus)
A0A140DC06	8692	Bitis arietans (African puff adder)
A0A141DWL8	2759634	Pseudagkistrodon rudis (Red keelback)
A0A141DWM0	2759634	Pseudagkistrodon rudis (Red keelback)
A0A191UIN6	8722	Bothrops asper (Terciopelo)
A0A191UIS3	99586	Echis ocellatus (Ocellated saw-scaled viper)
A0A191UIS4	44729	Atropoides picadoi (Picado's pit viper) (Porthidium picadoi)
A0A191UIS5	8665	Ophiophagus hannah (King cobra) (Naja hannah)
A0A191UIS7	35670	Naja naja (Indian cobra)
A0A191UIT0	8574	Boa constrictor (Boa)
A0A191UIV2	44727	Bothriechis lateralis (Side-striped palm pitviper)
A0A191UIV5	99586	Echis ocellatus (Ocellated saw-scaled viper)
A0A191UIV7	8722	Bothrops asper (Terciopelo)
A0A191UIW0	44729	Atropoides picadoi (Picado's pit viper) (Porthidium picadoi)
A0A191UIW2	8574	Boa constrictor (Boa)
A0A191UIW4	44727	Bothriechis lateralis (Side-striped palm pitviper)
A0A191UIW7	8665	Ophiophagus hannah (King cobra) (Naja hannah)
A0A191UIY3	122933	Zamenis scalaris (Ladder snake)
A0A191UIY4	122933	Zamenis scalaris (Ladder snake)
A0A193CHJ2	1043006	Crotalus tzabcan (Yucatan neotropical rattlesnake) (Crotalus simus tzabcan)
A0A193CHJ4	1043006	Crotalus tzabcan (Yucatan neotropical rattlesnake) (Crotalus simus tzabcan)
A0A193CHJ9	1043006	Crotalus tzabcan (Yucatan neotropical rattlesnake) (Crotalus simus tzabcan)
A0A1B3AXS3	8692	Bitis arietans (African puff adder)
A0A1D8BAW6	61265	Pseudechis papuanus (Papuan black snake)
A0A1D8BAX9	61265	Pseudechis papuanus (Papuan black snake)
A0A1I9KNP4	8705	Vipera ammodytes ammodytes (Western sand viper)
A0A1I9KNR4	8705	Vipera ammodytes ammodytes (Western sand viper)
A0A1I9KNR7	8705	Vipera ammodytes ammodytes (Western sand viper)
A0A1J0CQH1	35670	Naja naja (Indian cobra)
A0A1J0CZN0	8705	Vipera ammodytes ammodytes (Western sand viper)
A0A1J0CZN1	8705	Vipera ammodytes ammodytes (Western sand viper)
A0A1L8D5Z9	8725	Bothrops atrox (Barba amarilla) (Fer-de-lance)
A0A1L8D609	8725	Bothrops atrox (Barba amarilla) (Fer-de-lance)
A0A1L8D613	8725	Bothrops atrox (Barba amarilla) (Fer-de-lance)
A0A1L8D618	8725	Bothrops atrox (Barba amarilla) (Fer-de-lance)
A0A1L8D619	8725	Bothrops atrox (Barba amarilla) (Fer-de-lance)
A0A1L8D622	8725	Bothrops atrox (Barba amarilla) (Fer-de-lance)
A0A1L8D623	8725	Bothrops atrox (Barba amarilla) (Fer-de-lance)
A0A1L8D624	8725	Bothrops atrox (Barba amarilla) (Fer-de-lance)
A0A1L8D627	8725	Bothrops atrox (Barba amarilla) (Fer-de-lance)
A0A1L8D629	8725	Bothrops atrox (Barba amarilla) (Fer-de-lance)
A0A1L8D630	8725	Bothrops atrox (Barba amarilla) (Fer-de-lance)
A0A1L8D631	8725	Bothrops atrox (Barba amarilla) (Fer-de-lance)
A0A1L8D632	8725	Bothrops atrox (Barba amarilla) (Fer-de-lance)
A0A1L8D634	8725	Bothrops atrox (Barba amarilla) (Fer-de-lance)
A0A1L8D636	8725	Bothrops atrox (Barba amarilla) (Fer-de-lance)
A0A1L8D638	8725	Bothrops atrox (Barba amarilla) (Fer-de-lance)
A0A1L8D639	8725	Bothrops atrox (Barba amarilla) (Fer-de-lance)
A0A1L8D640	8725	Bothrops atrox (Barba amarilla) (Fer-de-lance)
A0A1L8D643	8725	Bothrops atrox (Barba amarilla) (Fer-de-lance)
A0A1L8D644	8725	Bothrops atrox (Barba amarilla) (Fer-de-lance)
A0A1L8D645	8725	Bothrops atrox (Barba amarilla) (Fer-de-lance)
A0A1L8D647	8725	Bothrops atrox (Barba amarilla) (Fer-de-lance)
A0A1L8D648	8725	Bothrops atrox (Barba amarilla) (Fer-de-lance)
A0A1L8D650	8725	Bothrops atrox (Barba amarilla) (Fer-de-lance)
A0A1L8D653	8725	Bothrops atrox (Barba amarilla) (Fer-de-lance)
A0A1L8D654	8725	Bothrops atrox (Barba amarilla) (Fer-de-lance)
A0A1L8D657	8725	Bothrops atrox (Barba amarilla) (Fer-de-lance)
A0A1L8D659	8725	Bothrops atrox (Barba amarilla) (Fer-de-lance)
A0A1L8D661	8725	Bothrops atrox (Barba amarilla) (Fer-de-lance)
A0A1L8D663	8725	Bothrops atrox (Barba amarilla) (Fer-de-lance)
A0A1L8D670	8725	Bothrops atrox (Barba amarilla) (Fer-de-lance)
A0A1L8D672	8725	Bothrops atrox (Barba amarilla) (Fer-de-lance)
A0A1L8D673	8725	Bothrops atrox (Barba amarilla) (Fer-de-lance)
A0A1L8D678	8725	Bothrops atrox (Barba amarilla) (Fer-de-lance)
A0A1L8D687	8725	Bothrops atrox (Barba amarilla) (Fer-de-lance)
A0A1L8D697	8725	Bothrops atrox (Barba amarilla) (Fer-de-lance)
A0A1L8D6A2	8725	Bothrops atrox (Barba amarilla) (Fer-de-lance)
A0A1L8D6A6	8725	Bothrops atrox (Barba amarilla) (Fer-de-lance)
A0A1L8D6B2	8725	Bothrops atrox (Barba amarilla) (Fer-de-lance)
A0A1L8D6B3	8725	Bothrops atrox (Barba amarilla) (Fer-de-lance)
A0A1L8D6B9	8725	Bothrops atrox (Barba amarilla) (Fer-de-lance)
A0A1L8D6C2	8725	Bothrops atrox (Barba amarilla) (Fer-de-lance)
A0A1L8D6C7	8725	Bothrops atrox (Barba amarilla) (Fer-de-lance)
A0A1L8D6C9	8725	Bothrops atrox (Barba amarilla) (Fer-de-lance)
A0A1L8D6D7	8725	Bothrops atrox (Barba amarilla) (Fer-de-lance)
A0A1L8D6E0	8725	Bothrops atrox (Barba amarilla) (Fer-de-lance)
A0A1L8D6E3	8725	Bothrops atrox (Barba amarilla) (Fer-de-lance)
A0A1L8D6E6	8725	Bothrops atrox (Barba amarilla) (Fer-de-lance)
A0A1L8D6E9	8725	Bothrops atrox (Barba amarilla) (Fer-de-lance)
A0A1L8D6F1	8725	Bothrops atrox (Barba amarilla) (Fer-de-lance)
A0A1L8D6F6	8725	Bothrops atrox (Barba amarilla) (Fer-de-lance)
A0A1L8D6F9	8725	Bothrops atrox (Barba amarilla) (Fer-de-lance)
A0A1L8D6G5	8725	Bothrops atrox (Barba amarilla) (Fer-de-lance)
A0A1L8D6G9	8725	Bothrops atrox (Barba amarilla) (Fer-de-lance)
A0A1L8D6H4	8725	Bothrops atrox (Barba amarilla) (Fer-de-lance)
A0A1L8D6H8	8725	Bothrops atrox (Barba amarilla) (Fer-de-lance)
A0A1W7RBC3	8729	Crotalus adamanteus (Eastern diamondback rattlesnake)
A0A223PK16	8707	Daboia russelii (Russel's viper) (Vipera russelii)
A0A223PK20	8707	Daboia russelii (Russel's viper) (Vipera russelii)
A0A223PK21	8707	Daboia russelii (Russel's viper) (Vipera russelii)
A0A223PK22	8707	Daboia russelii (Russel's viper) (Vipera russelii)
A0A223PK26	8707	Daboia russelii (Russel's viper) (Vipera russelii)
A0A223PK28	8707	Daboia russelii (Russel's viper) (Vipera russelii)
A0A223PK48	8707	Daboia russelii (Russel's viper) (Vipera russelii)
A0A2H4N3D1	98334	Bothrops moojeni (Lance-headed viper) (Caissaca)
A0A2H4N3D3	98334	Bothrops moojeni (Lance-headed viper) (Caissaca)
A0A2H4N3D5	98334	Bothrops moojeni (Lance-headed viper) (Caissaca)
A0A2H4N3D6	98334	Bothrops moojeni (Lance-headed viper) (Caissaca)
A0A2H4Z2X6	343250	Daboia siamensis (Eastern Russel's viper) (Daboia russelii siamensis)
A0A2H4Z2X7	343250	Daboia siamensis (Eastern Russel's viper) (Daboia russelii siamensis)
A0A2H4Z2Y1	343250	Daboia siamensis (Eastern Russel's viper) (Daboia russelii siamensis)
A0A2Z4N9X2	1899461	Philothamnus irregularis (brown tree snake)
A0A346CIA6	1899469	Spilotes sulphureus (Amazon puffing snake) (Natrix sulphurea)
A0A346CLV7	1260276	Borikenophis portoricensis (Puerto Rican racer) (Alsophis portoricensis)
A0A346CLV8	1260276	Borikenophis portoricensis (Puerto Rican racer) (Alsophis portoricensis)
A0A346CLV9	1260276	Borikenophis portoricensis (Puerto Rican racer) (Alsophis portoricensis)
A0A346CLW0	1260276	Borikenophis portoricensis (Puerto Rican racer) (Alsophis portoricensis)
A0A346CLY3	499056	Ahaetulla prasina
A0A346CM05	499056	Ahaetulla prasina
A0A670XU06	8673	Pseudonaja textilis (Eastern brown snake)
A0A670Y7T3	8673	Pseudonaja textilis (Eastern brown snake)
A0A670YBA5	8673	Pseudonaja textilis (Eastern brown snake)
A0A670YCB4	8673	Pseudonaja textilis (Eastern brown snake)
A0A670YES4	8673	Pseudonaja textilis (Eastern brown snake)
A0A670YF05	8673	Pseudonaja textilis (Eastern brown snake)
A0A670YFC6	8673	Pseudonaja textilis (Eastern brown snake)
A0A670YFK1	8673	Pseudonaja textilis (Eastern brown snake)
A0A670YHN0	8673	Pseudonaja textilis (Eastern brown snake)
A0A670YMA9	8673	Pseudonaja textilis (Eastern brown snake)
A0A670YNB5	8673	Pseudonaja textilis (Eastern brown snake)
A0A670YRG0	8673	Pseudonaja textilis (Eastern brown snake)
A0A670YRH6	8673	Pseudonaja textilis (Eastern brown snake)
A0A670YRX9	8673	Pseudonaja textilis (Eastern brown snake)
A0A670YRZ0	8673	Pseudonaja textilis (Eastern brown snake)
A0A670YTK0	8673	Pseudonaja textilis (Eastern brown snake)
A0A670YVN4	8673	Pseudonaja textilis (Eastern brown snake)
A0A670YWY2	8673	Pseudonaja textilis (Eastern brown snake)
A0A670YX77	8673	Pseudonaja textilis (Eastern brown snake)
A0A670YXV4	8673	Pseudonaja textilis (Eastern brown snake)
A0A670YXY9	8673	Pseudonaja textilis (Eastern brown snake)
A0A670YXZ8	8673	Pseudonaja textilis (Eastern brown snake)
A0A670YY32	8673	Pseudonaja textilis (Eastern brown snake)
A0A670YY53	8673	Pseudonaja textilis (Eastern brown snake)
A0A670YZH3	8673	Pseudonaja textilis (Eastern brown snake)
A0A670Z089	8673	Pseudonaja textilis (Eastern brown snake)
A0A670Z092	8673	Pseudonaja textilis (Eastern brown snake)
A0A670Z094	8673	Pseudonaja textilis (Eastern brown snake)
A0A670Z2H0	8673	Pseudonaja textilis (Eastern brown snake)
A0A670Z3N3	8673	Pseudonaja textilis (Eastern brown snake)
A0A670Z4C4	8673	Pseudonaja textilis (Eastern brown snake)
A0A670Z4F0	8673	Pseudonaja textilis (Eastern brown snake)
A0A670Z4K0	8673	Pseudonaja textilis (Eastern brown snake)
A0A670Z4K9	8673	Pseudonaja textilis (Eastern brown snake)
A0A670Z5R8	8673	Pseudonaja textilis (Eastern brown snake)
A0A670Z658	8673	Pseudonaja textilis (Eastern brown snake)
A0A670Z6N2	8673	Pseudonaja textilis (Eastern brown snake)
A0A670Z8I6	8673	Pseudonaja textilis (Eastern brown snake)
A0A670Z8L6	8673	Pseudonaja textilis (Eastern brown snake)
A0A670Z9F0	8673	Pseudonaja textilis (Eastern brown snake)
A0A670ZCG9	8673	Pseudonaja textilis (Eastern brown snake)
A0A670ZCH7	8673	Pseudonaja textilis (Eastern brown snake)
A0A670ZF24	8673	Pseudonaja textilis (Eastern brown snake)
A0A670ZF85	8673	Pseudonaja textilis (Eastern brown snake)
A0A670ZJA6	8673	Pseudonaja textilis (Eastern brown snake)
A0A670ZN16	8673	Pseudonaja textilis (Eastern brown snake)
A0A670ZQG9	8673	Pseudonaja textilis (Eastern brown snake)
A0A670ZQM8	8673	Pseudonaja textilis (Eastern brown snake)
A0A670ZQU7	8673	Pseudonaja textilis (Eastern brown snake)
A0A670ZQZ9	8673	Pseudonaja textilis (Eastern brown snake)
A0A670ZR02	8673	Pseudonaja textilis (Eastern brown snake)
A0A670ZR39	8673	Pseudonaja textilis (Eastern brown snake)
A0A670ZR51	8673	Pseudonaja textilis (Eastern brown snake)
A0A670ZR54	8673	Pseudonaja textilis (Eastern brown snake)
A0A670ZUY1	8673	Pseudonaja textilis (Eastern brown snake)
A0A670ZVI2	8673	Pseudonaja textilis (Eastern brown snake)
A0A6B7FMP6	8705	Vipera ammodytes ammodytes (Western sand viper)
A0A6G5ZUA2	2604287	Vipera anatolica senliki (Anatolian meadow viper)
A0A6G5ZUA3	2604287	Vipera anatolica senliki (Anatolian meadow viper)
A0A6G5ZUL8	2604287	Vipera anatolica senliki (Anatolian meadow viper)
A0A6G5ZUZ2	2604287	Vipera anatolica senliki (Anatolian meadow viper)
A0A6G5ZVK4	2604287	Vipera anatolica senliki (Anatolian meadow viper)
A0A6G5ZVR7	2604287	Vipera anatolica senliki (Anatolian meadow viper)
A0A6G5ZVS7	2604287	Vipera anatolica senliki (Anatolian meadow viper)
A0A6G5ZW29	2604287	Vipera anatolica senliki (Anatolian meadow viper)
A0A6H1Z3X8	101163	Trimeresurus purpureomaculatus (Mangrove pit viper) (Cryptelytrops purpureomaculatus)
A0A6I9WVW1	35019	Thamnophis sirtalis
A0A6I9XM06	35019	Thamnophis sirtalis
A0A6I9XMK9	35019	Thamnophis sirtalis
A0A6I9XP91	35019	Thamnophis sirtalis
A0A6I9XQN1	35019	Thamnophis sirtalis
A0A6I9XR48	35019	Thamnophis sirtalis
A0A6I9XRD9	35019	Thamnophis sirtalis
A0A6I9XRG9	35019	Thamnophis sirtalis
A0A6I9XWH7	35019	Thamnophis sirtalis
A0A6I9XY14	35019	Thamnophis sirtalis
A0A6I9Y0B7	35019	Thamnophis sirtalis
A0A6I9Y1F9	35019	Thamnophis sirtalis
A0A6I9Y1S6	35019	Thamnophis sirtalis
A0A6I9Y269	35019	Thamnophis sirtalis
A0A6I9Y3Y0	35019	Thamnophis sirtalis
A0A6I9Y6J6	35019	Thamnophis sirtalis
A0A6I9Y860	35019	Thamnophis sirtalis
A0A6I9Y963	35019	Thamnophis sirtalis
A0A6I9YAN6	35019	Thamnophis sirtalis
A0A6I9YCV0	35019	Thamnophis sirtalis
A0A6I9YE12	35019	Thamnophis sirtalis
A0A6I9YPQ4	35019	Thamnophis sirtalis
A0A6I9YQR0	35019	Thamnophis sirtalis
A0A6I9YQU3	35019	Thamnophis sirtalis
A0A6I9YS60	35019	Thamnophis sirtalis
A0A6I9YU84	35019	Thamnophis sirtalis
A0A6I9YUC4	35019	Thamnophis sirtalis
A0A6I9YUV8	35019	Thamnophis sirtalis
A0A6I9YXJ9	35019	Thamnophis sirtalis
A0A6I9Z0L4	35019	Thamnophis sirtalis
A0A6I9Z8L8	35019	Thamnophis sirtalis
A0A6J1TW09	8663	Notechis scutatus (mainland tiger snake)
A0A6J1TY79	8663	Notechis scutatus (mainland tiger snake)
A0A6J1TYG6	8663	Notechis scutatus (mainland tiger snake)
A0A6J1TYX8	8663	Notechis scutatus (mainland tiger snake)
A0A6J1TZI9	8663	Notechis scutatus (mainland tiger snake)
A0A6J1U3K7	8663	Notechis scutatus (mainland tiger snake)
A0A6J1U606	8663	Notechis scutatus (mainland tiger snake)
A0A6J1UH79	8663	Notechis scutatus (mainland tiger snake)
A0A6J1UWG7	8663	Notechis scutatus (mainland tiger snake)
A0A6J1UX37	8663	Notechis scutatus (mainland tiger snake)
A0A6J1UXP1	8663	Notechis scutatus (mainland tiger snake)
A0A6J1UYZ3	8663	Notechis scutatus (mainland tiger snake)
A0A6J1UZF8	8663	Notechis scutatus (mainland tiger snake)
A0A6J1V0W1	8663	Notechis scutatus (mainland tiger snake)
A0A6J1V9D0	8663	Notechis scutatus (mainland tiger snake)
A0A6J1VAM2	8663	Notechis scutatus (mainland tiger snake)
A0A6J1VBW7	8663	Notechis scutatus (mainland tiger snake)
A0A6J1VFN9	8663	Notechis scutatus (mainland tiger snake)
A0A6J1VHM7	8663	Notechis scutatus (mainland tiger snake)
A0A6J1VHP0	8663	Notechis scutatus (mainland tiger snake)
A0A6J1VI58	8663	Notechis scutatus (mainland tiger snake)
A0A6J1VIH2	8663	Notechis scutatus (mainland tiger snake)
A0A6J1VII3	8663	Notechis scutatus (mainland tiger snake)
A0A6J1VIK0	8663	Notechis scutatus (mainland tiger snake)
A0A6J1VJU1	8663	Notechis scutatus (mainland tiger snake)
A0A6J1VJW0	8663	Notechis scutatus (mainland tiger snake)
A0A6J1VNG6	8663	Notechis scutatus (mainland tiger snake)
A0A6J1VNR8	8663	Notechis scutatus (mainland tiger snake)
A0A6J1VQ65	8663	Notechis scutatus (mainland tiger snake)
A0A6J1VQ84	8663	Notechis scutatus (mainland tiger snake)
A0A6J1VQ90	8663	Notechis scutatus (mainland tiger snake)
A0A6J1VS11	8663	Notechis scutatus (mainland tiger snake)
A0A6J1VS18	8663	Notechis scutatus (mainland tiger snake)
A0A6J1VTG0	8663	Notechis scutatus (mainland tiger snake)
A0A6J1VTG5	8663	Notechis scutatus (mainland tiger snake)
A0A6J1VUF3	8663	Notechis scutatus (mainland tiger snake)
A0A6J1VV14	8663	Notechis scutatus (mainland tiger snake)
A0A6J1VVV8	8663	Notechis scutatus (mainland tiger snake)
A0A6J1VVX1	8663	Notechis scutatus (mainland tiger snake)
A0A6J1VWA1	8663	Notechis scutatus (mainland tiger snake)
A0A6J1VWT6	8663	Notechis scutatus (mainland tiger snake)
A0A6J1VXN6	8663	Notechis scutatus (mainland tiger snake)
A0A6J1VYK4	8663	Notechis scutatus (mainland tiger snake)
A0A6J1VZY4	8663	Notechis scutatus (mainland tiger snake)
A0A6J1W0N0	8663	Notechis scutatus (mainland tiger snake)
A0A6J1W0U4	8663	Notechis scutatus (mainland tiger snake)
A0A6J1W175	8663	Notechis scutatus (mainland tiger snake)
A0A6J1W1I4	8663	Notechis scutatus (mainland tiger snake)
A0A6J1W235	8663	Notechis scutatus (mainland tiger snake)
A0A6J1W342	8663	Notechis scutatus (mainland tiger snake)
A0A6J1W407	8663	Notechis scutatus (mainland tiger snake)
A0A6J1W4D3	8663	Notechis scutatus (mainland tiger snake)
A0A6J1W4G5	8663	Notechis scutatus (mainland tiger snake)
A0A6J1W5V6	8663	Notechis scutatus (mainland tiger snake)
A0A6J1W5X0	8663	Notechis scutatus (mainland tiger snake)
A0A6J1W7P7	8663	Notechis scutatus (mainland tiger snake)
A0A6J1W7W6	8663	Notechis scutatus (mainland tiger snake)
A0A6J1W9J2	8663	Notechis scutatus (mainland tiger snake)
A0A6J1W9L1	8663	Notechis scutatus (mainland tiger snake)
A0A6J1WAM2	8663	Notechis scutatus (mainland tiger snake)
A0A6J1WAS1	8663	Notechis scutatus (mainland tiger snake)
A0A6J1WC72	8663	Notechis scutatus (mainland tiger snake)
A0A6J1WCF0	8663	Notechis scutatus (mainland tiger snake)
A0A6P9AM20	94885	Pantherophis guttatus (Corn snake) (Elaphe guttata)
A0A6P9AMY5	94885	Pantherophis guttatus (Corn snake) (Elaphe guttata)
A0A6P9AP42	94885	Pantherophis guttatus (Corn snake) (Elaphe guttata)
A0A6P9AQ85	94885	Pantherophis guttatus (Corn snake) (Elaphe guttata)
A0A6P9AU68	94885	Pantherophis guttatus (Corn snake) (Elaphe guttata)
A0A6P9B0I4	94885	Pantherophis guttatus (Corn snake) (Elaphe guttata)
A0A6P9B4L8	94885	Pantherophis guttatus (Corn snake) (Elaphe guttata)
A0A6P9B4S7	94885	Pantherophis guttatus (Corn snake) (Elaphe guttata)
A0A6P9B5N3	94885	Pantherophis guttatus (Corn snake) (Elaphe guttata)
A0A6P9B9Y3	94885	Pantherophis guttatus (Corn snake) (Elaphe guttata)
A0A6P9BAU2	94885	Pantherophis guttatus (Corn snake) (Elaphe guttata)
A0A6P9BE77	94885	Pantherophis guttatus (Corn snake) (Elaphe guttata)
A0A6P9BEX7	94885	Pantherophis guttatus (Corn snake) (Elaphe guttata)
A0A6P9BZU2	94885	Pantherophis guttatus (Corn snake) (Elaphe guttata)
A0A6P9C1I3	94885	Pantherophis guttatus (Corn snake) (Elaphe guttata)
A0A6P9C243	94885	Pantherophis guttatus (Corn snake) (Elaphe guttata)
A0A6P9C2G6	94885	Pantherophis guttatus (Corn snake) (Elaphe guttata)
A0A6P9C3Y1	94885	Pantherophis guttatus (Corn snake) (Elaphe guttata)
A0A6P9C4M9	94885	Pantherophis guttatus (Corn snake) (Elaphe guttata)
A0A6P9C4S1	94885	Pantherophis guttatus (Corn snake) (Elaphe guttata)
A0A6P9C4T4	94885	Pantherophis guttatus (Corn snake) (Elaphe guttata)
A0A6P9C4W3	94885	Pantherophis guttatus (Corn snake) (Elaphe guttata)
A0A6P9C522	94885	Pantherophis guttatus (Corn snake) (Elaphe guttata)
A0A6P9C6G3	94885	Pantherophis guttatus (Corn snake) (Elaphe guttata)
A0A6P9C6I1	94885	Pantherophis guttatus (Corn snake) (Elaphe guttata)
A0A6P9C7D9	94885	Pantherophis guttatus (Corn snake) (Elaphe guttata)
A0A6P9C849	94885	Pantherophis guttatus (Corn snake) (Elaphe guttata)
A0A6P9C8Z9	94885	Pantherophis guttatus (Corn snake) (Elaphe guttata)
A0A6P9CC04	94885	Pantherophis guttatus (Corn snake) (Elaphe guttata)
A0A6P9CCG8	94885	Pantherophis guttatus (Corn snake) (Elaphe guttata)
A0A6P9CCJ1	94885	Pantherophis guttatus (Corn snake) (Elaphe guttata)
A0A6P9CCT4	94885	Pantherophis guttatus (Corn snake) (Elaphe guttata)
A0A6P9CDM8	94885	Pantherophis guttatus (Corn snake) (Elaphe guttata)
A0A6P9CE03	94885	Pantherophis guttatus (Corn snake) (Elaphe guttata)
A0A6P9CWN9	94885	Pantherophis guttatus (Corn snake) (Elaphe guttata)
A0A6P9DA19	94885	Pantherophis guttatus (Corn snake) (Elaphe guttata)
A0A6P9DE21	94885	Pantherophis guttatus (Corn snake) (Elaphe guttata)
A0A7R7T1Q6	110212	Montivipera raddei (Caucasus viper)
A0A898IKE8	8633	Calliophis bivirgatus (Blue Malaysian coral snake) (Maticora bivirgata)
A0A898ILB7	8633	Calliophis bivirgatus (Blue Malaysian coral snake) (Maticora bivirgata)
A0A898INB6	8633	Calliophis bivirgatus (Blue Malaysian coral snake) (Maticora bivirgata)
A0A898INI2	8633	Calliophis bivirgatus (Blue Malaysian coral snake) (Maticora bivirgata)
A0A898INP5	8633	Calliophis bivirgatus (Blue Malaysian coral snake) (Maticora bivirgata)
A0A898IPM7	8633	Calliophis bivirgatus (Blue Malaysian coral snake) (Maticora bivirgata)
A0A898IPP5	8633	Calliophis bivirgatus (Blue Malaysian coral snake) (Maticora bivirgata)
A0A8C5RD39	8630	Laticauda laticaudata (Blue-ringed sea krait) (Blue-lipped sea krait)
A0A8C5REK1	8630	Laticauda laticaudata (Blue-ringed sea krait) (Blue-lipped sea krait)
A0A8C5RJ29	8630	Laticauda laticaudata (Blue-ringed sea krait) (Blue-lipped sea krait)
A0A8C5RJP3	8630	Laticauda laticaudata (Blue-ringed sea krait) (Blue-lipped sea krait)
A0A8C5RK17	8630	Laticauda laticaudata (Blue-ringed sea krait) (Blue-lipped sea krait)
A0A8C5RTB8	8630	Laticauda laticaudata (Blue-ringed sea krait) (Blue-lipped sea krait)
A0A8C5RTK4	8630	Laticauda laticaudata (Blue-ringed sea krait) (Blue-lipped sea krait)
A0A8C5RV81	8630	Laticauda laticaudata (Blue-ringed sea krait) (Blue-lipped sea krait)
A0A8C5RVC2	8630	Laticauda laticaudata (Blue-ringed sea krait) (Blue-lipped sea krait)
A0A8C5RW62	8630	Laticauda laticaudata (Blue-ringed sea krait) (Blue-lipped sea krait)
A0A8C5RXN5	8630	Laticauda laticaudata (Blue-ringed sea krait) (Blue-lipped sea krait)
A0A8C5RYQ7	8630	Laticauda laticaudata (Blue-ringed sea krait) (Blue-lipped sea krait)
A0A8C5RZK3	8630	Laticauda laticaudata (Blue-ringed sea krait) (Blue-lipped sea krait)
A0A8C5S086	8630	Laticauda laticaudata (Blue-ringed sea krait) (Blue-lipped sea krait)
A0A8C5S1R5	8630	Laticauda laticaudata (Blue-ringed sea krait) (Blue-lipped sea krait)
A0A8C5S2I1	8630	Laticauda laticaudata (Blue-ringed sea krait) (Blue-lipped sea krait)
A0A8C5S2M0	8630	Laticauda laticaudata (Blue-ringed sea krait) (Blue-lipped sea krait)
A0A8C5S3N3	8630	Laticauda laticaudata (Blue-ringed sea krait) (Blue-lipped sea krait)
A0A8C5SA07	8630	Laticauda laticaudata (Blue-ringed sea krait) (Blue-lipped sea krait)
A0A8C5SAJ0	8630	Laticauda laticaudata (Blue-ringed sea krait) (Blue-lipped sea krait)
A0A8C5SAQ1	8630	Laticauda laticaudata (Blue-ringed sea krait) (Blue-lipped sea krait)
A0A8C5SCH9	8630	Laticauda laticaudata (Blue-ringed sea krait) (Blue-lipped sea krait)
A0A8C5SDV7	8630	Laticauda laticaudata (Blue-ringed sea krait) (Blue-lipped sea krait)
A0A8C5SFQ0	8630	Laticauda laticaudata (Blue-ringed sea krait) (Blue-lipped sea krait)
A0A8C5SFY0	8630	Laticauda laticaudata (Blue-ringed sea krait) (Blue-lipped sea krait)
A0A8C5SG51	8630	Laticauda laticaudata (Blue-ringed sea krait) (Blue-lipped sea krait)
A0A8C5SGA2	8630	Laticauda laticaudata (Blue-ringed sea krait) (Blue-lipped sea krait)
A0A8C5SHP0	8630	Laticauda laticaudata (Blue-ringed sea krait) (Blue-lipped sea krait)
A0A8C5SLD0	8630	Laticauda laticaudata (Blue-ringed sea krait) (Blue-lipped sea krait)
A0A8C5SNY7	8630	Laticauda laticaudata (Blue-ringed sea krait) (Blue-lipped sea krait)
A0A8C5SPL7	8630	Laticauda laticaudata (Blue-ringed sea krait) (Blue-lipped sea krait)
A0A8C5SQ88	8630	Laticauda laticaudata (Blue-ringed sea krait) (Blue-lipped sea krait)
A0A8C5SQG3	8630	Laticauda laticaudata (Blue-ringed sea krait) (Blue-lipped sea krait)
A0A8C5ST13	8630	Laticauda laticaudata (Blue-ringed sea krait) (Blue-lipped sea krait)
A0A8C5SU10	8630	Laticauda laticaudata (Blue-ringed sea krait) (Blue-lipped sea krait)
A0A8C5SW66	8630	Laticauda laticaudata (Blue-ringed sea krait) (Blue-lipped sea krait)
A0A8C5SWX5	8630	Laticauda laticaudata (Blue-ringed sea krait) (Blue-lipped sea krait)
A0A8C5WNC1	8630	Laticauda laticaudata (Blue-ringed sea krait) (Blue-lipped sea krait)
A0A8C5WTR7	8630	Laticauda laticaudata (Blue-ringed sea krait) (Blue-lipped sea krait)
A0A8C5WU48	8630	Laticauda laticaudata (Blue-ringed sea krait) (Blue-lipped sea krait)
A0A8C6V4P8	35670	Naja naja (Indian cobra)
A0A8C6V6H8	35670	Naja naja (Indian cobra)
A0A8C6V6K6	35670	Naja naja (Indian cobra)
A0A8C6V7E0	35670	Naja naja (Indian cobra)
A0A8C6V7J9	35670	Naja naja (Indian cobra)
A0A8C6V7S8	35670	Naja naja (Indian cobra)
A0A8C6V835	35670	Naja naja (Indian cobra)
A0A8C6V8G5	35670	Naja naja (Indian cobra)
A0A8C6V8W4	35670	Naja naja (Indian cobra)
A0A8C6V912	35670	Naja naja (Indian cobra)
A0A8C6V943	35670	Naja naja (Indian cobra)
A0A8C6VC33	35670	Naja naja (Indian cobra)
A0A8C6VC53	35670	Naja naja (Indian cobra)
A0A8C6VCC5	35670	Naja naja (Indian cobra)
A0A8C6VCL4	35670	Naja naja (Indian cobra)
A0A8C6VCQ2	35670	Naja naja (Indian cobra)
A0A8C6VDT1	35670	Naja naja (Indian cobra)
A0A8C6VDU4	35670	Naja naja (Indian cobra)
A0A8C6VDW6	35670	Naja naja (Indian cobra)
A0A8C6VE02	35670	Naja naja (Indian cobra)
A0A8C6VE18	35670	Naja naja (Indian cobra)
A0A8C6VEG5	35670	Naja naja (Indian cobra)
A0A8C6VEH5	35670	Naja naja (Indian cobra)
A0A8C6VEI9	35670	Naja naja (Indian cobra)
A0A8C6VEL6	35670	Naja naja (Indian cobra)
A0A8C6VF25	35670	Naja naja (Indian cobra)
A0A8C6VFD8	35670	Naja naja (Indian cobra)
A0A8C6VFV7	35670	Naja naja (Indian cobra)
A0A8C6VG19	35670	Naja naja (Indian cobra)
A0A8C6VGD7	35670	Naja naja (Indian cobra)
A0A8C6VHV0	35670	Naja naja (Indian cobra)
A0A8C6VHX8	35670	Naja naja (Indian cobra)
A0A8C6VKX1	35670	Naja naja (Indian cobra)
A0A8C6VM42	35670	Naja naja (Indian cobra)
A0A8C6VPF7	35670	Naja naja (Indian cobra)
A0A8C6VRG0	35670	Naja naja (Indian cobra)
A0A8C6X0P9	35670	Naja naja (Indian cobra)
A0A8C6X0T7	35670	Naja naja (Indian cobra)
A0A8C6X0Z8	35670	Naja naja (Indian cobra)
A0A8C6X199	35670	Naja naja (Indian cobra)
A0A8C6X1V1	35670	Naja naja (Indian cobra)
A0A8C6X2R8	35670	Naja naja (Indian cobra)
A0A8C6X316	35670	Naja naja (Indian cobra)
A0A8C6X3M4	35670	Naja naja (Indian cobra)
A0A8C6X4F2	35670	Naja naja (Indian cobra)
A0A8C6X4Z0	35670	Naja naja (Indian cobra)
A0A8C6X5K5	35670	Naja naja (Indian cobra)
A0A8C6X5N5	35670	Naja naja (Indian cobra)
A0A8C6X7I0	35670	Naja naja (Indian cobra)
A0A8C6X7K3	35670	Naja naja (Indian cobra)
A0A8C6X7N4	35670	Naja naja (Indian cobra)
A0A8C6X800	35670	Naja naja (Indian cobra)
A0A8C6XFL0	35670	Naja naja (Indian cobra)
A0A8C6XQZ1	35670	Naja naja (Indian cobra)
A0A8C6Y1P2	35670	Naja naja (Indian cobra)
A0A8C6Y651	35670	Naja naja (Indian cobra)
A0A8C6Y962	35670	Naja naja (Indian cobra)
A0A8C6YJW3	35670	Naja naja (Indian cobra)
A0A8C6YLC8	35670	Naja naja (Indian cobra)
A0A8C7DRJ6	35670	Naja naja (Indian cobra)
A0A8C7E5D9	35670	Naja naja (Indian cobra)
A0A8T1N2H8	8724	Bothrops jararaca (Jararaca) (Bothrops jajaraca)
A0A8T1N2Z0	8724	Bothrops jararaca (Jararaca) (Bothrops jajaraca)
A0A8T1N374	8724	Bothrops jararaca (Jararaca) (Bothrops jajaraca)
A0A8T1N412	8724	Bothrops jararaca (Jararaca) (Bothrops jajaraca)
A0A8T1N4Z9	8724	Bothrops jararaca (Jararaca) (Bothrops jajaraca)
A0A8T1N5V4	8724	Bothrops jararaca (Jararaca) (Bothrops jajaraca)
A0A9F2KWT1	176946	Python bivittatus (Burmese python) (Python molurus bivittatus)
A0A9F2NIU0	176946	Python bivittatus (Burmese python) (Python molurus bivittatus)
A0A9F2NPK8	176946	Python bivittatus (Burmese python) (Python molurus bivittatus)
A0A9F2NWC6	176946	Python bivittatus (Burmese python) (Python molurus bivittatus)
A0A9F2QU21	176946	Python bivittatus (Burmese python) (Python molurus bivittatus)
A0A9F2QYF7	176946	Python bivittatus (Burmese python) (Python molurus bivittatus)
A0A9F2QYI3	176946	Python bivittatus (Burmese python) (Python molurus bivittatus)
A0A9F2QZ67	176946	Python bivittatus (Burmese python) (Python molurus bivittatus)
A0A9F2QZ86	176946	Python bivittatus (Burmese python) (Python molurus bivittatus)
A0A9F2R321	176946	Python bivittatus (Burmese python) (Python molurus bivittatus)
A0A9F2R615	176946	Python bivittatus (Burmese python) (Python molurus bivittatus)
A0A9F2R741	176946	Python bivittatus (Burmese python) (Python molurus bivittatus)
A0A9F2R883	176946	Python bivittatus (Burmese python) (Python molurus bivittatus)
A0A9F2RA47	176946	Python bivittatus (Burmese python) (Python molurus bivittatus)
A0A9F2RAH8	176946	Python bivittatus (Burmese python) (Python molurus bivittatus)
A0A9F2RDM7	176946	Python bivittatus (Burmese python) (Python molurus bivittatus)
A0A9F2RDX2	176946	Python bivittatus (Burmese python) (Python molurus bivittatus)
A0A9F2RE56	176946	Python bivittatus (Burmese python) (Python molurus bivittatus)
A0A9F2REA3	176946	Python bivittatus (Burmese python) (Python molurus bivittatus)
A0A9F2REF8	176946	Python bivittatus (Burmese python) (Python molurus bivittatus)
A0A9F2REN1	176946	Python bivittatus (Burmese python) (Python molurus bivittatus)
A0A9F2RFV1	176946	Python bivittatus (Burmese python) (Python molurus bivittatus)
A0A9F2WFZ6	176946	Python bivittatus (Burmese python) (Python molurus bivittatus)
A0A9F2WID4	176946	Python bivittatus (Burmese python) (Python molurus bivittatus)
A0A9F2WIM9	176946	Python bivittatus (Burmese python) (Python molurus bivittatus)
A0A9F2WKN7	176946	Python bivittatus (Burmese python) (Python molurus bivittatus)
A0A9F3QTI3	176946	Python bivittatus (Burmese python) (Python molurus bivittatus)
A0A9F3QUA3	176946	Python bivittatus (Burmese python) (Python molurus bivittatus)
A0A9F3QUU8	176946	Python bivittatus (Burmese python) (Python molurus bivittatus)
A0A9F3QV66	176946	Python bivittatus (Burmese python) (Python molurus bivittatus)
A0A9F3QVY8	176946	Python bivittatus (Burmese python) (Python molurus bivittatus)
A0A9F3QW06	176946	Python bivittatus (Burmese python) (Python molurus bivittatus)
A0A9F3W112	176946	Python bivittatus (Burmese python) (Python molurus bivittatus)
A0A9F3W1B2	176946	Python bivittatus (Burmese python) (Python molurus bivittatus)
A0A9F3W1I8	176946	Python bivittatus (Burmese python) (Python molurus bivittatus)
A0A9F5IB29	176946	Python bivittatus (Burmese python) (Python molurus bivittatus)
A0A9F5IW24	176946	Python bivittatus (Burmese python) (Python molurus bivittatus)
A0A9F5IX87	176946	Python bivittatus (Burmese python) (Python molurus bivittatus)
A0A9F5IY55	176946	Python bivittatus (Burmese python) (Python molurus bivittatus)
A0A9F5IY59	176946	Python bivittatus (Burmese python) (Python molurus bivittatus)
A0A9F5IZN4	176946	Python bivittatus (Burmese python) (Python molurus bivittatus)
A0A9F5J1F5	176946	Python bivittatus (Burmese python) (Python molurus bivittatus)
A0A9F5J335	176946	Python bivittatus (Burmese python) (Python molurus bivittatus)
A0A9F5J4R1	176946	Python bivittatus (Burmese python) (Python molurus bivittatus)
A0A9F5J5K5	176946	Python bivittatus (Burmese python) (Python molurus bivittatus)
A0A9F5J6P0	176946	Python bivittatus (Burmese python) (Python molurus bivittatus)
A0A9F5J7B6	176946	Python bivittatus (Burmese python) (Python molurus bivittatus)
A0A9F5J824	176946	Python bivittatus (Burmese python) (Python molurus bivittatus)
A0A9F5J8U2	176946	Python bivittatus (Burmese python) (Python molurus bivittatus)
A0A9F5J8W9	176946	Python bivittatus (Burmese python) (Python molurus bivittatus)
A0A9F5J927	176946	Python bivittatus (Burmese python) (Python molurus bivittatus)
A0A9F5JBE1	176946	Python bivittatus (Burmese python) (Python molurus bivittatus)
A0A9F5JBZ5	176946	Python bivittatus (Burmese python) (Python molurus bivittatus)
A0A9F5JD59	176946	Python bivittatus (Burmese python) (Python molurus bivittatus)
A0A9F5JFG3	176946	Python bivittatus (Burmese python) (Python molurus bivittatus)
A0A9F5MQ85	176946	Python bivittatus (Burmese python) (Python molurus bivittatus)
A0A9F5MUP2	176946	Python bivittatus (Burmese python) (Python molurus bivittatus)
A0A9F5MWS7	176946	Python bivittatus (Burmese python) (Python molurus bivittatus)
A0A9F5N197	176946	Python bivittatus (Burmese python) (Python molurus bivittatus)
A0A9F5N3B3	176946	Python bivittatus (Burmese python) (Python molurus bivittatus)
A0A9F5N5U3	176946	Python bivittatus (Burmese python) (Python molurus bivittatus)
A0AAW1AQ71	8729	Crotalus adamanteus (Eastern diamondback rattlesnake)
A0AAW1AQE8	8729	Crotalus adamanteus (Eastern diamondback rattlesnake)
A0AAW1ARG4	8729	Crotalus adamanteus (Eastern diamondback rattlesnake)
A0AAW1AS68	8729	Crotalus adamanteus (Eastern diamondback rattlesnake)
A0AAW1AUZ4	8729	Crotalus adamanteus (Eastern diamondback rattlesnake)
A0AAW1AV06	8729	Crotalus adamanteus (Eastern diamondback rattlesnake)
A0AAW1AVR3	8729	Crotalus adamanteus (Eastern diamondback rattlesnake)
A0AAW1AWU4	8729	Crotalus adamanteus (Eastern diamondback rattlesnake)
A0AAW1AYC4	8729	Crotalus adamanteus (Eastern diamondback rattlesnake)
A0AAW1AZV8	8729	Crotalus adamanteus (Eastern diamondback rattlesnake)
A0AAW1B088	8729	Crotalus adamanteus (Eastern diamondback rattlesnake)
A0AAW1B0M8	8729	Crotalus adamanteus (Eastern diamondback rattlesnake)
A0AAW1B141	8729	Crotalus adamanteus (Eastern diamondback rattlesnake)
A0AAW1B4P3	8729	Crotalus adamanteus (Eastern diamondback rattlesnake)
A0AAW1B584	8729	Crotalus adamanteus (Eastern diamondback rattlesnake)
A0AAW1B5G1	8729	Crotalus adamanteus (Eastern diamondback rattlesnake)
A0AAW1B982	8729	Crotalus adamanteus (Eastern diamondback rattlesnake)
A0AAW1BCN7	8729	Crotalus adamanteus (Eastern diamondback rattlesnake)
A0AAW1BDH9	8729	Crotalus adamanteus (Eastern diamondback rattlesnake)
A0AAW1BDN4	8729	Crotalus adamanteus (Eastern diamondback rattlesnake)
A0AAW1BDP1	8729	Crotalus adamanteus (Eastern diamondback rattlesnake)
A0AAW1BDQ2	8729	Crotalus adamanteus (Eastern diamondback rattlesnake)
A0AAW1BEA6	8729	Crotalus adamanteus (Eastern diamondback rattlesnake)
A0AAW1BEF1	8729	Crotalus adamanteus (Eastern diamondback rattlesnake)
A0AAW1BER7	8729	Crotalus adamanteus (Eastern diamondback rattlesnake)
A0AAW1BEV4	8729	Crotalus adamanteus (Eastern diamondback rattlesnake)
A0AAW1BFU0	8729	Crotalus adamanteus (Eastern diamondback rattlesnake)
A0AAW1BQ28	8729	Crotalus adamanteus (Eastern diamondback rattlesnake)
A0AAW1BSY2	8729	Crotalus adamanteus (Eastern diamondback rattlesnake)
A0AAW1BSY8	8729	Crotalus adamanteus (Eastern diamondback rattlesnake)
A0AAW1BT23	8729	Crotalus adamanteus (Eastern diamondback rattlesnake)
A0AAW1BT49	8729	Crotalus adamanteus (Eastern diamondback rattlesnake)
A0AAW1BT82	8729	Crotalus adamanteus (Eastern diamondback rattlesnake)
A0AAW1BU64	8729	Crotalus adamanteus (Eastern diamondback rattlesnake)
A0AAW1BUC3	8729	Crotalus adamanteus (Eastern diamondback rattlesnake)
A0AAW1BUL0	8729	Crotalus adamanteus (Eastern diamondback rattlesnake)
A0AAW1BUN9	8729	Crotalus adamanteus (Eastern diamondback rattlesnake)
A0AAW1BUQ7	8729	Crotalus adamanteus (Eastern diamondback rattlesnake)
A0AAW1BUR4	8729	Crotalus adamanteus (Eastern diamondback rattlesnake)
A0AAW1BUV9	8729	Crotalus adamanteus (Eastern diamondback rattlesnake)
A0AAW1BUW4	8729	Crotalus adamanteus (Eastern diamondback rattlesnake)
A0AAW1BUZ5	8729	Crotalus adamanteus (Eastern diamondback rattlesnake)
A0AAW1BV16	8729	Crotalus adamanteus (Eastern diamondback rattlesnake)
A0AAW1BV93	8729	Crotalus adamanteus (Eastern diamondback rattlesnake)
A0AAW1BVA6	8729	Crotalus adamanteus (Eastern diamondback rattlesnake)
A0AAW1BVI2	8729	Crotalus adamanteus (Eastern diamondback rattlesnake)
A0AAW1BW22	8729	Crotalus adamanteus (Eastern diamondback rattlesnake)
A0AAW1BW72	8729	Crotalus adamanteus (Eastern diamondback rattlesnake)
A0AAW1BWH1	8729	Crotalus adamanteus (Eastern diamondback rattlesnake)
A0AAW1BWN1	8729	Crotalus adamanteus (Eastern diamondback rattlesnake)
A0AAW1BX03	8729	Crotalus adamanteus (Eastern diamondback rattlesnake)
A0AAW1BX81	8729	Crotalus adamanteus (Eastern diamondback rattlesnake)
A0AAW1BYB0	8729	Crotalus adamanteus (Eastern diamondback rattlesnake)
A0AAW1BYI2	8729	Crotalus adamanteus (Eastern diamondback rattlesnake)
A0AAW1BZW6	8729	Crotalus adamanteus (Eastern diamondback rattlesnake)
A0AAW1C0A5	8729	Crotalus adamanteus (Eastern diamondback rattlesnake)
A0AAW1C2T4	8729	Crotalus adamanteus (Eastern diamondback rattlesnake)
A0AAW1C2W9	8729	Crotalus adamanteus (Eastern diamondback rattlesnake)
A0AAW1C5Z8	8729	Crotalus adamanteus (Eastern diamondback rattlesnake)
A0AAW1C727	8729	Crotalus adamanteus (Eastern diamondback rattlesnake)
A0AAW1C8A7	8729	Crotalus adamanteus (Eastern diamondback rattlesnake)
A0AAW1C9Q8	8729	Crotalus adamanteus (Eastern diamondback rattlesnake)
A0AAW1CAC9	8729	Crotalus adamanteus (Eastern diamondback rattlesnake)
A0AAW1CCU5	8729	Crotalus adamanteus (Eastern diamondback rattlesnake)
A0ABM3YUQ9	94885	Pantherophis guttatus (Corn snake) (Elaphe guttata)
A0ABM3YYR7	94885	Pantherophis guttatus (Corn snake) (Elaphe guttata)
A0ABM3Z8F0	94885	Pantherophis guttatus (Corn snake) (Elaphe guttata)
A0ABM3Z8F9	94885	Pantherophis guttatus (Corn snake) (Elaphe guttata)
A0ABM3Z8I5	94885	Pantherophis guttatus (Corn snake) (Elaphe guttata)
A0ABM3ZCQ0	94885	Pantherophis guttatus (Corn snake) (Elaphe guttata)
A0ABM3ZCR1	94885	Pantherophis guttatus (Corn snake) (Elaphe guttata)
A0ABM3ZCU3	94885	Pantherophis guttatus (Corn snake) (Elaphe guttata)
A0ABM3ZE54	94885	Pantherophis guttatus (Corn snake) (Elaphe guttata)
A0ABM3ZE78	94885	Pantherophis guttatus (Corn snake) (Elaphe guttata)
A0ABM3ZES8	94885	Pantherophis guttatus (Corn snake) (Elaphe guttata)
A0ABM3ZIE4	94885	Pantherophis guttatus (Corn snake) (Elaphe guttata)
A0ABM3ZMQ3	94885	Pantherophis guttatus (Corn snake) (Elaphe guttata)
A7X4G0	186611	Thrasops jacksonii (Jackson's black tree snake)
A7X4H7	46577	Leioheterodon madagascariensis (Malagasy giant hognose snake) (Heterodon madagascariensis)
A7X4X4	44735	Causus rhombeatus (Rhombic night adder)
A7X500	44735	Causus rhombeatus (Rhombic night adder)
A7X6J6	338837	Telescopus dhara (Egyptian catsnake)
B0VXU7	8762	Sistrurus catenatus edwardsii (Desert massasauga) (Crotalophorus edwardsii)
B2BRQ7	471292	Austrelaps labialis (Pygmy copperhead) (Denisonia superba)
B2BRQ8	471292	Austrelaps labialis (Pygmy copperhead) (Denisonia superba)
B2BRQ9	471292	Austrelaps labialis (Pygmy copperhead) (Denisonia superba)
B2BRR0	471292	Austrelaps labialis (Pygmy copperhead) (Denisonia superba)
B2BRR1	471292	Austrelaps labialis (Pygmy copperhead) (Denisonia superba)
B2BRR2	471292	Austrelaps labialis (Pygmy copperhead) (Denisonia superba)
B2BRR3	471292	Austrelaps labialis (Pygmy copperhead) (Denisonia superba)
B2BRR4	471292	Austrelaps labialis (Pygmy copperhead) (Denisonia superba)
B2BRR5	471292	Austrelaps labialis (Pygmy copperhead) (Denisonia superba)
B2BRR6	471292	Austrelaps labialis (Pygmy copperhead) (Denisonia superba)
B2BRR7	471292	Austrelaps labialis (Pygmy copperhead) (Denisonia superba)
B2BRR8	471292	Austrelaps labialis (Pygmy copperhead) (Denisonia superba)
B2BRR9	471292	Austrelaps labialis (Pygmy copperhead) (Denisonia superba)
B2BRS0	471292	Austrelaps labialis (Pygmy copperhead) (Denisonia superba)
B2BRS1	471292	Austrelaps labialis (Pygmy copperhead) (Denisonia superba)
B2BRS2	471292	Austrelaps labialis (Pygmy copperhead) (Denisonia superba)
B2BRS3	471292	Austrelaps labialis (Pygmy copperhead) (Denisonia superba)
B5G6F6	111177	Oxyuranus microlepidotus (Inland taipan) (Diemenia microlepidota)
B5G6F8	412038	Demansia vestigiata (Lesser black whip snake) (Demansia atra)
B5G6F9	412038	Demansia vestigiata (Lesser black whip snake) (Demansia atra)
B5G6G3	292442	Cryptophis nigrescens (Eastern small-eyed snake) (Rhinoplocephalus nigrescens)
B5KLA9	8673	Pseudonaja textilis (Eastern brown snake)
B5KLB0	8673	Pseudonaja textilis (Eastern brown snake)
B5KLB1	8663	Notechis scutatus (mainland tiger snake)
B5KLB2	8663	Notechis scutatus (mainland tiger snake)
B5KLB3	8668	Oxyuranus scutellatus (Coastal taipan)
B5KLB4	8668	Oxyuranus scutellatus (Coastal taipan)
B5KLB7	292442	Cryptophis nigrescens (Eastern small-eyed snake) (Rhinoplocephalus nigrescens)
B5KLB8	292442	Cryptophis nigrescens (Eastern small-eyed snake) (Rhinoplocephalus nigrescens)
B5KLB9	100989	Tropidechis carinatus (Australian rough-scaled snake)
B5KLC0	8671	Pseudechis porphyriacus (Red-bellied black snake)
B5KLC1	8670	Pseudechis australis (Mulga snake) (King brown snake)
B5KLC2	196418	Hoplocephalus stephensii (Stephens's banded snake)
B6V825	8686	Hydrophis cyanocinctus (Asian annulated sea snake) (Leioselasma cyanocincta)
D5J9N8	8614	Bungarus flaviceps
D5J9N9	8614	Bungarus flaviceps
D5J9P0	8614	Bungarus flaviceps
D5J9P1	8614	Bungarus flaviceps
D5J9P2	8614	Bungarus flaviceps
D5J9P3	8614	Bungarus flaviceps
D5J9P4	8614	Bungarus flaviceps
D5J9P5	8614	Bungarus flaviceps
D5J9P6	8614	Bungarus flaviceps
D5J9P8	8614	Bungarus flaviceps
D5J9P9	8614	Bungarus flaviceps
D5J9Q0	8614	Bungarus flaviceps
D5J9Q1	8614	Bungarus flaviceps
D5J9Q2	8614	Bungarus flaviceps
E3UJL6	95648	Bothrops neuwiedi (Neuwied's lancehead)
E9JG13	99586	Echis ocellatus (Ocellated saw-scaled viper)
E9JG31	124223	Echis carinatus sochureki (Sochurek's saw-scaled viper) (Echis sochureki)
E9JG32	124223	Echis carinatus sochureki (Sochurek's saw-scaled viper) (Echis sochureki)
E9JG42	124223	Echis carinatus sochureki (Sochurek's saw-scaled viper) (Echis sochureki)
E9JG53	124223	Echis carinatus sochureki (Sochurek's saw-scaled viper) (Echis sochureki)
E9JGB8	38415	Echis pyramidum leakeyi (Leakey's carpet viper) (Echis carinatus leakeyi)
E9JGD1	38415	Echis pyramidum leakeyi (Leakey's carpet viper) (Echis carinatus leakeyi)
E9JGG6	64175	Echis coloratus (Carpet viper)
E9JGH6	124223	Echis carinatus sochureki (Sochurek's saw-scaled viper) (Echis sochureki)
F2Q6E3	8773	Azemiops feae (Fea's viper)
F2Q6E4	44725	Bothriechis schlegelii (Eyelash palm pitviper)
F2Q6E5	35024	Crotalus horridus (Timber rattlesnake)
F2Q6E6	35024	Crotalus horridus (Timber rattlesnake)
F2Q6E7	35024	Crotalus horridus (Timber rattlesnake)
F2Q6E8	35024	Crotalus horridus (Timber rattlesnake)
F2Q6E9	35024	Crotalus horridus (Timber rattlesnake)
F2Q6F0	8717	Calloselasma rhodostoma (Malayan pit viper) (Agkistrodon rhodostoma)
F2Q6F1	8739	Crotalus viridis (Western rattlesnake)
F2Q6F4	109781	Trimeresurus gracilis (Kikuchi habu)
F2Q6F6	44722	Cerrophidion godmani (Porthidium godmani) (Bothrops godmani)
F2Q6F7	39682	Trimeresurus stejnegeri (Chinese green tree viper) (Viridovipera stejnegeri)
F2Q6F8	39682	Trimeresurus stejnegeri (Chinese green tree viper) (Viridovipera stejnegeri)
F2Q6F9	39682	Trimeresurus stejnegeri (Chinese green tree viper) (Viridovipera stejnegeri)
F2Q6G0	36307	Deinagkistrodon acutus (Hundred-pace snake) (Agkistrodon acutus)
F2Q6G1	36307	Deinagkistrodon acutus (Hundred-pace snake) (Agkistrodon acutus)
F5CPD2	129457	Micrurus altirostris (Uruguayan coral snake) (Elaps altirostris)
F5CPE1	129457	Micrurus altirostris (Uruguayan coral snake) (Elaps altirostris)
F5CPE5	129457	Micrurus altirostris (Uruguayan coral snake) (Elaps altirostris)
F5CPE7	129457	Micrurus altirostris (Uruguayan coral snake) (Elaps altirostris)
F8J2D6	66186	Drysdalia coronoides (White-lipped snake) (Hoplocephalus coronoides)
F8J2D8	66186	Drysdalia coronoides (White-lipped snake) (Hoplocephalus coronoides)
F8J2D9	66186	Drysdalia coronoides (White-lipped snake) (Hoplocephalus coronoides)
F8J2E0	66186	Drysdalia coronoides (White-lipped snake) (Hoplocephalus coronoides)
F8J2E3	66186	Drysdalia coronoides (White-lipped snake) (Hoplocephalus coronoides)
F8J2E7	66186	Drysdalia coronoides (White-lipped snake) (Hoplocephalus coronoides)
F8J2E8	66186	Drysdalia coronoides (White-lipped snake) (Hoplocephalus coronoides)
F8J2E9	66186	Drysdalia coronoides (White-lipped snake) (Hoplocephalus coronoides)
F8J2F0	66186	Drysdalia coronoides (White-lipped snake) (Hoplocephalus coronoides)
F8J2F1	66186	Drysdalia coronoides (White-lipped snake) (Hoplocephalus coronoides)
F8J2G2	66186	Drysdalia coronoides (White-lipped snake) (Hoplocephalus coronoides)
F8J2G4	66186	Drysdalia coronoides (White-lipped snake) (Hoplocephalus coronoides)
F8J2G6	66186	Drysdalia coronoides (White-lipped snake) (Hoplocephalus coronoides)
F8J2G7	66186	Drysdalia coronoides (White-lipped snake) (Hoplocephalus coronoides)
F8J2G8	66186	Drysdalia coronoides (White-lipped snake) (Hoplocephalus coronoides)
F8J2G9	66186	Drysdalia coronoides (White-lipped snake) (Hoplocephalus coronoides)
F8J2H0	66186	Drysdalia coronoides (White-lipped snake) (Hoplocephalus coronoides)
F8J2H1	66186	Drysdalia coronoides (White-lipped snake) (Hoplocephalus coronoides)
F8J2H2	66186	Drysdalia coronoides (White-lipped snake) (Hoplocephalus coronoides)
F8QZ63	66186	Drysdalia coronoides (White-lipped snake) (Hoplocephalus coronoides)
F8QZ65	66186	Drysdalia coronoides (White-lipped snake) (Hoplocephalus coronoides)
F8RKW3	66186	Drysdalia coronoides (White-lipped snake) (Hoplocephalus coronoides)
F8RKW4	66186	Drysdalia coronoides (White-lipped snake) (Hoplocephalus coronoides)
F8RTZ7	8713	Agkistrodon contortrix contortrix (Southern copperhead)
F8S0Y5	8729	Crotalus adamanteus (Eastern diamondback rattlesnake)
F8S0Y6	8729	Crotalus adamanteus (Eastern diamondback rattlesnake)
F8S0Y7	8729	Crotalus adamanteus (Eastern diamondback rattlesnake)
F8S0Y8	8729	Crotalus adamanteus (Eastern diamondback rattlesnake)
F8S0Y9	8729	Crotalus adamanteus (Eastern diamondback rattlesnake)
F8S0Z0	8729	Crotalus adamanteus (Eastern diamondback rattlesnake)
F8S0Z1	8729	Crotalus adamanteus (Eastern diamondback rattlesnake)
F8S0Z2	8729	Crotalus adamanteus (Eastern diamondback rattlesnake)
F8S0Z3	8729	Crotalus adamanteus (Eastern diamondback rattlesnake)
G9DCH4	8741	Crotalus helleri (Southern pacific rattlesnake) (Crotalus oreganus helleri)
G9DCH5	8741	Crotalus helleri (Southern pacific rattlesnake) (Crotalus oreganus helleri)
G9DCH7	8741	Crotalus helleri (Southern pacific rattlesnake) (Crotalus oreganus helleri)
G9DCH8	8741	Crotalus helleri (Southern pacific rattlesnake) (Crotalus oreganus helleri)
G9DCH9	8741	Crotalus helleri (Southern pacific rattlesnake) (Crotalus oreganus helleri)
G9DCI0	8741	Crotalus helleri (Southern pacific rattlesnake) (Crotalus oreganus helleri)
G9DCI1	8741	Crotalus helleri (Southern pacific rattlesnake) (Crotalus oreganus helleri)
H8PG58	687874	Suta nigriceps (Mallee black-backed snake)
H8PG59	687874	Suta nigriceps (Mallee black-backed snake)
H8PG60	687874	Suta nigriceps (Mallee black-backed snake)
H8PG61	687874	Suta nigriceps (Mallee black-backed snake)
H8PG62	687874	Suta nigriceps (Mallee black-backed snake)
H8PG63	687874	Suta nigriceps (Mallee black-backed snake)
H8PG64	687874	Suta nigriceps (Mallee black-backed snake)
H8PG65	687874	Suta nigriceps (Mallee black-backed snake)
H8PG66	687874	Suta nigriceps (Mallee black-backed snake)
H8PG67	687874	Suta nigriceps (Mallee black-backed snake)
H8PG68	687874	Suta nigriceps (Mallee black-backed snake)
H8PG94	687874	Suta nigriceps (Mallee black-backed snake)
H8PG95	687874	Suta nigriceps (Mallee black-backed snake)
I2GAE2	8714	Gloydius halys (Chinese water mocassin) (Agkistrodon halys)
I2GAE3	8714	Gloydius halys (Chinese water mocassin) (Agkistrodon halys)
I2GAE4	36307	Deinagkistrodon acutus (Hundred-pace snake) (Agkistrodon acutus)
J3RY45	8729	Crotalus adamanteus (Eastern diamondback rattlesnake)
J3RY47	8729	Crotalus adamanteus (Eastern diamondback rattlesnake)
J3RY48	8729	Crotalus adamanteus (Eastern diamondback rattlesnake)
J3RY49	8729	Crotalus adamanteus (Eastern diamondback rattlesnake)
J3RY50	8729	Crotalus adamanteus (Eastern diamondback rattlesnake)
J3RYI5	8729	Crotalus adamanteus (Eastern diamondback rattlesnake)
J3S3U5	8729	Crotalus adamanteus (Eastern diamondback rattlesnake)
J3S3U7	8729	Crotalus adamanteus (Eastern diamondback rattlesnake)
J3S3U8	8729	Crotalus adamanteus (Eastern diamondback rattlesnake)
J3S815	8729	Crotalus adamanteus (Eastern diamondback rattlesnake)
J3S816	8729	Crotalus adamanteus (Eastern diamondback rattlesnake)
J3S817	8729	Crotalus adamanteus (Eastern diamondback rattlesnake)
J3S818	8729	Crotalus adamanteus (Eastern diamondback rattlesnake)
J3SBN4	8729	Crotalus adamanteus (Eastern diamondback rattlesnake)
J3SBN5	8729	Crotalus adamanteus (Eastern diamondback rattlesnake)
J3SBN6	8729	Crotalus adamanteus (Eastern diamondback rattlesnake)
J3SBN7	8729	Crotalus adamanteus (Eastern diamondback rattlesnake)
J3SBN8	8729	Crotalus adamanteus (Eastern diamondback rattlesnake)
J3SDU9	8729	Crotalus adamanteus (Eastern diamondback rattlesnake)
J3SDV0	8729	Crotalus adamanteus (Eastern diamondback rattlesnake)
J3SDV2	8729	Crotalus adamanteus (Eastern diamondback rattlesnake)
J3SDV3	8729	Crotalus adamanteus (Eastern diamondback rattlesnake)
J3SDV4	8729	Crotalus adamanteus (Eastern diamondback rattlesnake)
J3SDV5	8729	Crotalus adamanteus (Eastern diamondback rattlesnake)
J3SDV6	8729	Crotalus adamanteus (Eastern diamondback rattlesnake)
K9JAX2	31159	Daboia russelii russelii
K9JBU6	343250	Daboia siamensis (Eastern Russel's viper) (Daboia russelii siamensis)
K9JBV0	343250	Daboia siamensis (Eastern Russel's viper) (Daboia russelii siamensis)
K9JBV3	338883	Daboia russelii limitis
K9JCB2	31159	Daboia russelii russelii
K9JDE8	31159	Daboia russelii russelii
K9JDF2	338883	Daboia russelii limitis
K9JDF6	343250	Daboia siamensis (Eastern Russel's viper) (Daboia russelii siamensis)
K9JDJ1	343250	Daboia siamensis (Eastern Russel's viper) (Daboia russelii siamensis)
K9JDJ6	343250	Daboia siamensis (Eastern Russel's viper) (Daboia russelii siamensis)
K9JDK6	31159	Daboia russelii russelii
M1V359	8724	Bothrops jararaca (Jararaca) (Bothrops jajaraca)
M1VNP5	8724	Bothrops jararaca (Jararaca) (Bothrops jajaraca)
M9T2A3	8574	Boa constrictor (Boa)
Q14FJ3	99586	Echis ocellatus (Ocellated saw-scaled viper)
Q14FJ5	99586	Echis ocellatus (Ocellated saw-scaled viper)
Q1JRG7	384075	Macrovipera lebetinus transmediterranea (Blunt-nosed viper) (Vipera lebetina transmediterranea)
Q1JRG9	384075	Macrovipera lebetinus transmediterranea (Blunt-nosed viper) (Vipera lebetina transmediterranea)
Q1PGB0	88083	Gloydius shedaoensis (Shedao island pit viper) (Agkistrodon shedaoensis)
Q1PGB1	88083	Gloydius shedaoensis (Shedao island pit viper) (Agkistrodon shedaoensis)
Q3YK52	336209	Agkistrodon contortrix phaeogaster
Q3YK53	336210	Agkistrodon contortrix pictigaster
Q3YK54	336210	Agkistrodon contortrix pictigaster
Q3YK55	336210	Agkistrodon contortrix pictigaster
Q3YL39	336208	Agkistrodon contortrix mokasen
Q3YL43	2782196	Agkistrodon contortrix laticinctus (Broad-banded copperhead) (Agkistrodon mokasen laticinctus)
Q3YL44	8713	Agkistrodon contortrix contortrix (Southern copperhead)
Q3YL47	336209	Agkistrodon contortrix phaeogaster
Q3YL48	8713	Agkistrodon contortrix contortrix (Southern copperhead)
Q3YL49	8713	Agkistrodon contortrix contortrix (Southern copperhead)
Q3YL50	8713	Agkistrodon contortrix contortrix (Southern copperhead)
Q3YL51	336208	Agkistrodon contortrix mokasen
Q3YL52	336210	Agkistrodon contortrix pictigaster
Q3YL53	336209	Agkistrodon contortrix phaeogaster
Q3YL54	336209	Agkistrodon contortrix phaeogaster
Q4JCR9	8692	Bitis arietans (African puff adder)
Q6T270	8694	Bitis gabonica (Gaboon adder) (Gaboon viper)
Q6TAR6	92438	Bungarus candidus (Malayan krait)
Q7T1S0	103944	Protobothrops mucrosquamatus (Taiwan habu) (Trimeresurus mucrosquamatus)
Q8JIW0	36307	Deinagkistrodon acutus (Hundred-pace snake) (Agkistrodon acutus)
Q90WL9	36307	Deinagkistrodon acutus (Hundred-pace snake) (Agkistrodon acutus)
Q9YH67	8616	Bungarus multicinctus (Many-banded krait)
R4FI70	239747	Acanthophis wellsi
R4FI75	239747	Acanthophis wellsi
R4FIA8	505434	Cacophis squamulosus
R4FIB4	505434	Cacophis squamulosus
R4FIB8	505434	Cacophis squamulosus
R4FIC0	505434	Cacophis squamulosus
R4FIC8	529689	Denisonia devisi (De Vis' banded snake) (Denisonia maculata subsp. devisi)
R4FID4	529689	Denisonia devisi (De Vis' banded snake) (Denisonia maculata subsp. devisi)
R4FIE0	529692	Echiopsis curta
R4FIG8	529697	Furina ornata
R4FIH0	529697	Furina ornata
R4FIH4	529697	Furina ornata
R4FIH7	529697	Furina ornata
R4FIH9	529697	Furina ornata
R4FIJ0	355698	Hemiaspis signata
R4FIJ3	355698	Hemiaspis signata
R4FIJ7	355698	Hemiaspis signata
R4FIK1	355698	Hemiaspis signata
R4FIK4	355698	Hemiaspis signata
R4FIN6	83403	Hoplocephalus bungaroides
R4FIR5	340912	Pseudonaja modesta
R4FIS5	340912	Pseudonaja modesta
R4FIT0	340912	Pseudonaja modesta
R4FIT5	340912	Pseudonaja modesta
R4FIU6	340912	Pseudonaja modesta
R4FIV9	340912	Pseudonaja modesta
R4FIW2	340912	Pseudonaja modesta
R4FIW5	340912	Pseudonaja modesta
R4FIW8	340912	Pseudonaja modesta
R4FIX7	529716	Suta fasciata
R4FIY3	529716	Suta fasciata
R4FIZ2	1295044	Vermicella annulata (Eastern bandy-bandy)
R4FIZ6	1295044	Vermicella annulata (Eastern bandy-bandy)
R4FIZ8	1295044	Vermicella annulata (Eastern bandy-bandy)
R4FJD0	239747	Acanthophis wellsi
R4FJI5	505434	Cacophis squamulosus
R4FJJ5	505434	Cacophis squamulosus
R4FJK0	505434	Cacophis squamulosus
R4FJK2	505434	Cacophis squamulosus
R4FJQ3	529692	Echiopsis curta
R4FJR7	529697	Furina ornata
R4FJS0	529697	Furina ornata
R4FJS5	529697	Furina ornata
R4FJT0	529697	Furina ornata
R4FJT6	529697	Furina ornata
R4FJV4	355698	Hemiaspis signata
R4FJV8	355698	Hemiaspis signata
R4FJW1	355698	Hemiaspis signata
R4FJX3	355698	Hemiaspis signata
R4FK10	83403	Hoplocephalus bungaroides
R4FK47	340912	Pseudonaja modesta
R4FK68	340912	Pseudonaja modesta
R4FK75	340912	Pseudonaja modesta
R4FK93	340912	Pseudonaja modesta
R4FKA6	340912	Pseudonaja modesta
R4FKB1	340912	Pseudonaja modesta
R4FKC0	340912	Pseudonaja modesta
R4FKC4	340912	Pseudonaja modesta
R4FKC7	340912	Pseudonaja modesta
R4FKD8	529716	Suta fasciata
R4FKF8	1295044	Vermicella annulata (Eastern bandy-bandy)
R4FKG3	1295044	Vermicella annulata (Eastern bandy-bandy)
R4FKG7	1295044	Vermicella annulata (Eastern bandy-bandy)
R4G2D5	239747	Acanthophis wellsi
R4G2D7	239747	Acanthophis wellsi
R4G2D8	239747	Acanthophis wellsi
R4G2D9	239747	Acanthophis wellsi
R4G2E1	1295043	Brachyurophis roperi (Northern shovel-nosed snake)
R4G2E7	505434	Cacophis squamulosus
R4G2F0	505434	Cacophis squamulosus
R4G2F2	505434	Cacophis squamulosus
R4G2F4	529689	Denisonia devisi (De Vis' banded snake) (Denisonia maculata subsp. devisi)
R4G2F6	529689	Denisonia devisi (De Vis' banded snake) (Denisonia maculata subsp. devisi)
R4G2F7	529692	Echiopsis curta
R4G2F8	529692	Echiopsis curta
R4G2F9	529692	Echiopsis curta
R4G2G0	529692	Echiopsis curta
R4G2G1	529692	Echiopsis curta
R4G2G2	529692	Echiopsis curta
R4G2G7	529697	Furina ornata
R4G2G8	529697	Furina ornata
R4G2G9	529697	Furina ornata
R4G2H3	355698	Hemiaspis signata
R4G2H4	355698	Hemiaspis signata
R4G2H6	355698	Hemiaspis signata
R4G2H7	355698	Hemiaspis signata
R4G2H8	355698	Hemiaspis signata
R4G2J0	340912	Pseudonaja modesta
R4G2J3	340912	Pseudonaja modesta
R4G2J4	340912	Pseudonaja modesta
R4G2J5	340912	Pseudonaja modesta
R4G2J6	340912	Pseudonaja modesta
R4G2J7	340912	Pseudonaja modesta
R4G2J9	340912	Pseudonaja modesta
R4G2K1	340912	Pseudonaja modesta
R4G2K2	340912	Pseudonaja modesta
R4G2K4	340912	Pseudonaja modesta
R4G2K6	340912	Pseudonaja modesta
R4G2K8	529716	Suta fasciata
R4G2L2	529716	Suta fasciata
R4G2L3	529716	Suta fasciata
R4G2L7	1295044	Vermicella annulata (Eastern bandy-bandy)
R4G2M0	1295044	Vermicella annulata (Eastern bandy-bandy)
R4G2M2	1295044	Vermicella annulata (Eastern bandy-bandy)
R4G2P2	239747	Acanthophis wellsi
R4G2P6	239747	Acanthophis wellsi
R4G2Q3	1295043	Brachyurophis roperi (Northern shovel-nosed snake)
R4G2R3	505434	Cacophis squamulosus
R4G2S0	505434	Cacophis squamulosus
R4G2S3	505434	Cacophis squamulosus
R4G2T0	529689	Denisonia devisi (De Vis' banded snake) (Denisonia maculata subsp. devisi)
R4G2T2	529689	Denisonia devisi (De Vis' banded snake) (Denisonia maculata subsp. devisi)
R4G2T5	529689	Denisonia devisi (De Vis' banded snake) (Denisonia maculata subsp. devisi)
R4G2T9	529692	Echiopsis curta
R4G2U8	529692	Echiopsis curta
R4G2V7	529697	Furina ornata
R4G2W0	529697	Furina ornata
R4G2W2	529697	Furina ornata
R4G2W4	529697	Furina ornata
R4G2X3	355698	Hemiaspis signata
R4G2X5	355698	Hemiaspis signata
R4G2Y2	355698	Hemiaspis signata
R4G2Y4	355698	Hemiaspis signata
R4G2Z8	83403	Hoplocephalus bungaroides
R4G307	340912	Pseudonaja modesta
R4G312	340912	Pseudonaja modesta
R4G319	340912	Pseudonaja modesta
R4G321	340912	Pseudonaja modesta
R4G323	340912	Pseudonaja modesta
R4G326	340912	Pseudonaja modesta
R4G327	340912	Pseudonaja modesta
R4G330	340912	Pseudonaja modesta
R4G332	340912	Pseudonaja modesta
R4G334	340912	Pseudonaja modesta
R4G336	340912	Pseudonaja modesta
R4G338	340912	Pseudonaja modesta
R4G340	529716	Suta fasciata
R4G344	529716	Suta fasciata
R4G346	529716	Suta fasciata
R4G350	1295044	Vermicella annulata (Eastern bandy-bandy)
R4G352	1295044	Vermicella annulata (Eastern bandy-bandy)
R4G354	1295044	Vermicella annulata (Eastern bandy-bandy)
R4G7E4	239747	Acanthophis wellsi
R4G7E6	239747	Acanthophis wellsi
R4G7E7	239747	Acanthophis wellsi
R4G7E8	239747	Acanthophis wellsi
R4G7G0	505434	Cacophis squamulosus
R4G7G3	529689	Denisonia devisi (De Vis' banded snake) (Denisonia maculata subsp. devisi)
R4G7G5	529689	Denisonia devisi (De Vis' banded snake) (Denisonia maculata subsp. devisi)
R4G7G8	529692	Echiopsis curta
R4G7H1	529692	Echiopsis curta
R4G7H5	529697	Furina ornata
R4G7H6	529697	Furina ornata
R4G7H7	529697	Furina ornata
R4G7H8	529697	Furina ornata
R4G7I2	355698	Hemiaspis signata
R4G7I3	355698	Hemiaspis signata
R4G7I5	355698	Hemiaspis signata
R4G7I7	355698	Hemiaspis signata
R4G7J4	83403	Hoplocephalus bungaroides
R4G7J9	340912	Pseudonaja modesta
R4G7K2	340912	Pseudonaja modesta
R4G7K3	340912	Pseudonaja modesta
R4G7K4	340912	Pseudonaja modesta
R4G7K5	340912	Pseudonaja modesta
R4G7K6	340912	Pseudonaja modesta
R4G7K7	340912	Pseudonaja modesta
R4G7K8	340912	Pseudonaja modesta
R4G7K9	340912	Pseudonaja modesta
R4G7L0	340912	Pseudonaja modesta
R4G7L1	340912	Pseudonaja modesta
R4G7L2	529716	Suta fasciata
R4G7L5	529716	Suta fasciata
R4G7L7	1295044	Vermicella annulata (Eastern bandy-bandy)
R4G7L8	1295044	Vermicella annulata (Eastern bandy-bandy)
R4G7L9	1295044	Vermicella annulata (Eastern bandy-bandy)
R4G7M0	1295044	Vermicella annulata (Eastern bandy-bandy)
S6BCL7	1489342	Pseudechis rossignolii (Papuan pigmy mulga snake) (Pailsus rossignolii)
S6CB76	1489342	Pseudechis rossignolii (Papuan pigmy mulga snake) (Pailsus rossignolii)
T1D6Q8	35024	Crotalus horridus (Timber rattlesnake)
T1D6R8	35024	Crotalus horridus (Timber rattlesnake)
T1DE73	8741	Crotalus helleri (Southern pacific rattlesnake) (Crotalus oreganus helleri)
T1DEG5	8741	Crotalus helleri (Southern pacific rattlesnake) (Crotalus oreganus helleri)
T1DEG8	8741	Crotalus helleri (Southern pacific rattlesnake) (Crotalus oreganus helleri)
T1DH34	35024	Crotalus horridus (Timber rattlesnake)
T1DJZ7	35024	Crotalus horridus (Timber rattlesnake)
T1DK00	35024	Crotalus horridus (Timber rattlesnake)
T1DK04	35024	Crotalus horridus (Timber rattlesnake)
T1DML6	8741	Crotalus helleri (Southern pacific rattlesnake) (Crotalus oreganus helleri)
T1DMM9	8741	Crotalus helleri (Southern pacific rattlesnake) (Crotalus oreganus helleri)
T1DMN7	8741	Crotalus helleri (Southern pacific rattlesnake) (Crotalus oreganus helleri)
T1DMN9	8741	Crotalus helleri (Southern pacific rattlesnake) (Crotalus oreganus helleri)
T1DMP9	8741	Crotalus helleri (Southern pacific rattlesnake) (Crotalus oreganus helleri)
T1DP52	8741	Crotalus helleri (Southern pacific rattlesnake) (Crotalus oreganus helleri)
T1DP80	8741	Crotalus helleri (Southern pacific rattlesnake) (Crotalus oreganus helleri)
T1DP82	8741	Crotalus helleri (Southern pacific rattlesnake) (Crotalus oreganus helleri)
T1DP88	8741	Crotalus helleri (Southern pacific rattlesnake) (Crotalus oreganus helleri)
T1DP90	8741	Crotalus helleri (Southern pacific rattlesnake) (Crotalus oreganus helleri)
T1E3B3	35024	Crotalus horridus (Timber rattlesnake)
T1E3D6	35024	Crotalus horridus (Timber rattlesnake)
T1E3D8	35024	Crotalus horridus (Timber rattlesnake)
T1E3E0	35024	Crotalus horridus (Timber rattlesnake)
T1E3Z0	35024	Crotalus horridus (Timber rattlesnake)
T1E3Z2	35024	Crotalus horridus (Timber rattlesnake)
T1E3Z4	35024	Crotalus horridus (Timber rattlesnake)
T1E6S4	8741	Crotalus helleri (Southern pacific rattlesnake) (Crotalus oreganus helleri)
T1E6S7	8741	Crotalus helleri (Southern pacific rattlesnake) (Crotalus oreganus helleri)
T1E6U4	8741	Crotalus helleri (Southern pacific rattlesnake) (Crotalus oreganus helleri)
T1E6U6	8741	Crotalus helleri (Southern pacific rattlesnake) (Crotalus oreganus helleri)
T1E6V8	8741	Crotalus helleri (Southern pacific rattlesnake) (Crotalus oreganus helleri)
T1E6W0	8741	Crotalus helleri (Southern pacific rattlesnake) (Crotalus oreganus helleri)
T1E6W3	8741	Crotalus helleri (Southern pacific rattlesnake) (Crotalus oreganus helleri)
T1E7H7	8741	Crotalus helleri (Southern pacific rattlesnake) (Crotalus oreganus helleri)
T1E7J9	8741	Crotalus helleri (Southern pacific rattlesnake) (Crotalus oreganus helleri)
T1E7K2	8741	Crotalus helleri (Southern pacific rattlesnake) (Crotalus oreganus helleri)
T1E7L4	8741	Crotalus helleri (Southern pacific rattlesnake) (Crotalus oreganus helleri)
T1P647	8707	Daboia russelii (Russel's viper) (Vipera russelii)
T2HP25	88087	Protobothrops flavoviridis (Habu) (Trimeresurus flavoviridis)
T2HP30	88087	Protobothrops flavoviridis (Habu) (Trimeresurus flavoviridis)
T2HP35	88087	Protobothrops flavoviridis (Habu) (Trimeresurus flavoviridis)
T2HP42	88087	Protobothrops flavoviridis (Habu) (Trimeresurus flavoviridis)
T2HP53	88087	Protobothrops flavoviridis (Habu) (Trimeresurus flavoviridis)
T2HP57	88087	Protobothrops flavoviridis (Habu) (Trimeresurus flavoviridis)
T2HPA6	88087	Protobothrops flavoviridis (Habu) (Trimeresurus flavoviridis)
T2HPB1	88087	Protobothrops flavoviridis (Habu) (Trimeresurus flavoviridis)
T2HPC2	88087	Protobothrops flavoviridis (Habu) (Trimeresurus flavoviridis)
T2HPQ3	88087	Protobothrops flavoviridis (Habu) (Trimeresurus flavoviridis)
T2HPR8	8769	Ovophis okinavensis (Ryukyu Island pit viper) (Trimeresurus okinavensis)
T2HPS7	88087	Protobothrops flavoviridis (Habu) (Trimeresurus flavoviridis)
T2HQ64	88087	Protobothrops flavoviridis (Habu) (Trimeresurus flavoviridis)
T2HQ68	88087	Protobothrops flavoviridis (Habu) (Trimeresurus flavoviridis)
T2HQM1	8769	Ovophis okinavensis (Ryukyu Island pit viper) (Trimeresurus okinavensis)
T2HS56	8769	Ovophis okinavensis (Ryukyu Island pit viper) (Trimeresurus okinavensis)
U3EPI1	8637	Micrurus fulvius (Eastern coral snake) (Coluber fulvius)
U3EPM9	8637	Micrurus fulvius (Eastern coral snake) (Coluber fulvius)
U3F5B1	8637	Micrurus fulvius (Eastern coral snake) (Coluber fulvius)
U3F5B5	8637	Micrurus fulvius (Eastern coral snake) (Coluber fulvius)
U3FAB7	8637	Micrurus fulvius (Eastern coral snake) (Coluber fulvius)
U3FAC0	8637	Micrurus fulvius (Eastern coral snake) (Coluber fulvius)
U3FDA1	8637	Micrurus fulvius (Eastern coral snake) (Coluber fulvius)
U3FVG3	8637	Micrurus fulvius (Eastern coral snake) (Coluber fulvius)
U3FVG5	8637	Micrurus fulvius (Eastern coral snake) (Coluber fulvius)
U3FVG7	8637	Micrurus fulvius (Eastern coral snake) (Coluber fulvius)
U3FYQ0	8637	Micrurus fulvius (Eastern coral snake) (Coluber fulvius)
U3FYQ1	8637	Micrurus fulvius (Eastern coral snake) (Coluber fulvius)
U3T788	88087	Protobothrops flavoviridis (Habu) (Trimeresurus flavoviridis)
U3T7E7	8769	Ovophis okinavensis (Ryukyu Island pit viper) (Trimeresurus okinavensis)
V8N1S9	8665	Ophiophagus hannah (King cobra) (Naja hannah)
V8N207	8665	Ophiophagus hannah (King cobra) (Naja hannah)
V8N2J2	8665	Ophiophagus hannah (King cobra) (Naja hannah)
V8N2P3	8665	Ophiophagus hannah (King cobra) (Naja hannah)
V8N2Y4	8665	Ophiophagus hannah (King cobra) (Naja hannah)
V8N399	8665	Ophiophagus hannah (King cobra) (Naja hannah)
V8N3A3	8665	Ophiophagus hannah (King cobra) (Naja hannah)
V8N3F2	8665	Ophiophagus hannah (King cobra) (Naja hannah)
V8N3U4	8665	Ophiophagus hannah (King cobra) (Naja hannah)
V8N490	8665	Ophiophagus hannah (King cobra) (Naja hannah)
V8N4A1	8665	Ophiophagus hannah (King cobra) (Naja hannah)
V8N4Z3	8665	Ophiophagus hannah (King cobra) (Naja hannah)
V8N807	8665	Ophiophagus hannah (King cobra) (Naja hannah)
V8N8Z0	8665	Ophiophagus hannah (King cobra) (Naja hannah)
V8N9V3	8665	Ophiophagus hannah (King cobra) (Naja hannah)
V8N9Y1	8665	Ophiophagus hannah (King cobra) (Naja hannah)
V8NAU6	8665	Ophiophagus hannah (King cobra) (Naja hannah)
V8NE61	8665	Ophiophagus hannah (King cobra) (Naja hannah)
V8NEN8	8665	Ophiophagus hannah (King cobra) (Naja hannah)
V8NEU2	8665	Ophiophagus hannah (King cobra) (Naja hannah)
V8NF90	8665	Ophiophagus hannah (King cobra) (Naja hannah)
V8NFE0	8665	Ophiophagus hannah (King cobra) (Naja hannah)
V8NFQ6	8665	Ophiophagus hannah (King cobra) (Naja hannah)
V8NGM8	8665	Ophiophagus hannah (King cobra) (Naja hannah)
V8NH43	8665	Ophiophagus hannah (King cobra) (Naja hannah)
V8NJZ8	8665	Ophiophagus hannah (King cobra) (Naja hannah)
V8NL68	8665	Ophiophagus hannah (King cobra) (Naja hannah)
V8NMF9	8665	Ophiophagus hannah (King cobra) (Naja hannah)
V8NQZ9	8665	Ophiophagus hannah (King cobra) (Naja hannah)
V8P0B6	8665	Ophiophagus hannah (King cobra) (Naja hannah)
V8PB89	8665	Ophiophagus hannah (King cobra) (Naja hannah)
V8PJ30	8665	Ophiophagus hannah (King cobra) (Naja hannah)
