accession,model_url,retrieved_utc,model_version,global_plddt,model_created,status,sha256,bytes
A0A068B2C1,https://alphafold.ebi.ac.uk/files/AF-A0A068B2C1-F1-model_v6.pdb,2026-10-08,6,85.38,2022-06-01T00:00:00Z,ok,23845cc2b66ca31ed5ef6a38faff92229fa8709c95cd4355483474c594422c34,105542
A0A068B4V7,https://alphafold.ebi.ac.uk/files/AF-A0A068B4V7-F1-model_v6.pdb,2026-10-08,6,83.19,2022-06-01T00:00:00Z,ok,a4687c183294ddcf6c868decfe5fbfd8dbacb8895a5e4eda4294cca86e5ab931,110888
A0A068EPZ2,https://alphafold.ebi.ac.uk/files/AF-A0A068EPZ2-F1-model_v6.pdb,2026-10-08,6,95.38,2022-06-01T00:00:00Z,ok,8137263c41f9dd26dddd0097500f06277689e50899daafb83f1997b9b450c3d4,333071
A0A077L6L4,https://alphafold.ebi.ac.uk/files/AF-A0A077L6L4-F1-model_v6.pdb,2026-10-08,6,95.31,2022-06-01T00:00:00Z,ok,96fac1ea0bd9e8cf25ad2d95cb587c7ac6f120db4bf2f7b7830d28a31921d9f6,334772
A0A077L6L9,https://alphafold.ebi.ac.uk/files/AF-A0A077L6L9-F1-model_v6.pdb,2026-10-08,6,92.94,2022-06-01T00:00:00Z,ok,83bc98bbc41f3ae7daff8afee1a9c140fad3b4e2d7da35bcbcd77e704026d289,179333
A0A077L6M9,https://alphafold.ebi.ac.uk/files/AF-A0A077L6M9-F1-model_v6.pdb,2026-10-08,6,87.19,2022-06-01T00:00:00Z,ok,4bf1e2f980a803638eae2a75211cd8d96f13d1e3a1f4126cf770dcc0d794be54,103598
A0A077L6P3,https://alphafold.ebi.ac.uk/files/AF-A0A077L6P3-F1-model_v6.pdb,2026-10-08,6,89.06,2022-06-01T00:00:00Z,ok,7f01c15430b133da1c163f153cb09566cdaea8c842dc219719697bc0ddefb0f9,166292
A0A077L6T2,https://alphafold.ebi.ac.uk/files/AF-A0A077L6T2-F1-model_v6.pdb,2026-10-08,6,97.25,2022-06-01T00:00:00Z,ok,343a99e829870dca2685390f35a56c13f9770cd32b3262e03e8ac68d72a0afc0,77273
A0A077L7D6,https://alphafold.ebi.ac.uk/files/AF-A0A077L7D6-F1-model_v6.pdb,2026-10-08,6,93.94,2022-06-01T00:00:00Z,ok,4a6c962ac7b5096c50e8d94ecb0039debf68a63cb7cd73f593758d30c0760c9c,129761
A0A077L7E1,https://alphafold.ebi.ac.uk/files/AF-A0A077L7E1-F1-model_v6.pdb,2026-10-08,6,93.88,2022-06-01T00:00:00Z,ok,448939b65e0fdf95a48ddcdf84926923177fccefdf43feecb4242b246f29b6a6,107243
A0A077L7H9,https://alphafold.ebi.ac.uk/files/AF-A0A077L7H9-F1-model_v6.pdb,2026-10-08,6,52.84,2022-06-01T00:00:00Z,ok,08497f5acf9d48f027102e4a602038665a74b5e0583a0670e1bb883c332144b9,163376
A0A077L7I7,https://alphafold.ebi.ac.uk/files/AF-A0A077L7I7-F1-model_v6.pdb,2026-10-08,6,91.88,2022-06-01T00:00:00Z,ok,fe0d236ac3a348d56ddb72201689f288e5db52934ec92ba9c5244b5c9d461c9d,169694
A0A077L7M5,https://alphafold.ebi.ac.uk/files/AF-A0A077L7M5-F1-model_v6.pdb,2026-10-08,6,90.44,2022-06-01T00:00:00Z,ok,59a6b2ef5fb657be6f6bd4e4e706465b4c2a9a21b415d5f517376c97657b36f3,92258
A0A077L7U3,https://alphafold.ebi.ac.uk/files/AF-A0A077L7U3-F1-model_v6.pdb,2026-10-08,6,55.72,2022-06-01T00:00:00Z,ok,a173653cc896abb68456af61b654fbb8ee696c2e20e5aa32e6f52b753b03f926,23165
A0A077L7X3,https://alphafold.ebi.ac.uk/files/AF-A0A077L7X3-F1-model_v6.pdb,2026-10-08,6,63.06,2022-06-01T00:00:00Z,ok,2964faa3212dc1ca954c24884c9f63d070f51b007e8bd74f867a230f530fcf89,193184
A0A077L7Y5,https://alphafold.ebi.ac.uk/files/AF-A0A077L7Y5-F1-model_v6.pdb,2026-10-08,6,92.19,2022-06-01T00:00:00Z,ok,b8a3c3014e685c0e94e1219280d424cee665a3faab0649a9bc253ea1aea7a041,89018
A0A077L844,https://alphafold.ebi.ac.uk/files/AF-A0A077L844-F1-model_v6.pdb,2026-10-08,6,94.81,2022-06-01T00:00:00Z,ok,df96bce84df039e2a5ad96b3f7a1c50008f26b6e995746825e6c3092b6726845,79622
A0A077L854,https://alphafold.ebi.ac.uk/files/AF-A0A077L854-F1-model_v6.pdb,2026-10-08,6,63.03,2022-06-01T00:00:00Z,ok,ea307cdef9f2690cb36d2af9a0183d9fa25fecce9231f8eec273e2cbb6f3feb5,193265
A0A077L861,https://alphafold.ebi.ac.uk/files/AF-A0A077L861-F1-model_v6.pdb,2026-10-08,6,87.69,2022-06-01T00:00:00Z,ok,b9905ec65db614d280ce24a09b1880a87f9892c81d94e758538f5a00996587d9,103598
A0A077LA46,https://alphafold.ebi.ac.uk/files/AF-A0A077LA46-F1-model_v6.pdb,2026-10-08,6,89.0,2022-06-01T00:00:00Z,ok,238a3f38337bf5c82795a37f025658b8e946108bb70e7a79d0c36f5142ff0420,165968
A0A077LA53,https://alphafold.ebi.ac.uk/files/AF-A0A077LA53-F1-model_v6.pdb,2026-10-08,6,92.12,2022-06-01T00:00:00Z,ok,5b1416b461d017e6004e1e6c739f99cb79c3f184006e31bc6abcd9385f8de49d,114128
A0A077LA61,https://alphafold.ebi.ac.uk/files/AF-A0A077LA61-F1-model_v6.pdb,2026-10-08,6,92.69,2022-06-01T00:00:00Z,ok,1533678d929a335b746acbd1c9e27447c5fccb2f33dee2cf05add8f3a7842c30,157868
A0A077LA64,https://alphafold.ebi.ac.uk/files/AF-A0A077LA64-F1-model_v6.pdb,2026-10-08,6,92.31,2022-06-01T00:00:00Z,ok,77c2806e78939f67834b214452224cfd35bcf4e9a3fff393f15057f882e6cb6d,532817
A0A077LA68,https://alphafold.ebi.ac.uk/files/AF-A0A077LA68-F1-model_v6.pdb,2026-10-08,6,92.62,2022-06-01T00:00:00Z,ok,27b48b2b99f0963dcfb90675f8639880c23f8aa815e05b176056c2d3530dc039,103355
A0A077LA75,https://alphafold.ebi.ac.uk/files/AF-A0A077LA75-F1-model_v6.pdb,2026-10-08,6,91.56,2022-06-01T00:00:00Z,ok,3d44512b18bcee9e1b03dc7b1d919df37d8594ddc566fb5199ab2f981d733040,66500
A0A077LA85,https://alphafold.ebi.ac.uk/files/AF-A0A077LA85-F1-model_v6.pdb,2026-10-08,6,78.25,2022-06-01T00:00:00Z,ok,edab19acd5275db05e9df900ca476d0e5c13efc7280a7509729af3032e8da3d8,337121
A0A077LAC3,https://alphafold.ebi.ac.uk/files/AF-A0A077LAC3-F1-model_v6.pdb,2026-10-08,6,96.19,2022-06-01T00:00:00Z,ok,f9a15e81ee4ce9a847051746636de86983863d156385909d01d636694d62d68f,122390
A0A077LAE2,https://alphafold.ebi.ac.uk/files/AF-A0A077LAE2-F1-model_v6.pdb,2026-10-08,6,92.5,2022-06-01T00:00:00Z,ok,794571ab01f084c0bd89296c53d9922ee8426ee8575440f11123cfcc1374e47e,88694
A0A077LCZ4,https://alphafold.ebi.ac.uk/files/AF-A0A077LCZ4-F1-model_v6.pdb,2026-10-08,6,83.06,2022-06-01T00:00:00Z,ok,71922a502d58349286024d8b62e2bcababf0ef234bb97efad7efdfdf492e4ad1,94283
A0A077LD04,https://alphafold.ebi.ac.uk/files/AF-A0A077LD04-F1-model_v6.pdb,2026-10-08,6,77.81,2022-06-01T00:00:00Z,ok,f11ab6d6b28dd79ed4e687a1cd98b46c3be9640dcba080d2724b60c6542f0201,126764
A0A077LD34,https://alphafold.ebi.ac.uk/files/AF-A0A077LD34-F1-model_v6.pdb,2026-10-08,6,80.38,2022-06-01T00:00:00Z,ok,b28604c7ae3d6d95b6299db59188e0d21a610a9bbf611fcd7461d36138eb1c04,118502
A0A077LD42,https://alphafold.ebi.ac.uk/files/AF-A0A077LD42-F1-model_v6.pdb,2026-10-08,6,91.31,2022-06-01T00:00:00Z,ok,cec9ce4e8bb86c96dbbffdf976e36575f90df051e5541abe9e56f6a809afcd85,74276
A0A077LD73,https://alphafold.ebi.ac.uk/files/AF-A0A077LD73-F1-model_v6.pdb,2026-10-08,6,89.12,2022-06-01T00:00:00Z,ok,9bf8a275a3b14c425aff6de7cc76f2758116fa6046793155119a93ce47ff2e8d,101168
A0A077LD96,https://alphafold.ebi.ac.uk/files/AF-A0A077LD96-F1-model_v6.pdb,2026-10-08,6,96.94,2022-06-01T00:00:00Z,ok,a096e8fb5a2afae22d0162ebf4ea31fe65e6bbee9a7d365e5e9e4471dbb61233,61883
A0A081DUA8,https://alphafold.ebi.ac.uk/files/AF-A0A081DUA8-F1-model_v6.pdb,2026-10-08,6,67.88,2022-06-01T00:00:00Z,ok,04ae012ce203d1ff7183125de7c77f89c47b073c5416989b0684540f2f418750,160055
A0A081DUA9,https://alphafold.ebi.ac.uk/files/AF-A0A081DUA9-F1-model_v6.pdb,2026-10-08,6,62.69,2022-06-01T00:00:00Z,ok,689ded095428a13ef124d9c444c4ae16735291983f4f6d81b8efd7ab30254653,844262
A0A081DUB0,https://alphafold.ebi.ac.uk/files/AF-A0A081DUB0-F1-model_v6.pdb,2026-10-08,6,77.94,2022-06-01T00:00:00Z,ok,c7659e7302c924d4a5d98a780290529a79785dc464576a99b7604fc319e6c593,310553
A0A0A1WC91,https://alphafold.ebi.ac.uk/files/AF-A0A0A1WC91-F1-model_v6.pdb,2026-10-08,6,88.12,2022-06-01T00:00:00Z,ok,be3b7bc5d0be09d3a9d59cad77749b46eeeb1ffdaa39f8f6009b03231e96e15d,162971
A0A0A1WC94,https://alphafold.ebi.ac.uk/files/AF-A0A0A1WC94-F1-model_v6.pdb,2026-10-08,6,85.0,2022-06-01T00:00:00Z,ok,ada372dd2300a21009e31e117b7ca2a320d421442630b3b90e0df811aefc9dd0,70955
A0A0A1WCB1,https://alphafold.ebi.ac.uk/files/AF-A0A0A1WCB1-F1-model_v6.pdb,2026-10-08,6,92.0,2022-06-01T00:00:00Z,ok,00cf880126713f367a69b09d6963456397cbd3e4f0122bab92d5e0f263f7ee02,91043
A0A0A1WCC0,https://alphafold.ebi.ac.uk/files/AF-A0A0A1WCC0-F1-model_v6.pdb,2026-10-08,6,84.44,2022-06-01T00:00:00Z,ok,433177f98051dd973646fc935531fc5dca690e93c6b69880b84167ad9f3dfdb3,51434
A0A0A1WCC5,https://alphafold.ebi.ac.uk/files/AF-A0A0A1WCC5-F1-model_v6.pdb,2026-10-08,6,94.56,2022-06-01T00:00:00Z,ok,950ab504529fbe20fc0cc619fdd4216a3f59b27a6ee387275106e9c9e2d3f690,100115
A0A0A1WCD4,https://alphafold.ebi.ac.uk/files/AF-A0A0A1WCD4-F1-model_v6.pdb,2026-10-08,6,85.56,2022-06-01T00:00:00Z,ok,188469337b1281168b5f321a5abe3f7c6f9747a1542a110a1e8175e28df46088,108863
A0A0A1WCD8,https://alphafold.ebi.ac.uk/files/AF-A0A0A1WCD8-F1-model_v6.pdb,2026-10-08,6,86.0,2022-06-01T00:00:00Z,ok,1113fd12abe2f0e528c2aa15ecc51faaf5f904837dbf3b83fc6e1f54fbca31b7,100358
A0A0A1WCI0,https://alphafold.ebi.ac.uk/files/AF-A0A0A1WCI0-F1-model_v6.pdb,2026-10-08,6,89.19,2022-06-01T00:00:00Z,ok,70e3f24998e561ecabb98549707d9c909509fd3d856d9584827848ffcbd6e059,61073
A0A0A1WCJ4,https://alphafold.ebi.ac.uk/files/AF-A0A0A1WCJ4-F1-model_v6.pdb,2026-10-08,6,86.5,2022-06-01T00:00:00Z,ok,8620711ed5cdbf9370b8e43ec09a6d1bdda2ef166c59d04afe616024973bd27c,173015
A0A0A1WCJ8,https://alphafold.ebi.ac.uk/files/AF-A0A0A1WCJ8-F1-model_v6.pdb,2026-10-08,6,93.25,2022-06-01T00:00:00Z,ok,371d55700fafde5215a4afa355d7c1e117a821aa257960f6ebe9fd6a4cf4bf4d,169532
A0A0A1WCK4,https://alphafold.ebi.ac.uk/files/AF-A0A0A1WCK4-F1-model_v6.pdb,2026-10-08,6,91.06,2022-06-01T00:00:00Z,ok,fb21e50fb18deade18a6f1fc064dfa650cdde319af967f032512ed25c22e1a4c,276857
A0A0A1WCL0,https://alphafold.ebi.ac.uk/files/AF-A0A0A1WCL0-F1-model_v6.pdb,2026-10-08,6,95.56,2022-06-01T00:00:00Z,ok,de3a28e20a6d1ab2b58bc26cf8b2cb76c30b5cf88588422c1b4b9c20cfdfad70,88532
A0A0A1WCL8,https://alphafold.ebi.ac.uk/files/AF-A0A0A1WCL8-F1-model_v6.pdb,2026-10-08,6,87.0,2022-06-01T00:00:00Z,ok,c46e600441e9e87163a73d7d8450d8a50a5fd11e87c8b005172466e1addde66a,107486
A0A0A1WCM3,https://alphafold.ebi.ac.uk/files/AF-A0A0A1WCM3-F1-model_v6.pdb,2026-10-08,6,84.56,2022-06-01T00:00:00Z,ok,dc7ab5355ada9820b93ac2ef37d92ade87b970cada212a31ed839ac3f707cf3d,102950
A0A0A1WCM8,https://alphafold.ebi.ac.uk/files/AF-A0A0A1WCM8-F1-model_v6.pdb,2026-10-08,6,88.75,2022-06-01T00:00:00Z,ok,5804ef11ca3f034767c6e90d9db82b824eb4207ca8fe3e8eabae38c68fe2713b,108539
A0A0A1WCN2,https://alphafold.ebi.ac.uk/files/AF-A0A0A1WCN2-F1-model_v6.pdb,2026-10-08,6,92.94,2022-06-01T00:00:00Z,ok,aa3416d497501645df8d96b6b790a6b1eb622411dcc7ef30aceb2e0700e49b0d,156896
A0A0A1WCY1,https://alphafold.ebi.ac.uk/files/AF-A0A0A1WCY1-F1-model_v6.pdb,2026-10-08,6,85.62,2022-06-01T00:00:00Z,ok,08632d10e58bedd89b150869302c060c4d77529f87cefc14bfdea11bea28d91a,80432
A0A0A1WCY6,https://alphafold.ebi.ac.uk/files/AF-A0A0A1WCY6-F1-model_v6.pdb,2026-10-08,6,95.38,2022-06-01T00:00:00Z,ok,fbcacb1744f272f49cd098799adb14f352550aa39a0c16e9b6dc5ff5e8023d4a,331046
A0A0A1WCZ6,https://alphafold.ebi.ac.uk/files/AF-A0A0A1WCZ6-F1-model_v6.pdb,2026-10-08,6,71.69,2022-06-01T00:00:00Z,ok,5e920d7faaddbcc68b04eed5a3c1795014e4619ee25b9f0210eb84e2b78063e7,524717
A0A0A1WD01,https://alphafold.ebi.ac.uk/files/AF-A0A0A1WD01-F1-model_v6.pdb,2026-10-08,6,89.81,2022-06-01T00:00:00Z,ok,fda3c03507616e5835c8fa13364d9225765854a21e78a46df27014beec879751,128708
A0A0A1WD06,https://alphafold.ebi.ac.uk/files/AF-A0A0A1WD06-F1-model_v6.pdb,2026-10-08,6,89.88,2022-06-01T00:00:00Z,ok,ad5cbf91a9a77a04528aa358e856d4bdbd166db6f53c617347f9b47e757963ae,282284
A0A0A1WD12,https://alphafold.ebi.ac.uk/files/AF-A0A0A1WD12-F1-model_v6.pdb,2026-10-08,6,90.94,2022-06-01T00:00:00Z,ok,e94ba9565417093bf4a14da07afb60ba5d65e84085074962e4e091af03a2d76e,230201
A0A0A1WD17,https://alphafold.ebi.ac.uk/files/AF-A0A0A1WD17-F1-model_v6.pdb,2026-10-08,6,93.75,2022-06-01T00:00:00Z,ok,d8bd6805f0c487c382323a61fcb9ad232960223b09a64057e30e91402589811e,80027
A0A0A1WD30,https://alphafold.ebi.ac.uk/files/AF-A0A0A1WD30-F1-model_v6.pdb,2026-10-08,6,65.0,2022-06-01T00:00:00Z,ok,24ab98dce0790878eded264d83736c79c030e4aecbf683cd864d96048b90e263,89261
A0A0A1WD34,https://alphafold.ebi.ac.uk/files/AF-A0A0A1WD34-F1-model_v6.pdb,2026-10-08,6,91.44,2022-06-01T00:00:00Z,ok,d5f1e0632e32ca0a9d4ab7e98dab5391d701c2d2ecda60a627c5e4b9f0e3a2b2,82052
A0A0A1WDM9,https://alphafold.ebi.ac.uk/files/AF-A0A0A1WDM9-F1-model_v6.pdb,2026-10-08,6,90.06,2022-06-01T00:00:00Z,ok,bc215ae2f2daa5c6240eca8c76c62dc2ea6dede83dcd62a84b1429f53af66182,169370
A0A0A1WDN9,https://alphafold.ebi.ac.uk/files/AF-A0A0A1WDN9-F1-model_v6.pdb,2026-10-08,6,80.56,2022-06-01T00:00:00Z,ok,6d4b4ef0dc07f8518986a077042edc7ab8129b06a776e798095596d77477f09a,213920
A0A0A1WDQ6,https://alphafold.ebi.ac.uk/files/AF-A0A0A1WDQ6-F1-model_v6.pdb,2026-10-08,6,81.88,2022-06-01T00:00:00Z,ok,61a119ddfa1e6e7fff2ab1e00fda4dca2e58ac06ee0ecd55a98477db4bcaa2b9,393173
A0A0A1WDR0,https://alphafold.ebi.ac.uk/files/AF-A0A0A1WDR0-F1-model_v6.pdb,2026-10-08,6,94.5,2022-06-01T00:00:00Z,ok,7974e07146d59061009b7ebcd800d3ec678e3888c800d8589d12fc2c1947f7e8,70955
A0A0A1WDR4,https://alphafold.ebi.ac.uk/files/AF-A0A0A1WDR4-F1-model_v6.pdb,2026-10-08,6,80.81,2022-06-01T00:00:00Z,ok,e769a8f7963d6f53abd9cafe1c28d47c957fea32d68856f665b9f104e68fd221,178442
A0A0A1WDS0,https://alphafold.ebi.ac.uk/files/AF-A0A0A1WDS0-F1-model_v6.pdb,2026-10-08,6,91.5,2022-06-01T00:00:00Z,ok,c600e8faf65bda72a3bae85644b3d9d38942eddbe343d8e68307176a93267cc3,60263
A0A0A1WDS1,https://alphafold.ebi.ac.uk/files/AF-A0A0A1WDS1-F1-model_v6.pdb,2026-10-08,6,84.56,2022-06-01T00:00:00Z,ok,541dbaec1f106cc390e4b508b6e1c882ae469be8fb5569d5e0e980da4723dab1,110321
A0A0A1WDS6,https://alphafold.ebi.ac.uk/files/AF-A0A0A1WDS6-F1-model_v6.pdb,2026-10-08,6,85.44,2022-06-01T00:00:00Z,ok,2909c3b790e610c46874cf0dfadc6ea936be7f4972af9c6acdd0f5eb1cf3b5ac,102788
A0A0A1WDS7,https://alphafold.ebi.ac.uk/files/AF-A0A0A1WDS7-F1-model_v6.pdb,2026-10-08,6,90.19,2022-06-01T00:00:00Z,ok,9516120b4e30e5a08bed396b5d43e046fabfc24e85c227e7ae86479aa35147e6,64799
A0A0A1WDV1,https://alphafold.ebi.ac.uk/files/AF-A0A0A1WDV1-F1-model_v6.pdb,2026-10-08,6,93.31,2022-06-01T00:00:00Z,ok,f1e0bfe732db240074b428da45de1785bd56be8fc4c71b1c6d45131ca1e09243,107891
A0A0A1WDV5,https://alphafold.ebi.ac.uk/files/AF-A0A0A1WDV5-F1-model_v6.pdb,2026-10-08,6,81.94,2022-06-01T00:00:00Z,ok,afb7c2ffc610039f1c59f30f084affd32398f3689d1ed470a22ec0d8f0e161e6,204848
A0A0A1WDW9,https://alphafold.ebi.ac.uk/files/AF-A0A0A1WDW9-F1-model_v6.pdb,2026-10-08,6,85.56,2022-06-01T00:00:00Z,ok,ad6ff2182450f36ef46965c5758edfd2c785a34f635eb840d968c556171f7471,109268
A0A0A1WDX5,https://alphafold.ebi.ac.uk/files/AF-A0A0A1WDX5-F1-model_v6.pdb,2026-10-08,6,90.5,2022-06-01T00:00:00Z,ok,c7b2396140a809f59d6ff11f0c2760164a16cdf595dbc6256215ad6cfc45c8e6,70631
A0A0B4U9L8,https://alphafold.ebi.ac.uk/files/AF-A0A0B4U9L8-F1-model_v6.pdb,2026-10-08,6,83.5,2025-08-01T00:00:00Z,ok,b0a704af9cfb4a3496f4cc1353cc78ecbe7421c27aec48da229a88883349ad50,397304
A0A0C4ZNF1,https://alphafold.ebi.ac.uk/files/AF-A0A0C4ZNF1-F1-model_v6.pdb,2026-10-08,6,82.69,2022-06-01T00:00:00Z,ok,04fcd13e579a4b8c17dc5dc69c2000794d53fef5d77d9117a24d84d7c252edc8,389933
A0A0F7YYV1,https://alphafold.ebi.ac.uk/files/AF-A0A0F7YYV1-F1-model_v6.pdb,2026-10-08,6,81.0,2022-06-01T00:00:00Z,ok,c508fc1b093fcd858be9c4f5fe64fc46167ccbb81dc50be387813dcbf1917ce9,396656
A0A0F7YYW3,https://alphafold.ebi.ac.uk/files/AF-A0A0F7YYW3-F1-model_v6.pdb,2026-10-08,6,55.09,2022-06-01T00:00:00Z,ok,70c92245d14adec2cf00dc5212f7bf6075d414f09e9d9590c29973c825044fe6,94688
A0A0F7YYZ8,https://alphafold.ebi.ac.uk/files/AF-A0A0F7YYZ8-F1-model_v6.pdb,2026-10-08,6,92.44,2022-06-01T00:00:00Z,ok,7f48d8859a39829c63d180188aa93bfde40284104f127b967fd1995915b0a0d4,558899
A0A0F7YZ00,https://alphafold.ebi.ac.uk/files/AF-A0A0F7YZ00-F1-model_v6.pdb,2026-10-08,6,67.5,2022-06-01T00:00:00Z,ok,8590eebc17dc5281dc18cd5ed75bfb5a03a6001938488f842bb7de0688832754,161837
A0A0F7Z0V4,https://alphafold.ebi.ac.uk/files/AF-A0A0F7Z0V4-F1-model_v6.pdb,2026-10-08,6,81.56,2022-06-01T00:00:00Z,ok,0090b6a6152b44df7f0cab7db65ca81b14c1a08b52520cece2f6712c584707a0,391877
A0A0F7Z0V8,https://alphafold.ebi.ac.uk/files/AF-A0A0F7Z0V8-F1-model_v6.pdb,2026-10-08,6,82.25,2022-06-01T00:00:00Z,ok,d06baa12483845953f7d0c46286ab2f4f598a0ed084a14524ee5f6b67206e3a9,391472
A0A0F7Z0Y7,https://alphafold.ebi.ac.uk/files/AF-A0A0F7Z0Y7-F1-model_v6.pdb,2026-10-08,6,76.75,2022-06-01T00:00:00Z,ok,5ae23ef27804e305e042e516fd88b7c23087edc08a2e47f35b47c37779f5b78d,102788
A0A0F7Z289,https://alphafold.ebi.ac.uk/files/AF-A0A0F7Z289-F1-model_v6.pdb,2026-10-08,6,81.0,2022-06-01T00:00:00Z,ok,414ebf56fa362be624e8c7fc92fadc988d52a4fcd581822c1a2ca3c3cbc8ebaf,451574
A0A0F7Z2N8,https://alphafold.ebi.ac.uk/files/AF-A0A0F7Z2N8-F1-model_v6.pdb,2026-10-08,6,86.12,2022-06-01T00:00:00Z,ok,f2568b16c8b092ab4719e8451d3ea8f5eb1691c151a9c7a365c2cf3400853e03,288359
A0A0F7Z2Q3,https://alphafold.ebi.ac.uk/files/AF-A0A0F7Z2Q3-F1-model_v6.pdb,2026-10-08,6,92.44,2022-06-01T00:00:00Z,ok,4999d5b9148b89a8634c612ecc7df74ea2e0a346198410d047f862f8b66c8088,557684
A0A0F7Z2Q4,https://alphafold.ebi.ac.uk/files/AF-A0A0F7Z2Q4-F1-model_v6.pdb,2026-10-08,6,74.44,2022-06-01T00:00:00Z,ok,6458d17660275306c7e2b65e0423fb295b7e2649d200fff8cf0fa80f84e83197,49652
A0A0F7Z2Q6,https://alphafold.ebi.ac.uk/files/AF-A0A0F7Z2Q6-F1-model_v6.pdb,2026-10-08,6,79.0,2022-06-01T00:00:00Z,ok,4b81b7a13b9e099b9704addfba3a4c8da4a4d3c3c37db719d973022ea8f981b3,107081
A0A0F7Z2U7,https://alphafold.ebi.ac.uk/files/AF-A0A0F7Z2U7-F1-model_v6.pdb,2026-10-08,6,93.0,2022-06-01T00:00:00Z,ok,6c440114de478644882d622b383d9e19399a3c86fa5d4821211a3f944621d7e4,156329
A0A0F7Z394,https://alphafold.ebi.ac.uk/files/AF-A0A0F7Z394-F1-model_v6.pdb,2026-10-08,6,66.81,2022-06-01T00:00:00Z,ok,58f371fa4247727263638438cbd7d40fac01565efe4deae6cb94f1d419693f9f,544481
A0A0F7Z3A7,https://alphafold.ebi.ac.uk/files/AF-A0A0F7Z3A7-F1-model_v6.pdb,2026-10-08,6,78.69,2022-06-01T00:00:00Z,ok,e158f8296dbdf13c849e87ad902a84da4e3d124f6458ac3be7724e817dc822b5,147014
A0A0F7Z3C1,https://alphafold.ebi.ac.uk/files/AF-A0A0F7Z3C1-F1-model_v6.pdb,2026-10-08,6,79.69,2022-06-01T00:00:00Z,ok,44977f97235d87b572c6b1793cd3ed15a35ef693efe2b5b69ed0b50a990cb52c,397709
A0A0F7Z3H3,https://alphafold.ebi.ac.uk/files/AF-A0A0F7Z3H3-F1-model_v6.pdb,2026-10-08,6,82.5,2022-06-01T00:00:00Z,ok,9674e4bb551e378bbcc3dcbd0c97928ce6fabfb9cb544157c983d2a63342e85a,103031
A0A0F7Z3H4,https://alphafold.ebi.ac.uk/files/AF-A0A0F7Z3H4-F1-model_v6.pdb,2026-10-08,6,82.06,2022-06-01T00:00:00Z,ok,6242b04d2eeb03f84d54a4572ebeda71aed79485769860bc98efb1071be085be,98576
A0A0F7Z792,https://alphafold.ebi.ac.uk/files/AF-A0A0F7Z792-F1-model_v6.pdb,2026-10-08,6,81.94,2022-06-01T00:00:00Z,ok,32ff1190b4a34f2bbaa6753d806507339432b52ddc21bf2c4e046e02935edabc,399896
A0A0F7Z793,https://alphafold.ebi.ac.uk/files/AF-A0A0F7Z793-F1-model_v6.pdb,2026-10-08,6,81.0,2022-06-01T00:00:00Z,ok,6ead702449f7436247b35fbd8de3963146827f87ea36c3915cc932e81165fa36,392039
A0A0F7Z7A2,https://alphafold.ebi.ac.uk/files/AF-A0A0F7Z7A2-F1-model_v6.pdb,2026-10-08,6,88.94,2022-06-01T00:00:00Z,ok,38e01cad5f47eabbb3b74229c8123481abcfbfd79dfb57a5c4606dc2ea9cb487,92177
A0A0F7Z7C8,https://alphafold.ebi.ac.uk/files/AF-A0A0F7Z7C8-F1-model_v6.pdb,2026-10-08,6,75.25,2022-06-01T00:00:00Z,ok,a7250f1ff4cc30676b3c9490bef140e632650b94376a1bc75b3948cf90b26ce6,49814
A0A0F7Z7E6,https://alphafold.ebi.ac.uk/files/AF-A0A0F7Z7E6-F1-model_v6.pdb,2026-10-08,6,84.94,2022-06-01T00:00:00Z,ok,484986cafef48622f6e719f0847e8151c185b01a0dd92a63fe09c6820beb91a2,101087
A0A0F7Z7G5,https://alphafold.ebi.ac.uk/files/AF-A0A0F7Z7G5-F1-model_v6.pdb,2026-10-08,6,54.03,2022-06-01T00:00:00Z,ok,ab635194d77657aaf97ec3584dbcb59405f528b71ba7cba219e1f14884ebf524,121580
A0A0F7ZDX6,https://alphafold.ebi.ac.uk/files/AF-A0A0F7ZDX6-F1-model_v6.pdb,2026-10-08,6,84.0,2022-06-01T00:00:00Z,ok,8ddc4d84c5ea2038bbc07b6f2e4414de268f84bd089a0e0c5b9a684e4aede8ad,332504
A0A0F7ZEQ7,https://alphafold.ebi.ac.uk/files/AF-A0A0F7ZEQ7-F1-model_v6.pdb,2026-10-08,6,74.81,2022-06-01T00:00:00Z,ok,7bfd834b0368cb88fcbc1c47d7acf92703d2528dde761a3df23cdfef79f17ab8,491021
A0A0K2JNB8,https://alphafold.ebi.ac.uk/files/AF-A0A0K2JNB8-F1-model_v6.pdb,2026-10-08,6,79.62,2022-06-01T00:00:00Z,ok,e0a921303c8005a6f8681b7b6c7321ecc9526eacb5140f75b6eab99ddca1755d,393983
A0A0K8RYR4,https://alphafold.ebi.ac.uk/files/AF-A0A0K8RYR4-F1-model_v6.pdb,2026-10-08,6,89.75,2022-06-01T00:00:00Z,ok,22947eac76959f84749ef7910d1d6c35184fea4b2d06050f61fc53b83ebcbb7b,93311
A0A0M3PMP1,https://alphafold.ebi.ac.uk/files/AF-A0A0M3PMP1-F1-model_v6.pdb,2026-10-08,6,67.69,2022-06-01T00:00:00Z,ok,0c1a492921fc1ee61d662e2a41a7d3458152b66484f9733d930751941d812141,159893
A0A0M4AL12,https://alphafold.ebi.ac.uk/files/AF-A0A0M4AL12-F1-model_v6.pdb,2026-10-08,6,91.38,2022-06-01T00:00:00Z,ok,28eb6b28223dcea214d9a08b76407cf1f7bdd455ac2db450fca6e58ac44477d6,158111
A0A0M4AL47,https://alphafold.ebi.ac.uk/files/AF-A0A0M4AL47-F1-model_v6.pdb,2026-10-08,6,41.56,2022-06-01T00:00:00Z,ok,7fbe5555c994560e64970bdb9b4f0051b5fcbf637aa674a05f6ba9b251b9e93d,161108
A0A0M4MEY5,https://alphafold.ebi.ac.uk/files/AF-A0A0M4MEY5-F1-model_v6.pdb,2026-10-08,6,94.75,2022-06-01T00:00:00Z,ok,d0f81597d7a8c15c971526435c6d615f43dd89d100f1209163c0c091ec530bac,132920
A0A0S4FKT4,https://alphafold.ebi.ac.uk/files/AF-A0A0S4FKT4-F1-model_v6.pdb,2026-10-08,6,94.44,2025-08-01T00:00:00Z,ok,404769388ac70dbc4320cca1037beff726bea0952892cd30b9bfaff6a7a7754b,157382
A0A0U5AUY6,https://alphafold.ebi.ac.uk/files/AF-A0A0U5AUY6-F1-model_v6.pdb,2026-10-08,6,90.31,2025-08-01T00:00:00Z,ok,eb15047e3206366447bf22f55dc1d62a0dbb193f165198ff46b2d3a54d24125c,49328
A0A140DC06,https://alphafold.ebi.ac.uk/files/AF-A0A140DC06-F1-model_v6.pdb,2026-10-08,6,81.88,2022-06-01T00:00:00Z,ok,5cce345b040710d8f4dc2558e0a9395780fa705ae96e89b3c7759a42831a0333,106676
A0A191UIN6,https://alphafold.ebi.ac.uk/files/AF-A0A191UIN6-F1-model_v6.pdb,2026-10-08,6,61.69,2022-06-01T00:00:00Z,ok,0f0e3bf59977cc71752a9090a16972ab4cd21247f8300146be03dd3c491fc4fb,71279
A0A191UIS3,https://alphafold.ebi.ac.uk/files/AF-A0A191UIS3-F1-model_v6.pdb,2026-10-08,6,61.69,2022-06-01T00:00:00Z,ok,2b32df02e990152948a7c2ea34e4446936ef0ecd6a40bdf98450b9836feb7b1e,71279
A0A191UIS4,https://alphafold.ebi.ac.uk/files/AF-A0A191UIS4-F1-model_v6.pdb,2026-10-08,6,61.19,2022-06-01T00:00:00Z,ok,b5d56f2c8cd5b5884561bd0973001f9327855510351c9cd00d1a917a1f88ce48,71279
A0A191UIS5,https://alphafold.ebi.ac.uk/files/AF-A0A191UIS5-F1-model_v6.pdb,2026-10-08,6,61.38,2022-06-01T00:00:00Z,ok,bdbae2c55e5c7d7c5ae23d57592587d3031a46135c9c80424f1f35bb4ae1fc61,71279
A0A191UIS7,https://alphafold.ebi.ac.uk/files/AF-A0A191UIS7-F1-model_v6.pdb,2026-10-08,6,60.72,2022-06-01T00:00:00Z,ok,879544ff496850372ac4bda97bc261eeaa6996d5fb00a7b117efdabcf4bef7c2,71279
A0A191UIV2,https://alphafold.ebi.ac.uk/files/AF-A0A191UIV2-F1-model_v6.pdb,2026-10-08,6,61.47,2022-06-01T00:00:00Z,ok,f96279dff4f843c089794639a02f580334175998e95d8501eea75aa003acf18c,71279
A0A191UIV5,https://alphafold.ebi.ac.uk/files/AF-A0A191UIV5-F1-model_v6.pdb,2026-10-08,6,61.84,2022-06-01T00:00:00Z,ok,eba6fdb1e3c3bbc73e23b001b08b7c08b7b96cfbea68bb5dca8fbb80495dbac6,71441
A0A191UIV7,https://alphafold.ebi.ac.uk/files/AF-A0A191UIV7-F1-model_v6.pdb,2026-10-08,6,61.31,2022-06-01T00:00:00Z,ok,6df896530208df9771a586d246f62991792952bfe605660113d74f4d7d13b9a3,71279
A0A191UIW0,https://alphafold.ebi.ac.uk/files/AF-A0A191UIW0-F1-model_v6.pdb,2026-10-08,6,61.25,2022-06-01T00:00:00Z,ok,11251ea742b172f009f724c607d5cd949864dae68fbb267f926bbc08e0244863,71279
A0A191UIW4,https://alphafold.ebi.ac.uk/files/AF-A0A191UIW4-F1-model_v6.pdb,2026-10-08,6,59.44,2022-06-01T00:00:00Z,ok,7112478fc3f2ab7a313bfe97e0848ddda891be632b414c416b3dd017f324b84a,71684
A0A191UIW7,https://alphafold.ebi.ac.uk/files/AF-A0A191UIW7-F1-model_v6.pdb,2026-10-08,6,59.34,2022-06-01T00:00:00Z,ok,d1107feca1d0c9436152a75cfc963c7f8f70e5d0b5403ecda84916cbd25cbe0c,71684
A0A193CHI7,https://alphafold.ebi.ac.uk/files/AF-A0A193CHI7-F1-model_v6.pdb,2026-10-08,6,89.19,2022-06-01T00:00:00Z,ok,a15e5b07c7fae4abc4a06a36812e2b3acb464e084e3537dc00f68b030f5dcb2c,90233
A0A193CHJ1,https://alphafold.ebi.ac.uk/files/AF-A0A193CHJ1-F1-model_v6.pdb,2026-10-08,6,88.94,2022-06-01T00:00:00Z,ok,d6401f922ce8cb3beccfcd73710ac451e3d5da9f95af648eb6a1adef3b18e1be,91367
A0A193CHJ2,https://alphafold.ebi.ac.uk/files/AF-A0A193CHJ2-F1-model_v6.pdb,2026-10-08,6,88.38,2022-06-01T00:00:00Z,ok,be09f3eeabb2168bac0a2e21a118611262a7c37dd72ea6e93c1d78029581ef6d,100763
A0A193CHJ3,https://alphafold.ebi.ac.uk/files/AF-A0A193CHJ3-F1-model_v6.pdb,2026-10-08,6,88.81,2022-06-01T00:00:00Z,ok,88c10512145bd03ac64baa5b4dc55c8d989d558cb9a9da208863087f40de0d10,90962
A0A193CHJ4,https://alphafold.ebi.ac.uk/files/AF-A0A193CHJ4-F1-model_v6.pdb,2026-10-08,6,85.38,2022-06-01T00:00:00Z,ok,019dccd1e4aa914c7fb238c0a2111a61ae3673b4a7e73e194900b943fd377166,108053
A0A193CHJ5,https://alphafold.ebi.ac.uk/files/AF-A0A193CHJ5-F1-model_v6.pdb,2026-10-08,6,90.5,2025-08-01T00:00:00Z,ok,ba10e505e064609d8dec197e09ad08d2bfcdc8bb31eefa16a9a3570649063754,94769
A0A193CHJ8,https://alphafold.ebi.ac.uk/files/AF-A0A193CHJ8-F1-model_v6.pdb,2026-10-08,6,89.38,2022-06-01T00:00:00Z,ok,dd9b88d57f87a8a0c7f63d14b0e484fd11afec11432ed47c957c53095b07c81e,91529
A0A193CHJ9,https://alphafold.ebi.ac.uk/files/AF-A0A193CHJ9-F1-model_v6.pdb,2026-10-08,6,87.19,2022-06-01T00:00:00Z,ok,c2e3a3959212597ea84cfa0debb4e67453631fec78772ad9888e72a71e4b346e,108134
A0A193CHK0,https://alphafold.ebi.ac.uk/files/AF-A0A193CHK0-F1-model_v6.pdb,2026-10-08,6,89.62,2022-06-01T00:00:00Z,ok,360079411c5c8e678ff24edd2603e4060465e65164d7a742532c925fc36bbc4f,92420
A0A193CHK5,https://alphafold.ebi.ac.uk/files/AF-A0A193CHK5-F1-model_v6.pdb,2026-10-08,6,89.38,2022-06-01T00:00:00Z,ok,857950ced232a36ba7881a2afcaf9277bd223edb7bd236ed88c4e257377be42f,93959
A0A193CHK6,https://alphafold.ebi.ac.uk/files/AF-A0A193CHK6-F1-model_v6.pdb,2026-10-08,6,89.19,2022-06-01T00:00:00Z,ok,54d65f4776312e74ea06a38ff2010052f61cd4bccf0ad499ba44d5774a1e4b02,91367
A0A193CHK7,https://alphafold.ebi.ac.uk/files/AF-A0A193CHK7-F1-model_v6.pdb,2026-10-08,6,89.19,2022-06-01T00:00:00Z,ok,f149d053b0b990ecdc6bfb44725042fdafee03ca5c5140f8a3afe1cb31dca311,94769
A0A193CHL0,https://alphafold.ebi.ac.uk/files/AF-A0A193CHL0-F1-model_v6.pdb,2026-10-08,6,89.5,2022-06-01T00:00:00Z,ok,029b8539b71c6ee68bcbb680c52240c758f63d92cd4b986833585c9328ef1014,92906
A0A1B3AXS3,https://alphafold.ebi.ac.uk/files/AF-A0A1B3AXS3-F1-model_v6.pdb,2026-10-08,6,84.56,2022-06-01T00:00:00Z,ok,28ed4769eaf8c7f8b2fcd6ed6bd0178d2b683134bb7015480b384083e1b7f193,107162
A0A1B3LEZ8,https://alphafold.ebi.ac.uk/files/AF-A0A1B3LEZ8-F1-model_v6.pdb,2026-10-08,6,78.38,2022-06-01T00:00:00Z,ok,db657e4ebde6756f19569429fc98fccc6107fb0091e07fac41cd1c2161e9bc7d,316061
A0A1D8BAW6,https://alphafold.ebi.ac.uk/files/AF-A0A1D8BAW6-F1-model_v6.pdb,2026-10-08,6,90.25,2022-06-01T00:00:00Z,ok,ec6a8417df34abf3d428e2ed60c6f9780b4a746b6489c0e86bfdfe614097a233,54836
A0A1D8BAW9,https://alphafold.ebi.ac.uk/files/AF-A0A1D8BAW9-F1-model_v6.pdb,2026-10-08,6,67.12,2022-06-01T00:00:00Z,ok,87b6eca6b71ad31376d96353a9a2054670a0125b2fb3ce16a96b87deb433ca15,157949
A0A1D8BAX5,https://alphafold.ebi.ac.uk/files/AF-A0A1D8BAX5-F1-model_v6.pdb,2026-10-08,6,90.81,2022-06-01T00:00:00Z,ok,e3d889963f1eb13979a6a982b242bcdf2a63a6fbcea1cef9aec941623c21d306,155438
A0A1D8BAX9,https://alphafold.ebi.ac.uk/files/AF-A0A1D8BAX9-F1-model_v6.pdb,2026-10-08,6,85.19,2022-06-01T00:00:00Z,ok,8a8f20a824423a662c0c064be1324f659555cb9f0a1535d3037b65c4cd6c11db,127007
A0A1I9KNL5,https://alphafold.ebi.ac.uk/files/AF-A0A1I9KNL5-F1-model_v6.pdb,2026-10-08,6,87.25,2022-06-01T00:00:00Z,ok,5b4daa54a01d833fe5c915053fbf292b1d680f74c9600df889cef8edd95345e2,169532
A0A1I9KNM0,https://alphafold.ebi.ac.uk/files/AF-A0A1I9KNM0-F1-model_v6.pdb,2026-10-08,6,92.56,2022-06-01T00:00:00Z,ok,33c3819eef963d55990a76dd18c503bf532a128ea9215bc01601c3e5973ccbe0,155681
A0A1I9KNN4,https://alphafold.ebi.ac.uk/files/AF-A0A1I9KNN4-F1-model_v6.pdb,2026-10-08,6,88.44,2022-06-01T00:00:00Z,ok,c20ab648d1b7792346cd0dc1dcaa8bddedea58ee2f2719eed3bf736b3008c202,165401
A0A1I9KNP0,https://alphafold.ebi.ac.uk/files/AF-A0A1I9KNP0-F1-model_v6.pdb,2026-10-08,6,89.25,2025-08-01T00:00:00Z,ok,a23dd083ce060f7a242a5fd1a530c81e8709ea01db2100389cd9d5ee23f610fe,169775
A0A1I9KNP4,https://alphafold.ebi.ac.uk/files/AF-A0A1I9KNP4-F1-model_v6.pdb,2026-10-08,6,50.25,2022-06-01T00:00:00Z,ok,a32ee102a41252b69679c96cd2dd63c723caef0f232350a4f3fef3a9fb933379,120203
A0A1I9KNP8,https://alphafold.ebi.ac.uk/files/AF-A0A1I9KNP8-F1-model_v6.pdb,2026-10-08,6,37.84,2022-06-01T00:00:00Z,ok,2562030400de61e611a760a04f80b816471336fd5d200a10c93dc9bf2fe69f18,160865
A0A1I9KNR4,https://alphafold.ebi.ac.uk/files/AF-A0A1I9KNR4-F1-model_v6.pdb,2026-10-08,6,72.81,2022-06-01T00:00:00Z,ok,c95f88884397909267ee2280ff0cc40f8c1d4b6d8675ca8f2be2013a0eb65a44,83105
A0A1I9KNR5,https://alphafold.ebi.ac.uk/files/AF-A0A1I9KNR5-F1-model_v6.pdb,2026-10-08,6,88.25,2022-06-01T00:00:00Z,ok,3aa9ba97b0682c291ccf6a18ef6f879fcd7108fc66a03fca2903fb28c4d4f480,148553
A0A1I9KNR6,https://alphafold.ebi.ac.uk/files/AF-A0A1I9KNR6-F1-model_v6.pdb,2026-10-08,6,81.69,2022-06-01T00:00:00Z,ok,788cf4cfd733eb30bf62b2e84ae2b685a6efc6040c7f15ca927cbea8005f29f3,394550
A0A1I9KNR7,https://alphafold.ebi.ac.uk/files/AF-A0A1I9KNR7-F1-model_v6.pdb,2026-10-08,6,72.0,2022-06-01T00:00:00Z,ok,fa769930e2ee35720f594efb6649d9baf8785e372afbc839f3c46c76138c40a5,83186
A0A1I9KNR8,https://alphafold.ebi.ac.uk/files/AF-A0A1I9KNR8-F1-model_v6.pdb,2026-10-08,6,88.81,2022-06-01T00:00:00Z,ok,f285b9e5e9c07a8af15c9a58af648f626e0d9daa76cfa0c9943577784d7c240e,167588
A0A1I9KNS1,https://alphafold.ebi.ac.uk/files/AF-A0A1I9KNS1-F1-model_v6.pdb,2026-10-08,6,80.81,2022-06-01T00:00:00Z,ok,c0a30863bb91814de92acba6d6d04bef431f22da2a2fbe7455b6eaf931eee23c,310067
A0A1I9KNS3,https://alphafold.ebi.ac.uk/files/AF-A0A1I9KNS3-F1-model_v6.pdb,2026-10-08,6,82.5,2022-06-01T00:00:00Z,ok,c189a14f4a18820230dd0f982c40f27c03d7198919150c1c1017395bdf446379,308123
A0A1I9KNT0,https://alphafold.ebi.ac.uk/files/AF-A0A1I9KNT0-F1-model_v6.pdb,2026-10-08,6,80.88,2022-06-01T00:00:00Z,ok,c405822fb6b2ee3aaeee155bb97fb7b740ce00c74ecade3bed627c8bff18f636,310310
A0A1J0CQH1,https://alphafold.ebi.ac.uk/files/AF-A0A1J0CQH1-F1-model_v6.pdb,2026-10-08,6,85.12,2022-06-01T00:00:00Z,ok,4a487cd7f09636c4b78a5f5f5304cab3ac5380976a33c673d3896122cf4aa2b2,59129
A0A1J0CZN0,https://alphafold.ebi.ac.uk/files/AF-A0A1J0CZN0-F1-model_v6.pdb,2026-10-08,6,76.0,2022-06-01T00:00:00Z,ok,15b7cbd76cb0c39fe8e3572307d9d318d1e6d103c040feab6aff1f77ad4bc40f,72737
A0A1J0CZN1,https://alphafold.ebi.ac.uk/files/AF-A0A1J0CZN1-F1-model_v6.pdb,2026-10-08,6,50.0,2022-06-01T00:00:00Z,ok,7656ba8d1851725f53208f9108624c4f7901ff45fe30ac2bbc81e0deebc35fdf,119717
A0A1J0R042,https://alphafold.ebi.ac.uk/files/AF-A0A1J0R042-F1-model_v6.pdb,2026-10-08,6,89.06,2022-06-01T00:00:00Z,ok,36cee325f93954f3ccdb2ecb64866ae03325554c56082df47d7d8701b0cbc4b4,90395
A0A1J0R046,https://alphafold.ebi.ac.uk/files/AF-A0A1J0R046-F1-model_v6.pdb,2026-10-08,6,89.38,2022-06-01T00:00:00Z,ok,0c5a24280757023f082ae89e3ad3fdfbff83f36e06a952e14ccb9a16a08d2ae8,94769
A0A1J0R049,https://alphafold.ebi.ac.uk/files/AF-A0A1J0R049-F1-model_v6.pdb,2026-10-08,6,84.5,2022-06-01T00:00:00Z,ok,37d98943e80927aa58b770f282c595781a54d9f0ce352aebb0d38c5de824970a,102464
A0A1J0R053,https://alphafold.ebi.ac.uk/files/AF-A0A1J0R053-F1-model_v6.pdb,2026-10-08,6,87.06,2022-06-01T00:00:00Z,ok,070ce474c9679e79d81719184d560f2408df3fb6d1813d82115aff8947ab87f9,103598
A0A1J0R054,https://alphafold.ebi.ac.uk/files/AF-A0A1J0R054-F1-model_v6.pdb,2026-10-08,6,88.81,2022-06-01T00:00:00Z,ok,a7f4fb4ddf823fcf48bb8bf23ccb3861101b130b764c716b8557376af7eac327,92258
A0A1J0R055,https://alphafold.ebi.ac.uk/files/AF-A0A1J0R055-F1-model_v6.pdb,2026-10-08,6,89.12,2022-06-01T00:00:00Z,ok,527480eee3bbee5a76f99089c20996f2be1a39f0588f68ccb7b1e0e3e87045a9,91934
A0A1J0R061,https://alphafold.ebi.ac.uk/files/AF-A0A1J0R061-F1-model_v6.pdb,2026-10-08,6,89.12,2022-06-01T00:00:00Z,ok,d938c2258cfdd17ef63695314142ab774b945d6b2c1477feff375c619f7398d1,92096
A0A1J0R063,https://alphafold.ebi.ac.uk/files/AF-A0A1J0R063-F1-model_v6.pdb,2026-10-08,6,88.69,2022-06-01T00:00:00Z,ok,8ac3c6732400751f52165fc4fd0e5a716a4d4d518fceaa80dd2a6b7a0877a0bb,91529
A0A1J0R065,https://alphafold.ebi.ac.uk/files/AF-A0A1J0R065-F1-model_v6.pdb,2026-10-08,6,85.0,2022-06-01T00:00:00Z,ok,b0b760b402c141a136fc8f91e19c2d469129349fe46a2e94bb4a8ffc74562652,102140
A0A1J0R067,https://alphafold.ebi.ac.uk/files/AF-A0A1J0R067-F1-model_v6.pdb,2026-10-08,6,89.69,2022-06-01T00:00:00Z,ok,b1bd74c23025469b97ffd7fbb82efd6bbb68069142ed371b954c250b869b6863,94931
A0A1J0R068,https://alphafold.ebi.ac.uk/files/AF-A0A1J0R068-F1-model_v6.pdb,2026-10-08,6,86.69,2022-06-01T00:00:00Z,ok,060044f51816bbdfb766c94a922f703454b999c6255d2cee60d3b59534eeda51,103355
A0A1J0R072,https://alphafold.ebi.ac.uk/files/AF-A0A1J0R072-F1-model_v6.pdb,2026-10-08,6,88.75,2022-06-01T00:00:00Z,ok,f3d8b5ccc34f362b9915c49b8e77c09305e33851abc488a9ddf9b3683c2d4229,91934
A0A1J0R074,https://alphafold.ebi.ac.uk/files/AF-A0A1J0R074-F1-model_v6.pdb,2026-10-08,6,88.5,2022-06-01T00:00:00Z,ok,0de153a73f67e6fe53ff9a0800a102263ec36a536258fd0cc79bdf178ddda1cf,92096
A0A1J0R076,https://alphafold.ebi.ac.uk/files/AF-A0A1J0R076-F1-model_v6.pdb,2026-10-08,6,89.0,2022-06-01T00:00:00Z,ok,4ac99aa8671aeedb69e855e06633aa1df826a7680e86ac9631b5b511eeef9c31,91448
A0A1J0R079,https://alphafold.ebi.ac.uk/files/AF-A0A1J0R079-F1-model_v6.pdb,2026-10-08,6,84.94,2022-06-01T00:00:00Z,ok,8ddd4eed6aff279ad4fd57b9f25b43821d159db6ecfc7196e08b65832411ffe7,102302
A0A1J0R080,https://alphafold.ebi.ac.uk/files/AF-A0A1J0R080-F1-model_v6.pdb,2026-10-08,6,89.69,2022-06-01T00:00:00Z,ok,49c3090f86f283aa95dc77a2422b844f37f5d9ed82a09bf240fd628109879442,92339
A0A1J0R081,https://alphafold.ebi.ac.uk/files/AF-A0A1J0R081-F1-model_v6.pdb,2026-10-08,6,88.94,2022-06-01T00:00:00Z,ok,e75fefe589f519e2c50f4b6ec4f20c1d4190ccc36fdee994d58522cfb4e1f86e,91934
A0A1J0R087,https://alphafold.ebi.ac.uk/files/AF-A0A1J0R087-F1-model_v6.pdb,2026-10-08,6,87.31,2022-06-01T00:00:00Z,ok,f688df4fff816da3ad7391fd38959314fadc4d9f6f06dcab64549846139c2ddb,98414
A0A1J0R091,https://alphafold.ebi.ac.uk/files/AF-A0A1J0R091-F1-model_v6.pdb,2026-10-08,6,86.44,2022-06-01T00:00:00Z,ok,1e0b26cf8052eef5a180aaff65b6019e4b90c9520905bba2d48a3e6713b4ea6e,103760
A0A1J0R094,https://alphafold.ebi.ac.uk/files/AF-A0A1J0R094-F1-model_v6.pdb,2026-10-08,6,84.0,2022-06-01T00:00:00Z,ok,93a06b25877d3909fee354f994fe9c14ec500203a4996e4a339d0420663a7fd2,102059
A0A1L8D5R9,https://alphafold.ebi.ac.uk/files/AF-A0A1L8D5R9-F1-model_v6.pdb,2026-10-08,6,89.5,2022-06-01T00:00:00Z,ok,94afc3413089929a2826d5d15bbcf2847631fac2147e27bbb9994174f640821c,166373
A0A1L8D5T9,https://alphafold.ebi.ac.uk/files/AF-A0A1L8D5T9-F1-model_v6.pdb,2026-10-08,6,90.81,2022-06-01T00:00:00Z,ok,fc355a3cea07d08d821dabf63c0af32193c4705e68226693186d9a222be754ce,164510
A0A1L8D5U3,https://alphafold.ebi.ac.uk/files/AF-A0A1L8D5U3-F1-model_v6.pdb,2026-10-08,6,90.31,2022-06-01T00:00:00Z,ok,e8129c91fc05a511a04e3a6f691eef79e67c6c87dbbac214db5a3dffdbd1173e,166616
A0A1L8D5U5,https://alphafold.ebi.ac.uk/files/AF-A0A1L8D5U5-F1-model_v6.pdb,2026-10-08,6,82.38,2022-06-01T00:00:00Z,ok,ab3f734c4171d58fa40cbb226eb513d66b6643b57c6c47115e2348faed7576cb,97442
A0A1L8D5U8,https://alphafold.ebi.ac.uk/files/AF-A0A1L8D5U8-F1-model_v6.pdb,2026-10-08,6,89.06,2022-06-01T00:00:00Z,ok,d729e8fcd5b075f6bda81ce13203551c4f39f129fdd73e320a49a4e421407285,167021
A0A1L8D5U9,https://alphafold.ebi.ac.uk/files/AF-A0A1L8D5U9-F1-model_v6.pdb,2026-10-08,6,88.31,2022-06-01T00:00:00Z,ok,3d93530a334bfec49ec51f7da0e1194cd9861fd9f807a24a7e954b244392eaac,167912
A0A1L8D5V0,https://alphafold.ebi.ac.uk/files/AF-A0A1L8D5V0-F1-model_v6.pdb,2026-10-08,6,89.81,2022-06-01T00:00:00Z,ok,b06fbb8abbbbaabda036ffd7f8e58e651eeb8effba263513b15c06d52de7c4f5,167345
A0A1L8D5V3,https://alphafold.ebi.ac.uk/files/AF-A0A1L8D5V3-F1-model_v6.pdb,2026-10-08,6,90.94,2022-06-01T00:00:00Z,ok,91ed6dbc05c506bbb7e839edaa2457d61f154584be1ef2009a4a72284a6d1e2d,164105
A0A1L8D5V4,https://alphafold.ebi.ac.uk/files/AF-A0A1L8D5V4-F1-model_v6.pdb,2026-10-08,6,91.06,2022-06-01T00:00:00Z,ok,18108583e31da6dba17ccbd2c96d6532b5b437d42dd7ce61b5e1535a3749dd25,162809
A0A1L8D5V6,https://alphafold.ebi.ac.uk/files/AF-A0A1L8D5V6-F1-model_v6.pdb,2026-10-08,6,81.62,2022-06-01T00:00:00Z,ok,ea1ca7d643553a9dfa20014fe6951db80f20e36a9966659d2fa406cf77b2514c,97199
A0A1L8D5V7,https://alphafold.ebi.ac.uk/files/AF-A0A1L8D5V7-F1-model_v6.pdb,2026-10-08,6,81.44,2022-06-01T00:00:00Z,ok,d5eb13e75e0eed12d69766aa99eb001e6e3e79e5f04969356aa44537a2730247,395036
A0A1L8D5V8,https://alphafold.ebi.ac.uk/files/AF-A0A1L8D5V8-F1-model_v6.pdb,2026-10-08,6,81.44,2022-06-01T00:00:00Z,ok,259e802cc0b62bb758efdcf8917fd3132f24c6f5de84a44a1be7c1e6c5b6dccc,393578
A0A1L8D5V9,https://alphafold.ebi.ac.uk/files/AF-A0A1L8D5V9-F1-model_v6.pdb,2026-10-08,6,89.5,2022-06-01T00:00:00Z,ok,88ea7f20ba5e53f61776092b3881cf07cdb7fc91453b3261dde2236211e90cc1,164429
A0A1L8D5W3,https://alphafold.ebi.ac.uk/files/AF-A0A1L8D5W3-F1-model_v6.pdb,2026-10-08,6,89.31,2022-06-01T00:00:00Z,ok,4d2ae60f545786a58613ad5be9aebe0eae243de204dd089686ffba528ccd2c96,167507
A0A1L8D5W4,https://alphafold.ebi.ac.uk/files/AF-A0A1L8D5W4-F1-model_v6.pdb,2026-10-08,6,90.0,2022-06-01T00:00:00Z,ok,27dbf9c68a98f6881fb14c7d96ebd2b0ed8b882c19777c5fe1a30ccab6b5f8a4,165158
A0A1L8D5W5,https://alphafold.ebi.ac.uk/files/AF-A0A1L8D5W5-F1-model_v6.pdb,2026-10-08,6,89.31,2022-06-01T00:00:00Z,ok,0565e158849b8271dec52f084b36b2e82575a6b68e3e9bc0d1350df536e5d720,164024
A0A1L8D5W6,https://alphafold.ebi.ac.uk/files/AF-A0A1L8D5W6-F1-model_v6.pdb,2026-10-08,6,83.06,2022-06-01T00:00:00Z,ok,47a034ec7e5fff7a59ce436537fc8adda651cc2f4f6d7057e71648cae37261eb,395036
A0A1L8D5W7,https://alphafold.ebi.ac.uk/files/AF-A0A1L8D5W7-F1-model_v6.pdb,2026-10-08,6,83.44,2022-06-01T00:00:00Z,ok,aefbf512fa65da9f7f3bfed57e47d5daecd352601b4d10cfc46d868246f8062a,393578
A0A1L8D5X1,https://alphafold.ebi.ac.uk/files/AF-A0A1L8D5X1-F1-model_v6.pdb,2026-10-08,6,82.38,2022-06-01T00:00:00Z,ok,06f48e8311a663c7666adee4b301c220f93927484afafe2925664635ad877743,396899
A0A1L8D5X2,https://alphafold.ebi.ac.uk/files/AF-A0A1L8D5X2-F1-model_v6.pdb,2026-10-08,6,83.44,2022-06-01T00:00:00Z,ok,32c0fd678780a3eea33d9663b67005b0115f0d4103e6010a5f1ba7f5e9308c9a,393983
A0A1L8D5X3,https://alphafold.ebi.ac.uk/files/AF-A0A1L8D5X3-F1-model_v6.pdb,2026-10-08,6,81.44,2022-06-01T00:00:00Z,ok,190ad63298afb805f1a72899499ba9bcde728f05d519b952f81b1e4c317c2709,389690
A0A1L8D5X4,https://alphafold.ebi.ac.uk/files/AF-A0A1L8D5X4-F1-model_v6.pdb,2026-10-08,6,81.62,2022-06-01T00:00:00Z,ok,3095026196ab1cd96d02fa9924c7dffe2ea6486cfa9a2ab48d9788c198cebbe7,388070
A0A1L8D5X6,https://alphafold.ebi.ac.uk/files/AF-A0A1L8D5X6-F1-model_v6.pdb,2026-10-08,6,81.06,2022-06-01T00:00:00Z,ok,17a4e6c1b73f3ace70615b6bf66a4f0b48623bff24698617d221ba2ddc997f0b,391715
A0A1L8D5X7,https://alphafold.ebi.ac.uk/files/AF-A0A1L8D5X7-F1-model_v6.pdb,2026-10-08,6,80.56,2022-06-01T00:00:00Z,ok,06fbe62cfd406604f2bd8c10399fea5003ee3e56499593a7f106eb132e1d2ed7,392120
A0A1L8D5X8,https://alphafold.ebi.ac.uk/files/AF-A0A1L8D5X8-F1-model_v6.pdb,2026-10-08,6,81.44,2022-06-01T00:00:00Z,ok,691403402344591da06ff6d5988a50f284152ca165b66f57a173663755bbb160,390338
A0A1L8D5X9,https://alphafold.ebi.ac.uk/files/AF-A0A1L8D5X9-F1-model_v6.pdb,2026-10-08,6,82.5,2022-06-01T00:00:00Z,ok,09c47971d7d96b8d467912fc87bee73ecf513c5d9770d8ab9deb269961717f47,392444
A0A1L8D5Y0,https://alphafold.ebi.ac.uk/files/AF-A0A1L8D5Y0-F1-model_v6.pdb,2026-10-08,6,81.81,2022-06-01T00:00:00Z,ok,1e9ebbb78eace98d56c1c7a36ba7b31c721ac9daaf22c6756782a347ff174270,389771
A0A1L8D5Y2,https://alphafold.ebi.ac.uk/files/AF-A0A1L8D5Y2-F1-model_v6.pdb,2026-10-08,6,82.06,2022-06-01T00:00:00Z,ok,28ff484b4e91b934217d1530d0878554a4f57e57df0f34b72578543062e79d62,389123
A0A1L8D5Y6,https://alphafold.ebi.ac.uk/files/AF-A0A1L8D5Y6-F1-model_v6.pdb,2026-10-08,6,80.5,2022-06-01T00:00:00Z,ok,eb5442ee931da72f0042e8ea7fb4b1b1cac57442b24383c6ef895625326b914f,393497
A0A1L8D5Y7,https://alphafold.ebi.ac.uk/files/AF-A0A1L8D5Y7-F1-model_v6.pdb,2026-10-08,6,80.44,2022-06-01T00:00:00Z,ok,82200ad4296bfac9ea82205f63b283985cf3343fa844b3858438c18dfc70a166,392120
A0A1L8D5Z0,https://alphafold.ebi.ac.uk/files/AF-A0A1L8D5Z0-F1-model_v6.pdb,2026-10-08,6,80.06,2022-06-01T00:00:00Z,ok,2fe791aeafc690d6fd02dd4afca9fb8c478a4a525bab07d1cb4033542bd9d64b,308042
A0A1L8D5Z1,https://alphafold.ebi.ac.uk/files/AF-A0A1L8D5Z1-F1-model_v6.pdb,2026-10-08,6,80.81,2022-06-01T00:00:00Z,ok,ff98e7aa55d8474cf49fe081d65fc041deda1c8c88a9dd57300fc805b63f20b9,392849
A0A1L8D5Z3,https://alphafold.ebi.ac.uk/files/AF-A0A1L8D5Z3-F1-model_v6.pdb,2026-10-08,6,83.44,2022-06-01T00:00:00Z,ok,36eb625b52b1dc33cbbef1c396faf313243b3f415511eb5853b2b45e168ea593,318653
A0A1L8D5Z6,https://alphafold.ebi.ac.uk/files/AF-A0A1L8D5Z6-F1-model_v6.pdb,2026-10-08,6,82.69,2022-06-01T00:00:00Z,ok,2f0e6df3d53b7d0115d5e984bc410aa538e314605a5302c42e6ce43044af99ce,309257
A0A1L8D5Z9,https://alphafold.ebi.ac.uk/files/AF-A0A1L8D5Z9-F1-model_v6.pdb,2026-10-08,6,90.25,2022-06-01T00:00:00Z,ok,fa64f964667e6649ae004875caccad7b81f7c12b75f8bee090c97f29e806e312,105947
A0A1L8D600,https://alphafold.ebi.ac.uk/files/AF-A0A1L8D600-F1-model_v6.pdb,2026-10-08,6,83.19,2022-06-01T00:00:00Z,ok,7ddeb5c9ec7edc1642a5d91436df8a2ee015f28acd06fe1e33b1e23a5689d8b4,310715
A0A1L8D608,https://alphafold.ebi.ac.uk/files/AF-A0A1L8D608-F1-model_v6.pdb,2026-10-08,6,67.5,2022-06-01T00:00:00Z,ok,635c8d5ed2bbe27efbbdf7d936951c2429e514f6d085184b2090c03bb51bc4d8,160136
A0A1L8D609,https://alphafold.ebi.ac.uk/files/AF-A0A1L8D609-F1-model_v6.pdb,2026-10-08,6,88.56,2022-06-01T00:00:00Z,ok,089f8ff66e32d97c46d41fd01eaac0a2e895747962aa3e7d8e066fa6e5a61f82,106028
A0A1L8D610,https://alphafold.ebi.ac.uk/files/AF-A0A1L8D610-F1-model_v6.pdb,2026-10-08,6,88.06,2022-06-01T00:00:00Z,ok,194eb88e9f306e30bbfb4d58b8c397af7bd8a863c5335963662e271678d9a2c0,166697
A0A1L8D613,https://alphafold.ebi.ac.uk/files/AF-A0A1L8D613-F1-model_v6.pdb,2026-10-08,6,88.0,2022-06-01T00:00:00Z,ok,61a56527c9c314659577f0213e85cbc883f04232b27e4a6572ba731d83c0fe45,105299
A0A1L8D615,https://alphafold.ebi.ac.uk/files/AF-A0A1L8D615-F1-model_v6.pdb,2026-10-08,6,95.19,2022-06-01T00:00:00Z,ok,8906bc996ce6fa73ac2be24bad7c107e054e2b8b73e585ed27de2d0968511583,330722
A0A1L8D618,https://alphafold.ebi.ac.uk/files/AF-A0A1L8D618-F1-model_v6.pdb,2026-10-08,6,90.12,2022-06-01T00:00:00Z,ok,cd954d3e5e05152bed29a45928e58b0bc924b78b7053ce7c37aef489fc38a9d5,104327
A0A1L8D619,https://alphafold.ebi.ac.uk/files/AF-A0A1L8D619-F1-model_v6.pdb,2026-10-08,6,84.19,2022-06-01T00:00:00Z,ok,a17ddf538498286b92404a61bf416017f459db42f86aeaa25883ab9063c704fb,113156
A0A1L8D620,https://alphafold.ebi.ac.uk/files/AF-A0A1L8D620-F1-model_v6.pdb,2026-10-08,6,88.06,2022-06-01T00:00:00Z,ok,3a2e8974ef3bead189a401adb02ed4b97c7e0e8a29b6025975b718de364ec778,168236
A0A1L8D622,https://alphafold.ebi.ac.uk/files/AF-A0A1L8D622-F1-model_v6.pdb,2026-10-08,6,90.19,2022-06-01T00:00:00Z,ok,7e36b90a894a7ad996f1e60aeba52b94ba900110b07766a6a18c3af5b78c210f,104894
A0A1L8D623,https://alphafold.ebi.ac.uk/files/AF-A0A1L8D623-F1-model_v6.pdb,2026-10-08,6,86.56,2022-06-01T00:00:00Z,ok,8bee1878e0bedc3ffab9ee6ed4c27432aff7d2df731c8cab705753e9b7a1f7ed,113966
A0A1L8D624,https://alphafold.ebi.ac.uk/files/AF-A0A1L8D624-F1-model_v6.pdb,2026-10-08,6,88.44,2022-06-01T00:00:00Z,ok,7548cb7157b1386490937983a6f2542d51cfbc7dcf40924af7d45f0e7c3ba0e7,104165
A0A1L8D626,https://alphafold.ebi.ac.uk/files/AF-A0A1L8D626-F1-model_v6.pdb,2026-10-08,6,90.44,2022-06-01T00:00:00Z,ok,aff905480b8e8f9058dc78fd8e64a73e16a745272a0e15449e54d93f9ba6a6ac,165158
A0A1L8D627,https://alphafold.ebi.ac.uk/files/AF-A0A1L8D627-F1-model_v6.pdb,2026-10-08,6,88.88,2022-06-01T00:00:00Z,ok,25f3f67df5a192aa2f88631207d178208068a616c91df3ca503802888340a82d,105137
A0A1L8D629,https://alphafold.ebi.ac.uk/files/AF-A0A1L8D629-F1-model_v6.pdb,2026-10-08,6,88.12,2022-06-01T00:00:00Z,ok,56fd41e2728f45116c5363e26ef6e43a68249decca782815037db2d8852993e3,100034
A0A1L8D630,https://alphafold.ebi.ac.uk/files/AF-A0A1L8D630-F1-model_v6.pdb,2026-10-08,6,87.56,2022-06-01T00:00:00Z,ok,c956bbc4c33bea948ebdcd78efe75d450f54f95075ebb7ca4fcb9d51d831e648,106028
A0A1L8D631,https://alphafold.ebi.ac.uk/files/AF-A0A1L8D631-F1-model_v6.pdb,2026-10-08,6,88.56,2022-06-01T00:00:00Z,ok,dad4ee7d4af88cd48c79ea6f5d166eb360809028db6fe1b2f7eaaaa7662ecf2e,100358
A0A1L8D632,https://alphafold.ebi.ac.uk/files/AF-A0A1L8D632-F1-model_v6.pdb,2026-10-08,6,89.62,2022-06-01T00:00:00Z,ok,fea859ed1f6bbbf8fe82ef8d610c80514f58fc94bf76faf9c77bf82b696ff0f5,104408
A0A1L8D633,https://alphafold.ebi.ac.uk/files/AF-A0A1L8D633-F1-model_v6.pdb,2026-10-08,6,82.62,2022-06-01T00:00:00Z,ok,61d2c0ee8ae22ce1e7bc97dcfb37dd5a83f053a31e3e9aefe817807aa5dae9b4,397061
A0A1L8D634,https://alphafold.ebi.ac.uk/files/AF-A0A1L8D634-F1-model_v6.pdb,2026-10-08,6,89.12,2022-06-01T00:00:00Z,ok,70f75eae5dd3933bc405131c1fb5e2281fa15db38a21bec8ea55e4741fc57642,105866
A0A1L8D635,https://alphafold.ebi.ac.uk/files/AF-A0A1L8D635-F1-model_v6.pdb,2026-10-08,6,87.88,2022-06-01T00:00:00Z,ok,62f7ffdbfda44160de8cfba777e842077106d62d4d75b6e8a114aa7df07001db,168560
A0A1L8D636,https://alphafold.ebi.ac.uk/files/AF-A0A1L8D636-F1-model_v6.pdb,2026-10-08,6,85.62,2022-06-01T00:00:00Z,ok,b8bf1e77886415d8d831070f14c98cc70dd38823b6ddee3c46f2edaf6f61ce98,109511
A0A1L8D638,https://alphafold.ebi.ac.uk/files/AF-A0A1L8D638-F1-model_v6.pdb,2026-10-08,6,85.06,2022-06-01T00:00:00Z,ok,8700e7d41b9b00a299fc04be1477f48239891d6ac089777e4ef279d2c331d0e8,112184
A0A1L8D639,https://alphafold.ebi.ac.uk/files/AF-A0A1L8D639-F1-model_v6.pdb,2026-10-08,6,83.38,2022-06-01T00:00:00Z,ok,3027da8d770fe9dfd90023c819ef39fdeed0fccbac218b071d986170aca88bbc,103112
A0A1L8D640,https://alphafold.ebi.ac.uk/files/AF-A0A1L8D640-F1-model_v6.pdb,2026-10-08,6,81.88,2022-06-01T00:00:00Z,ok,58f5e98c3d7167491d4041ad6fe90f32f50f4f2835d2636cb891ef1050c85d7f,102869
A0A1L8D641,https://alphafold.ebi.ac.uk/files/AF-A0A1L8D641-F1-model_v6.pdb,2026-10-08,6,81.88,2022-06-01T00:00:00Z,ok,6a5ee03be7ec3c772c751b641cdc84cc1894d6e068c7d286b577d89634f181db,390986
A0A1L8D643,https://alphafold.ebi.ac.uk/files/AF-A0A1L8D643-F1-model_v6.pdb,2026-10-08,6,85.38,2022-06-01T00:00:00Z,ok,eca897d974735a8112a987ca0e43ff208c6975b8dad93b1118a0c40bd231131d,102383
A0A1L8D644,https://alphafold.ebi.ac.uk/files/AF-A0A1L8D644-F1-model_v6.pdb,2026-10-08,6,82.69,2022-06-01T00:00:00Z,ok,431339f4cfb58a58532146e24be8fa41bb48f9069ad6400058339100854ad251,102707
A0A1L8D646,https://alphafold.ebi.ac.uk/files/AF-A0A1L8D646-F1-model_v6.pdb,2026-10-08,6,81.38,2022-06-01T00:00:00Z,ok,cb395be4dd656d80b7c48475826b90ed6dde20ef6fe0abd503e85d2a39713dd8,394631
A0A1L8D647,https://alphafold.ebi.ac.uk/files/AF-A0A1L8D647-F1-model_v6.pdb,2026-10-08,6,87.56,2022-06-01T00:00:00Z,ok,d9580ba7a7f443b71eee89c71b06a78cd69a25e8a2443182d668d970779e3d85,101411
A0A1L8D648,https://alphafold.ebi.ac.uk/files/AF-A0A1L8D648-F1-model_v6.pdb,2026-10-08,6,88.81,2022-06-01T00:00:00Z,ok,9ecf2a9e92df6e840d8ddc590069b73b079e76bd4de527dd12032f0f2836a362,99386
A0A1L8D649,https://alphafold.ebi.ac.uk/files/AF-A0A1L8D649-F1-model_v6.pdb,2026-10-08,6,80.0,2022-06-01T00:00:00Z,ok,4a7aafbec6d0080e4f298960f887f3bdd6f493d16d89903fdfea63dd315dbeed,309986
A0A1L8D650,https://alphafold.ebi.ac.uk/files/AF-A0A1L8D650-F1-model_v6.pdb,2026-10-08,6,84.31,2022-06-01T00:00:00Z,ok,3d1ba810f9642540fa8cd50e33303467f14f3562c4ddfcac64e114695e7310ab,102059
A0A1L8D651,https://alphafold.ebi.ac.uk/files/AF-A0A1L8D651-F1-model_v6.pdb,2026-10-08,6,82.44,2022-06-01T00:00:00Z,ok,2b62142303753df2c09d19ac33939633394e72af5977dfc701dbb03ef5b86a98,96956
A0A1L8D653,https://alphafold.ebi.ac.uk/files/AF-A0A1L8D653-F1-model_v6.pdb,2026-10-08,6,80.12,2022-06-01T00:00:00Z,ok,4446c2fe9b8ed57fa776ba8485f9c6d39f0fe20feb5b2269314a0f5cd2a49284,103355
A0A1L8D654,https://alphafold.ebi.ac.uk/files/AF-A0A1L8D654-F1-model_v6.pdb,2026-10-08,6,87.56,2022-06-01T00:00:00Z,ok,3496dd88c84804bf3cf2e74cf718a4566a98ce20821f35edb65bb4140c1d2907,102626
A0A1L8D656,https://alphafold.ebi.ac.uk/files/AF-A0A1L8D656-F1-model_v6.pdb,2026-10-08,6,81.88,2022-06-01T00:00:00Z,ok,81e5eedb0ec0fabd9de2774eb08bf5c181080af7ebb557c4f0fb84e88f086e5d,395522
A0A1L8D657,https://alphafold.ebi.ac.uk/files/AF-A0A1L8D657-F1-model_v6.pdb,2026-10-08,6,81.44,2022-06-01T00:00:00Z,ok,523ccee6fa28e1d55ea9d2b2f96c26a265fb1eb16783db17861b4c82ddcb78c8,101978
A0A1L8D658,https://alphafold.ebi.ac.uk/files/AF-A0A1L8D658-F1-model_v6.pdb,2026-10-08,6,91.0,2022-06-01T00:00:00Z,ok,f50e8214dcb3491d785ea2d5f6bb75688b7b38fc67092b3adb39b95e482fd8ee,162809
A0A1L8D659,https://alphafold.ebi.ac.uk/files/AF-A0A1L8D659-F1-model_v6.pdb,2026-10-08,6,81.69,2022-06-01T00:00:00Z,ok,47fb8c0e71658569a7d37ebf5018ef78f2a3a35c5964e9b143a67477aecf4f5a,102707
A0A1L8D660,https://alphafold.ebi.ac.uk/files/AF-A0A1L8D660-F1-model_v6.pdb,2026-10-08,6,50.09,2022-06-01T00:00:00Z,ok,f0852f32732c9d7a60def3ff0171c01a58bfcceec2ed391bf399ee641c741526,133811
A0A1L8D661,https://alphafold.ebi.ac.uk/files/AF-A0A1L8D661-F1-model_v6.pdb,2026-10-08,6,81.94,2022-06-01T00:00:00Z,ok,951852d70a7214b7ceb6b05fba9f6dbcb98357e2be60bcc4f259d355ae1f601a,102302
A0A1L8D662,https://alphafold.ebi.ac.uk/files/AF-A0A1L8D662-F1-model_v6.pdb,2026-10-08,6,45.97,2022-06-01T00:00:00Z,ok,eedddfd000daca9c29c5531a07569585ae16f94d8b928ff87c46eec01aedb4e6,146366
A0A1L8D663,https://alphafold.ebi.ac.uk/files/AF-A0A1L8D663-F1-model_v6.pdb,2026-10-08,6,82.31,2022-06-01T00:00:00Z,ok,8d249c15c019894f7595945307ef8b3c6894273d69569dd42308544666f5c078,101978
A0A1L8D664,https://alphafold.ebi.ac.uk/files/AF-A0A1L8D664-F1-model_v6.pdb,2026-10-08,6,90.19,2022-06-01T00:00:00Z,ok,d4ff2de09282332cc6f0931c9c6f8fb08d8304c61300b61a9647703e074e2d97,165887
A0A1L8D665,https://alphafold.ebi.ac.uk/files/AF-A0A1L8D665-F1-model_v6.pdb,2026-10-08,6,50.34,2022-06-01T00:00:00Z,ok,abd51a09765b8f9fbf58836e197d6a22588fc286bb0c9164b47c2d0876b0b8aa,131381
A0A1L8D666,https://alphafold.ebi.ac.uk/files/AF-A0A1L8D666-F1-model_v6.pdb,2026-10-08,6,81.5,2022-06-01T00:00:00Z,ok,9000ef4c828beb05d3616d153e0de7e32306ff86c5582ae81a815a4f15ab7aca,390743
A0A1L8D668,https://alphafold.ebi.ac.uk/files/AF-A0A1L8D668-F1-model_v6.pdb,2026-10-08,6,91.5,2022-06-01T00:00:00Z,ok,bedb5c6efe8b776f2fa3e1a67a775c57e2304e00bac3da6973649cb9de9c0941,165968
A0A1L8D670,https://alphafold.ebi.ac.uk/files/AF-A0A1L8D670-F1-model_v6.pdb,2026-10-08,6,85.38,2022-06-01T00:00:00Z,ok,0298c19edeb761ee69e99abba8e708b703843d35a087a53e2c1ebd4238ea89a2,103841
A0A1L8D672,https://alphafold.ebi.ac.uk/files/AF-A0A1L8D672-F1-model_v6.pdb,2026-10-08,6,88.62,2022-06-01T00:00:00Z,ok,55621353c379f1e5fde5068e4157272cc88737eda89d196604819bdb383136f5,102302
A0A1L8D673,https://alphafold.ebi.ac.uk/files/AF-A0A1L8D673-F1-model_v6.pdb,2026-10-08,6,93.31,2022-06-01T00:00:00Z,ok,c8b474b556fe89bd8204e25aa9b9a60a049405e91e27c52a773507b2cfa475af,157220
A0A1L8D674,https://alphafold.ebi.ac.uk/files/AF-A0A1L8D674-F1-model_v6.pdb,2026-10-08,6,89.94,2022-06-01T00:00:00Z,ok,717ca6e3fc51159455e8485dcab901b204856dbb0fa736da21876bdc97daa2ec,163457
A0A1L8D675,https://alphafold.ebi.ac.uk/files/AF-A0A1L8D675-F1-model_v6.pdb,2026-10-08,6,79.88,2022-06-01T00:00:00Z,ok,783f3a7b317b64a1ecab8e0b9543622f4c43ec3a32a41fa4cf94498ce3981a66,316709
A0A1L8D676,https://alphafold.ebi.ac.uk/files/AF-A0A1L8D676-F1-model_v6.pdb,2026-10-08,6,52.66,2022-06-01T00:00:00Z,ok,f9a9f30ecd3293442847b53d994df75c7620494257260fd6c48eae93f892d751,120122
A0A1L8D677,https://alphafold.ebi.ac.uk/files/AF-A0A1L8D677-F1-model_v6.pdb,2026-10-08,6,81.81,2022-06-01T00:00:00Z,ok,84c43128978769310dd00b540b721deb6297d16c1a8a50b801fbedefc6425760,396332
A0A1L8D678,https://alphafold.ebi.ac.uk/files/AF-A0A1L8D678-F1-model_v6.pdb,2026-10-08,6,90.0,2022-06-01T00:00:00Z,ok,9e1e2c44931e75162771a7c09f9aa8167628c35678fd74b34999df459d73adca,104975
A0A1L8D680,https://alphafold.ebi.ac.uk/files/AF-A0A1L8D680-F1-model_v6.pdb,2026-10-08,6,49.97,2022-06-01T00:00:00Z,ok,55489e06781bf804c90e0bdcfcc5b7af4b64e1f002b611e3ae3c226fb12b6022,130652
A0A1L8D681,https://alphafold.ebi.ac.uk/files/AF-A0A1L8D681-F1-model_v6.pdb,2026-10-08,6,52.62,2022-06-01T00:00:00Z,ok,c451a4de9a358eb6223c4935a63b5e43f1c98a0fefd2afb381e8cf728010a36a,118340
A0A1L8D682,https://alphafold.ebi.ac.uk/files/AF-A0A1L8D682-F1-model_v6.pdb,2026-10-08,6,83.5,2022-06-01T00:00:00Z,ok,2bf6804e7a4361f54f579e7ccfd13acbf156aafd52565074f95ea3e1ab1a0b47,393092
A0A1L8D686,https://alphafold.ebi.ac.uk/files/AF-A0A1L8D686-F1-model_v6.pdb,2026-10-08,6,50.19,2022-06-01T00:00:00Z,ok,7b58fcdb50f9edf7de75b5e1c6c87369f302940c362a3be0c9a5cb43e9512cdd,130328
A0A1L8D687,https://alphafold.ebi.ac.uk/files/AF-A0A1L8D687-F1-model_v6.pdb,2026-10-08,6,90.25,2022-06-01T00:00:00Z,ok,c9e5f425e4f2b500b8eb5936245f321390c2909b3e7bf919e8f5d80832244f52,105299
A0A1L8D689,https://alphafold.ebi.ac.uk/files/AF-A0A1L8D689-F1-model_v6.pdb,2026-10-08,6,82.31,2022-06-01T00:00:00Z,ok,aa0175f445d52d328fb3d1be0803f100ee814c705ef88b15447d87e9d04ddd55,390662
A0A1L8D691,https://alphafold.ebi.ac.uk/files/AF-A0A1L8D691-F1-model_v6.pdb,2026-10-08,6,80.69,2022-06-01T00:00:00Z,ok,bee2ab1eb441267786160c2e7dd75a1e745e59d31a75de439a063949bab20884,392687
A0A1L8D697,https://alphafold.ebi.ac.uk/files/AF-A0A1L8D697-F1-model_v6.pdb,2026-10-08,6,84.88,2022-06-01T00:00:00Z,ok,133f864c831926011fbe521f0bf4ace6f963fa8fde5ff752bb43b32bfa274d8d,103598
A0A1L8D698,https://alphafold.ebi.ac.uk/files/AF-A0A1L8D698-F1-model_v6.pdb,2026-10-08,6,80.12,2022-06-01T00:00:00Z,ok,7eaf563545f2afa0019f1929e83ebf6bda32ec9f895ba5f3908634bb77cd67d7,309419
A0A1L8D6A0,https://alphafold.ebi.ac.uk/files/AF-A0A1L8D6A0-F1-model_v6.pdb,2026-10-08,6,80.81,2022-06-01T00:00:00Z,ok,baa00ec31de0a8881de558ec4201ac13e2b50b1856dee6da5976c809c6f85439,391796
A0A1L8D6A2,https://alphafold.ebi.ac.uk/files/AF-A0A1L8D6A2-F1-model_v6.pdb,2026-10-08,6,89.38,2022-06-01T00:00:00Z,ok,fe5872e4236527774f108d660417f0cea2d09c3ed0eab69ebdb2c25b1339bdef,99467
A0A1L8D6A6,https://alphafold.ebi.ac.uk/files/AF-A0A1L8D6A6-F1-model_v6.pdb,2026-10-08,6,90.25,2022-06-01T00:00:00Z,ok,9dbbc14fd4688846b8f811d8e1b7eca525b4044b098826483eb41657f6d30e9a,104327
A0A1L8D6A9,https://alphafold.ebi.ac.uk/files/AF-A0A1L8D6A9-F1-model_v6.pdb,2026-10-08,6,82.81,2022-06-01T00:00:00Z,ok,cead2172618a8c2f04e05e68b4ad416b1c61461242a42ba72fffc975d618afd8,308042
A0A1L8D6B2,https://alphafold.ebi.ac.uk/files/AF-A0A1L8D6B2-F1-model_v6.pdb,2026-10-08,6,81.12,2022-06-01T00:00:00Z,ok,130663b860ac6931961b4bd3bbe7797a1e9a4a1b2b3549148c0b4f523ac0e43c,101492
A0A1L8D6B3,https://alphafold.ebi.ac.uk/files/AF-A0A1L8D6B3-F1-model_v6.pdb,2026-10-08,6,88.81,2022-06-01T00:00:00Z,ok,4319c85f460a9edee4728b03c015ebc67915e0cc74ea29ea2fcea718639d6891,104894
A0A1L8D6B7,https://alphafold.ebi.ac.uk/files/AF-A0A1L8D6B7-F1-model_v6.pdb,2026-10-08,6,92.0,2022-06-01T00:00:00Z,ok,7e3265d213a3d87c12cea0cf496fcb5add94167842ddef337480e624f6c3c581,532574
A0A1L8D6B9,https://alphafold.ebi.ac.uk/files/AF-A0A1L8D6B9-F1-model_v6.pdb,2026-10-08,6,84.0,2022-06-01T00:00:00Z,ok,3ebe4768347b852f8cc957b6b6dab5ac6d84956377abd84f132d48b22c336608,103112
A0A1L8D6C2,https://alphafold.ebi.ac.uk/files/AF-A0A1L8D6C2-F1-model_v6.pdb,2026-10-08,6,87.94,2022-06-01T00:00:00Z,ok,47b390894755826c03ad132607e46d8afef7f8559d3a230fd5bbc8908b4d5956,101816
A0A1L8D6C7,https://alphafold.ebi.ac.uk/files/AF-A0A1L8D6C7-F1-model_v6.pdb,2026-10-08,6,90.0,2022-06-01T00:00:00Z,ok,37f49af51dcc7ee6a7234d4b1f580cb1a27d4059a1fd40e7b3e85932ef5a2f9b,104327
A0A1L8D6C9,https://alphafold.ebi.ac.uk/files/AF-A0A1L8D6C9-F1-model_v6.pdb,2026-10-08,6,86.75,2022-06-01T00:00:00Z,ok,8a41c583f6a7e680197f5d33c1862f0c6a611a627aedc8918ebbbed573c3799c,104084
A0A1L8D6D1,https://alphafold.ebi.ac.uk/files/AF-A0A1L8D6D1-F1-model_v6.pdb,2026-10-08,6,48.22,2022-06-01T00:00:00Z,ok,1ac05fc033031acc4d022e651b7bbd4754bf5a5083702160bb4d61538e9fc994,139076
A0A1L8D6D7,https://alphafold.ebi.ac.uk/files/AF-A0A1L8D6D7-F1-model_v6.pdb,2026-10-08,6,88.94,2022-06-01T00:00:00Z,ok,2f56f4c970b148a9b3bdfa86bb2a3506513d26b424ddbc9d72a8d9d34f7ae10f,105947
A0A1L8D6E0,https://alphafold.ebi.ac.uk/files/AF-A0A1L8D6E0-F1-model_v6.pdb,2026-10-08,6,89.0,2022-06-01T00:00:00Z,ok,7b6e7e200f3c0d4c51d64aa76fea56be1902193d687952cc8eb750a2508a5f07,104489
A0A1L8D6E3,https://alphafold.ebi.ac.uk/files/AF-A0A1L8D6E3-F1-model_v6.pdb,2026-10-08,6,82.56,2022-06-01T00:00:00Z,ok,67104ca008c892366c9e91a2392e7ba31ff3ac675f0d2a7f036cd8fa1f270e88,102626
A0A1L8D6E6,https://alphafold.ebi.ac.uk/files/AF-A0A1L8D6E6-F1-model_v6.pdb,2026-10-08,6,84.38,2022-06-01T00:00:00Z,ok,bb0f0213f7a656249901ff5f9d561c5bc25d2065502e0c4de2f565a19a997a36,107810
A0A1L8D6E9,https://alphafold.ebi.ac.uk/files/AF-A0A1L8D6E9-F1-model_v6.pdb,2026-10-08,6,88.19,2022-06-01T00:00:00Z,ok,4c558ac480430dfd5048b2ccf177a139db879cfdcee6419462fd05979ff97a1f,107891
A0A1L8D6F1,https://alphafold.ebi.ac.uk/files/AF-A0A1L8D6F1-F1-model_v6.pdb,2026-10-08,6,86.69,2022-06-01T00:00:00Z,ok,37c3dbdc677b156e85c8507ad7ba16c92bbdabadc9b9886717f718559b0ff919,103193
A0A1L8D6F6,https://alphafold.ebi.ac.uk/files/AF-A0A1L8D6F6-F1-model_v6.pdb,2026-10-08,6,88.0,2022-06-01T00:00:00Z,ok,d7ff7b9a05e7f8fd8366698262b8c20d54e1fa0d72e2a55f752d890d4ce3f138,98657
A0A1L8D6F9,https://alphafold.ebi.ac.uk/files/AF-A0A1L8D6F9-F1-model_v6.pdb,2026-10-08,6,83.75,2022-06-01T00:00:00Z,ok,4ea85ef6d592c0fa819f0b5a5c0809b384b6ea42dba8a96557e93fa78259415d,102059
A0A1L8D6G5,https://alphafold.ebi.ac.uk/files/AF-A0A1L8D6G5-F1-model_v6.pdb,2026-10-08,6,81.5,2022-06-01T00:00:00Z,ok,5d04c22b55f27f95d7ced7e7d1e59e978178eaa19febc96378ae316e15fbc4e8,102302
A0A1L8D6G6,https://alphafold.ebi.ac.uk/files/AF-A0A1L8D6G6-F1-model_v6.pdb,2026-10-08,6,49.12,2022-06-01T00:00:00Z,ok,fb5c05e4937789bc9e873f7edcab23a0d5a07b72a6a350c907473b1b774cc34e,134459
A0A1L8D6G9,https://alphafold.ebi.ac.uk/files/AF-A0A1L8D6G9-F1-model_v6.pdb,2026-10-08,6,88.69,2022-06-01T00:00:00Z,ok,023ed846dead4f184770d84a68a0e34803618798553dbb5278a47aa990c07792,102545
A0A1L8D6H4,https://alphafold.ebi.ac.uk/files/AF-A0A1L8D6H4-F1-model_v6.pdb,2026-10-08,6,88.0,2022-06-01T00:00:00Z,ok,e302992c25595aacd599ed8f502f8bb725b3a20d3ea171a6664a09839a5b39bf,100844
A0A1L8D6H8,https://alphafold.ebi.ac.uk/files/AF-A0A1L8D6H8-F1-model_v6.pdb,2026-10-08,6,85.81,2022-06-01T00:00:00Z,ok,8c0fd8f29753ca64e7f39c1f611e884a2e0a23b7abd6526cf9c42d95f36ae8df,104246
A0A1L8D6I0,https://alphafold.ebi.ac.uk/files/AF-A0A1L8D6I0-F1-model_v6.pdb,2026-10-08,6,50.53,2022-06-01T00:00:00Z,ok,f73e0df8ffa9af73427c1e5797d05015cfc266efb20a7da0196111853f4fc417,126035
A0A1L8D6I8,https://alphafold.ebi.ac.uk/files/AF-A0A1L8D6I8-F1-model_v6.pdb,2026-10-08,6,49.53,2022-06-01T00:00:00Z,ok,cab82570ce32b24935b615f7ec4ae9e6e3e8d27d520acc0cfffe85179d0a4040,131462
A0A1L8D6J8,https://alphafold.ebi.ac.uk/files/AF-A0A1L8D6J8-F1-model_v6.pdb,2026-10-08,6,51.5,2022-06-01T00:00:00Z,ok,e0ccd3f13ac9d1e57bb7f1e021380868cc446428386f43ad19df7fef98694320,122876
A0A1S6K7T1,https://alphafold.ebi.ac.uk/files/AF-A0A1S6K7T1-F1-model_v6.pdb,2026-10-08,6,79.88,2022-06-01T00:00:00Z,ok,ed644181b45322e2032249a1b69d4704d1e23e88488b429b790c78ceabec820b,394550
A0A1W7RB89,https://alphafold.ebi.ac.uk/files/AF-A0A1W7RB89-F1-model_v6.pdb,2026-10-08,6,80.69,2022-06-01T00:00:00Z,ok,7defdb056ead1223dd75419472677a87899dbde0673291329c37b28c822395c9,390986
A0A1W7RB97,https://alphafold.ebi.ac.uk/files/AF-A0A1W7RB97-F1-model_v6.pdb,2026-10-08,6,83.94,2022-06-01T00:00:00Z,ok,9a0138f08139d1b2754ab99b8e8625c82729185b9dc705dbab31bdf858caf4c1,397628
A0A1W7RBA3,https://alphafold.ebi.ac.uk/files/AF-A0A1W7RBA3-F1-model_v6.pdb,2026-10-08,6,81.94,2022-06-01T00:00:00Z,ok,ede0825d45e971730d574f1d2020416dff1223aa462befa0a36f192505dce65e,396899
A0A1W7RBB8,https://alphafold.ebi.ac.uk/files/AF-A0A1W7RBB8-F1-model_v6.pdb,2026-10-08,6,81.94,2022-06-01T00:00:00Z,ok,d3f57c0ecc30f1f9019172aac4a3b66d29c2f2e048fb7668ee814b1a4aecedd1,310877
A0A1W7RBC3,https://alphafold.ebi.ac.uk/files/AF-A0A1W7RBC3-F1-model_v6.pdb,2026-10-08,6,84.44,2022-06-01T00:00:00Z,ok,a0b6981e7229111d3f1abd169f2e1a67759b720f8da43fd63171fc4ea9f2ece4,104084
A0A1Z0YU59,https://alphafold.ebi.ac.uk/files/AF-A0A1Z0YU59-F1-model_v6.pdb,2026-10-08,6,97.12,2025-08-01T00:00:00Z,ok,a8869d43d49939a0d30cb1b78c4a3d135eca70ecad24b68451512738ff71b772,40418
A0A286S0D3,https://alphafold.ebi.ac.uk/files/AF-A0A286S0D3-F1-model_v6.pdb,2026-10-08,6,91.19,2022-06-01T00:00:00Z,ok,65faa852956657676dd53955bd3af6eb7d4859d8e16c320f3cae7aaa6042e43b,164753
A0A286S0D6,https://alphafold.ebi.ac.uk/files/AF-A0A286S0D6-F1-model_v6.pdb,2026-10-08,6,90.12,2022-06-01T00:00:00Z,ok,bfd32dacbd639f997f8c7e48ed0e64124c7fb3805b5706722456e260ab49f52a,170585
A0A286S0D7,https://alphafold.ebi.ac.uk/files/AF-A0A286S0D7-F1-model_v6.pdb,2026-10-08,6,90.06,2022-06-01T00:00:00Z,ok,f9a1f106f58ca80f91c0bb235852946c381f72e3ea2584c8028d10bd9d7dacd9,168884
A0A286S0D8,https://alphafold.ebi.ac.uk/files/AF-A0A286S0D8-F1-model_v6.pdb,2026-10-08,6,88.06,2022-06-01T00:00:00Z,ok,41cb933c44e29b821976fb504c453f2a39c91024c7c1461bd83cc08193f31eea,167669
A0A286S0E3,https://alphafold.ebi.ac.uk/files/AF-A0A286S0E3-F1-model_v6.pdb,2026-10-08,6,88.25,2022-06-01T00:00:00Z,ok,d9f68334a5cf8bef2aaabbc1363cc1365105615d22f2511cd5991b7f2a84f143,169694
A0A286S0E4,https://alphafold.ebi.ac.uk/files/AF-A0A286S0E4-F1-model_v6.pdb,2026-10-08,6,89.5,2022-06-01T00:00:00Z,ok,97edfdeb1ea4df9876a37c470dc9e3e4f26d2c4c9be5faa6f9ede7754fdd01a6,167669
A0A286S0E6,https://alphafold.ebi.ac.uk/files/AF-A0A286S0E6-F1-model_v6.pdb,2026-10-08,6,91.44,2022-06-01T00:00:00Z,ok,b9414d9970011f269a9a31f7f8584a7877066071aa03881dd416a8d39045b003,165158
A0A286S0F5,https://alphafold.ebi.ac.uk/files/AF-A0A286S0F5-F1-model_v6.pdb,2026-10-08,6,91.25,2022-06-01T00:00:00Z,ok,bf328a4cab3a6193e00b72e628a77f724b2e6fa3bfdb045993ce92a3eb52905d,165077
A0A2D0TC04,https://alphafold.ebi.ac.uk/files/AF-A0A2D0TC04-F1-model_v6.pdb,2026-10-08,6,93.19,2025-08-01T00:00:00Z,ok,c439471d46ca9a55931e6355ce68ab9723353d88b3a8f50d85e9a46b8a06fe2f,547235
A0A2H4N383,https://alphafold.ebi.ac.uk/files/AF-A0A2H4N383-F1-model_v6.pdb,2026-10-08,6,82.69,2022-06-01T00:00:00Z,ok,5cde580f71247a892ba6cfc9688b8ebafadfbdc9dade3e08853eda6c459058d4,97037
A0A2H4N385,https://alphafold.ebi.ac.uk/files/AF-A0A2H4N385-F1-model_v6.pdb,2026-10-08,6,75.06,2022-06-01T00:00:00Z,ok,6fe9f0960cdfef68abbe29d34b5f224e376f2b10a12ab184cc9ba7dbbf58d311,489563
A0A2H4N3D1,https://alphafold.ebi.ac.uk/files/AF-A0A2H4N3D1-F1-model_v6.pdb,2026-10-08,6,83.44,2022-06-01T00:00:00Z,ok,6f1cf51e8108c45954200b4a60c23af15ecb66c754b824ffbaadd31ec1b08181,114695
A0A2H4N3D3,https://alphafold.ebi.ac.uk/files/AF-A0A2H4N3D3-F1-model_v6.pdb,2026-10-08,6,87.88,2022-06-01T00:00:00Z,ok,06398404e8a065bfd81c8da103ba02e9ece925c0fc70973baee92b1b5558e8e9,99953
A0A2H4N3D5,https://alphafold.ebi.ac.uk/files/AF-A0A2H4N3D5-F1-model_v6.pdb,2026-10-08,6,93.38,2022-06-01T00:00:00Z,ok,339d1789e62ffbf9518ab2cc76644805118a980006694e297f119bd4a407f233,157301
A0A2H4N3D6,https://alphafold.ebi.ac.uk/files/AF-A0A2H4N3D6-F1-model_v6.pdb,2026-10-08,6,86.81,2022-06-01T00:00:00Z,ok,2260f5458eb2da6a78edee46ab09b2886f8402fdcfb6592708ba57f0bbc02e70,103598
A0A2H4Z2W1,https://alphafold.ebi.ac.uk/files/AF-A0A2H4Z2W1-F1-model_v6.pdb,2026-10-08,6,83.25,2022-06-01T00:00:00Z,ok,39eb480b0305f656389d2a140e21c5eb5b76d58e9a7f893600deccd8b1c35b78,399491
A0A2H4Z2X4,https://alphafold.ebi.ac.uk/files/AF-A0A2H4Z2X4-F1-model_v6.pdb,2026-10-08,6,79.56,2022-06-01T00:00:00Z,ok,ac7a064c2de63d5acee128149b56599ec745a6106c7a3361c361f842b03a51b4,398924
A0A2H4Z2X6,https://alphafold.ebi.ac.uk/files/AF-A0A2H4Z2X6-F1-model_v6.pdb,2026-10-08,6,61.12,2022-06-01T00:00:00Z,ok,c8efa0f57d1173c8bfa80adc4727e47a2e70f7c2f9fdd2c8ab76ac7f6dc54680,71279
A0A2H4Z2X7,https://alphafold.ebi.ac.uk/files/AF-A0A2H4Z2X7-F1-model_v6.pdb,2026-10-08,6,87.0,2022-06-01T00:00:00Z,ok,fc674f6c8cdcef8be9671c2d27b5480ad9da594188aab678634f06ad4190fcc0,100844
A0A2H4Z2Y1,https://alphafold.ebi.ac.uk/files/AF-A0A2H4Z2Y1-F1-model_v6.pdb,2026-10-08,6,61.38,2022-06-01T00:00:00Z,ok,04e83711fc66eb754596dfb8e4f00170f80f69d3d661c2765e0cc5ba52a087fe,72008
A0A2H4Z2Y9,https://alphafold.ebi.ac.uk/files/AF-A0A2H4Z2Y9-F1-model_v6.pdb,2026-10-08,6,82.94,2022-06-01T00:00:00Z,ok,517f8c565dded59b7e63955a4392ab7a3880cd559214f7d5bcd32cea3341f22c,315251
A0A2I7YS07,https://alphafold.ebi.ac.uk/files/AF-A0A2I7YS07-F1-model_v6.pdb,2026-10-08,6,89.19,2022-06-01T00:00:00Z,ok,9e2bd18f53344b5cd8f4d3a1861038bcb221198df5e3977fbd78bf0a408e522e,95255
A0A2I7YS12,https://alphafold.ebi.ac.uk/files/AF-A0A2I7YS12-F1-model_v6.pdb,2026-10-08,6,89.19,2022-06-01T00:00:00Z,ok,fa600ab05c57726e206605dcbc217ede862b09a23962e219ca108461fb130187,90395
A0A2I7YS13,https://alphafold.ebi.ac.uk/files/AF-A0A2I7YS13-F1-model_v6.pdb,2026-10-08,6,88.81,2022-06-01T00:00:00Z,ok,601d78e31a18e60c8fa47f112fcf51a7caf4cbdb6c145e7b7f5bf203fa74ae43,91286
A0A2I7YSA7,https://alphafold.ebi.ac.uk/files/AF-A0A2I7YSA7-F1-model_v6.pdb,2026-10-08,6,89.25,2022-06-01T00:00:00Z,ok,c78f8bc59414364d2864d93b1dc5abf07ed121cdaf347d9098453a2417076d4f,164105
A0A2P1BSS8,https://alphafold.ebi.ac.uk/files/AF-A0A2P1BSS8-F1-model_v6.pdb,2026-10-08,6,88.44,2025-08-01T00:00:00Z,ok,669e247db77e4611f291b5c5156b728cc90a907f306eeb08b2c93f5a004c8561,55808
A0A2P1BSS9,https://alphafold.ebi.ac.uk/files/AF-A0A2P1BSS9-F1-model_v6.pdb,2026-10-08,6,89.19,2025-08-01T00:00:00Z,ok,efb91027e5e761a6bc073f9409ec39079bd1c01741a25bb4016adcc194d14c22,55889
A0A2P1BST7,https://alphafold.ebi.ac.uk/files/AF-A0A2P1BST7-F1-model_v6.pdb,2026-10-08,6,90.44,2025-08-01T00:00:00Z,ok,abf448b0fc6a31d1205f3b5322cac1d3f9fea9d6e1f37f8cd17c2be167b91a68,56537
A0A2P1BSU3,https://alphafold.ebi.ac.uk/files/AF-A0A2P1BSU3-F1-model_v6.pdb,2026-10-08,6,87.44,2025-08-01T00:00:00Z,ok,a8a5bbadd9c5c796c9699e738de7c49ee896a8166e834a389b6efc7f0a8a1eee,52244
A0A2U8QNR2,https://alphafold.ebi.ac.uk/files/AF-A0A2U8QNR2-F1-model_v6.pdb,2026-10-08,6,94.56,2022-06-01T00:00:00Z,ok,4bd81bfd74def1f3d680602c9c69e0450da42336aca780a29a5cd556a3d13fcc,333719
A0A2U8QNR3,https://alphafold.ebi.ac.uk/files/AF-A0A2U8QNR3-F1-model_v6.pdb,2026-10-08,6,94.69,2022-06-01T00:00:00Z,ok,9c551e44ef66b1fe9f466619114e51ca679862fb632fc406d6ab989c931823e7,333800
A0A2U8QNR6,https://alphafold.ebi.ac.uk/files/AF-A0A2U8QNR6-F1-model_v6.pdb,2026-10-08,6,94.56,2022-06-01T00:00:00Z,ok,1dd4ce858b6893601e114e6361ce466294240dc690a1976fc9facb2e99c3f2e6,333962
A0A2U8QNR7,https://alphafold.ebi.ac.uk/files/AF-A0A2U8QNR7-F1-model_v6.pdb,2026-10-08,6,94.5,2022-06-01T00:00:00Z,ok,214d7b29c004e6fa3bc76fa9d843b44f13cf95e551a1f5bba186056008b7df15,333314
A0A2U8QNU6,https://alphafold.ebi.ac.uk/files/AF-A0A2U8QNU6-F1-model_v6.pdb,2026-10-08,6,94.62,2022-06-01T00:00:00Z,ok,ac7fb014cb67a958b423a9a95e0f6a212d705e6d72b430ece99405b10fa27f7e,333962
A0A2U8QPE6,https://alphafold.ebi.ac.uk/files/AF-A0A2U8QPE6-F1-model_v6.pdb,2026-10-08,6,94.81,2025-08-01T00:00:00Z,ok,ad810acbcaea8380945e6c47d6508cb3f22e913e3106d0b933fa42de4ff764db,333881
A0A3G1E3T4,https://alphafold.ebi.ac.uk/files/AF-A0A3G1E3T4-F1-model_v6.pdb,2026-10-08,6,81.69,2022-06-01T00:00:00Z,ok,2fb2738afff8b4cd1eeb7a183ad7eccb9f68640f5d58f4ebc0e27f1ca5ebcf56,395117
A0A3G1E3T5,https://alphafold.ebi.ac.uk/files/AF-A0A3G1E3T5-F1-model_v6.pdb,2026-10-08,6,79.38,2022-06-01T00:00:00Z,ok,039124f89be44006773fe49ade740394dc7c449d444ba1db32ee6d78c9488fc4,297998
A0A3G1E3U2,https://alphafold.ebi.ac.uk/files/AF-A0A3G1E3U2-F1-model_v6.pdb,2026-10-08,6,78.38,2022-06-01T00:00:00Z,ok,035a931b2babfc58e9f1a5e2be15434c95c8503920665b02f2f468a5d61202b0,319706
A0A411EZW9,https://alphafold.ebi.ac.uk/files/AF-A0A411EZW9-F1-model_v6.pdb,2026-10-08,6,90.44,2025-08-01T00:00:00Z,ok,e6370cfde6fce935686ba7489125d995dc2ed026e2663ee97ba4f57a9ba26013,93068
A0A411EZZ3,https://alphafold.ebi.ac.uk/files/AF-A0A411EZZ3-F1-model_v6.pdb,2026-10-08,6,71.31,2022-06-01T00:00:00Z,ok,512acc82b6b6fb98153208885f7da1e1b3cc2c6a80f404c6e2ec19570ea479a8,77111
A0A411EZZ4,https://alphafold.ebi.ac.uk/files/AF-A0A411EZZ4-F1-model_v6.pdb,2026-10-08,6,72.31,2022-06-01T00:00:00Z,ok,d26b60e4ba3cd65bd250e909a41e962583dbe78f55738766c629ae28e08e9819,109997
A0A411F000,https://alphafold.ebi.ac.uk/files/AF-A0A411F000-F1-model_v6.pdb,2026-10-08,6,89.12,2022-06-01T00:00:00Z,ok,7d9a1a920700e00c4e78052afec032b445434287e60c88681d33669819f9f651,91772
A0A411F012,https://alphafold.ebi.ac.uk/files/AF-A0A411F012-F1-model_v6.pdb,2026-10-08,6,64.69,2022-06-01T00:00:00Z,ok,d238ad1eb64be0a5aac095b1c155c019d66b6df3dc03403a4bad54b192ea4425,72494
A0A4P1LYC9,https://alphafold.ebi.ac.uk/files/AF-A0A4P1LYC9-F1-model_v6.pdb,2026-10-08,6,90.94,2025-08-01T00:00:00Z,ok,5d7d168e67a2cec06e37dc5c4ec792e633228972bfa6ab9c3a880a017c3609d3,39851
A0A670XP77,https://alphafold.ebi.ac.uk/files/AF-A0A670XP77-F1-model_v6.pdb,2026-10-08,6,90.75,2022-06-01T00:00:00Z,ok,a40b552e3987765271eb56c645a508092af09e7aca2144bdc47a81dec731e758,534032
A0A670XPL2,https://alphafold.ebi.ac.uk/files/AF-A0A670XPL2-F1-model_v6.pdb,2026-10-08,6,77.5,2022-06-01T00:00:00Z,ok,7eca25a840ea1984758b09ac64750dfc6e4184c243fca3fe4fc3989f106c8a9d,398357
A0A670XR14,https://alphafold.ebi.ac.uk/files/AF-A0A670XR14-F1-model_v6.pdb,2026-10-08,6,89.25,2022-06-01T00:00:00Z,ok,e6cf1a737731c6ebbb3eba58cde00185f8a6b8cbe3f0aa5662cc6bb70a15df4a,565865
A0A670XRP9,https://alphafold.ebi.ac.uk/files/AF-A0A670XRP9-F1-model_v6.pdb,2026-10-08,6,91.75,2022-06-01T00:00:00Z,ok,5f24fb5b4cdda1cafc259cee89c3d3cbfb806876e2b8940843d2b340078baeae,163619
A0A670XSZ9,https://alphafold.ebi.ac.uk/files/AF-A0A670XSZ9-F1-model_v6.pdb,2026-10-08,6,61.28,2022-06-01T00:00:00Z,ok,4e0b2e0e2e66af6f416cb5001c3f8cf44f53ff0a608ea544cd61f0dfa0b2e5da,84563
A0A670XTF2,https://alphafold.ebi.ac.uk/files/AF-A0A670XTF2-F1-model_v6.pdb,2026-10-08,6,79.19,2022-06-01T00:00:00Z,ok,b3eda08b4f35934354a73426e3e6203835b41661c9e93a4fcc6ddbd935ddf26f,409049
A0A670XTM7,https://alphafold.ebi.ac.uk/files/AF-A0A670XTM7-F1-model_v6.pdb,2026-10-08,6,81.0,2022-06-01T00:00:00Z,ok,def236de1e1195766740d564384cffd9e149b64421c6ec472d52c997700ab101,324404
A0A670XTN8,https://alphafold.ebi.ac.uk/files/AF-A0A670XTN8-F1-model_v6.pdb,2026-10-08,6,74.38,2022-06-01T00:00:00Z,ok,470ffc9b2200a9397f72a9415d1d97b74f977d1984844c02f6aeea1fcfc903e5,393092
A0A670XU06,https://alphafold.ebi.ac.uk/files/AF-A0A670XU06-F1-model_v6.pdb,2026-10-08,6,81.44,2022-06-01T00:00:00Z,ok,5d8874c43e8489e2bf057cdde6139b499151399f816de7c38bc735f8c7fe4016,185894
A0A670XU93,https://alphafold.ebi.ac.uk/files/AF-A0A670XU93-F1-model_v6.pdb,2026-10-08,6,88.44,2022-06-01T00:00:00Z,ok,c9459bc4ecc4a5eb50941960e52b5af880a07854cad8ccc8a61c81cd50c26665,207197
A0A670XWP2,https://alphafold.ebi.ac.uk/files/AF-A0A670XWP2-F1-model_v6.pdb,2026-10-08,6,88.31,2022-06-01T00:00:00Z,ok,67da93cce3b458acd37755b3867808c6c2d34284e79c36d80e10efcb98a99a7c,163700
A0A670XWV7,https://alphafold.ebi.ac.uk/files/AF-A0A670XWV7-F1-model_v6.pdb,2026-10-08,6,60.44,2022-06-01T00:00:00Z,ok,3ea4c8c50f63903c29316e29b894a1d11217634e28aae8b01e0e21cddeb7c2da,223964
A0A670XY21,https://alphafold.ebi.ac.uk/files/AF-A0A670XY21-F1-model_v6.pdb,2026-10-08,6,58.66,2022-06-01T00:00:00Z,ok,68312f69a28e448b3f5649e1741ef2217655219a15740e6390448f1764f2630b,134297
A0A670XYC8,https://alphafold.ebi.ac.uk/files/AF-A0A670XYC8-F1-model_v6.pdb,2026-10-08,6,81.69,2022-06-01T00:00:00Z,ok,98fbd5f8880a28d2de40d181d2aee22f40efc6961aa73664b41943894308cd9f,371951
A0A670XYJ6,https://alphafold.ebi.ac.uk/files/AF-A0A670XYJ6-F1-model_v6.pdb,2026-10-08,6,87.25,2022-06-01T00:00:00Z,ok,8a034e2210bc8343bf4bf69bbcddca69699a88a801def38e199e0ea4c8966ff3,585386
A0A670XZR3,https://alphafold.ebi.ac.uk/files/AF-A0A670XZR3-F1-model_v6.pdb,2026-10-08,6,77.69,2022-06-01T00:00:00Z,ok,e1bc541f7d60e0a3f57691926305c5d2ecc8fcf5ddda56b0954b6deb7c672099,647108
A0A670XZU7,https://alphafold.ebi.ac.uk/files/AF-A0A670XZU7-F1-model_v6.pdb,2026-10-08,6,90.19,2022-06-01T00:00:00Z,ok,05adfb855172d9101b4469aa04599574eb5ae930b55a9fe1d72d819b8f20665b,214973
A0A670Y098,https://alphafold.ebi.ac.uk/files/AF-A0A670Y098-F1-model_v6.pdb,2026-10-08,6,76.5,2022-06-01T00:00:00Z,ok,88077d8ab1a93493a1838a9c716288fcc64f62b8c05762ed4530ba08828e6adf,329426
A0A670Y0J1,https://alphafold.ebi.ac.uk/files/AF-A0A670Y0J1-F1-model_v6.pdb,2026-10-08,6,87.0,2022-06-01T00:00:00Z,ok,23c5067943ef33bf32b46219c751e0c2fa1755c6ff8d8c2f7ec8487259d42dc2,583037
A0A670Y1G0,https://alphafold.ebi.ac.uk/files/AF-A0A670Y1G0-F1-model_v6.pdb,2026-10-08,6,88.31,2022-06-01T00:00:00Z,ok,c498f26ea325c5b5e145c84f06f3c46facc48a61bfb7e4579327beaa573612bf,264950
A0A670Y204,https://alphafold.ebi.ac.uk/files/AF-A0A670Y204-F1-model_v6.pdb,2026-10-08,6,56.03,2022-06-01T00:00:00Z,ok,44571adbf6d77f77d59c785d079386c91e3a583ede9603467dbea356a91a02aa,101573
A0A670Y2F9,https://alphafold.ebi.ac.uk/files/AF-A0A670Y2F9-F1-model_v6.pdb,2026-10-08,6,81.25,2022-06-01T00:00:00Z,ok,122213c2e6bb2110a975b3209ff11c7c209b3e8446dab102fcfe096e4d1e2dd1,451169
A0A670Y351,https://alphafold.ebi.ac.uk/files/AF-A0A670Y351-F1-model_v6.pdb,2026-10-08,6,81.75,2022-06-01T00:00:00Z,ok,968c7a05dccca6dd39b6cf3b6f125fea5e6fd21af038d8c57a144bf128011248,476360
A0A670Y7T3,https://alphafold.ebi.ac.uk/files/AF-A0A670Y7T3-F1-model_v6.pdb,2026-10-08,6,87.56,2022-06-01T00:00:00Z,ok,f01f2eef440c5a00070d84f97bf4d6500d6364afe3f1476dababce35082ce406,232226
A0A670Y9W8,https://alphafold.ebi.ac.uk/files/AF-A0A670Y9W8-F1-model_v6.pdb,2026-10-08,6,83.0,2022-06-01T00:00:00Z,ok,6aea6fc579a466110bc0fc64d7dfae8019aec45b1deb763c67349c463e48b214,436751
A0A670YAR1,https://alphafold.ebi.ac.uk/files/AF-A0A670YAR1-F1-model_v6.pdb,2026-10-08,6,93.0,2022-06-01T00:00:00Z,ok,bf5f2e0c1263a85e6b780a0a80dce26b40c572243b82de2b559b98a0b5788cf4,159893
A0A670YB59,https://alphafold.ebi.ac.uk/files/AF-A0A670YB59-F1-model_v6.pdb,2026-10-08,6,77.62,2022-06-01T00:00:00Z,ok,5c48cca7fbab2968a562fa5ddbeb4e865b8e8b611fb6d31677fcd3e393ff53fa,311201
A0A670YBA5,https://alphafold.ebi.ac.uk/files/AF-A0A670YBA5-F1-model_v6.pdb,2026-10-08,6,93.44,2022-06-01T00:00:00Z,ok,86b8cae85c220b0ddf920b898d37cbe336c908b0adc18a557054e4de561870f3,148877
A0A670YCB4,https://alphafold.ebi.ac.uk/files/AF-A0A670YCB4-F1-model_v6.pdb,2026-10-08,6,85.69,2022-06-01T00:00:00Z,ok,1c85c5551bc82f14d3414b901fdc889a67aafddb59af6293e7badf8b9dfc2bae,147014
A0A670YDQ9,https://alphafold.ebi.ac.uk/files/AF-A0A670YDQ9-F1-model_v6.pdb,2026-10-08,6,84.25,2022-06-01T00:00:00Z,ok,f218fee2d4c50d00664348c4f48719b9f79640f0b0a18d9c5f627743f4f35249,227366
A0A670YES4,https://alphafold.ebi.ac.uk/files/AF-A0A670YES4-F1-model_v6.pdb,2026-10-08,6,89.25,2022-06-01T00:00:00Z,ok,b33bca862e197c8646eb8179c54c53acbabbf97cfbf17f8513ec560c7e2fd69c,172529
A0A670YF05,https://alphafold.ebi.ac.uk/files/AF-A0A670YF05-F1-model_v6.pdb,2026-10-08,6,81.5,2022-06-01T00:00:00Z,ok,ae4efd79945b8fa4b63cfd2c6fbfe07d7a0dd94f2b157fe80d02b60418f5a3de,167912
A0A670YFC6,https://alphafold.ebi.ac.uk/files/AF-A0A670YFC6-F1-model_v6.pdb,2026-10-08,6,89.69,2022-06-01T00:00:00Z,ok,2e12bf43810ab42b94ec795a022bcc360ab1ff4fbb33af9e356785dd4d28f13a,183221
A0A670YFJ0,https://alphafold.ebi.ac.uk/files/AF-A0A670YFJ0-F1-model_v6.pdb,2026-10-08,6,88.19,2022-06-01T00:00:00Z,ok,22a53ea59dba1f318ede1b2d6cdb9e01b7737f4ccb060d7c64fcaa188e0c71c4,160541
A0A670YFK1,https://alphafold.ebi.ac.uk/files/AF-A0A670YFK1-F1-model_v6.pdb,2026-10-08,6,81.06,2022-06-01T00:00:00Z,ok,0fa0cbd3fada577bcd1baae0cf81242bfd1ae08b1aeeb947b8c076012017a5a4,170018
A0A670YGV0,https://alphafold.ebi.ac.uk/files/AF-A0A670YGV0-F1-model_v6.pdb,2026-10-08,6,66.94,2022-06-01T00:00:00Z,ok,b9a9df40ba43c217ce009d479f06726e505a166600bce3ae3ccdfbef1784212e,448496
A0A670YHI6,https://alphafold.ebi.ac.uk/files/AF-A0A670YHI6-F1-model_v6.pdb,2026-10-08,6,80.5,2022-06-01T00:00:00Z,ok,609e90ffedf2f9d0a0d118aaa34930deeadb4f12af6517533fff1351a1fdc5b1,237491
A0A670YHN0,https://alphafold.ebi.ac.uk/files/AF-A0A670YHN0-F1-model_v6.pdb,2026-10-08,6,81.75,2022-06-01T00:00:00Z,ok,d515ba8a1667a0323d21d1828529a59f3c83b28968a4fc0f023ac119e342cdc5,170261
A0A670YI11,https://alphafold.ebi.ac.uk/files/AF-A0A670YI11-F1-model_v6.pdb,2026-10-08,6,76.75,2022-06-01T00:00:00Z,ok,6f595a6d4232cda83f1716f306058cea56a0f9520e763b49bf5690fb250a8b5f,486809
A0A670YIL7,https://alphafold.ebi.ac.uk/files/AF-A0A670YIL7-F1-model_v6.pdb,2026-10-08,6,80.31,2022-06-01T00:00:00Z,ok,3649b0fa514d7a244e13998c3eb61d888298142e033a5ca63f01a3a6ba29cb51,107243
A0A670YIZ5,https://alphafold.ebi.ac.uk/files/AF-A0A670YIZ5-F1-model_v6.pdb,2026-10-08,6,77.25,2022-06-01T00:00:00Z,ok,0465c6d791ef143937896ed94af665de82f21eda14d8f20ccf5a30edb9f22166,402164
A0A670YLV9,https://alphafold.ebi.ac.uk/files/AF-A0A670YLV9-F1-model_v6.pdb,2026-10-08,6,83.94,2022-06-01T00:00:00Z,ok,826fce79141725fb8491944f025f150c78fae650141dd4a52cfea5f92261ca68,336392
A0A670YMA9,https://alphafold.ebi.ac.uk/files/AF-A0A670YMA9-F1-model_v6.pdb,2026-10-08,6,92.88,2022-06-01T00:00:00Z,ok,eef0ecd49476073bc998367fe070a8724b62d7ce568e8ad11c3191551a515b37,128141
A0A670YMF0,https://alphafold.ebi.ac.uk/files/AF-A0A670YMF0-F1-model_v6.pdb,2026-10-08,6,83.94,2022-06-01T00:00:00Z,ok,0e8821ca2b38c6bc3369bb5011b6ef99ca93114b6a196d6c8d541d7ba38fa553,178766
A0A670YMP6,https://alphafold.ebi.ac.uk/files/AF-A0A670YMP6-F1-model_v6.pdb,2026-10-08,6,81.5,2022-06-01T00:00:00Z,ok,14a09ac0c34e71c676b8e8c7db57b85c2d13308d719aa6432bbf2eeb5923efc6,329264
A0A670YNB5,https://alphafold.ebi.ac.uk/files/AF-A0A670YNB5-F1-model_v6.pdb,2026-10-08,6,78.62,2022-06-01T00:00:00Z,ok,92c1db22a9595abea7a4328f6854b2ac079c37c2d72210aeab94282e94879aa4,319301
A0A670YPP0,https://alphafold.ebi.ac.uk/files/AF-A0A670YPP0-F1-model_v6.pdb,2026-10-08,6,97.31,2022-06-01T00:00:00Z,ok,5b351e994578354a20a7a0a6c0e84d0cfd462dcc08de5e6aecba9e159160c754,101492
A0A670YQ38,https://alphafold.ebi.ac.uk/files/AF-A0A670YQ38-F1-model_v6.pdb,2026-10-08,6,84.5,2022-06-01T00:00:00Z,ok,917d8656227a5dfba5675f33db21fb7b03dcf441ad0441b9621fbd40c37c0ef2,502442
A0A670YQ43,https://alphafold.ebi.ac.uk/files/AF-A0A670YQ43-F1-model_v6.pdb,2026-10-08,6,79.19,2022-06-01T00:00:00Z,ok,2a322ff7b8949ea915786988779cd9bfb510457f810644e2c943b59a6b5119b7,395927
A0A670YQ46,https://alphafold.ebi.ac.uk/files/AF-A0A670YQ46-F1-model_v6.pdb,2026-10-08,6,87.38,2022-06-01T00:00:00Z,ok,77cb76e0bb8aff0c69390642febd421e3ab608bbaf648a297497dfaa5f7bbc98,161189
A0A670YQH3,https://alphafold.ebi.ac.uk/files/AF-A0A670YQH3-F1-model_v6.pdb,2026-10-08,6,73.88,2022-06-01T00:00:00Z,ok,360b216d66b2a4c5158bcf278d5c503ebe8faa2661a4b0df9922b4e53a129654,164996
A0A670YQK3,https://alphafold.ebi.ac.uk/files/AF-A0A670YQK3-F1-model_v6.pdb,2026-10-08,6,84.56,2022-06-01T00:00:00Z,ok,fd1cb0e65890f62d59ffa199ef2e516c3c56eb15985168579e2abcb0649c462a,493856
A0A670YQN1,https://alphafold.ebi.ac.uk/files/AF-A0A670YQN1-F1-model_v6.pdb,2026-10-08,6,71.94,2022-06-01T00:00:00Z,ok,932cec6912f761f9dfd1eed9030f03afd5c7dad480347d315902edf3342e13ea,172772
A0A670YQQ3,https://alphafold.ebi.ac.uk/files/AF-A0A670YQQ3-F1-model_v6.pdb,2026-10-08,6,74.69,2022-06-01T00:00:00Z,ok,1cbfafacf3f529d82829bb82cd5ed4e8b7ce7f730e4006cff48dba60f4efa352,158516
A0A670YQV9,https://alphafold.ebi.ac.uk/files/AF-A0A670YQV9-F1-model_v6.pdb,2026-10-08,6,80.25,2022-06-01T00:00:00Z,ok,adcb0cd1558046a0bfbb87978f5e45c0f27afb8ef7fb9cba8c14497503d10ef7,174230
A0A670YR02,https://alphafold.ebi.ac.uk/files/AF-A0A670YR02-F1-model_v6.pdb,2026-10-08,6,93.94,2022-06-01T00:00:00Z,ok,f9ef538a253432ade44c0db00e8e6ad227d13dfae05c90b9353bb8cefd1d0383,103112
A0A670YR19,https://alphafold.ebi.ac.uk/files/AF-A0A670YR19-F1-model_v6.pdb,2026-10-08,6,83.0,2022-06-01T00:00:00Z,ok,77f36dbce5408aefd24b8b0ae9bff2f314dc2489ae08c9dc5b0ccd96036d0724,164510
A0A670YRG0,https://alphafold.ebi.ac.uk/files/AF-A0A670YRG0-F1-model_v6.pdb,2026-10-08,6,53.56,2022-06-01T00:00:00Z,ok,e937ca0e3595d3e922b8b35618c7adda6a3e0ee1d4a4d290b6d6200d619817a5,101816
A0A670YRH6,https://alphafold.ebi.ac.uk/files/AF-A0A670YRH6-F1-model_v6.pdb,2026-10-08,6,95.81,2022-06-01T00:00:00Z,ok,e2a12af43e83ab66145924d0a61145b88d076106ee015e6a77d9c4b8ffd39ca7,156086
A0A670YRN7,https://alphafold.ebi.ac.uk/files/AF-A0A670YRN7-F1-model_v6.pdb,2026-10-08,6,85.44,2022-06-01T00:00:00Z,ok,c326ad420bb58a3c704d2d826245749393c14fe0c7f5c3b72102ccc8cbe1f22f,148067
A0A670YRX0,https://alphafold.ebi.ac.uk/files/AF-A0A670YRX0-F1-model_v6.pdb,2026-10-08,6,83.62,2022-06-01T00:00:00Z,ok,771c95815a96fd77ea57b34320eaf0e2f0e55055604f007b47a592881f029741,79217
A0A670YRX9,https://alphafold.ebi.ac.uk/files/AF-A0A670YRX9-F1-model_v6.pdb,2026-10-08,6,71.75,2022-06-01T00:00:00Z,ok,a5285bf29f08d3af8b64522ebd2e9f7f8159e454d01121000b34d1c4133a297b,198611
A0A670YRZ0,https://alphafold.ebi.ac.uk/files/AF-A0A670YRZ0-F1-model_v6.pdb,2026-10-08,6,72.19,2022-06-01T00:00:00Z,ok,e46d3ac7ef2f0bd18f1550cbbafb39f18d145e97d2bd00164b429ac5ee9b1253,194156
A0A670YS85,https://alphafold.ebi.ac.uk/files/AF-A0A670YS85-F1-model_v6.pdb,2026-10-08,6,83.06,2022-06-01T00:00:00Z,ok,1e4730af9c01c282be1b12f0c596a74a5a95836298b0816f3c74ab719eea4c9c,332099
A0A670YSH0,https://alphafold.ebi.ac.uk/files/AF-A0A670YSH0-F1-model_v6.pdb,2026-10-08,6,83.94,2022-06-01T00:00:00Z,ok,1ff94000fa4827ab6cb363e5395ac0e0c13b5b2a55e102cd6e8f5530175a15f7,556874
A0A670YSJ9,https://alphafold.ebi.ac.uk/files/AF-A0A670YSJ9-F1-model_v6.pdb,2026-10-08,6,86.62,2022-06-01T00:00:00Z,ok,b79870c72da4e2abc9fa7c958cee0b565471d70925460985ce6dc0eca48ca141,513377
A0A670YSN2,https://alphafold.ebi.ac.uk/files/AF-A0A670YSN2-F1-model_v6.pdb,2026-10-08,6,77.81,2022-06-01T00:00:00Z,ok,84c48cd6858fbce041c221e7b4a04b9b7aa84fc541727967ac39a000199591c7,380699
A0A670YST0,https://alphafold.ebi.ac.uk/files/AF-A0A670YST0-F1-model_v6.pdb,2026-10-08,6,85.75,2022-06-01T00:00:00Z,ok,36284298b11e612be9d37ae84ee0b8d029c2a2e83b6d9ba6354f9d00f54697c4,504062
A0A670YSZ7,https://alphafold.ebi.ac.uk/files/AF-A0A670YSZ7-F1-model_v6.pdb,2026-10-08,6,92.94,2022-06-01T00:00:00Z,ok,ee842a07f360a23ad3f490c21401daa58068d1ca5de275766ccf8d6220c7be89,149606
A0A670YT18,https://alphafold.ebi.ac.uk/files/AF-A0A670YT18-F1-model_v6.pdb,2026-10-08,6,72.88,2022-06-01T00:00:00Z,ok,17f44213bc1cf4385588a4f649b6555bdf6efd5386b75274e3794139644109f2,152603
A0A670YTK0,https://alphafold.ebi.ac.uk/files/AF-A0A670YTK0-F1-model_v6.pdb,2026-10-08,6,46.34,2022-06-01T00:00:00Z,ok,bd6e1330af3b6f42fede9f13a4030e6c12ad771477f0b342d34b27b023b415e2,149282
A0A670YTM0,https://alphafold.ebi.ac.uk/files/AF-A0A670YTM0-F1-model_v6.pdb,2026-10-08,6,95.25,2022-06-01T00:00:00Z,ok,efa35ed2cc0329b56cef96cd50b39c86de6567ac8ecce3b98dd3e3a7be026c56,156977
A0A670YUD8,https://alphafold.ebi.ac.uk/files/AF-A0A670YUD8-F1-model_v6.pdb,2026-10-08,6,83.56,2022-06-01T00:00:00Z,ok,4256444421f2536ccfbb61b86154bca445161e21db06db4ffc381a710f30347a,174473
A0A670YUI2,https://alphafold.ebi.ac.uk/files/AF-A0A670YUI2-F1-model_v6.pdb,2026-10-08,6,84.56,2022-06-01T00:00:00Z,ok,034655b520260e7f5b9e171769e38aed531f09b0f1d4fc611d720249d3dff7c3,333233
A0A670YVN4,https://alphafold.ebi.ac.uk/files/AF-A0A670YVN4-F1-model_v6.pdb,2026-10-08,6,87.12,2022-06-01T00:00:00Z,ok,9e1b9dfb3587ce390318cc231545e7df4f56a4db80159607e8a571bc8f673bf6,144179
A0A670YWQ6,https://alphafold.ebi.ac.uk/files/AF-A0A670YWQ6-F1-model_v6.pdb,2026-10-08,6,90.56,2022-06-01T00:00:00Z,ok,0161ddaede8debffd0eb48cfbe60e3e1b30a1f05d497598ca3f9545d08d668a6,582875
A0A670YWR8,https://alphafold.ebi.ac.uk/files/AF-A0A670YWR8-F1-model_v6.pdb,2026-10-08,6,88.06,2022-06-01T00:00:00Z,ok,da50ae0c9d47fdb72dfabb53e93b278965fb2f856d17fb75ea712bd15936610e,527957
A0A670YWY2,https://alphafold.ebi.ac.uk/files/AF-A0A670YWY2-F1-model_v6.pdb,2026-10-08,6,87.38,2022-06-01T00:00:00Z,ok,45cf4ab55ec7c1f29831fb8ab764acfdc4039b48fc329f98fed5a2f51c18b9ad,318815
A0A670YWZ7,https://alphafold.ebi.ac.uk/files/AF-A0A670YWZ7-F1-model_v6.pdb,2026-10-08,6,87.0,2022-06-01T00:00:00Z,ok,a7e5c731597082858f6ff35fe98302a637d313d813d8bc7c59c7d9a0a7ecc95b,527066
A0A670YX77,https://alphafold.ebi.ac.uk/files/AF-A0A670YX77-F1-model_v6.pdb,2026-10-08,6,60.53,2022-06-01T00:00:00Z,ok,301c01abd1203da46b235f0fcd00363a83217c14033cfa8954866374f829778b,194480
A0A670YXJ0,https://alphafold.ebi.ac.uk/files/AF-A0A670YXJ0-F1-model_v6.pdb,2026-10-08,6,83.94,2022-06-01T00:00:00Z,ok,8a8a7407d2c7d181e8469602f1e3041210e3f0b325387efde833460b71e47f09,325214
A0A670YXV4,https://alphafold.ebi.ac.uk/files/AF-A0A670YXV4-F1-model_v6.pdb,2026-10-08,6,49.41,2022-06-01T00:00:00Z,ok,a25b50abeeffd4e8bd47748d1ece49a21e8af053322bf9347ab26763f01b2e2b,124172
A0A670YXY9,https://alphafold.ebi.ac.uk/files/AF-A0A670YXY9-F1-model_v6.pdb,2026-10-08,6,73.38,2022-06-01T00:00:00Z,ok,4b99fafeb56a0561cc92d9dc510c32028a389cd5fd62cd90ec00d45fb12286aa,269081
A0A670YXZ2,https://alphafold.ebi.ac.uk/files/AF-A0A670YXZ2-F1-model_v6.pdb,2026-10-08,6,67.62,2022-06-01T00:00:00Z,ok,53040df7c41f269bc526e4e505dfaf33cf1e0c2e8c075b72e333f382f7f7f847,417230
A0A670YXZ8,https://alphafold.ebi.ac.uk/files/AF-A0A670YXZ8-F1-model_v6.pdb,2026-10-08,6,78.75,2022-06-01T00:00:00Z,ok,aecc10edf2d4bf4bd0e103ce7e3b469d5074b355c0e0757bcfcfcf7a0766f80e,284471
A0A670YY32,https://alphafold.ebi.ac.uk/files/AF-A0A670YY32-F1-model_v6.pdb,2026-10-08,6,79.88,2022-06-01T00:00:00Z,ok,4ed116c78dac9813d8912e06155847c51cc16e3641dc3bec7293f4a00f5d85c9,228905
A0A670YY34,https://alphafold.ebi.ac.uk/files/AF-A0A670YY34-F1-model_v6.pdb,2026-10-08,6,57.94,2022-06-01T00:00:00Z,ok,f55e1a83396fea9e1099464b689488e35cecc4d028c71e8bbb08b1a9f76bfda2,257336
A0A670YY52,https://alphafold.ebi.ac.uk/files/AF-A0A670YY52-F1-model_v6.pdb,2026-10-08,6,92.0,2022-06-01T00:00:00Z,ok,e3e5dcbbe08027ae7f49faafdb84b213ae7d86a7d06715afa0e68fb7a82c476c,329426
A0A670YY53,https://alphafold.ebi.ac.uk/files/AF-A0A670YY53-F1-model_v6.pdb,2026-10-08,6,79.56,2022-06-01T00:00:00Z,ok,a77c9d6e812da4e7fecc767a2f5c6be6ae076f22ee82e8d79d90016a4045f418,323351
A0A670YY63,https://alphafold.ebi.ac.uk/files/AF-A0A670YY63-F1-model_v6.pdb,2026-10-08,6,83.31,2022-06-01T00:00:00Z,ok,8a44d01bb51764bbe117389fdbafb1d3965d59397e4b3b0392bfc17564876ac7,344816
A0A670YYT6,https://alphafold.ebi.ac.uk/files/AF-A0A670YYT6-F1-model_v6.pdb,2026-10-08,6,82.62,2022-06-01T00:00:00Z,ok,fb951d123098ac879312388fd5457282e7e4fa812c0b3c021e4a85e9adc33d14,150740
A0A670YYY4,https://alphafold.ebi.ac.uk/files/AF-A0A670YYY4-F1-model_v6.pdb,2026-10-08,6,79.81,2022-06-01T00:00:00Z,ok,9ad08dffcaa5b29fee37281c5412e3c342d5aa98f6b3e577621f9862c162c29c,396089
A0A670YZ49,https://alphafold.ebi.ac.uk/files/AF-A0A670YZ49-F1-model_v6.pdb,2026-10-08,6,74.94,2022-06-01T00:00:00Z,ok,9915a15fe771ef7cd3ca69fbba85ccc07d0361178efa746ec702480d43cbf329,150578
A0A670YZC6,https://alphafold.ebi.ac.uk/files/AF-A0A670YZC6-F1-model_v6.pdb,2026-10-08,6,86.19,2022-06-01T00:00:00Z,ok,dac1714aeb6ad6525ed0ab32d027a691967253931538581c1e451693ea4c9e6b,519776
A0A670YZH3,https://alphafold.ebi.ac.uk/files/AF-A0A670YZH3-F1-model_v6.pdb,2026-10-08,6,57.19,2022-06-01T00:00:00Z,ok,7c3f815e76d064efd49faaecd86cd7c6bfe128c819deef5489178fe3e9386f47,265031
A0A670YZY6,https://alphafold.ebi.ac.uk/files/AF-A0A670YZY6-F1-model_v6.pdb,2026-10-08,6,64.56,2022-06-01T00:00:00Z,ok,8ac7a04356ccc0226c6d6f6c3e90bff21ee6dd59c7c9e2e5fbb2d374621b8b18,87317
A0A670YZZ1,https://alphafold.ebi.ac.uk/files/AF-A0A670YZZ1-F1-model_v6.pdb,2026-10-08,6,85.06,2022-06-01T00:00:00Z,ok,20e94aa318be8cc7f874a82ad2d9b17dd339950f2712dd0fdd71895e7aecec1f,537839
A0A670YZZ7,https://alphafold.ebi.ac.uk/files/AF-A0A670YZZ7-F1-model_v6.pdb,2026-10-08,6,71.56,2022-06-01T00:00:00Z,ok,51c828650e5113a2ccd773359322e7262249df522dbfa6a36b5b3bc687a81740,516374
A0A670Z003,https://alphafold.ebi.ac.uk/files/AF-A0A670Z003-F1-model_v6.pdb,2026-10-08,6,80.56,2022-06-01T00:00:00Z,ok,f937cd7e0cf93117a9bad9347d8eaa8b61799ddb3779e8a1b3f0aaf22092df62,371870
A0A670Z089,https://alphafold.ebi.ac.uk/files/AF-A0A670Z089-F1-model_v6.pdb,2026-10-08,6,74.5,2022-06-01T00:00:00Z,ok,b1aeabab96609e88b138cfeefa21530530646dcafa81c7418c6181005538f884,287630
A0A670Z092,https://alphafold.ebi.ac.uk/files/AF-A0A670Z092-F1-model_v6.pdb,2026-10-08,6,56.41,2022-06-01T00:00:00Z,ok,7d33659125353bed391b41cd49b46069b34316e8dde4c86ff4531e371a98052f,81404
A0A670Z094,https://alphafold.ebi.ac.uk/files/AF-A0A670Z094-F1-model_v6.pdb,2026-10-08,6,79.12,2022-06-01T00:00:00Z,ok,e5b2616511db704c387a0b7be3117338b867a624bbfa793715e41ac38a068ef8,264950
A0A670Z0L6,https://alphafold.ebi.ac.uk/files/AF-A0A670Z0L6-F1-model_v6.pdb,2026-10-08,6,66.75,2022-06-01T00:00:00Z,ok,d8cf5665f526f31bcf1159114a572663b9460f8e5e327ae4a0c01b5c07dae70c,541889
A0A670Z0N2,https://alphafold.ebi.ac.uk/files/AF-A0A670Z0N2-F1-model_v6.pdb,2026-10-08,6,73.69,2022-06-01T00:00:00Z,ok,e1de7911e0fabfd07759d9528cb9801719c1574e8518aed3ce9e2c3d69ebbda3,376649
A0A670Z1X5,https://alphafold.ebi.ac.uk/files/AF-A0A670Z1X5-F1-model_v6.pdb,2026-10-08,6,73.56,2022-06-01T00:00:00Z,ok,ce94f9d5db02a53654c9521f46cb75415ccffc6e32f1d31962dd29e7264a3d76,294515
A0A670Z299,https://alphafold.ebi.ac.uk/files/AF-A0A670Z299-F1-model_v6.pdb,2026-10-08,6,77.06,2022-06-01T00:00:00Z,ok,d4ae5f0a59ce71adc137c7cde29d91474bc1080be0f069018908393da8328a8b,403622
A0A670Z2B3,https://alphafold.ebi.ac.uk/files/AF-A0A670Z2B3-F1-model_v6.pdb,2026-10-08,6,55.25,2022-06-01T00:00:00Z,ok,59855d012eebe5b9d9175d00ce9122ac5bec0e329e1fd4d67ff5514b74bfbc5e,78812
A0A670Z2H0,https://alphafold.ebi.ac.uk/files/AF-A0A670Z2H0-F1-model_v6.pdb,2026-10-08,6,81.81,2022-06-01T00:00:00Z,ok,fa17377c3037968931a7b80cc141c2156f468e391e4add08b6a81c1ffb431a15,254096
A0A670Z2L0,https://alphafold.ebi.ac.uk/files/AF-A0A670Z2L0-F1-model_v6.pdb,2026-10-08,6,85.0,2022-06-01T00:00:00Z,ok,59326afba035b236c0ad6fa3f5fea87f8e1c764cccff10c0afd8c191a1def5c0,131057
A0A670Z2L9,https://alphafold.ebi.ac.uk/files/AF-A0A670Z2L9-F1-model_v6.pdb,2026-10-08,6,69.0,2022-06-01T00:00:00Z,ok,be798ae7346106b5d8b4a2972562b854bea4fe2dabc7cce9f11f99f0cd6f9f2a,542780
A0A670Z2N0,https://alphafold.ebi.ac.uk/files/AF-A0A670Z2N0-F1-model_v6.pdb,2026-10-08,6,69.75,2022-06-01T00:00:00Z,ok,472932b9f0309f244cd883169f19b08d4f65ccb6e2d68d6ed201b333bfe30183,541646
A0A670Z2T9,https://alphafold.ebi.ac.uk/files/AF-A0A670Z2T9-F1-model_v6.pdb,2026-10-08,6,86.19,2022-06-01T00:00:00Z,ok,c84ad1541065a05e018eb234e84db0318443e03ea3cd221d01c3bc3b500e1669,150011
A0A670Z3N3,https://alphafold.ebi.ac.uk/files/AF-A0A670Z3N3-F1-model_v6.pdb,2026-10-08,6,62.91,2022-06-01T00:00:00Z,ok,db4a9b272df545f97c75eba3d809715f3a809618ae57dc5677cab08a07242ba5,303344
A0A670Z3Q1,https://alphafold.ebi.ac.uk/files/AF-A0A670Z3Q1-F1-model_v6.pdb,2026-10-08,6,83.94,2022-06-01T00:00:00Z,ok,64beaea40826b303aef6ae7d75ed8b8a5aca1954c3155b66d01e7d6b75840752,330479
A0A670Z460,https://alphafold.ebi.ac.uk/files/AF-A0A670Z460-F1-model_v6.pdb,2026-10-08,6,69.56,2022-06-01T00:00:00Z,ok,d44a4e7286beade280099f3e2f447e038b151f4a83cf0b94e66100af5ac5b985,321245
A0A670Z4C4,https://alphafold.ebi.ac.uk/files/AF-A0A670Z4C4-F1-model_v6.pdb,2026-10-08,6,85.56,2022-06-01T00:00:00Z,ok,6caac22c36ed813f9085b112f7cad244b386d2e3a21afd2f11577f7ffefe055c,126926
A0A670Z4F0,https://alphafold.ebi.ac.uk/files/AF-A0A670Z4F0-F1-model_v6.pdb,2026-10-08,6,79.25,2022-06-01T00:00:00Z,ok,2f738810f90f1556c798c8e105911d093d9f3d854c49c8c97d562fedc36c2a40,290870
A0A670Z4K0,https://alphafold.ebi.ac.uk/files/AF-A0A670Z4K0-F1-model_v6.pdb,2026-10-08,6,59.91,2022-06-01T00:00:00Z,ok,f7c1380ec5594a2fe1eccb74767747b7dddd821c45fb929e4a567d6c4f06527b,145313
A0A670Z4K9,https://alphafold.ebi.ac.uk/files/AF-A0A670Z4K9-F1-model_v6.pdb,2026-10-08,6,78.0,2022-06-01T00:00:00Z,ok,b3efaa190f058e3d673d42836897154740a892a8cdc36b2aa0c0ee1ff2d29460,172367
A0A670Z4L4,https://alphafold.ebi.ac.uk/files/AF-A0A670Z4L4-F1-model_v6.pdb,2026-10-08,6,76.19,2022-06-01T00:00:00Z,ok,ceab2fd09a4d7c0508f1fd3a3685ef772379e3991455a6eddbda717228640dd1,192617
A0A670Z578,https://alphafold.ebi.ac.uk/files/AF-A0A670Z578-F1-model_v6.pdb,2026-10-08,6,84.69,2022-06-01T00:00:00Z,ok,40166bf9d13ecac431ac31f7557393fcf00f99fcc7d21652215a7ce2eb9f2f94,322946
A0A670Z5R8,https://alphafold.ebi.ac.uk/files/AF-A0A670Z5R8-F1-model_v6.pdb,2026-10-08,6,58.47,2022-06-01T00:00:00Z,ok,27746deb84bedda6c77f35f6bfef1042a5b09dfa667f7b45c4966f1d14aff216,280097
A0A670Z658,https://alphafold.ebi.ac.uk/files/AF-A0A670Z658-F1-model_v6.pdb,2026-10-08,6,77.38,2022-06-01T00:00:00Z,ok,4ced171e36fc15ad6078b5005bc8fc455ee1993f8bf464e590453c1b727bf8fb,132434
A0A670Z6C8,https://alphafold.ebi.ac.uk/files/AF-A0A670Z6C8-F1-model_v6.pdb,2026-10-08,6,65.5,2022-06-01T00:00:00Z,ok,72271fb06a1a158da4dd9c4b07ef92906f650c036b4ee36ff60c2e0c8b67bad5,85616
A0A670Z6D8,https://alphafold.ebi.ac.uk/files/AF-A0A670Z6D8-F1-model_v6.pdb,2026-10-08,6,64.38,2022-06-01T00:00:00Z,ok,232ac67340be60bb034d1185b1842fd6400340a6d6d63466802fbd090ac83441,377621
A0A670Z6H7,https://alphafold.ebi.ac.uk/files/AF-A0A670Z6H7-F1-model_v6.pdb,2026-10-08,6,88.38,2022-06-01T00:00:00Z,ok,c8febac060335606962eb0adc5b092b44a1a2f57c8d5af7b5e4c949f2194863b,267623
A0A670Z6M5,https://alphafold.ebi.ac.uk/files/AF-A0A670Z6M5-F1-model_v6.pdb,2026-10-08,6,66.69,2022-06-01T00:00:00Z,ok,72b4184bbdc05f7ad261ed2aa7c7e5a9a1036a248c2d7dca3d9de048e2e17712,542942
A0A670Z6N2,https://alphafold.ebi.ac.uk/files/AF-A0A670Z6N2-F1-model_v6.pdb,2026-10-08,6,76.0,2022-06-01T00:00:00Z,ok,82d3a155a65f4d73307ca7ad97e24980a4940e87eb660af541ef156b1e8e54c5,222182
A0A670Z8I6,https://alphafold.ebi.ac.uk/files/AF-A0A670Z8I6-F1-model_v6.pdb,2026-10-08,6,69.19,2022-06-01T00:00:00Z,ok,fc900a28ed37b1dea72f9c5c7e516e99bfeb324326e403d3d568e283495dba93,265598
A0A670Z8L4,https://alphafold.ebi.ac.uk/files/AF-A0A670Z8L4-F1-model_v6.pdb,2026-10-08,6,59.06,2022-06-01T00:00:00Z,ok,c196f9d46eb0417f67dc44ee81030497fe6e699895aa21c36add13adf2260fac,96065
A0A670Z8L6,https://alphafold.ebi.ac.uk/files/AF-A0A670Z8L6-F1-model_v6.pdb,2026-10-08,6,75.38,2022-06-01T00:00:00Z,ok,15688dfe259602078db1c2f0d2b124fa730a60e4491306f7e6541f61ac7cd331,256607
A0A670Z8M9,https://alphafold.ebi.ac.uk/files/AF-A0A670Z8M9-F1-model_v6.pdb,2026-10-08,6,76.06,2022-06-01T00:00:00Z,ok,7811949459d63ee4d027c6d501ab212ea8c1ac277cb18a2ec635c97f45707bfd,434402
A0A670Z8X5,https://alphafold.ebi.ac.uk/files/AF-A0A670Z8X5-F1-model_v6.pdb,2026-10-08,6,68.69,2022-06-01T00:00:00Z,ok,ef7876f23e79e3a2a0d79a92f0fefb34cfa099951114379d91105de76fb51f0a,524393
A0A670Z8Y2,https://alphafold.ebi.ac.uk/files/AF-A0A670Z8Y2-F1-model_v6.pdb,2026-10-08,6,67.88,2022-06-01T00:00:00Z,ok,c1daa1ea05bbbb414833d9f912bd5a5636c0d59ade705f97d6a3072ac3d228dc,525365
A0A670Z8Z3,https://alphafold.ebi.ac.uk/files/AF-A0A670Z8Z3-F1-model_v6.pdb,2026-10-08,6,69.12,2022-06-01T00:00:00Z,ok,0ea59690a0c19dbf6e0d6ca37396e6f0e724763fb81a4016c9949910e9f6e8d4,528119
A0A670Z9F0,https://alphafold.ebi.ac.uk/files/AF-A0A670Z9F0-F1-model_v6.pdb,2026-10-08,6,64.19,2022-06-01T00:00:00Z,ok,e36c474c8fdd1c18aab98ee1ae333b29946a71fcc9c8cd0940e7798b05c1aea9,290870
A0A670ZAB1,https://alphafold.ebi.ac.uk/files/AF-A0A670ZAB1-F1-model_v6.pdb,2026-10-08,6,67.5,2022-06-01T00:00:00Z,ok,92112e5b4740116ca301cf56bc27ed430ba0ab19baeae2aba3cea72eb775447a,548855
A0A670ZBR1,https://alphafold.ebi.ac.uk/files/AF-A0A670ZBR1-F1-model_v6.pdb,2026-10-08,6,90.75,2022-06-01T00:00:00Z,ok,ddffa85984130c91286fb5f530f8e461fe03687f14b6cb6ffcf5f4df34a9b201,198206
A0A670ZBW6,https://alphafold.ebi.ac.uk/files/AF-A0A670ZBW6-F1-model_v6.pdb,2026-10-08,6,77.69,2022-06-01T00:00:00Z,ok,a17f077916adaf9800cadd9f30dc9275db8733bec1f1081f67e8d0fa530bfded,325943
A0A670ZCG9,https://alphafold.ebi.ac.uk/files/AF-A0A670ZCG9-F1-model_v6.pdb,2026-10-08,6,70.0,2022-06-01T00:00:00Z,ok,778ab8eeab79b3edc483162356cd9baf1821314d0021719ed7dfa07c6ac75b9d,273212
A0A670ZCH7,https://alphafold.ebi.ac.uk/files/AF-A0A670ZCH7-F1-model_v6.pdb,2026-10-08,6,75.06,2022-06-01T00:00:00Z,ok,f2885ae66b46760e7100646126689bffe17726adc37a4f332ccfa8bc35bf88e2,240650
A0A670ZCN3,https://alphafold.ebi.ac.uk/files/AF-A0A670ZCN3-F1-model_v6.pdb,2026-10-08,6,93.75,2022-06-01T00:00:00Z,ok,78dfd301dcb7125ba3f96b2f23afda3cbea962cb45df17394c1244216a43fb20,70874
A0A670ZDU7,https://alphafold.ebi.ac.uk/files/AF-A0A670ZDU7-F1-model_v6.pdb,2026-10-08,6,84.38,2022-06-01T00:00:00Z,ok,00667e4c43f1920ec6bcf3a06ab3ff5adc1d578280d8164606229a909e5221e4,175607
A0A670ZF24,https://alphafold.ebi.ac.uk/files/AF-A0A670ZF24-F1-model_v6.pdb,2026-10-08,6,75.69,2022-06-01T00:00:00Z,ok,2d8e45af7b765bc25bb165346cfd278b84bc4c5355eef4915d12c22de2667cda,238463
A0A670ZF85,https://alphafold.ebi.ac.uk/files/AF-A0A670ZF85-F1-model_v6.pdb,2026-10-08,6,65.44,2022-06-01T00:00:00Z,ok,15a9b1e68c2e5b35dde6b22e9dc787a43456e2a680d97abceac42566f279ef7d,301319
A0A670ZGB3,https://alphafold.ebi.ac.uk/files/AF-A0A670ZGB3-F1-model_v6.pdb,2026-10-08,6,82.06,2022-06-01T00:00:00Z,ok,ac2074234bc18dec9ed6161a3c6e6b72d1fe304a637346f71c225f97f1e12d9a,176012
A0A670ZGC3,https://alphafold.ebi.ac.uk/files/AF-A0A670ZGC3-F1-model_v6.pdb,2026-10-08,6,84.19,2022-06-01T00:00:00Z,ok,82a0f0c5a61c9fd424dc7eaf34c2146efbdbceafe9bcd91ebe9519e0d48be5fd,175526
A0A670ZHX7,https://alphafold.ebi.ac.uk/files/AF-A0A670ZHX7-F1-model_v6.pdb,2026-10-08,6,75.06,2022-06-01T00:00:00Z,ok,da261830a90c9c25ee9dc791f8ad2de43306b3233063fe1e495786d27ab92166,193508
A0A670ZJA6,https://alphafold.ebi.ac.uk/files/AF-A0A670ZJA6-F1-model_v6.pdb,2026-10-08,6,82.69,2022-06-01T00:00:00Z,ok,d6fff367b3f4dd5fa0a362989d0bdf61851150a1dd08bfb263dbeb720d2566c4,173825
A0A670ZKE5,https://alphafold.ebi.ac.uk/files/AF-A0A670ZKE5-F1-model_v6.pdb,2026-10-08,6,77.62,2022-06-01T00:00:00Z,ok,00f0a5a713f16beb19f29b21e989b6763e7712eb66a39ea4914c6f0042ce298f,303992
A0A670ZKQ5,https://alphafold.ebi.ac.uk/files/AF-A0A670ZKQ5-F1-model_v6.pdb,2026-10-08,6,75.62,2022-06-01T00:00:00Z,ok,86c16482e94b0bb7fb4d10056a7376b91b68fc9f4285a0d6fb3bae10ec0f7079,488915
A0A670ZKR5,https://alphafold.ebi.ac.uk/files/AF-A0A670ZKR5-F1-model_v6.pdb,2026-10-08,6,79.06,2022-06-01T00:00:00Z,ok,354b5459d021c9c74379b4223e388720f35eb57a6fd1f102664b911cbbca3cbe,405161
A0A670ZL08,https://alphafold.ebi.ac.uk/files/AF-A0A670ZL08-F1-model_v6.pdb,2026-10-08,6,86.38,2022-06-01T00:00:00Z,ok,e22d72fb5d7b2206b592f7e4240bcde90a6c2676631c000d512c5ff11bf3270b,267947
A0A670ZN16,https://alphafold.ebi.ac.uk/files/AF-A0A670ZN16-F1-model_v6.pdb,2026-10-08,6,86.75,2022-06-01T00:00:00Z,ok,10280c383fdbe3cfdad1b45f78ca110ece806feabe75f38a6c0d6853237cc384,138590
A0A670ZND5,https://alphafold.ebi.ac.uk/files/AF-A0A670ZND5-F1-model_v6.pdb,2026-10-08,6,70.69,2022-06-01T00:00:00Z,ok,659a97496d1bb21bebe94919e01efb5400368cb2b553dabd0cedc85695eb90e9,139967
A0A670ZNQ9,https://alphafold.ebi.ac.uk/files/AF-A0A670ZNQ9-F1-model_v6.pdb,2026-10-08,6,90.38,2022-06-01T00:00:00Z,ok,69a1458aef294b2a19e3f2ae3e8cdf049b939fa7bebb77fa4fd3c98919d7fb62,305774
A0A670ZNW0,https://alphafold.ebi.ac.uk/files/AF-A0A670ZNW0-F1-model_v6.pdb,2026-10-08,6,90.56,2022-06-01T00:00:00Z,ok,40dec7a246c5e4942478f62c2f3997c1f36fc7089b37578878046b0e27cb8f23,308771
A0A670ZPK5,https://alphafold.ebi.ac.uk/files/AF-A0A670ZPK5-F1-model_v6.pdb,2026-10-08,6,94.44,2022-06-01T00:00:00Z,ok,9209502952a5d3fdf170f6c841c398b9fd2c18ab637b4e7341fd82dea0aa5800,70145
A0A670ZQG9,https://alphafold.ebi.ac.uk/files/AF-A0A670ZQG9-F1-model_v6.pdb,2026-10-08,6,62.34,2022-06-01T00:00:00Z,ok,1ae8d29fc230f2cae4c74dab0404b670ea6e074a4dc38080cb1c5acb1205b65a,266408
A0A670ZQM8,https://alphafold.ebi.ac.uk/files/AF-A0A670ZQM8-F1-model_v6.pdb,2026-10-08,6,64.81,2022-06-01T00:00:00Z,ok,c510c9a3f4295d9544e3bec76bb080df4bebe2221f4246010483c797bd01b656,241946
A0A670ZQU7,https://alphafold.ebi.ac.uk/files/AF-A0A670ZQU7-F1-model_v6.pdb,2026-10-08,6,73.38,2022-06-01T00:00:00Z,ok,f31bf3ef2e3659a7843bcc3656ba87cae5bb9c9c01ab500543a3bed569779c38,286982
A0A670ZQZ9,https://alphafold.ebi.ac.uk/files/AF-A0A670ZQZ9-F1-model_v6.pdb,2026-10-08,6,73.94,2022-06-01T00:00:00Z,ok,4f2d616e02b7c8030428a054466a09e35b1cc41b8d1f2c3adaae7ec365af5559,299294
A0A670ZR02,https://alphafold.ebi.ac.uk/files/AF-A0A670ZR02-F1-model_v6.pdb,2026-10-08,6,73.0,2022-06-01T00:00:00Z,ok,99e63c18638251d8a1af337eadd1deba0d91337be6a93b8909ea2188e37274ea,232145
A0A670ZR39,https://alphafold.ebi.ac.uk/files/AF-A0A670ZR39-F1-model_v6.pdb,2026-10-08,6,67.31,2022-06-01T00:00:00Z,ok,0fcf2dbf23728e1eb0c0216f86885665a8d374ce7c1c21dc0e0c8ba45cc54cf5,244052
A0A670ZR51,https://alphafold.ebi.ac.uk/files/AF-A0A670ZR51-F1-model_v6.pdb,2026-10-08,6,70.19,2022-06-01T00:00:00Z,ok,5f4c3cd75722d748c5a51e3db6065b6e5d854f62928d678a38a409792ce7e841,311120
A0A670ZR54,https://alphafold.ebi.ac.uk/files/AF-A0A670ZR54-F1-model_v6.pdb,2026-10-08,6,64.44,2022-06-01T00:00:00Z,ok,df6ddf8e2517f825d766c0c73e4e4914e3f962761d86886ca867bd72fac966c8,294515
A0A670ZRQ2,https://alphafold.ebi.ac.uk/files/AF-A0A670ZRQ2-F1-model_v6.pdb,2026-10-08,6,72.62,2022-06-01T00:00:00Z,ok,8928380f5385ae7025aa833410838e3c6c5a3ba7bcb5888965874ce43f2dcf4d,420632
A0A670ZSW4,https://alphafold.ebi.ac.uk/files/AF-A0A670ZSW4-F1-model_v6.pdb,2026-10-08,6,81.75,2022-06-01T00:00:00Z,ok,8bb78986b97d0c3742bb8fda7ed74b98ba33a666804f05d66192ef5809c23aae,348137
A0A670ZSY2,https://alphafold.ebi.ac.uk/files/AF-A0A670ZSY2-F1-model_v6.pdb,2026-10-08,6,90.56,2022-06-01T00:00:00Z,ok,72b39f8f2382e9f4d6004106a873a52bf0e564ead69086ecacd3f38213e9845a,251423
A0A670ZT23,https://alphafold.ebi.ac.uk/files/AF-A0A670ZT23-F1-model_v6.pdb,2026-10-08,6,87.0,2022-06-01T00:00:00Z,ok,077e74a1a615a5bdf69c7c82612cc68bbb1559654d2527242dabd231f169631a,351782
A0A670ZTT3,https://alphafold.ebi.ac.uk/files/AF-A0A670ZTT3-F1-model_v6.pdb,2026-10-08,6,88.38,2022-06-01T00:00:00Z,ok,edd609a9e7f55ad5832d2bb41d35f9f09535c17e44e06d7cecab80babb8ee497,348947
A0A670ZUY1,https://alphafold.ebi.ac.uk/files/AF-A0A670ZUY1-F1-model_v6.pdb,2026-10-08,6,84.81,2022-06-01T00:00:00Z,ok,f2d5830409d85f8316682ca00a15451512073b852fa7838bf7745df5455a6c0a,326834
A0A670ZVI2,https://alphafold.ebi.ac.uk/files/AF-A0A670ZVI2-F1-model_v6.pdb,2026-10-08,6,85.81,2022-06-01T00:00:00Z,ok,48b1ac53e77be229740d69e4e8be266765ecdc18d40433a21baa6662fbadd46f,325133
A0A670ZWJ2,https://alphafold.ebi.ac.uk/files/AF-A0A670ZWJ2-F1-model_v6.pdb,2026-10-08,6,85.06,2022-06-01T00:00:00Z,ok,a16dd4ff1b23655b64acf1f06c5845e4c7c2e4bd62f62dc12b3ed8b762751960,320435
A0A6B7FMP6,https://alphafold.ebi.ac.uk/files/AF-A0A6B7FMP6-F1-model_v6.pdb,2026-10-08,6,85.38,2022-06-01T00:00:00Z,ok,925b7f1b6b8384aa3120c480ab5e7dbfdeb20942b819497e2e51ba3d97658f49,108296
A0A6B7FMQ3,https://alphafold.ebi.ac.uk/files/AF-A0A6B7FMQ3-F1-model_v6.pdb,2026-10-08,6,88.56,2022-06-01T00:00:00Z,ok,63a072f7aecf8e65611f25cf224a8c2dc64b306292ada56ba84fbc605192aac4,165806
A0A6B7FMR4,https://alphafold.ebi.ac.uk/files/AF-A0A6B7FMR4-F1-model_v6.pdb,2026-10-08,6,80.0,2022-06-01T00:00:00Z,ok,11e13179e93385d622163762333649e744875ca6f179475415ea3614e350d9a9,397061
A0A6B7FMR5,https://alphafold.ebi.ac.uk/files/AF-A0A6B7FMR5-F1-model_v6.pdb,2026-10-08,6,84.62,2025-08-01T00:00:00Z,ok,339edd97855ef9ac320ebd24a070f5f872a7f0872d1ca2875bf693f5258f9dca,215054
A0A6B7FNM6,https://alphafold.ebi.ac.uk/files/AF-A0A6B7FNM6-F1-model_v6.pdb,2026-10-08,6,48.56,2022-06-01T00:00:00Z,ok,4b6d903abf316c17173686ff74fd310a86ca129a9b2ce51a1931ff91dc22a8af,136484
A0A6B7FNN4,https://alphafold.ebi.ac.uk/files/AF-A0A6B7FNN4-F1-model_v6.pdb,2026-10-08,6,81.56,2022-06-01T00:00:00Z,ok,266d15aaa71e464c7380c46f17a89c2f3ad4ad508c59c43d545ded927110d2c7,394226
A0A6B7FPJ0,https://alphafold.ebi.ac.uk/files/AF-A0A6B7FPJ0-F1-model_v6.pdb,2026-10-08,6,88.88,2022-06-01T00:00:00Z,ok,3cb510e2f72a62c58b52f7e97e95438de7ae5a39b8ada649b43acce9c0aa39b2,168884
A0A6B7FPT0,https://alphafold.ebi.ac.uk/files/AF-A0A6B7FPT0-F1-model_v6.pdb,2026-10-08,6,57.41,2022-06-01T00:00:00Z,ok,26864347edca0e9ef4677a7c50c14a64c3a342283ab4f824118f94179310daae,90638
A0A6B7FPT6,https://alphafold.ebi.ac.uk/files/AF-A0A6B7FPT6-F1-model_v6.pdb,2026-10-08,6,67.81,2022-06-01T00:00:00Z,ok,3b33421498a22f91e0114f0ea5c4da1a302e0e6955b771d017ab7f73fda7e755,157058
A0A6B7FQF8,https://alphafold.ebi.ac.uk/files/AF-A0A6B7FQF8-F1-model_v6.pdb,2026-10-08,6,88.31,2022-06-01T00:00:00Z,ok,eeb16f7f08132747b33eba61ca7c80df55007db49e1aadfa0c6f131cfdbf0ed5,166130
A0A6B7FRF2,https://alphafold.ebi.ac.uk/files/AF-A0A6B7FRF2-F1-model_v6.pdb,2026-10-08,6,95.19,2022-06-01T00:00:00Z,ok,1cdc913d94c5c189b79fce1dc729e44f394a925d406cdc94cee8bf1d054cadcf,333395
A0A6B7FRK6,https://alphafold.ebi.ac.uk/files/AF-A0A6B7FRK6-F1-model_v6.pdb,2026-10-08,6,85.38,2022-06-01T00:00:00Z,ok,8fc17fb2921027b5787659d23978568802d06b9551d135f27b8a51f4bb906913,399167
A0A6H1Z3X8,https://alphafold.ebi.ac.uk/files/AF-A0A6H1Z3X8-F1-model_v6.pdb,2026-10-08,6,84.5,2022-06-01T00:00:00Z,ok,8fb2831f06150e7c0d583406a3d61dfd3fff22042855045abddf7a821a77b16a,46250
A0A6J1TQ15,https://alphafold.ebi.ac.uk/files/AF-A0A6J1TQ15-F1-model_v6.pdb,2026-10-08,6,68.38,2022-06-01T00:00:00Z,ok,f2101faf75f4eb721655dd07dc2b379ad939954c77276f4336a2b41f8586ebba,162485
A0A6J1TQY5,https://alphafold.ebi.ac.uk/files/AF-A0A6J1TQY5-F1-model_v6.pdb,2026-10-08,6,81.75,2022-06-01T00:00:00Z,ok,ed3f956f053a0e2b3b7217d05184f9e6db40c6175de39db5b4c6f5e656d823aa,329426
A0A6J1TTB3,https://alphafold.ebi.ac.uk/files/AF-A0A6J1TTB3-F1-model_v6.pdb,2026-10-08,6,87.12,2022-06-01T00:00:00Z,ok,41d6f491d38da77b0c077cd28b39cf7e381eabe915a1068fcf0e80cc24a90059,598589
A0A6J1TTY5,https://alphafold.ebi.ac.uk/files/AF-A0A6J1TTY5-F1-model_v6.pdb,2026-10-08,6,92.0,2022-06-01T00:00:00Z,ok,45b23101f01b5ec7b92e0df93b8029213db41b48c7e25e141133558851249620,560195
A0A6J1TU04,https://alphafold.ebi.ac.uk/files/AF-A0A6J1TU04-F1-model_v6.pdb,2026-10-08,6,87.38,2022-06-01T00:00:00Z,ok,cc040c6b238df25a3c765976f72aac33090b8ca4c06bf1daba473de38c88fd3f,164591
A0A6J1TUS8,https://alphafold.ebi.ac.uk/files/AF-A0A6J1TUS8-F1-model_v6.pdb,2026-10-08,6,87.69,2022-06-01T00:00:00Z,ok,af8e4090a9a6dda03f7ea59088c897b973c35968db4398d4dbdc37a01dd2e113,169937
A0A6J1TV53,https://alphafold.ebi.ac.uk/files/AF-A0A6J1TV53-F1-model_v6.pdb,2026-10-08,6,90.75,2022-06-01T00:00:00Z,ok,5445103c6690c2966f8e59ee461a9cdf6b1fa6bd9143f4ce994e55cdd8eb7eaf,583523
A0A6J1TVQ2,https://alphafold.ebi.ac.uk/files/AF-A0A6J1TVQ2-F1-model_v6.pdb,2026-10-08,6,90.06,2022-06-01T00:00:00Z,ok,a0d4f565caa3013df6f442da5083c9d933713418647eefa22a27faffa7c8d905,215135
A0A6J1TVU9,https://alphafold.ebi.ac.uk/files/AF-A0A6J1TVU9-F1-model_v6.pdb,2026-10-08,6,82.75,2022-06-01T00:00:00Z,ok,90fea173c3cf37f3a38708c0f9408660067246b84f00f988d66eaeb8afb8be16,184598
A0A6J1TW09,https://alphafold.ebi.ac.uk/files/AF-A0A6J1TW09-F1-model_v6.pdb,2026-10-08,6,81.0,2022-06-01T00:00:00Z,ok,99cb0c5dcfee015de0b703dc32a083297e1de5dddd857199d5586e4aca6deb72,171557
A0A6J1TXF6,https://alphafold.ebi.ac.uk/files/AF-A0A6J1TXF6-F1-model_v6.pdb,2026-10-08,6,88.25,2022-06-01T00:00:00Z,ok,57067bb0466689ac26c6b5c30557067434ee9aba75b464f6770614d8257b6eef,221858
A0A6J1TY79,https://alphafold.ebi.ac.uk/files/AF-A0A6J1TY79-F1-model_v6.pdb,2026-10-08,6,62.81,2022-06-01T00:00:00Z,ok,1d5d36093cd395c86ee00df87bc5c150988d047328570de0983c8ca8039ab3d5,289898
A0A6J1TYG6,https://alphafold.ebi.ac.uk/files/AF-A0A6J1TYG6-F1-model_v6.pdb,2026-10-08,6,89.12,2022-06-01T00:00:00Z,ok,14b7f27efcfdf33bdc30af45e737e668bd42ad58e5a128a895f94cdacbbe697b,171314
A0A6J1TYH5,https://alphafold.ebi.ac.uk/files/AF-A0A6J1TYH5-F1-model_v6.pdb,2026-10-08,6,56.12,2022-06-01T00:00:00Z,ok,2ddb447bf30777a53d1c7d36c2b25099adadea04a88a35be3ebc968d2f38f277,126845
A0A6J1TYX8,https://alphafold.ebi.ac.uk/files/AF-A0A6J1TYX8-F1-model_v6.pdb,2026-10-08,6,79.0,2022-06-01T00:00:00Z,ok,08889b7e739bd80e246905d105dfd71394e02cfb888b8a34ff80ce4d3976d934,409373
A0A6J1TZI9,https://alphafold.ebi.ac.uk/files/AF-A0A6J1TZI9-F1-model_v6.pdb,2026-10-08,6,89.56,2022-06-01T00:00:00Z,ok,f57167d5ad0dffd222c1f675dd141c440beb702033ad4c3564d01b66bcb40b02,183140
A0A6J1U0C5,https://alphafold.ebi.ac.uk/files/AF-A0A6J1U0C5-F1-model_v6.pdb,2026-10-08,6,80.94,2022-06-01T00:00:00Z,ok,68ad658e229a5de869a921fd2d6a9dccb593ddbb165148a643d66a73842f0d97,237005
A0A6J1U1P8,https://alphafold.ebi.ac.uk/files/AF-A0A6J1U1P8-F1-model_v6.pdb,2026-10-08,6,64.12,2022-06-01T00:00:00Z,ok,48975ccd76013d43cac37ade8a510a91878353efc78ed8f1a9851b7863ed9e21,549422
A0A6J1U240,https://alphafold.ebi.ac.uk/files/AF-A0A6J1U240-F1-model_v6.pdb,2026-10-08,6,70.19,2022-06-01T00:00:00Z,ok,467a036d8f6445d482c13793efc761fe956f5a24ad57725b28206ebc63e66aa1,558818
A0A6J1U3G3,https://alphafold.ebi.ac.uk/files/AF-A0A6J1U3G3-F1-model_v6.pdb,2026-10-08,6,73.0,2022-06-01T00:00:00Z,ok,f72134b10c452e1b2c087339c78c8728bae4eefcff82db720b422cb901e1181e,135593
A0A6J1U3K7,https://alphafold.ebi.ac.uk/files/AF-A0A6J1U3K7-F1-model_v6.pdb,2026-10-08,6,78.62,2022-06-01T00:00:00Z,ok,08e01085856dced000a1dc188ff666c2cc001d6ff62e092f07d9b0e90215716b,374057
A0A6J1U4A6,https://alphafold.ebi.ac.uk/files/AF-A0A6J1U4A6-F1-model_v6.pdb,2026-10-08,6,90.75,2022-06-01T00:00:00Z,ok,d634e89d1e0db9e1b123b7fcecbfc554cd8c32516221882a7ad04c577ae62944,533951
A0A6J1U4A8,https://alphafold.ebi.ac.uk/files/AF-A0A6J1U4A8-F1-model_v6.pdb,2026-10-08,6,83.31,2022-06-01T00:00:00Z,ok,5d9d2d6fd37f3728c79c539bbeb3946b1b7308bbf6f6fa1ad4fc5375d8fdbf9c,436751
A0A6J1U5V7,https://alphafold.ebi.ac.uk/files/AF-A0A6J1U5V7-F1-model_v6.pdb,2026-10-08,6,59.44,2022-06-01T00:00:00Z,ok,f87fc577ee10a217c50a2d16b006251ac6cc010a0099d4fc64e71586f1d7e1f0,142478
A0A6J1U690,https://alphafold.ebi.ac.uk/files/AF-A0A6J1U690-F1-model_v6.pdb,2026-10-08,6,74.0,2022-06-01T00:00:00Z,ok,f764162fb6f0fc5ada16bada00cb2cb40663abaa173a12330312bbc6118ea38a,393416
A0A6J1U767,https://alphafold.ebi.ac.uk/files/AF-A0A6J1U767-F1-model_v6.pdb,2026-10-08,6,83.56,2022-06-01T00:00:00Z,ok,a19c41a5782dc2aebc2f07d9a18dca99b7764e8c2a9928801e07bd4da4f0ef31,218213
A0A6J1U7E5,https://alphafold.ebi.ac.uk/files/AF-A0A6J1U7E5-F1-model_v6.pdb,2026-10-08,6,80.44,2022-06-01T00:00:00Z,ok,7507bf760a2dae782442a0e02f3dd77a31f72e705e4ba8aba82259656ee19521,470852
A0A6J1U821,https://alphafold.ebi.ac.uk/files/AF-A0A6J1U821-F1-model_v6.pdb,2026-10-08,6,81.06,2022-06-01T00:00:00Z,ok,c0af58f57292781ccc5d2d2d41d48d29b371b1606a35c014c54230b98f211589,429299
A0A6J1U832,https://alphafold.ebi.ac.uk/files/AF-A0A6J1U832-F1-model_v6.pdb,2026-10-08,6,75.19,2022-06-01T00:00:00Z,ok,5836001934df38a37c7cd9d90b7719bd97470ce5c1566135e1cca9528a0f2b40,586844
A0A6J1U8T7,https://alphafold.ebi.ac.uk/files/AF-A0A6J1U8T7-F1-model_v6.pdb,2026-10-08,6,82.12,2022-06-01T00:00:00Z,ok,3400e01e12f42412ec6184abb31e83108286f8956aa835ca8e771893c5ab6b5f,464777
A0A6J1U930,https://alphafold.ebi.ac.uk/files/AF-A0A6J1U930-F1-model_v6.pdb,2026-10-08,6,70.75,2022-06-01T00:00:00Z,ok,d5effb6e445b2a7dbbb215879639a67bc54f0075609b11de4159deb8291d78d1,546587
A0A6J1UAX0,https://alphafold.ebi.ac.uk/files/AF-A0A6J1UAX0-F1-model_v6.pdb,2026-10-08,6,79.5,2022-06-01T00:00:00Z,ok,29aacf14939f4be0c711a7e943822af3dd4ce207b8ee776b39d5a502cc9f6b8e,615032
A0A6J1UDE6,https://alphafold.ebi.ac.uk/files/AF-A0A6J1UDE6-F1-model_v6.pdb,2026-10-08,6,83.06,2022-06-01T00:00:00Z,ok,b40270cdf389a76401692d43dbd759c3520198e93086096c452300917fd4f95b,391715
A0A6J1UG27,https://alphafold.ebi.ac.uk/files/AF-A0A6J1UG27-F1-model_v6.pdb,2026-10-08,6,83.75,2022-06-01T00:00:00Z,ok,f88403a985603a24197c5e24c13c06e0a1f0648f3c399a165c59102187084ae6,332909
A0A6J1UH79,https://alphafold.ebi.ac.uk/files/AF-A0A6J1UH79-F1-model_v6.pdb,2026-10-08,6,91.94,2022-06-01T00:00:00Z,ok,c8a6c97927ebf80ab3c3387a98fbfcc5ae19d9febf8a25f9aea720a104268d52,138185
A0A6J1UHX2,https://alphafold.ebi.ac.uk/files/AF-A0A6J1UHX2-F1-model_v6.pdb,2026-10-08,6,76.0,2022-06-01T00:00:00Z,ok,9119e6bb84e241831edf62fba75fb1a59aefd964d58152281f441e421ba3ba1b,427679
A0A6J1UJH5,https://alphafold.ebi.ac.uk/files/AF-A0A6J1UJH5-F1-model_v6.pdb,2026-10-08,6,79.62,2022-06-01T00:00:00Z,ok,ad18d8eac0d1f7eda78a1a5317cdddae8520d2b631d0eccbaeb511a715e094da,451412
A0A6J1UN68,https://alphafold.ebi.ac.uk/files/AF-A0A6J1UN68-F1-model_v6.pdb,2026-10-08,6,67.44,2022-06-01T00:00:00Z,ok,c5d220003c9bb03025c6125fea84cd8312517354bfde85d01fe4d5c6616d1886,443960
A0A6J1UQZ0,https://alphafold.ebi.ac.uk/files/AF-A0A6J1UQZ0-F1-model_v6.pdb,2026-10-08,6,66.69,2022-06-01T00:00:00Z,ok,ec8367a979901ab2e775753f2095d670bd42d06144a4886fc88995192579733e,546830
A0A6J1UTR7,https://alphafold.ebi.ac.uk/files/AF-A0A6J1UTR7-F1-model_v6.pdb,2026-10-08,6,77.62,2022-06-01T00:00:00Z,ok,d802bc63033e868259f8faa3f1638ced6e9e04b9e6424f5a845f2f0abac90a75,310553
A0A6J1UW97,https://alphafold.ebi.ac.uk/files/AF-A0A6J1UW97-F1-model_v6.pdb,2026-10-08,6,82.62,2022-06-01T00:00:00Z,ok,d3726b8c85d2884c66f4f37f3048cec998a9d7a8a661c57f75b7573e38dbd859,548369
A0A6J1UWG7,https://alphafold.ebi.ac.uk/files/AF-A0A6J1UWG7-F1-model_v6.pdb,2026-10-08,6,76.38,2022-06-01T00:00:00Z,ok,d6cb838c7ce78d6558175f305607b1385992d8ca63f676c93b5914626ae69ff1,441530
A0A6J1UX37,https://alphafold.ebi.ac.uk/files/AF-A0A6J1UX37-F1-model_v6.pdb,2026-10-08,6,72.62,2022-06-01T00:00:00Z,ok,4a893971da7676225036e8b092d756fa9ece8a1b8fe491c0d650c9f61d94cb47,293786
A0A6J1UXD9,https://alphafold.ebi.ac.uk/files/AF-A0A6J1UXD9-F1-model_v6.pdb,2026-10-08,6,59.72,2022-06-01T00:00:00Z,ok,159419bc1d1d60674ab8a131800ae13e486686918bffbacaf019161605f700c9,224369
A0A6J1UXP1,https://alphafold.ebi.ac.uk/files/AF-A0A6J1UXP1-F1-model_v6.pdb,2026-10-08,6,86.88,2022-06-01T00:00:00Z,ok,ab3ee59a87b9d7aaa100ecd9441a3caa5a3ed56b82789f7867bc0b6e46f1fcc7,144989
A0A6J1UXR5,https://alphafold.ebi.ac.uk/files/AF-A0A6J1UXR5-F1-model_v6.pdb,2026-10-08,6,83.81,2022-06-01T00:00:00Z,ok,4a528dd8c79b82a32d4134a4ea276aaae5ba4ac7c805e69693119855e8d7aa15,165563
A0A6J1UYZ3,https://alphafold.ebi.ac.uk/files/AF-A0A6J1UYZ3-F1-model_v6.pdb,2026-10-08,6,75.12,2022-06-01T00:00:00Z,ok,e2a9914286aee36119ba0d77c52e01cef059e27887f9418c13e891e89d6dbacd,407024
A0A6J1UZF8,https://alphafold.ebi.ac.uk/files/AF-A0A6J1UZF8-F1-model_v6.pdb,2026-10-08,6,85.31,2022-06-01T00:00:00Z,ok,7c0616eae3462f8c22de37ac43797ed88fbce1b41ba29a97fb719df600d6c73d,325619
A0A6J1UZN3,https://alphafold.ebi.ac.uk/files/AF-A0A6J1UZN3-F1-model_v6.pdb,2026-10-08,6,73.38,2022-06-01T00:00:00Z,ok,d0e1dd9f551f963cf79ffe84d8622350e9bc096e5102b53684067ec0da656060,335420
A0A6J1V018,https://alphafold.ebi.ac.uk/files/AF-A0A6J1V018-F1-model_v6.pdb,2026-10-08,6,78.88,2022-06-01T00:00:00Z,ok,6114cbf13f4e6db8ada51f1e25c44047b3787a3089bf457502e960fef724ce94,415853
A0A6J1V027,https://alphafold.ebi.ac.uk/files/AF-A0A6J1V027-F1-model_v6.pdb,2026-10-08,6,79.62,2022-06-01T00:00:00Z,ok,18836adb4e1f312c64beb8abcc2df59e6cfdfebfd4720d80c07b71859336fafc,414557
A0A6J1V0W1,https://alphafold.ebi.ac.uk/files/AF-A0A6J1V0W1-F1-model_v6.pdb,2026-10-08,6,83.81,2022-06-01T00:00:00Z,ok,a1db5345d76e631bd6f5eb6b439bdefc31934d3ffd4206e0cf0d4c6b67fb6dc6,332423
A0A6J1V117,https://alphafold.ebi.ac.uk/files/AF-A0A6J1V117-F1-model_v6.pdb,2026-10-08,6,71.62,2022-06-01T00:00:00Z,ok,69da366b47e765d82298b1a14a6a2f66cb4c94d28390b7c92a63c79fdf9a8ab6,526175
A0A6J1V1I2,https://alphafold.ebi.ac.uk/files/AF-A0A6J1V1I2-F1-model_v6.pdb,2026-10-08,6,79.19,2022-06-01T00:00:00Z,ok,7fa235cf64fca5cbc90ec6a132c4d1f312844ff2623cdbfd41f735ab8d0d9170,409211
A0A6J1V1L9,https://alphafold.ebi.ac.uk/files/AF-A0A6J1V1L9-F1-model_v6.pdb,2026-10-08,6,68.69,2022-06-01T00:00:00Z,ok,575bea5a5c2c372f7791c3bfa4a5cfafc42e3d18911ae0be3d6a887b00923c9a,597860
A0A6J1V1M1,https://alphafold.ebi.ac.uk/files/AF-A0A6J1V1M1-F1-model_v6.pdb,2026-10-08,6,67.94,2022-06-01T00:00:00Z,ok,e69d9e0e5e08bced1d03b71d4ed698f7408143ade5509a3f5b7b4ebe0652e810,619163
A0A6J1V1M4,https://alphafold.ebi.ac.uk/files/AF-A0A6J1V1M4-F1-model_v6.pdb,2026-10-08,6,72.19,2022-06-01T00:00:00Z,ok,a34aa801d85f7a4c24a4569500aa4f7f5647495df4feff6794ad555dfe731b28,557036
A0A6J1V326,https://alphafold.ebi.ac.uk/files/AF-A0A6J1V326-F1-model_v6.pdb,2026-10-08,6,70.06,2022-06-01T00:00:00Z,ok,1463614367b0d48c0d759b003108d54f866246570825f0a0829a769a5fd67f83,578339
A0A6J1V516,https://alphafold.ebi.ac.uk/files/AF-A0A6J1V516-F1-model_v6.pdb,2026-10-08,6,76.19,2022-06-01T00:00:00Z,ok,4c050a7354dbdc0b748a211adb0a730e5b089013e5b734b4f05f7417e6387323,488429
A0A6J1V5Z2,https://alphafold.ebi.ac.uk/files/AF-A0A6J1V5Z2-F1-model_v6.pdb,2026-10-08,6,57.53,2022-06-01T00:00:00Z,ok,220f5b506f98d474f57d6cd9656a3a0dfb457c9303dcda1e26b85ff4f9e3dd16,99710
A0A6J1V7F6,https://alphafold.ebi.ac.uk/files/AF-A0A6J1V7F6-F1-model_v6.pdb,2026-10-08,6,78.69,2022-06-01T00:00:00Z,ok,09f788d695971d780c884ea17868a6152fdf2bf3488034b9ee53c6bab7861889,414071
A0A6J1V7G1,https://alphafold.ebi.ac.uk/files/AF-A0A6J1V7G1-F1-model_v6.pdb,2026-10-08,6,72.69,2022-06-01T00:00:00Z,ok,ccd68c5751ffa39f44abd98a1345f6d7dd5b0f167a60ff8aae01fafd0dce4d08,300833
A0A6J1V7K1,https://alphafold.ebi.ac.uk/files/AF-A0A6J1V7K1-F1-model_v6.pdb,2026-10-08,6,67.56,2022-06-01T00:00:00Z,ok,a627d43600080dd19728fdea110566ecb4ea5de5fc549770b2fbb1b7ef7b2726,161837
A0A6J1V7Y6,https://alphafold.ebi.ac.uk/files/AF-A0A6J1V7Y6-F1-model_v6.pdb,2026-10-08,6,90.44,2022-06-01T00:00:00Z,ok,49ca07a8dd0ba4d1500e92c3c4e4ae7e34691f665246093299b930b785415ca9,361502
A0A6J1V8Z2,https://alphafold.ebi.ac.uk/files/AF-A0A6J1V8Z2-F1-model_v6.pdb,2026-10-08,6,70.06,2022-06-01T00:00:00Z,ok,8ae1a095d06deb7bcc2ad06755cc2b7a6c7c9d10541ff86dc61ad457b64f03cf,579149
A0A6J1V971,https://alphafold.ebi.ac.uk/files/AF-A0A6J1V971-F1-model_v6.pdb,2026-10-08,6,87.5,2022-06-01T00:00:00Z,ok,1365451a92b76726dbb03e9d7722e48e07c8dc78176044eeb00c14745ac88b12,318491
A0A6J1V989,https://alphafold.ebi.ac.uk/files/AF-A0A6J1V989-F1-model_v6.pdb,2026-10-08,6,84.56,2022-06-01T00:00:00Z,ok,6e7ff22803aa8e01838d0de50cf4227c14af660f9d9cde08a00baaabbbc6ed2a,334772
A0A6J1V9D0,https://alphafold.ebi.ac.uk/files/AF-A0A6J1V9D0-F1-model_v6.pdb,2026-10-08,6,85.44,2022-06-01T00:00:00Z,ok,8d09db11fa3701032ccee619d070976ab35b3c1c28e80b47d0085514e23cfdce,319787
A0A6J1V9T1,https://alphafold.ebi.ac.uk/files/AF-A0A6J1V9T1-F1-model_v6.pdb,2026-10-08,6,79.62,2022-06-01T00:00:00Z,ok,4dff3a6891e9b7eb008fac178fc0a4c7ce2951d5e05cef0447ff12c936bdc314,412775
A0A6J1V9Z9,https://alphafold.ebi.ac.uk/files/AF-A0A6J1V9Z9-F1-model_v6.pdb,2026-10-08,6,79.25,2022-06-01T00:00:00Z,ok,92c26004d8df696982e36b98f3483eb69e8bbd66254e3008325be5bb072dbdb1,697490
A0A6J1VAM2,https://alphafold.ebi.ac.uk/files/AF-A0A6J1VAM2-F1-model_v6.pdb,2026-10-08,6,78.88,2022-06-01T00:00:00Z,ok,b540c7c3a1403f60071c00d1ca88f0593df9d2a1b09e7ba2026076bbc16ea70d,173096
A0A6J1VB39,https://alphafold.ebi.ac.uk/files/AF-A0A6J1VB39-F1-model_v6.pdb,2026-10-08,6,71.62,2022-06-01T00:00:00Z,ok,618d7e3622248e6439816d5151e5baf3fc3b45ca8be30a3c25ef3b5226dd543d,560033
A0A6J1VBB6,https://alphafold.ebi.ac.uk/files/AF-A0A6J1VBB6-F1-model_v6.pdb,2026-10-08,6,70.44,2022-06-01T00:00:00Z,ok,d14ed7170e15cb4e93e41634aa304707c87a1ff0e34222e9b2b1641799273983,578339
A0A6J1VBR6,https://alphafold.ebi.ac.uk/files/AF-A0A6J1VBR6-F1-model_v6.pdb,2026-10-08,6,84.25,2022-06-01T00:00:00Z,ok,1904b8f798c54f20410901e330bf187e152e2b089455d7dc50276210622a8d86,222344
A0A6J1VBW7,https://alphafold.ebi.ac.uk/files/AF-A0A6J1VBW7-F1-model_v6.pdb,2026-10-08,6,83.69,2022-06-01T00:00:00Z,ok,b793560977d5f76fa525bf8e4b73a5ed783095a494ef9e0203918a9870e6d4af,146933
A0A6J1VBX6,https://alphafold.ebi.ac.uk/files/AF-A0A6J1VBX6-F1-model_v6.pdb,2026-10-08,6,79.56,2022-06-01T00:00:00Z,ok,ad87b8d4ccb002eca59d80e9bd372194b43087ab47cb011079fb0b91b1132c0d,365066
A0A6J1VCW5,https://alphafold.ebi.ac.uk/files/AF-A0A6J1VCW5-F1-model_v6.pdb,2026-10-08,6,79.38,2022-06-01T00:00:00Z,ok,49b44446db1dd2a41f8d61f0b2989cdc608ea3272c2bd0eb2d7400455c16626d,299213
A0A6J1VD75,https://alphafold.ebi.ac.uk/files/AF-A0A6J1VD75-F1-model_v6.pdb,2026-10-08,6,75.12,2022-06-01T00:00:00Z,ok,1cf5fa61525ae5ec74cee728d838e7ee77cf0c5e2e0c259792e2117208c9c2d9,489158
A0A6J1VD78,https://alphafold.ebi.ac.uk/files/AF-A0A6J1VD78-F1-model_v6.pdb,2026-10-08,6,72.81,2022-06-01T00:00:00Z,ok,76a305722c0b2c1188bc36bdb055e9b50bd2b34bf13739971d019ec8ad91de4f,365309
A0A6J1VE32,https://alphafold.ebi.ac.uk/files/AF-A0A6J1VE32-F1-model_v6.pdb,2026-10-08,6,83.25,2022-06-01T00:00:00Z,ok,8ba20d79bee684720a365047de99d633bf3614740d11487a1c464cd142dc530c,181439
A0A6J1VED4,https://alphafold.ebi.ac.uk/files/AF-A0A6J1VED4-F1-model_v6.pdb,2026-10-08,6,72.81,2022-06-01T00:00:00Z,ok,27c910d773bbd4f9037e0290acb8ef8095719be781371287aab5b871d8dece7b,295649
A0A6J1VFN9,https://alphafold.ebi.ac.uk/files/AF-A0A6J1VFN9-F1-model_v6.pdb,2026-10-08,6,87.38,2022-06-01T00:00:00Z,ok,0a15a37b7921c6d3ad6a59e673ffe8b1e1dbe17cbbc5d217636c0006bf5a6d5f,290546
A0A6J1VFP9,https://alphafold.ebi.ac.uk/files/AF-A0A6J1VFP9-F1-model_v6.pdb,2026-10-08,6,79.44,2022-06-01T00:00:00Z,ok,e4c8fed5535945bdf5aecf3718de2c0c419197b760d597db5d5c6365a8035705,212300
A0A6J1VG35,https://alphafold.ebi.ac.uk/files/AF-A0A6J1VG35-F1-model_v6.pdb,2026-10-08,6,79.19,2022-06-01T00:00:00Z,ok,9bddd77323f6551072814296f775183f46cda9a085c0d1d2c5112af210a4bb89,211247
A0A6J1VGV1,https://alphafold.ebi.ac.uk/files/AF-A0A6J1VGV1-F1-model_v6.pdb,2026-10-08,6,79.19,2022-06-01T00:00:00Z,ok,0f3dd770acfb9491b0fb61b96daa93e8cbac22ac56778272201c5744f36df127,210761
A0A6J1VHM7,https://alphafold.ebi.ac.uk/files/AF-A0A6J1VHM7-F1-model_v6.pdb,2026-10-08,6,57.38,2022-06-01T00:00:00Z,ok,ba7cbb371c3b6192a18810a42fbd3867873b9aa857a474a668838c00a19fce6c,466883
A0A6J1VHP0,https://alphafold.ebi.ac.uk/files/AF-A0A6J1VHP0-F1-model_v6.pdb,2026-10-08,6,88.19,2022-06-01T00:00:00Z,ok,5b59f3a75246bb764aed822391fe36dd90d4ba55fbf132c89d746f1623923c58,320921
A0A6J1VI58,https://alphafold.ebi.ac.uk/files/AF-A0A6J1VI58-F1-model_v6.pdb,2026-10-08,6,88.38,2022-06-01T00:00:00Z,ok,eba3fa43b219334581c7f03da981323275d2fd7c9b220c35fd1b1ef4e6504b9d,54188
A0A6J1VIH2,https://alphafold.ebi.ac.uk/files/AF-A0A6J1VIH2-F1-model_v6.pdb,2026-10-08,6,89.12,2022-06-01T00:00:00Z,ok,39f279a9b0f55e17373d5cdc6e7f378214273325b560f6f91d8211d108633db7,228905
A0A6J1VIH7,https://alphafold.ebi.ac.uk/files/AF-A0A6J1VIH7-F1-model_v6.pdb,2026-10-08,6,90.62,2022-06-01T00:00:00Z,ok,9ff1b4b2dda77255895db549c6008cec35d5b47ef896339dfef62bc0b806f7d6,328940
A0A6J1VII3,https://alphafold.ebi.ac.uk/files/AF-A0A6J1VII3-F1-model_v6.pdb,2026-10-08,6,59.19,2022-06-01T00:00:00Z,ok,d54498ea004857bb81ed2e034897b09ad643eb841316b9881dc0e924779ed570,433673
A0A6J1VIK0,https://alphafold.ebi.ac.uk/files/AF-A0A6J1VIK0-F1-model_v6.pdb,2026-10-08,6,80.38,2022-06-01T00:00:00Z,ok,42dd4c1e51c41a42f4ba32a79c6f18c8eba16244591c5cce4e55a7559a9c158b,144746
A0A6J1VJM9,https://alphafold.ebi.ac.uk/files/AF-A0A6J1VJM9-F1-model_v6.pdb,2026-10-08,6,84.12,2022-06-01T00:00:00Z,ok,bf80c1cd22b63eb9ad47e5ed9d73dc081a39dc17fd1195b28152ea855d1cb337,228176
A0A6J1VJU1,https://alphafold.ebi.ac.uk/files/AF-A0A6J1VJU1-F1-model_v6.pdb,2026-10-08,6,77.62,2022-06-01T00:00:00Z,ok,c625f958ac6c2817180226a3b355c571a7887c67b309c8ba7f7c967614fa95eb,161999
A0A6J1VJW0,https://alphafold.ebi.ac.uk/files/AF-A0A6J1VJW0-F1-model_v6.pdb,2026-10-08,6,78.75,2022-06-01T00:00:00Z,ok,bc7ede18053ffba387cfb9f6155ac1da5134a24512a56b8c349d97fedae3266a,311444
A0A6J1VKD9,https://alphafold.ebi.ac.uk/files/AF-A0A6J1VKD9-F1-model_v6.pdb,2026-10-08,6,77.88,2022-06-01T00:00:00Z,ok,37f2e4e647692781ebbcdb65e3d9c2855f51838357cafffa811640db1e7687e6,272645
A0A6J1VLQ1,https://alphafold.ebi.ac.uk/files/AF-A0A6J1VLQ1-F1-model_v6.pdb,2026-10-08,6,73.44,2022-06-01T00:00:00Z,ok,df844c6fbaff5fac30a9189a559f5f3efa0f2e6a9e87b35c88c4210527382392,345707
A0A6J1VLY3,https://alphafold.ebi.ac.uk/files/AF-A0A6J1VLY3-F1-model_v6.pdb,2026-10-08,6,71.12,2022-06-01T00:00:00Z,ok,e42bee1c2c4840c80347ce3e1d30de837a26512711ab21b730c04098bd7bffbb,444365
A0A6J1VNB8,https://alphafold.ebi.ac.uk/files/AF-A0A6J1VNB8-F1-model_v6.pdb,2026-10-08,6,84.56,2022-06-01T00:00:00Z,ok,0eafbdf7d45b5f385a3b815e3152257d641ce5943014a3116ba23d1084c9fcd8,612521
A0A6J1VNG6,https://alphafold.ebi.ac.uk/files/AF-A0A6J1VNG6-F1-model_v6.pdb,2026-10-08,6,82.12,2022-06-01T00:00:00Z,ok,6eea721a07fa173138edc08f0ac608626d0649a40a7c94111ecf47d1c1cec7bb,314441
A0A6J1VNH2,https://alphafold.ebi.ac.uk/files/AF-A0A6J1VNH2-F1-model_v6.pdb,2026-10-08,6,76.25,2022-06-01T00:00:00Z,ok,dfff847fb53b14a0ca9ccbafe5bdedf037466cd57a47f52dc5ea9cbcc17ba75d,337850
A0A6J1VNR8,https://alphafold.ebi.ac.uk/files/AF-A0A6J1VNR8-F1-model_v6.pdb,2026-10-08,6,83.62,2022-06-01T00:00:00Z,ok,5f7908944ddd4379dddd5e8cd325f4084255db9df95a6074fc94be9bcd60addd,245105
A0A6J1VPN9,https://alphafold.ebi.ac.uk/files/AF-A0A6J1VPN9-F1-model_v6.pdb,2026-10-08,6,84.25,2022-06-01T00:00:00Z,ok,a66dcf7157567575346172df4e05c68242188a94f1c33617d883cb7019422201,354941
A0A6J1VQ65,https://alphafold.ebi.ac.uk/files/AF-A0A6J1VQ65-F1-model_v6.pdb,2026-10-08,6,87.94,2022-06-01T00:00:00Z,ok,f547539304bf09dcb719d6aeee7c3838c6ca97e2a303ef65f9ce32d40fcf6ec6,128708
A0A6J1VQ70,https://alphafold.ebi.ac.uk/files/AF-A0A6J1VQ70-F1-model_v6.pdb,2026-10-08,6,93.62,2022-06-01T00:00:00Z,ok,c146b0bcdf45ce6c1cba2d87128be664315b82072ac42056116d99fb187f40aa,180224
A0A6J1VQ84,https://alphafold.ebi.ac.uk/files/AF-A0A6J1VQ84-F1-model_v6.pdb,2026-10-08,6,55.72,2022-06-01T00:00:00Z,ok,b0c453d9953992c476bc5b0ce510caaef141f71dff7eec41a5e1411ad2bfe86e,462428
A0A6J1VQ90,https://alphafold.ebi.ac.uk/files/AF-A0A6J1VQ90-F1-model_v6.pdb,2026-10-08,6,82.94,2022-06-01T00:00:00Z,ok,1ebe0d154a15221b3e1f032c5bdbad3b3115ab64bba8b4aa5a7d6c31b3266237,345302
A0A6J1VQ94,https://alphafold.ebi.ac.uk/files/AF-A0A6J1VQ94-F1-model_v6.pdb,2026-10-08,6,86.94,2022-06-01T00:00:00Z,ok,3138c9dc7fc35ba91aea637653e47838768ebb58a6ffc810339f080c0b0b963f,303344
A0A6J1VS11,https://alphafold.ebi.ac.uk/files/AF-A0A6J1VS11-F1-model_v6.pdb,2026-10-08,6,57.59,2022-06-01T00:00:00Z,ok,66fdd12f743824714c99f4ec2eb24cefb5030eb606ec54748892bb6d63d1b054,440153
A0A6J1VS18,https://alphafold.ebi.ac.uk/files/AF-A0A6J1VS18-F1-model_v6.pdb,2026-10-08,6,82.69,2022-06-01T00:00:00Z,ok,eaa4d070d4db9b64dd3594438857d7cfb46ab5c5a0c1d439df5b8ce101ee0636,343520
A0A6J1VS22,https://alphafold.ebi.ac.uk/files/AF-A0A6J1VS22-F1-model_v6.pdb,2026-10-08,6,84.25,2022-06-01T00:00:00Z,ok,6c049f7bf9e1bfa56c95740743116ca92ff6b9e077d6db649a45b2d82745555a,297269
A0A6J1VS77,https://alphafold.ebi.ac.uk/files/AF-A0A6J1VS77-F1-model_v6.pdb,2026-10-08,6,81.31,2022-06-01T00:00:00Z,ok,5a0b4310951ba18dbb08026959b1e69653e6981fca16d1d1c6f7a67c318470a8,147419
A0A6J1VTG0,https://alphafold.ebi.ac.uk/files/AF-A0A6J1VTG0-F1-model_v6.pdb,2026-10-08,6,50.31,2022-06-01T00:00:00Z,ok,e679b56cb818393eed518a7c0b76373c8ebb2aac4e28902c8cdefe4963307e88,166130
A0A6J1VTG5,https://alphafold.ebi.ac.uk/files/AF-A0A6J1VTG5-F1-model_v6.pdb,2026-10-08,6,71.5,2022-06-01T00:00:00Z,ok,fbeb6e6ac8826888728b783fb8dd5b7ac016e1dfdbc5eee57e97d8b633c1ad5d,206468
A0A6J1VUI6,https://alphafold.ebi.ac.uk/files/AF-A0A6J1VUI6-F1-model_v6.pdb,2026-10-08,6,76.69,2022-06-01T00:00:00Z,ok,c0ac69ca820a6c5f4cbaa623741503ef0313bbf3a693f1c641869268f3c7926d,500498
A0A6J1VV14,https://alphafold.ebi.ac.uk/files/AF-A0A6J1VV14-F1-model_v6.pdb,2026-10-08,6,81.06,2022-06-01T00:00:00Z,ok,36d40b18136bb7dd3f2b433d1a9ba8f47b86cafe1275375f64bbca040cd6ff4c,174716
A0A6J1VVV8,https://alphafold.ebi.ac.uk/files/AF-A0A6J1VVV8-F1-model_v6.pdb,2026-10-08,6,89.69,2022-06-01T00:00:00Z,ok,b2d38bbc4ac260d8e9193ab33a3f97d31332ae12c06a8ea500684fd82f0c70ec,175688
A0A6J1VVX1,https://alphafold.ebi.ac.uk/files/AF-A0A6J1VVX1-F1-model_v6.pdb,2026-10-08,6,76.81,2022-06-01T00:00:00Z,ok,7a1e4b083220a419bdaa22ad2c39b3100203a88c0eaa1cb5a981b95e376842c5,170018
A0A6J1VW13,https://alphafold.ebi.ac.uk/files/AF-A0A6J1VW13-F1-model_v6.pdb,2026-10-08,6,93.94,2022-06-01T00:00:00Z,ok,8c3282b8baffc70e8b47fbda2089f44016ad2245789f403acb6d44a0621d3e84,197153
A0A6J1VW41,https://alphafold.ebi.ac.uk/files/AF-A0A6J1VW41-F1-model_v6.pdb,2026-10-08,6,73.38,2022-06-01T00:00:00Z,ok,d0aa764d894dbe724d9861493236f8ac7170f90054e41372d177c1b7134609cc,307232
A0A6J1VW97,https://alphafold.ebi.ac.uk/files/AF-A0A6J1VW97-F1-model_v6.pdb,2026-10-08,6,93.62,2022-06-01T00:00:00Z,ok,70b797339acd813531ab47c2f459fdb639db64379183eaa1c4e7517f741f7800,125306
A0A6J1VWA1,https://alphafold.ebi.ac.uk/files/AF-A0A6J1VWA1-F1-model_v6.pdb,2026-10-08,6,86.12,2022-06-01T00:00:00Z,ok,5168727900d2922b5f16fc1c4456756f8f5947bda437e9a1280dbcefe10defba,193184
A0A6J1VWA9,https://alphafold.ebi.ac.uk/files/AF-A0A6J1VWA9-F1-model_v6.pdb,2026-10-08,6,80.25,2022-06-01T00:00:00Z,ok,ab5e1aac9e63df6e6e0f4b67b25dc50195dd9a296265b5fe6f6bec3ed93b5147,297593
A0A6J1VWT6,https://alphafold.ebi.ac.uk/files/AF-A0A6J1VWT6-F1-model_v6.pdb,2026-10-08,6,81.81,2022-06-01T00:00:00Z,ok,8e214a241a48c9d25da85142d5da5da7ad7899eee9030f7e55e645becbf482fd,172448
A0A6J1VWZ5,https://alphafold.ebi.ac.uk/files/AF-A0A6J1VWZ5-F1-model_v6.pdb,2026-10-08,6,91.69,2022-06-01T00:00:00Z,ok,5524c7fd858b7bda386552156fda994a1f3599645217c67d4b745256e8e1be8e,178118
A0A6J1VXN6,https://alphafold.ebi.ac.uk/files/AF-A0A6J1VXN6-F1-model_v6.pdb,2026-10-08,6,79.75,2022-06-01T00:00:00Z,ok,ef9ae5be1f2429a8ff0ec2b42871d82f4e9ca50882189c282fb96c6753c4107e,325457
A0A6J1VYK4,https://alphafold.ebi.ac.uk/files/AF-A0A6J1VYK4-F1-model_v6.pdb,2026-10-08,6,84.12,2022-06-01T00:00:00Z,ok,283ba57c0f9e6f87591a9670461db6740fc34407d539bb83091fbd6191309927,253043
A0A6J1VYK5,https://alphafold.ebi.ac.uk/files/AF-A0A6J1VYK5-F1-model_v6.pdb,2026-10-08,6,86.19,2022-06-01T00:00:00Z,ok,1d61c84cc87f49941a3079fdf2e2baf6a28ed05a533662b2043a77f183375a74,260819
A0A6J1VYT1,https://alphafold.ebi.ac.uk/files/AF-A0A6J1VYT1-F1-model_v6.pdb,2026-10-08,6,84.44,2022-06-01T00:00:00Z,ok,306e7190dd615ed44684f89bd5d5ff9df7915a6e84afe02e8d32d3ef4caa193e,228581
A0A6J1VZS5,https://alphafold.ebi.ac.uk/files/AF-A0A6J1VZS5-F1-model_v6.pdb,2026-10-08,6,93.75,2022-06-01T00:00:00Z,ok,5455295f6dd5df5125f288910d5f1e1c139b35d7bd6d7dc3f400f1f491e303d4,229553
A0A6J1VZY4,https://alphafold.ebi.ac.uk/files/AF-A0A6J1VZY4-F1-model_v6.pdb,2026-10-08,6,78.12,2022-06-01T00:00:00Z,ok,cf16c6111a306cc47e979636157d103a29c44b6d5f93711608580d278feba7ba,152360
A0A6J1W0I1,https://alphafold.ebi.ac.uk/files/AF-A0A6J1W0I1-F1-model_v6.pdb,2026-10-08,6,88.12,2022-06-01T00:00:00Z,ok,0550f810b6f657794b4f36d2e6c4217e456a4ac41b4f8fe9ec444e1cb414ec84,208655
A0A6J1W0N0,https://alphafold.ebi.ac.uk/files/AF-A0A6J1W0N0-F1-model_v6.pdb,2026-10-08,6,82.12,2022-06-01T00:00:00Z,ok,c253294c9d56adef7cfb5bf6bf061639a3f457ae47570708189b3a33bc7f34f0,223964
A0A6J1W0R4,https://alphafold.ebi.ac.uk/files/AF-A0A6J1W0R4-F1-model_v6.pdb,2026-10-08,6,72.44,2022-06-01T00:00:00Z,ok,3dd5f64307d62971ef598090eb5b75563e69d45e95d00c6ad56fe4aa0d0bdde5,216998
A0A6J1W0U4,https://alphafold.ebi.ac.uk/files/AF-A0A6J1W0U4-F1-model_v6.pdb,2026-10-08,6,85.44,2022-06-01T00:00:00Z,ok,f5cc0fadf997e7e83fbe278e74c6ddd1c0919c01eedb643e8deacf42f719f193,184841
A0A6J1W175,https://alphafold.ebi.ac.uk/files/AF-A0A6J1W175-F1-model_v6.pdb,2026-10-08,6,83.94,2022-06-01T00:00:00Z,ok,c72d95cc2194e8447fb2becdccb88d5208761fe671a08d38be42a57e4b9cda07,173177
A0A6J1W1I4,https://alphafold.ebi.ac.uk/files/AF-A0A6J1W1I4-F1-model_v6.pdb,2026-10-08,6,86.88,2022-06-01T00:00:00Z,ok,98d404f44ccdf7df6e7a14896efb40b96174a865ea835d7553b8d77cab634f36,142073
A0A6J1W1Y1,https://alphafold.ebi.ac.uk/files/AF-A0A6J1W1Y1-F1-model_v6.pdb,2026-10-08,6,59.09,2022-06-01T00:00:00Z,ok,fe998028b033ba2ce6061bd823028a05fc2d0f8d08accc7f5801e3715543c506,120041
A0A6J1W1Z0,https://alphafold.ebi.ac.uk/files/AF-A0A6J1W1Z0-F1-model_v6.pdb,2026-10-08,6,55.62,2022-06-01T00:00:00Z,ok,3c47d8384696b3441876a716ebc7bbe5476175aa67e73c28c291d11ba10c71a6,133892
A0A6J1W235,https://alphafold.ebi.ac.uk/files/AF-A0A6J1W235-F1-model_v6.pdb,2026-10-08,6,89.75,2022-06-01T00:00:00Z,ok,a30764ddd8e2e87a35c912f5211b3143789066abe34237c09f8dcb04d7c6681c,119960
A0A6J1W342,https://alphafold.ebi.ac.uk/files/AF-A0A6J1W342-F1-model_v6.pdb,2026-10-08,6,55.38,2022-06-01T00:00:00Z,ok,0d846086ba9bdf6029a561dc271b3f7af3ac8165a8f3fa600a32f27fc07ae09f,61073
A0A6J1W360,https://alphafold.ebi.ac.uk/files/AF-A0A6J1W360-F1-model_v6.pdb,2026-10-08,6,80.75,2022-06-01T00:00:00Z,ok,8972b38fd8c5aceddd87e07ac0d2cb32a8cae99c142b3f2e9d41872e0df135f4,296702
A0A6J1W407,https://alphafold.ebi.ac.uk/files/AF-A0A6J1W407-F1-model_v6.pdb,2026-10-08,6,84.06,2022-06-01T00:00:00Z,ok,c85e582ed1d406fd8b341bd5ee44cef51f6a8743ae263760f9f9660ed2d681db,328292
A0A6J1W4D3,https://alphafold.ebi.ac.uk/files/AF-A0A6J1W4D3-F1-model_v6.pdb,2026-10-08,6,92.69,2022-06-01T00:00:00Z,ok,d14a5b2de34f2cad985298b51677deb7355a5c4fe7200826273d0fcbdcb0f707,108215
A0A6J1W4G5,https://alphafold.ebi.ac.uk/files/AF-A0A6J1W4G5-F1-model_v6.pdb,2026-10-08,6,91.19,2022-06-01T00:00:00Z,ok,1984f7ec0f152015dc5de7b7e41c3e705dd714b9a4dd7944d5980eb88acdd299,106919
A0A6J1W538,https://alphafold.ebi.ac.uk/files/AF-A0A6J1W538-F1-model_v6.pdb,2026-10-08,6,88.5,2022-06-01T00:00:00Z,ok,b5de67bd7c4d6fffd8ed6575738752969e4bf4648df4cec1447aadc0049a2312,281636
A0A6J1W554,https://alphafold.ebi.ac.uk/files/AF-A0A6J1W554-F1-model_v6.pdb,2026-10-08,6,88.19,2022-06-01T00:00:00Z,ok,b032620d3888bc412a9c17c181df554c2fb68493b6a8d714768349ef1098fd7b,281312
A0A6J1W5S3,https://alphafold.ebi.ac.uk/files/AF-A0A6J1W5S3-F1-model_v6.pdb,2026-10-08,6,90.88,2022-06-01T00:00:00Z,ok,5a1f950ed94e1ddc5f9a7afe51ca6703be660c71e4a7d9ba6f1c012ad7857c4d,154709
A0A6J1W5V6,https://alphafold.ebi.ac.uk/files/AF-A0A6J1W5V6-F1-model_v6.pdb,2026-10-08,6,96.31,2022-06-01T00:00:00Z,ok,6d58d70a31a2138837fb9c3f859afefb81e8499e7de2288a7b6c9fa1a3a47098,117935
A0A6J1W5X0,https://alphafold.ebi.ac.uk/files/AF-A0A6J1W5X0-F1-model_v6.pdb,2026-10-08,6,90.44,2022-06-01T00:00:00Z,ok,6b7914a012e9690432fcd056b3f9de2d97a498b8a6b807f237bce49a22cf45ec,112184
A0A6J1W5Z9,https://alphafold.ebi.ac.uk/files/AF-A0A6J1W5Z9-F1-model_v6.pdb,2026-10-08,6,87.06,2022-06-01T00:00:00Z,ok,aa4ca0bc2aaa15b930d62034d00fe4e3a4a937551a6ee0ae8287ba30e0f8b06a,179657
A0A6J1W634,https://alphafold.ebi.ac.uk/files/AF-A0A6J1W634-F1-model_v6.pdb,2026-10-08,6,89.88,2022-06-01T00:00:00Z,ok,297895e89bac0875c90be247fe469e3b95524adf6af7354f8e4c673e0a4bb97a,80108
A0A6J1W7P7,https://alphafold.ebi.ac.uk/files/AF-A0A6J1W7P7-F1-model_v6.pdb,2026-10-08,6,55.62,2022-06-01T00:00:00Z,ok,b0221eb7017fb89529f3c8fa54e92a9de012faa0482064584759fdc9cdc3d1b2,80675
A0A6J1W7W6,https://alphafold.ebi.ac.uk/files/AF-A0A6J1W7W6-F1-model_v6.pdb,2026-10-08,6,86.5,2022-06-01T00:00:00Z,ok,97657a573bf36b440e8828a28af0c5a111f675a90c2947cc1e26f84967ddc84d,256364
A0A6J1W854,https://alphafold.ebi.ac.uk/files/AF-A0A6J1W854-F1-model_v6.pdb,2026-10-08,6,95.06,2022-06-01T00:00:00Z,ok,f8bf9fdf12739f8ec8ba19f95ee011c9bc307742504fdbae89cf61e4cfd0f705,129194
A0A6J1W8T1,https://alphafold.ebi.ac.uk/files/AF-A0A6J1W8T1-F1-model_v6.pdb,2026-10-08,6,80.44,2022-06-01T00:00:00Z,ok,ecafd571b0f961fa50dfa7a795101089ae75e8dddd83729394e5ed167324ce1b,387017
A0A6J1W9J2,https://alphafold.ebi.ac.uk/files/AF-A0A6J1W9J2-F1-model_v6.pdb,2026-10-08,6,52.88,2022-06-01T00:00:00Z,ok,ffb835de42429a12c57fd3478106c22756c5b3812c3a50d8f4c0dfd6a3b2bd09,61721
A0A6J1W9L1,https://alphafold.ebi.ac.uk/files/AF-A0A6J1W9L1-F1-model_v6.pdb,2026-10-08,6,80.44,2022-06-01T00:00:00Z,ok,5851e51706a135846a1bcd73e11ec6653df624d9b74fd52e622ac5de7c14527c,130652
A0A6J1WAM2,https://alphafold.ebi.ac.uk/files/AF-A0A6J1WAM2-F1-model_v6.pdb,2026-10-08,6,86.38,2022-06-01T00:00:00Z,ok,752ff233ef1e8247b7abe52bfefbda776100b25ae07e0dd81676334eaa5c4c39,114452
A0A6J1WAS1,https://alphafold.ebi.ac.uk/files/AF-A0A6J1WAS1-F1-model_v6.pdb,2026-10-08,6,94.69,2022-06-01T00:00:00Z,ok,e9d3813d79dfb0098e068cebd72030de0ab107c92d7475fb237c760fd49b12f1,121985
A0A6J1WC72,https://alphafold.ebi.ac.uk/files/AF-A0A6J1WC72-F1-model_v6.pdb,2026-10-08,6,92.62,2022-06-01T00:00:00Z,ok,859c08c59e313be3e148a4df7dd97e5448cd0a3dc1f63d0f5316b9de4e2e2724,117368
A0A6J1WCF0,https://alphafold.ebi.ac.uk/files/AF-A0A6J1WCF0-F1-model_v6.pdb,2026-10-08,6,91.31,2022-06-01T00:00:00Z,ok,7dd0252d6afa17fd91f9b918c153028feb08f91974ef6dc8f94378cfa5edcaf1,113804
A0A7R7T1Q6,https://alphafold.ebi.ac.uk/files/AF-A0A7R7T1Q6-F1-model_v6.pdb,2026-10-08,6,78.62,2022-06-01T00:00:00Z,ok,5c1e4b9fc3c184c2e00ce5474624bce5257961b1fc3631320340e22e358e85f9,76949
A0A7T7DMY7,https://alphafold.ebi.ac.uk/files/AF-A0A7T7DMY7-F1-model_v6.pdb,2026-10-08,6,91.94,2025-08-01T00:00:00Z,ok,f1f4c9e2d8487ad4e4ed1f281a2a356d41c3a8a6a5e6c80d339d43c67968d939,55079
A0A898IKE8,https://alphafold.ebi.ac.uk/files/AF-A0A898IKE8-F1-model_v6.pdb,2026-10-08,6,88.31,2022-06-01T00:00:00Z,ok,977bb1d8d0ca7daee96ee8a4973aadf14b089d597d14f836a40fdd2bae66d76c,55970
A0A898IKL9,https://alphafold.ebi.ac.uk/files/AF-A0A898IKL9-F1-model_v6.pdb,2026-10-08,6,66.31,2022-06-01T00:00:00Z,ok,92935f307acc0a0a173c6438406489efa100c163d75a2d98d90f5b472dc30184,159083
A0A898IKT8,https://alphafold.ebi.ac.uk/files/AF-A0A898IKT8-F1-model_v6.pdb,2026-10-08,6,81.56,2022-06-01T00:00:00Z,ok,d6e52e034c30ee5eb0c934c3c3eaae6b111fe0588fa1aea777f8664f8ecd3174,393011
A0A898ILA7,https://alphafold.ebi.ac.uk/files/AF-A0A898ILA7-F1-model_v6.pdb,2026-10-08,6,66.94,2022-06-01T00:00:00Z,ok,4e71853087d09fa51d92f20b47fe051a22b3c94066531a4cb4d47bcc2386beef,158597
A0A898ILB7,https://alphafold.ebi.ac.uk/files/AF-A0A898ILB7-F1-model_v6.pdb,2026-10-08,6,87.94,2022-06-01T00:00:00Z,ok,b5e5bc2bb8dde81885fec008792bbdd2015841994254a14141ff8dd981848e90,56294
A0A898ILE9,https://alphafold.ebi.ac.uk/files/AF-A0A898ILE9-F1-model_v6.pdb,2026-10-08,6,81.06,2022-06-01T00:00:00Z,ok,1ccaec32630b03143ba8aa0b5e2f4bc263fa86bc26904eaa9f926f8a214f73ff,397871
A0A898ILG0,https://alphafold.ebi.ac.uk/files/AF-A0A898ILG0-F1-model_v6.pdb,2026-10-08,6,65.88,2022-06-01T00:00:00Z,ok,2d5d91e19514fc33cec1ba20e75e167a4c5477604d374a27207ef7f2d8b75cb3,158354
A0A898ILL7,https://alphafold.ebi.ac.uk/files/AF-A0A898ILL7-F1-model_v6.pdb,2026-10-08,6,81.06,2022-06-01T00:00:00Z,ok,e93f9474b33fd079b6c8be0b7a6536ff32383b4b80f014f3f7cb38a312a5adf9,393578
A0A898ILW0,https://alphafold.ebi.ac.uk/files/AF-A0A898ILW0-F1-model_v6.pdb,2026-10-08,6,88.5,2022-06-01T00:00:00Z,ok,22eb7561bfbe80e882f2bdab35d0195a6a371055567270afccafa42f117d7d08,166454
A0A898INB6,https://alphafold.ebi.ac.uk/files/AF-A0A898INB6-F1-model_v6.pdb,2026-10-08,6,87.19,2022-06-01T00:00:00Z,ok,a275c5830bfc4b62f2bf6b78f9a0e8a33bf6dbc857a1aba592986f6f0d8e1150,56051
A0A898INC7,https://alphafold.ebi.ac.uk/files/AF-A0A898INC7-F1-model_v6.pdb,2026-10-08,6,91.94,2022-06-01T00:00:00Z,ok,fe1236f3838089594a8d02c0e56567db795e7a9a4c3e412e7147179c7e5a5b1c,561896
A0A898INF1,https://alphafold.ebi.ac.uk/files/AF-A0A898INF1-F1-model_v6.pdb,2026-10-08,6,67.88,2022-06-01T00:00:00Z,ok,728f27638a6705bc34d8fb512d8dcb843ba2c5507d38f2e0080b53d24050b498,149687
A0A898ING0,https://alphafold.ebi.ac.uk/files/AF-A0A898ING0-F1-model_v6.pdb,2026-10-08,6,55.91,2022-06-01T00:00:00Z,ok,9491a562fc72d76f72c6e1204c24665e7dd1d3bd168c94452c93d76b6ad62089,95660
A0A898INH6,https://alphafold.ebi.ac.uk/files/AF-A0A898INH6-F1-model_v6.pdb,2026-10-08,6,81.62,2022-06-01T00:00:00Z,ok,3ac130b4f966d82da9ddd0e0a1fcec800f2a79b21fa60e2634e79331c0e51268,396089
A0A898INI2,https://alphafold.ebi.ac.uk/files/AF-A0A898INI2-F1-model_v6.pdb,2026-10-08,6,79.88,2022-06-01T00:00:00Z,ok,2846fc6a9708aa282fe9c9faa0936008798c4278e7ce22b7a288895cefeaa9bb,143612
A0A898INP5,https://alphafold.ebi.ac.uk/files/AF-A0A898INP5-F1-model_v6.pdb,2026-10-08,6,85.25,2022-06-01T00:00:00Z,ok,daf54600c80de78abf10dc34f7e72a8abe4c71b170d4fd9d20d6fa211913b0dd,57590
A0A898IPM7,https://alphafold.ebi.ac.uk/files/AF-A0A898IPM7-F1-model_v6.pdb,2026-10-08,6,85.44,2022-06-01T00:00:00Z,ok,5ed0e41d8ad7c28fa5d91da1dcc58be9755ab5c31a765052acdec12580636d15,55970
A0A898IPP5,https://alphafold.ebi.ac.uk/files/AF-A0A898IPP5-F1-model_v6.pdb,2026-10-08,6,85.56,2022-06-01T00:00:00Z,ok,a6e563eda57d88b185ebf2211754a7c12db87048b28a9b04939df717d9e4e4e5,56618
A0A8C6V2H9,https://alphafold.ebi.ac.uk/files/AF-A0A8C6V2H9-F1-model_v6.pdb,2026-10-08,6,86.69,2025-03-31T00:00:00Z,ok,70da00e3ef9f622ad87ce9210196ac4f9262173835de2bdcf3ac8ee5fec06928,598832
A0A8C6V4P8,https://alphafold.ebi.ac.uk/files/AF-A0A8C6V4P8-F1-model_v6.pdb,2026-10-08,6,75.06,2025-03-31T00:00:00Z,ok,86f929b8cdc86f60aae5879c96828c6896b9b9c1216df6de896ace51d037a381,295163
A0A8C6V5L6,https://alphafold.ebi.ac.uk/files/AF-A0A8C6V5L6-F1-model_v6.pdb,2026-10-08,6,82.56,2025-03-31T00:00:00Z,ok,7b11108dadfda638a73f35d23924503559765ed89357abde112b25c54678397c,333476
A0A8C6V6H8,https://alphafold.ebi.ac.uk/files/AF-A0A8C6V6H8-F1-model_v6.pdb,2026-10-08,6,75.62,2025-03-31T00:00:00Z,ok,384ec5ee5fefbc6d6eb0002c705cda2c6cfe235fdb031bd99175c357e5cc9d82,261062
A0A8C6V6K6,https://alphafold.ebi.ac.uk/files/AF-A0A8C6V6K6-F1-model_v6.pdb,2026-10-08,6,85.38,2025-03-31T00:00:00Z,ok,fd3361d95adf182b66719f4184c9f06b3eb2af12959eaad3217ec1208cf19871,307637
A0A8C6V7E0,https://alphafold.ebi.ac.uk/files/AF-A0A8C6V7E0-F1-model_v6.pdb,2026-10-08,6,65.88,2025-03-31T00:00:00Z,ok,a93110ccd8d380f0f33124269a4818bbc8a35c41e9cb99aeac3d01d42db4965e,292733
A0A8C6V7I6,https://alphafold.ebi.ac.uk/files/AF-A0A8C6V7I6-F1-model_v6.pdb,2026-10-08,6,90.38,2025-03-31T00:00:00Z,ok,645808fbffa6b726213a8053ce363af2f42e82b67d90d7d2f8ef2d960f620825,122957
A0A8C6V7J9,https://alphafold.ebi.ac.uk/files/AF-A0A8C6V7J9-F1-model_v6.pdb,2026-10-08,6,76.44,2025-03-31T00:00:00Z,ok,08604825636d267fa13c1bc2867e9e5483cf9fc9a67b92688c8ce800c956767b,225584
A0A8C6V7L7,https://alphafold.ebi.ac.uk/files/AF-A0A8C6V7L7-F1-model_v6.pdb,2026-10-08,6,91.12,2025-03-31T00:00:00Z,ok,830f6d546b1327cd2352b8d57e2d85b7c27ea1457f57aa174829c136eaa81b87,583847
A0A8C6V7S8,https://alphafold.ebi.ac.uk/files/AF-A0A8C6V7S8-F1-model_v6.pdb,2026-10-08,6,80.5,2025-03-31T00:00:00Z,ok,2b781db99bbe5efda6ad0e0bea0f2ec721428ece43600990a5e64d5ec6d3a728,305450
A0A8C6V7Z3,https://alphafold.ebi.ac.uk/files/AF-A0A8C6V7Z3-F1-model_v6.pdb,2026-10-08,6,84.5,2025-03-31T00:00:00Z,ok,1fec3ddfa9ad9403cdab4dd2f5e8d743b2d0a3ed2bf4719f092155f82b9b2071,332261
A0A8C6V804,https://alphafold.ebi.ac.uk/files/AF-A0A8C6V804-F1-model_v6.pdb,2026-10-08,6,83.94,2025-03-31T00:00:00Z,ok,27d3ffe097442acf172d50a30fe117d860e3f13f8b0fd91ccff7d9f730df61e2,331127
A0A8C6V814,https://alphafold.ebi.ac.uk/files/AF-A0A8C6V814-F1-model_v6.pdb,2026-10-08,6,79.0,2025-03-31T00:00:00Z,ok,618cdfbfe0f753cfcad4f2f7c0e4d82d74429d726c2f43ad96bd4196c630d086,211895
A0A8C6V835,https://alphafold.ebi.ac.uk/files/AF-A0A8C6V835-F1-model_v6.pdb,2026-10-08,6,78.38,2025-03-31T00:00:00Z,ok,19a8e59cf32579e724b102e5c22938e60f6e1dc20ee5fa4a61857f113cf705e1,253205
A0A8C6V890,https://alphafold.ebi.ac.uk/files/AF-A0A8C6V890-F1-model_v6.pdb,2026-10-08,6,82.31,2025-03-31T00:00:00Z,ok,28b4a4f1aa3e01d7ad36ed2e243d16f0ca55da6d49cd87a69ed90e7a1077b808,335420
A0A8C6V8E0,https://alphafold.ebi.ac.uk/files/AF-A0A8C6V8E0-F1-model_v6.pdb,2026-10-08,6,92.5,2025-03-31T00:00:00Z,ok,8199a033df03365bcee386d599069b04df36e1111fd8652ea4308ca2983e4911,296135
A0A8C6V8G5,https://alphafold.ebi.ac.uk/files/AF-A0A8C6V8G5-F1-model_v6.pdb,2026-10-08,6,85.19,2025-03-31T00:00:00Z,ok,c5bac0e6a003b4deecda367a3ad14d1504a69c24ebf3fa403782b0a6a1e0d7d3,174797
A0A8C6V8Q9,https://alphafold.ebi.ac.uk/files/AF-A0A8C6V8Q9-F1-model_v6.pdb,2026-10-08,6,84.25,2025-03-31T00:00:00Z,ok,9d4a0fec707e78150549d7707287f58858eb3dd1e2a876af5efa612b4faaacd3,352106
A0A8C6V8W4,https://alphafold.ebi.ac.uk/files/AF-A0A8C6V8W4-F1-model_v6.pdb,2026-10-08,6,79.69,2025-03-31T00:00:00Z,ok,23e065ff00f8c3813eae76ae561f8a066f4af77bd320697533c2900d68f85eb5,271511
A0A8C6V912,https://alphafold.ebi.ac.uk/files/AF-A0A8C6V912-F1-model_v6.pdb,2026-10-08,6,81.75,2025-03-31T00:00:00Z,ok,8f10bfd664175c4343a5ae895a5305dfafea2b7491a305fce0723a5a123b8d54,315008
A0A8C6V943,https://alphafold.ebi.ac.uk/files/AF-A0A8C6V943-F1-model_v6.pdb,2026-10-08,6,61.25,2025-03-31T00:00:00Z,ok,40657061c31749f2e4d04747a10aa8783f6b5610f5ce7475b1ba4d56d099b288,144260
A0A8C6V945,https://alphafold.ebi.ac.uk/files/AF-A0A8C6V945-F1-model_v6.pdb,2026-10-08,6,89.12,2025-03-31T00:00:00Z,ok,7ae9cdc09b7ec0c9d11281168e6f19c86a361e9e152e261c0b89a7fea863956c,330155
A0A8C6V9B0,https://alphafold.ebi.ac.uk/files/AF-A0A8C6V9B0-F1-model_v6.pdb,2026-10-08,6,77.5,2025-03-31T00:00:00Z,ok,e4b84c14ebe3e78b640a441520ad34179105da125a2756103570c827e021d11b,210518
A0A8C6V9N4,https://alphafold.ebi.ac.uk/files/AF-A0A8C6V9N4-F1-model_v6.pdb,2026-10-08,6,93.06,2025-03-31T00:00:00Z,ok,bc48ab3ecae0484b5d37094a11d0f0ab93fb6e27544097cd404a8207fa2cbb36,343358
A0A8C6VA93,https://alphafold.ebi.ac.uk/files/AF-A0A8C6VA93-F1-model_v6.pdb,2026-10-08,6,87.19,2025-03-31T00:00:00Z,ok,997def2b9105d7ff91e08b2fa49279c0eab88ab9f5f76f17a44166b68581d5dd,294920
A0A8C6VAS7,https://alphafold.ebi.ac.uk/files/AF-A0A8C6VAS7-F1-model_v6.pdb,2026-10-08,6,72.06,2025-03-31T00:00:00Z,ok,04c97df61076c2a67a688b480a5ec533bf2f73386041a7d52fa4b9e032592268,237005
A0A8C6VBS6,https://alphafold.ebi.ac.uk/files/AF-A0A8C6VBS6-F1-model_v6.pdb,2026-10-08,6,93.81,2025-03-31T00:00:00Z,ok,4125b8f490680f0a1f07a8c7fbdf3751c4317e14311c4ebf5bc74ca228d6af70,300590
A0A8C6VC02,https://alphafold.ebi.ac.uk/files/AF-A0A8C6VC02-F1-model_v6.pdb,2026-10-08,6,87.06,2025-03-31T00:00:00Z,ok,390392d66e8c89126c5ae265fae70dd1a7416c3bcc72aa0ad2c0ad2e6b31373b,297674
A0A8C6VC33,https://alphafold.ebi.ac.uk/files/AF-A0A8C6VC33-F1-model_v6.pdb,2026-10-08,6,83.5,2025-03-31T00:00:00Z,ok,574b1ced15588c99f33a0d2712ba369383a71a7adfa6857e654d53e69a28ce38,134702
A0A8C6VC53,https://alphafold.ebi.ac.uk/files/AF-A0A8C6VC53-F1-model_v6.pdb,2026-10-08,6,82.44,2025-03-31T00:00:00Z,ok,895268415f2105641de9a939f0d30fd4681c210a0ef86a2a4473a9538e315a28,245429
A0A8C6VCC5,https://alphafold.ebi.ac.uk/files/AF-A0A8C6VCC5-F1-model_v6.pdb,2026-10-08,6,75.75,2025-03-31T00:00:00Z,ok,5ff7961d112dcefa4ea2618161354547e2bf9b707f61339e938aade2244a3156,183221
A0A8C6VCJ3,https://alphafold.ebi.ac.uk/files/AF-A0A8C6VCJ3-F1-model_v6.pdb,2026-10-08,6,81.88,2025-03-31T00:00:00Z,ok,997073114c09a0f83f8eb33bf025f0632b52dfc36951894d6b51a095746f0c4d,206630
A0A8C6VCK0,https://alphafold.ebi.ac.uk/files/AF-A0A8C6VCK0-F1-model_v6.pdb,2026-10-08,6,79.81,2025-03-31T00:00:00Z,ok,678f8ef53844cf2d898cc2e215c9aa308318620819e1820c63f1c9abb37d3f4a,211085
A0A8C6VCL4,https://alphafold.ebi.ac.uk/files/AF-A0A8C6VCL4-F1-model_v6.pdb,2026-10-08,6,93.94,2025-03-31T00:00:00Z,ok,fd29eb379736aa91d7742f7807d69de507fa31e8144e7b6ea6702d647632c223,111212
A0A8C6VCQ2,https://alphafold.ebi.ac.uk/files/AF-A0A8C6VCQ2-F1-model_v6.pdb,2026-10-08,6,75.0,2025-03-31T00:00:00Z,ok,82ec1ea62952047f9bd1ef6835c6622abf0a98eb2bd6de6c079c544561f280f0,210599
A0A8C6VD35,https://alphafold.ebi.ac.uk/files/AF-A0A8C6VD35-F1-model_v6.pdb,2026-10-08,6,77.12,2025-03-31T00:00:00Z,ok,d6546e86a88eee9fd50420603a4f4fc83904c0e9b355bfb65b6b6cd31d088a7c,201203
A0A8C6VD58,https://alphafold.ebi.ac.uk/files/AF-A0A8C6VD58-F1-model_v6.pdb,2026-10-08,6,82.5,2025-03-31T00:00:00Z,ok,ce490fe8df1d5372665238ad6f2c810d30251af293c55b894e93c2a6dc1712de,354212
A0A8C6VDB1,https://alphafold.ebi.ac.uk/files/AF-A0A8C6VDB1-F1-model_v6.pdb,2026-10-08,6,94.31,2025-03-31T00:00:00Z,ok,2875ae7562ef9d2e5b5e9b5a3de63a862aa4ac2565d2bd5904765bf885324a0d,295649
A0A8C6VDT1,https://alphafold.ebi.ac.uk/files/AF-A0A8C6VDT1-F1-model_v6.pdb,2026-10-08,6,65.5,2025-03-31T00:00:00Z,ok,7ff83c07408260406fe138da5a1fd4acd95e1e07ace9c73a42b3baaf6dd41ca5,292085
A0A8C6VDU4,https://alphafold.ebi.ac.uk/files/AF-A0A8C6VDU4-F1-model_v6.pdb,2026-10-08,6,81.12,2025-03-31T00:00:00Z,ok,42c9886815a040b0beb7883cfed61583a0368bf1d9934b7970896c12c0a975c6,171314
A0A8C6VDW6,https://alphafold.ebi.ac.uk/files/AF-A0A8C6VDW6-F1-model_v6.pdb,2026-10-08,6,64.5,2025-03-31T00:00:00Z,ok,95fc05f682497fd20d7c43b0f244a10085399ffc30fc05f23cd079fd30efcda3,312983
A0A8C6VE02,https://alphafold.ebi.ac.uk/files/AF-A0A8C6VE02-F1-model_v6.pdb,2026-10-08,6,71.44,2025-03-31T00:00:00Z,ok,841d38da986aa76d720a868edc050b14ccbf5fa04fcf4820b493b055229cc576,301643
A0A8C6VE18,https://alphafold.ebi.ac.uk/files/AF-A0A8C6VE18-F1-model_v6.pdb,2026-10-08,6,84.12,2025-03-31T00:00:00Z,ok,0a783a6b797e8e59ce8377798839acb343b739f07f8fe6c90f083eaaec2c5ef5,311039
A0A8C6VEG5,https://alphafold.ebi.ac.uk/files/AF-A0A8C6VEG5-F1-model_v6.pdb,2026-10-08,6,83.25,2025-03-31T00:00:00Z,ok,369b769e35bf88ac8db559cb0f83452247c18370c9bb50db3df7fcd5626bbcc0,365471
A0A8C6VEH5,https://alphafold.ebi.ac.uk/files/AF-A0A8C6VEH5-F1-model_v6.pdb,2026-10-08,6,74.06,2025-03-31T00:00:00Z,ok,114b4dc81551d9fa6cf73752cdd664c62bec516c11348393c75a30daa783b55d,289331
A0A8C6VEI9,https://alphafold.ebi.ac.uk/files/AF-A0A8C6VEI9-F1-model_v6.pdb,2026-10-08,6,81.38,2025-03-31T00:00:00Z,ok,007dddb1881a0bb62d144b8f378a16533133977ed5a4bf3d4eb8fd3bf8a37014,315899
A0A8C6VEL6,https://alphafold.ebi.ac.uk/files/AF-A0A8C6VEL6-F1-model_v6.pdb,2026-10-08,6,71.12,2025-03-31T00:00:00Z,ok,62828ed2f940f025787c49f8662aa44253a12b054ce0acd654bb01ea07fea543,221615
A0A8C6VF25,https://alphafold.ebi.ac.uk/files/AF-A0A8C6VF25-F1-model_v6.pdb,2026-10-08,6,78.56,2025-03-31T00:00:00Z,ok,674b6c81ff2d57a384052873a46846fd4a03920932a602e130ccc8b4e245ccdd,133163
A0A8C6VFA9,https://alphafold.ebi.ac.uk/files/AF-A0A8C6VFA9-F1-model_v6.pdb,2026-10-08,6,79.5,2025-03-31T00:00:00Z,ok,53e52b20f4ac58ddaab919f3337956be5c7b33ecca7f3470b12680db66d34a1f,211328
A0A8C6VFD8,https://alphafold.ebi.ac.uk/files/AF-A0A8C6VFD8-F1-model_v6.pdb,2026-10-08,6,74.25,2025-03-31T00:00:00Z,ok,89a6bd0cdfde7514f4de5ebf20e1b1acb945047dda897534ac57be2533816fd2,263411
A0A8C6VFE7,https://alphafold.ebi.ac.uk/files/AF-A0A8C6VFE7-F1-model_v6.pdb,2026-10-08,6,84.25,2025-03-31T00:00:00Z,ok,ea4f7253b0ffea8728d411af906acd0ea66a3a361d74aeea2e246fb6b9ce8774,295001
A0A8C6VFV7,https://alphafold.ebi.ac.uk/files/AF-A0A8C6VFV7-F1-model_v6.pdb,2026-10-08,6,75.56,2025-03-31T00:00:00Z,ok,5ac410cd413b5c6264142d0b2c10c340603f8fecec15335d967673200ca538c2,441692
A0A8C6VG19,https://alphafold.ebi.ac.uk/files/AF-A0A8C6VG19-F1-model_v6.pdb,2026-10-08,6,59.75,2025-03-31T00:00:00Z,ok,c645c8a6e040d06a8f7e14972fecd925a406b291c996748f55b803ab4587c4bd,271349
A0A8C6VGD7,https://alphafold.ebi.ac.uk/files/AF-A0A8C6VGD7-F1-model_v6.pdb,2026-10-08,6,80.88,2025-03-31T00:00:00Z,ok,d47296fdc31311ebab4940aaa85f8cef2d66776b4ee1ed40e314dc46feff5e72,167831
A0A8C6VGF2,https://alphafold.ebi.ac.uk/files/AF-A0A8C6VGF2-F1-model_v6.pdb,2026-10-08,6,79.19,2025-03-31T00:00:00Z,ok,c0b858136fe86652f3ad0d5d7a9c548bec39ecd3fbcbff1863350d400057aa4e,335501
A0A8C6VGY2,https://alphafold.ebi.ac.uk/files/AF-A0A8C6VGY2-F1-model_v6.pdb,2026-10-08,6,79.25,2025-03-31T00:00:00Z,ok,ec8b0ee2b4f57f53d7391df14b49ffbc0fb363f41cb1811082608e274eea50b2,213596
A0A8C6VHV0,https://alphafold.ebi.ac.uk/files/AF-A0A8C6VHV0-F1-model_v6.pdb,2026-10-08,6,60.56,2025-03-31T00:00:00Z,ok,183cd99a1f0c77b831cb231a5119acacf7c7f21e69b118e17fac2e8c87eb88d7,254825
A0A8C6VHW3,https://alphafold.ebi.ac.uk/files/AF-A0A8C6VHW3-F1-model_v6.pdb,2026-10-08,6,82.88,2025-03-31T00:00:00Z,ok,880c13e3e2f471c586d94dfb2cef3bd94752d2b529543281da0438bbd2f1be74,346193
A0A8C6VHX8,https://alphafold.ebi.ac.uk/files/AF-A0A8C6VHX8-F1-model_v6.pdb,2026-10-08,6,57.19,2025-03-31T00:00:00Z,ok,37321f3cb4ad4bad965a0747bd7ac0cb87939343b9ace5bf26e5a9814ec86983,290384
A0A8C6VK98,https://alphafold.ebi.ac.uk/files/AF-A0A8C6VK98-F1-model_v6.pdb,2026-10-08,6,68.25,2025-03-31T00:00:00Z,ok,cfdba8c65249849d13fde1ee5747f7924086d6cd84e2d0901868298f25ab280a,165644
A0A8C6VKX1,https://alphafold.ebi.ac.uk/files/AF-A0A8C6VKX1-F1-model_v6.pdb,2026-10-08,6,53.19,2025-03-31T00:00:00Z,ok,9978563d0751cf4f0e0aab28cd40577242370f81b1703a89b2b1acd509ae76ba,270701
A0A8C6VM42,https://alphafold.ebi.ac.uk/files/AF-A0A8C6VM42-F1-model_v6.pdb,2026-10-08,6,65.19,2025-03-31T00:00:00Z,ok,4d13a3877f4d1bdb87923bc05c7db1314fc48412c4f470f1bef63d805b1e77fb,289007
A0A8C6VNS5,https://alphafold.ebi.ac.uk/files/AF-A0A8C6VNS5-F1-model_v6.pdb,2026-10-08,6,70.19,2025-03-31T00:00:00Z,ok,bdeeb265695ac84895967e066f6eaff6dda0c51c4b4bc9a04adff5c96fbc9879,554282
A0A8C6VPF7,https://alphafold.ebi.ac.uk/files/AF-A0A8C6VPF7-F1-model_v6.pdb,2026-10-08,6,88.81,2025-03-31T00:00:00Z,ok,28b90e3c79256455bde2972a13349ccdbf0176b6d6a838516cb1de2b1224deca,183221
A0A8C6VRG0,https://alphafold.ebi.ac.uk/files/AF-A0A8C6VRG0-F1-model_v6.pdb,2026-10-08,6,56.62,2025-03-31T00:00:00Z,ok,5cded36edc2a4707c50896aa55c7a5a9c491126c866a9f6d67e10a2cb75aa124,282851
A0A8C6VRK7,https://alphafold.ebi.ac.uk/files/AF-A0A8C6VRK7-F1-model_v6.pdb,2026-10-08,6,94.06,2025-03-31T00:00:00Z,ok,066283ba5af958370234a06000c1deefc288764c351f1e94d9dc785b2a4bb7e6,158516
A0A8C6X0L1,https://alphafold.ebi.ac.uk/files/AF-A0A8C6X0L1-F1-model_v6.pdb,2026-10-08,6,92.31,2025-03-31T00:00:00Z,ok,10ef9d8199badf4bcc8f5a5e735c98ad6ee530de3e86fac4227c75b55ed64a7a,560924
A0A8C6X0P9,https://alphafold.ebi.ac.uk/files/AF-A0A8C6X0P9-F1-model_v6.pdb,2026-10-08,6,88.81,2025-03-31T00:00:00Z,ok,b7707415f60cb54af9ab659aa1e22cf2f7ff5ed10917db2c672685faee11fc2f,136970
A0A8C6X0T7,https://alphafold.ebi.ac.uk/files/AF-A0A8C6X0T7-F1-model_v6.pdb,2026-10-08,6,78.12,2025-03-31T00:00:00Z,ok,55b810db2d552c17529a7106893d892799e34b61825e4350949433c4bf3dc1ae,161513
A0A8C6X0Z8,https://alphafold.ebi.ac.uk/files/AF-A0A8C6X0Z8-F1-model_v6.pdb,2026-10-08,6,63.47,2025-03-31T00:00:00Z,ok,ccc7dae635b38922287249c0f026f9b1ce7265c4cd236c90274b03b9b719317a,260171
A0A8C6X199,https://alphafold.ebi.ac.uk/files/AF-A0A8C6X199-F1-model_v6.pdb,2026-10-08,6,83.62,2025-03-31T00:00:00Z,ok,54385e4193f9fb027da9e453b551ad9d8a6f63c44ce64ed351153646ed66784a,308609
A0A8C6X1H0,https://alphafold.ebi.ac.uk/files/AF-A0A8C6X1H0-F1-model_v6.pdb,2026-10-08,6,86.81,2025-03-31T00:00:00Z,ok,bd789ee8a921d34d4994ec10c7817c7e689332087d4de8ef7642ea9d349991a8,302453
A0A8C6X1H3,https://alphafold.ebi.ac.uk/files/AF-A0A8C6X1H3-F1-model_v6.pdb,2026-10-08,6,85.81,2025-03-31T00:00:00Z,ok,ed7870b8f3e8ffa1864cf6d243a7b3a9938a94a0dc68f0f4c93bbeba4335f538,325133
A0A8C6X1M1,https://alphafold.ebi.ac.uk/files/AF-A0A8C6X1M1-F1-model_v6.pdb,2026-10-08,6,78.81,2025-03-31T00:00:00Z,ok,47c0c44111b9e2fbb2f2efc4738ef66d8d437ef2e5c36dcbdad9da1e0019dbff,211976
A0A8C6X1M5,https://alphafold.ebi.ac.uk/files/AF-A0A8C6X1M5-F1-model_v6.pdb,2026-10-08,6,79.5,2025-03-31T00:00:00Z,ok,5543265ec7b3480a9e561b04c4dbba772f779c7057f9a4c0a08b4882820c678d,211166
A0A8C6X1V1,https://alphafold.ebi.ac.uk/files/AF-A0A8C6X1V1-F1-model_v6.pdb,2026-10-08,6,81.31,2025-03-31T00:00:00Z,ok,f0d738f4e3a3da2e8bceb8fcc324c9eb4f3302471fae447e0170b1eb4cfdf465,170180
A0A8C6X1Z8,https://alphafold.ebi.ac.uk/files/AF-A0A8C6X1Z8-F1-model_v6.pdb,2026-10-08,6,57.31,2025-03-31T00:00:00Z,ok,3bc784af0e09ad9920490dfa7012df3feb7888a168a8a2c253e6d20c517d8f3e,104732
A0A8C6X2I3,https://alphafold.ebi.ac.uk/files/AF-A0A8C6X2I3-F1-model_v6.pdb,2026-10-08,6,68.62,2025-03-31T00:00:00Z,ok,aebbed568c0609299f4358ea8b1aeb4e23aba1cbac53846011209ff45c5f28dd,594782
A0A8C6X2R8,https://alphafold.ebi.ac.uk/files/AF-A0A8C6X2R8-F1-model_v6.pdb,2026-10-08,6,86.12,2025-03-31T00:00:00Z,ok,52d47e17d381d1b54eb3404716564c0d38ab4b69d72ea6b14afc021b7f1619ce,200879
A0A8C6X316,https://alphafold.ebi.ac.uk/files/AF-A0A8C6X316-F1-model_v6.pdb,2026-10-08,6,65.5,2025-03-31T00:00:00Z,ok,c44435d150a9714ad3ec1fc1493c6cb81ae2b7f6664e720ce21c7db7a89c982f,344573
A0A8C6X322,https://alphafold.ebi.ac.uk/files/AF-A0A8C6X322-F1-model_v6.pdb,2026-10-08,6,81.69,2025-03-31T00:00:00Z,ok,75697dfd488b49d5a16c4339b6a94de5b725d9fd861838931774ba817819b006,382400
A0A8C6X3L6,https://alphafold.ebi.ac.uk/files/AF-A0A8C6X3L6-F1-model_v6.pdb,2026-10-08,6,67.44,2025-03-31T00:00:00Z,ok,c337248f592fe7a865bda15e1b98d91f258a80f3b76caa9cad8830d6a571a45d,164915
A0A8C6X3M4,https://alphafold.ebi.ac.uk/files/AF-A0A8C6X3M4-F1-model_v6.pdb,2026-10-08,6,71.5,2025-03-31T00:00:00Z,ok,ff315a68b4daa8b1c09d21b4652764fb8b9c0eb8c31db1a7278148217c178d07,359234
A0A8C6X4F2,https://alphafold.ebi.ac.uk/files/AF-A0A8C6X4F2-F1-model_v6.pdb,2026-10-08,6,71.44,2025-03-31T00:00:00Z,ok,ac6449202b4fe1866859c5d4cdeee0668cf2f2dae5e14a21de81d32036ca57d3,200393
A0A8C6X4G2,https://alphafold.ebi.ac.uk/files/AF-A0A8C6X4G2-F1-model_v6.pdb,2026-10-08,6,57.88,2025-03-31T00:00:00Z,ok,eacaeb9b792700bdfb19064020d1677910915496694bfc1be8c3d248771bfa1e,100034
A0A8C6X4Z0,https://alphafold.ebi.ac.uk/files/AF-A0A8C6X4Z0-F1-model_v6.pdb,2026-10-08,6,89.12,2025-03-31T00:00:00Z,ok,46dca9f25bbb562a68607b1d0e8ac1aa19e722d665bf0992661e4cc947f5ea82,125144
A0A8C6X5K5,https://alphafold.ebi.ac.uk/files/AF-A0A8C6X5K5-F1-model_v6.pdb,2026-10-08,6,83.62,2025-03-31T00:00:00Z,ok,1e2a7c2e9b75f0da9656603397348889ce82db1222ee586bc87d740266c24eac,334367
A0A8C6X5N5,https://alphafold.ebi.ac.uk/files/AF-A0A8C6X5N5-F1-model_v6.pdb,2026-10-08,6,84.81,2025-03-31T00:00:00Z,ok,84dd3dadcb34023e97eb114ae715f2368cb14b7c0f71e766bda9b325080c8e60,327644
A0A8C6X5U4,https://alphafold.ebi.ac.uk/files/AF-A0A8C6X5U4-F1-model_v6.pdb,2026-10-08,6,77.75,2025-03-31T00:00:00Z,ok,c7c1b2452ba76a78ede78cb51e38d858cb47fccc883268febde2496ef72650bb,394631
A0A8C6X628,https://alphafold.ebi.ac.uk/files/AF-A0A8C6X628-F1-model_v6.pdb,2026-10-08,6,78.12,2025-03-31T00:00:00Z,ok,23fe955a66a850b20461beb42043a2261e04a2a3a127276e9d7eb5b7c12e3fa7,383696
A0A8C6X698,https://alphafold.ebi.ac.uk/files/AF-A0A8C6X698-F1-model_v6.pdb,2026-10-08,6,77.0,2025-03-31T00:00:00Z,ok,9e7150e891bb7dd99e55bc9ecf80eef47eebab9392f081157cbfb64df8075371,386288
A0A8C6X6A0,https://alphafold.ebi.ac.uk/files/AF-A0A8C6X6A0-F1-model_v6.pdb,2026-10-08,6,76.88,2025-03-31T00:00:00Z,ok,4d6a906a517031ff85680aad82cca352afda13265b38b3325fb82d11d6369478,354050
A0A8C6X6C0,https://alphafold.ebi.ac.uk/files/AF-A0A8C6X6C0-F1-model_v6.pdb,2026-10-08,6,83.25,2025-03-31T00:00:00Z,ok,7a1b0060fc8fb34a3e284257f8c90c320803a242b6fd4b7b959f2ad905be61bf,547802
A0A8C6X6E9,https://alphafold.ebi.ac.uk/files/AF-A0A8C6X6E9-F1-model_v6.pdb,2026-10-08,6,84.56,2025-03-31T00:00:00Z,ok,aedec42fe63c045af572ed17f163d553688dfca0d9b6d916974f6d71b270b346,537272
A0A8C6X6F3,https://alphafold.ebi.ac.uk/files/AF-A0A8C6X6F3-F1-model_v6.pdb,2026-10-08,6,78.88,2025-03-31T00:00:00Z,ok,21e0714cc5913203c2666c26074409950870d4c273d2e42a768e65f5fd152dda,462266
A0A8C6X6J2,https://alphafold.ebi.ac.uk/files/AF-A0A8C6X6J2-F1-model_v6.pdb,2026-10-08,6,74.31,2025-03-31T00:00:00Z,ok,0144e575b22066b7e0cce318d21db891879871a84f5c31a59568f5ae07503dec,418526
A0A8C6X7E6,https://alphafold.ebi.ac.uk/files/AF-A0A8C6X7E6-F1-model_v6.pdb,2026-10-08,6,47.16,2025-03-31T00:00:00Z,ok,675212a3e542536e2234189bc42c091f006a11e66f558dd91ddba47068045ddd,199097
A0A8C6X7G1,https://alphafold.ebi.ac.uk/files/AF-A0A8C6X7G1-F1-model_v6.pdb,2026-10-08,6,45.0,2025-03-31T00:00:00Z,ok,6fd320f5970c3a77f274cf843e803777b14c55b319930ebea9a37163cb194906,248021
A0A8C6X7I0,https://alphafold.ebi.ac.uk/files/AF-A0A8C6X7I0-F1-model_v6.pdb,2026-10-08,6,81.5,2025-03-31T00:00:00Z,ok,67233982715716195c1a2946d49043b360206341c7e3e51b19ac56ba6a14c7bc,374948
A0A8C6X7K3,https://alphafold.ebi.ac.uk/files/AF-A0A8C6X7K3-F1-model_v6.pdb,2026-10-08,6,49.62,2025-03-31T00:00:00Z,ok,980edd88d1cf9b4634bc73fddb17b86859657187af4a2468d838874472843728,150092
A0A8C6X7N4,https://alphafold.ebi.ac.uk/files/AF-A0A8C6X7N4-F1-model_v6.pdb,2026-10-08,6,50.34,2025-03-31T00:00:00Z,ok,b8a1955fd4e60c910eb07aaaf718fda0f2161e07b4216223a5755a8e1f3ca577,145475
A0A8C6X7Y0,https://alphafold.ebi.ac.uk/files/AF-A0A8C6X7Y0-F1-model_v6.pdb,2026-10-08,6,57.62,2025-03-31T00:00:00Z,ok,3de66624d9c59203e8768433f28d80ab6dc718430c8da70c43a63d6f2c60ed7b,69659
A0A8C6X7Z5,https://alphafold.ebi.ac.uk/files/AF-A0A8C6X7Z5-F1-model_v6.pdb,2026-10-08,6,75.19,2025-03-31T00:00:00Z,ok,7c81a55175c96672ea025d1867b56b56bc1f27e7f74e480f0ca8362fd06938fc,443636
A0A8C6X800,https://alphafold.ebi.ac.uk/files/AF-A0A8C6X800-F1-model_v6.pdb,2026-10-08,6,59.25,2025-03-31T00:00:00Z,ok,619de54dd4a07a0b49418635225f06cae65201ce427e37f03f880ec6c65b1b55,72737
A0A8C6X831,https://alphafold.ebi.ac.uk/files/AF-A0A8C6X831-F1-model_v6.pdb,2026-10-08,6,79.31,2025-03-31T00:00:00Z,ok,7d014d195e285a608fb536d6e1a10c0a4d9c328ab7c5d130e87854d5027790ac,457973
A0A8C6X8C4,https://alphafold.ebi.ac.uk/files/AF-A0A8C6X8C4-F1-model_v6.pdb,2026-10-08,6,95.88,2025-03-31T00:00:00Z,ok,f926cbb77be9a085ceea7fd211fa24a9f77b01239517c80dd8534a20b134ec5a,135512
A0A8C6X8F4,https://alphafold.ebi.ac.uk/files/AF-A0A8C6X8F4-F1-model_v6.pdb,2026-10-08,6,76.31,2025-03-31T00:00:00Z,ok,a7695dd658f2530811c73ec13c72946cbe49d17ed8234edf8587d103fa7c03a2,459188
A0A8C6X8X2,https://alphafold.ebi.ac.uk/files/AF-A0A8C6X8X2-F1-model_v6.pdb,2026-10-08,6,89.19,2025-03-31T00:00:00Z,ok,013ef3b2805414894b454c2a8e124c1953ab4ee64542c45d8c0bc7668ee789e9,219590
A0A8C6X9N2,https://alphafold.ebi.ac.uk/files/AF-A0A8C6X9N2-F1-model_v6.pdb,2026-10-08,6,87.31,2025-03-31T00:00:00Z,ok,84970f47a58b0c11c9ddd83028948ea5e13460cec8068fe03235595c90c04c57,297026
A0A8C6XAT8,https://alphafold.ebi.ac.uk/files/AF-A0A8C6XAT8-F1-model_v6.pdb,2026-10-08,6,84.69,2025-03-31T00:00:00Z,ok,d9504369f449cb37e4057e0878bd1db6c9178729f67bb0b6c7f8eed0f4055eb1,199178
A0A8C6XBD0,https://alphafold.ebi.ac.uk/files/AF-A0A8C6XBD0-F1-model_v6.pdb,2026-10-08,6,74.5,2025-03-31T00:00:00Z,ok,00036e20bd39eb3803c975cce046bd688c4ed100f25e449faf65a5f0a9b4b45d,298079
A0A8C6XBK5,https://alphafold.ebi.ac.uk/files/AF-A0A8C6XBK5-F1-model_v6.pdb,2026-10-08,6,91.0,2025-03-31T00:00:00Z,ok,c6490b00cb949cbd27b8e4cdfd065615f6486a32a6a0d42e03c5d82d274dae16,142073
A0A8C6XBU7,https://alphafold.ebi.ac.uk/files/AF-A0A8C6XBU7-F1-model_v6.pdb,2026-10-08,6,78.62,2025-03-31T00:00:00Z,ok,f00fecc7b1a331925fd1007c873e12679cff24ca39239c1d55e980676aea6693,390743
A0A8C6XE63,https://alphafold.ebi.ac.uk/files/AF-A0A8C6XE63-F1-model_v6.pdb,2026-10-08,6,73.5,2025-03-31T00:00:00Z,ok,6e598a2fe9832a60cb44e3f18299a183d66a81e937188ef842913dac47381bed,218537
A0A8C6XEF9,https://alphafold.ebi.ac.uk/files/AF-A0A8C6XEF9-F1-model_v6.pdb,2026-10-08,6,83.62,2025-03-31T00:00:00Z,ok,f70a683a6354511d0b690c53c9475cbf6f9bb51218cbabd4995d718060f21a2d,436751
A0A8C6XFL0,https://alphafold.ebi.ac.uk/files/AF-A0A8C6XFL0-F1-model_v6.pdb,2026-10-08,6,72.69,2025-03-31T00:00:00Z,ok,6c952deb04102940725be1dad4f5cf4c3f25a5922d219d219bfeedddfb6723ad,361988
A0A8C6XI15,https://alphafold.ebi.ac.uk/files/AF-A0A8C6XI15-F1-model_v6.pdb,2026-10-08,6,75.31,2025-03-31T00:00:00Z,ok,547f7839f5861f003bdad912a657bf2d45cb8167cb293cdc893fffdd91722274,481382
A0A8C6XIQ9,https://alphafold.ebi.ac.uk/files/AF-A0A8C6XIQ9-F1-model_v6.pdb,2026-10-08,6,79.31,2025-03-31T00:00:00Z,ok,2732ea4debf981573a6f269108a1d87c4524f2716f4e2321e72ee82da8d248bf,396575
A0A8C6XIT1,https://alphafold.ebi.ac.uk/files/AF-A0A8C6XIT1-F1-model_v6.pdb,2026-10-08,6,79.88,2025-03-31T00:00:00Z,ok,49ebd63803182b05e38044f6780a9a621dab88db3e9a87c4cd1a814840aad3bb,397142
A0A8C6XIZ9,https://alphafold.ebi.ac.uk/files/AF-A0A8C6XIZ9-F1-model_v6.pdb,2026-10-08,6,80.31,2025-03-31T00:00:00Z,ok,8d21dd76de178816bbed18a8950d22c8d8ab86d2acddffcfe6ed33b052d471e8,396332
A0A8C6XJ65,https://alphafold.ebi.ac.uk/files/AF-A0A8C6XJ65-F1-model_v6.pdb,2026-10-08,6,80.38,2025-03-31T00:00:00Z,ok,25b36e676f0dd21e890ffea5eb6113877d3efd5b4e7ccfcd896869f0b60fdb12,237491
A0A8C6XJC3,https://alphafold.ebi.ac.uk/files/AF-A0A8C6XJC3-F1-model_v6.pdb,2026-10-08,6,77.25,2025-03-31T00:00:00Z,ok,30c1a6de8b47e08a35dcf99915bae61d96b4f2c684daecf30cd27dea94566d8b,158921
A0A8C6XJV4,https://alphafold.ebi.ac.uk/files/AF-A0A8C6XJV4-F1-model_v6.pdb,2026-10-08,6,79.94,2025-03-31T00:00:00Z,ok,9a5dca335c90ac6dbaf0f174805ee605f44dc3b19f8b8051fc74f7475cfa26e8,397223
A0A8C6XJZ1,https://alphafold.ebi.ac.uk/files/AF-A0A8C6XJZ1-F1-model_v6.pdb,2026-10-08,6,81.75,2025-03-31T00:00:00Z,ok,622f2e64758000e9950bca8eb5c27f6050c8fd8fc7c33968cb0be5ce28197fec,164672
A0A8C6XLA9,https://alphafold.ebi.ac.uk/files/AF-A0A8C6XLA9-F1-model_v6.pdb,2026-10-08,6,79.94,2025-03-31T00:00:00Z,ok,611b54ed66959b262210433f8a0441bff646a0725b0a6e3b4cbe05e0fe2ff779,397871
A0A8C6XLX6,https://alphafold.ebi.ac.uk/files/AF-A0A8C6XLX6-F1-model_v6.pdb,2026-10-08,6,79.19,2025-03-31T00:00:00Z,ok,e4af7edd0f000c22b7b956d1adb459896f0ca9584b6eff64f9a78ef96064fa63,387260
A0A8C6XMH3,https://alphafold.ebi.ac.uk/files/AF-A0A8C6XMH3-F1-model_v6.pdb,2026-10-08,6,85.44,2025-03-31T00:00:00Z,ok,93cd51220f431090c3ab6615db3dbd00eeb0a1e97005858234ce3d28fc9d5941,343439
A0A8C6XMY9,https://alphafold.ebi.ac.uk/files/AF-A0A8C6XMY9-F1-model_v6.pdb,2026-10-08,6,84.0,2025-03-31T00:00:00Z,ok,71261612530f31bd6185f4a5f5db40266c056a8ad640547bd20b6da19e9b571d,168236
A0A8C6XN15,https://alphafold.ebi.ac.uk/files/AF-A0A8C6XN15-F1-model_v6.pdb,2026-10-08,6,82.62,2025-03-31T00:00:00Z,ok,429413b4d2d2b46190ea339040b54ae4af42de10ae7dca5fe299cb2bf74ca4dc,345788
A0A8C6XPB6,https://alphafold.ebi.ac.uk/files/AF-A0A8C6XPB6-F1-model_v6.pdb,2026-10-08,6,85.5,2025-03-31T00:00:00Z,ok,9a79bdbec127d277cc743e202b005963f555763fd36087ada04010159acf8fb2,166373
A0A8C6XQE5,https://alphafold.ebi.ac.uk/files/AF-A0A8C6XQE5-F1-model_v6.pdb,2026-10-08,6,60.69,2025-03-31T00:00:00Z,ok,76aaa9e5da71cd41b0537bdea8bb4611eccc1a65dbec5735344d2e64e284ea3a,141992
A0A8C6XQK7,https://alphafold.ebi.ac.uk/files/AF-A0A8C6XQK7-F1-model_v6.pdb,2026-10-08,6,53.28,2025-03-31T00:00:00Z,ok,b247cf11776172ab44c08c299b00e0bd54fda6bf6de65b6680e80337425d07a3,81647
A0A8C6XQM7,https://alphafold.ebi.ac.uk/files/AF-A0A8C6XQM7-F1-model_v6.pdb,2026-10-08,6,62.41,2025-03-31T00:00:00Z,ok,e12cc43aa265cbac656e9032e8d70ea31b901a1ba19a1e74ce3e515431cde6a1,88775
A0A8C6XQZ1,https://alphafold.ebi.ac.uk/files/AF-A0A8C6XQZ1-F1-model_v6.pdb,2026-10-08,6,70.19,2025-03-31T00:00:00Z,ok,e14da3dae1967b6529da615d15be347c3e4993aac280480ba993c8b023a40018,163214
A0A8C6XRZ1,https://alphafold.ebi.ac.uk/files/AF-A0A8C6XRZ1-F1-model_v6.pdb,2026-10-08,6,53.28,2025-03-31T00:00:00Z,ok,32c5619def78b92db6cfeacf70e9e8cb93c23d718cf52c0791c8fb62c53beeda,201203
A0A8C6XSI3,https://alphafold.ebi.ac.uk/files/AF-A0A8C6XSI3-F1-model_v6.pdb,2026-10-08,6,80.62,2025-03-31T00:00:00Z,ok,137f75291320200ccbd16ebd54d7d3b4fbae18f228ef66489f03b26fc1440f7e,451250
A0A8C6XSS4,https://alphafold.ebi.ac.uk/files/AF-A0A8C6XSS4-F1-model_v6.pdb,2026-10-08,6,68.25,2025-03-31T00:00:00Z,ok,0cf72d872c4319cbb2643f4a0a61a46bd72e181bbcbf665c81382331bf3ce0e3,546587
A0A8C6XUZ5,https://alphafold.ebi.ac.uk/files/AF-A0A8C6XUZ5-F1-model_v6.pdb,2026-10-08,6,76.12,2025-03-31T00:00:00Z,ok,43d0a44f25adf904f1aae50e405ea5e6c80a8a11e2a1392e4a4ef5435f6f1399,409211
A0A8C6XV03,https://alphafold.ebi.ac.uk/files/AF-A0A8C6XV03-F1-model_v6.pdb,2026-10-08,6,79.69,2025-03-31T00:00:00Z,ok,5caa330de62752d7f33580c611ccd183b9125e5a992cc397304386b054ecac36,461213
A0A8C6XVA8,https://alphafold.ebi.ac.uk/files/AF-A0A8C6XVA8-F1-model_v6.pdb,2026-10-08,6,75.88,2025-03-31T00:00:00Z,ok,3042a6c9b303c3288f37a18fb4f3ed1e4f7b601b42ac03f682700762a42b9d37,129356
A0A8C6XVY9,https://alphafold.ebi.ac.uk/files/AF-A0A8C6XVY9-F1-model_v6.pdb,2026-10-08,6,79.62,2025-03-31T00:00:00Z,ok,f18828bb466896a6dae20210d842f0ac4ad265afdc9020f340159e9203f5e23e,342224
A0A8C6XW23,https://alphafold.ebi.ac.uk/files/AF-A0A8C6XW23-F1-model_v6.pdb,2026-10-08,6,90.69,2025-03-31T00:00:00Z,ok,610df3b6fc0e6cc4257fe76a4fff0856553aff3768a090e68f8380e62185001a,534923
A0A8C6XWC6,https://alphafold.ebi.ac.uk/files/AF-A0A8C6XWC6-F1-model_v6.pdb,2026-10-08,6,87.56,2025-03-31T00:00:00Z,ok,76446f84445cf723b44327a592d4fa2e23f2bcca105536d3cd2876f45cf4212d,74357
A0A8C6XWE4,https://alphafold.ebi.ac.uk/files/AF-A0A8C6XWE4-F1-model_v6.pdb,2026-10-08,6,81.06,2025-03-31T00:00:00Z,ok,1e8b3fc821fbb9e8832878887ab3e00415d3be785f7f5c0c0bde8a21418821dd,345221
A0A8C6XX99,https://alphafold.ebi.ac.uk/files/AF-A0A8C6XX99-F1-model_v6.pdb,2026-10-08,6,77.75,2025-03-31T00:00:00Z,ok,2b406f3d61a8d0e3a24b8885925f3e32c2aabc3f01ac9d02248efee9d21431cb,436103
A0A8C6XY57,https://alphafold.ebi.ac.uk/files/AF-A0A8C6XY57-F1-model_v6.pdb,2026-10-08,6,76.5,2025-03-31T00:00:00Z,ok,25f0e19fe423b23419039380dd3ac1cacf660cfda7c25a41c46b65529d4882a2,420227
A0A8C6Y1P2,https://alphafold.ebi.ac.uk/files/AF-A0A8C6Y1P2-F1-model_v6.pdb,2026-10-08,6,84.25,2025-03-31T00:00:00Z,ok,1e9bcb2731b6895ffddfcb6939e95e9fedcd16fc07770ec489cf9e801a058b27,304397
A0A8C6Y285,https://alphafold.ebi.ac.uk/files/AF-A0A8C6Y285-F1-model_v6.pdb,2026-10-08,6,89.12,2025-03-31T00:00:00Z,ok,c4ec214607cb73a3e157ea61e0859f3fbb199ed6a4db57ef49b735adc3ee1196,165158
A0A8C6Y2F1,https://alphafold.ebi.ac.uk/files/AF-A0A8C6Y2F1-F1-model_v6.pdb,2026-10-08,6,83.44,2025-03-31T00:00:00Z,ok,4b1c5afe1f3474abcca3d1b244435f6992a3c9c244248ff18d1eeeb7795d646e,227042
A0A8C6Y2J5,https://alphafold.ebi.ac.uk/files/AF-A0A8C6Y2J5-F1-model_v6.pdb,2026-10-08,6,84.44,2025-03-31T00:00:00Z,ok,fea5f96d05179c907d9a297dfb6138c1fc82f96af4ffc46a475823e6904f1ff9,178037
A0A8C6Y2W0,https://alphafold.ebi.ac.uk/files/AF-A0A8C6Y2W0-F1-model_v6.pdb,2026-10-08,6,86.0,2025-03-31T00:00:00Z,ok,c4b18f93fb246e622fba2c5764579dd1c2f96862571b76bfb94d144586ce6384,86993
A0A8C6Y2X0,https://alphafold.ebi.ac.uk/files/AF-A0A8C6Y2X0-F1-model_v6.pdb,2026-10-08,6,85.75,2025-03-31T00:00:00Z,ok,78e784b7aa2f6c76c5e06b6b31a117a557bf255b353eb0d47c4068b9624f0ae0,85049
A0A8C6Y4C1,https://alphafold.ebi.ac.uk/files/AF-A0A8C6Y4C1-F1-model_v6.pdb,2026-10-08,6,87.5,2025-03-31T00:00:00Z,ok,31ca7f8bc869fb136b8170e56aa98ccb3ac40b5654fa4a5494e8eb830071b861,318572
A0A8C6Y542,https://alphafold.ebi.ac.uk/files/AF-A0A8C6Y542-F1-model_v6.pdb,2026-10-08,6,77.94,2025-03-31T00:00:00Z,ok,d215846db44a10432c3da33aba7e5186b13da1ee4553800d0846ad1f3d26ecb0,71279
A0A8C6Y5N2,https://alphafold.ebi.ac.uk/files/AF-A0A8C6Y5N2-F1-model_v6.pdb,2026-10-08,6,75.56,2025-03-31T00:00:00Z,ok,cf394c76ede088d6a782c836e6f9a6c58f4fa729a2be8ce380b88ccc3424a0bf,489320
A0A8C6Y651,https://alphafold.ebi.ac.uk/files/AF-A0A8C6Y651-F1-model_v6.pdb,2026-10-08,6,91.62,2025-03-31T00:00:00Z,ok,d87144e6496ea4f2891dfecebc4c0ebc97390efcb35e66467b8d36ce0fb41acc,126278
A0A8C6Y6B8,https://alphafold.ebi.ac.uk/files/AF-A0A8C6Y6B8-F1-model_v6.pdb,2026-10-08,6,80.62,2025-03-31T00:00:00Z,ok,ab090889fb12fee1a70f772ecf0bb10655ba754a6f19ef3b3d0e051a52846771,147257
A0A8C6Y6N2,https://alphafold.ebi.ac.uk/files/AF-A0A8C6Y6N2-F1-model_v6.pdb,2026-10-08,6,71.06,2025-03-31T00:00:00Z,ok,d3606584e41aae8f9c63451ede1e912a84152e231a1e63631acd996c871c2f32,106271
A0A8C6Y6U5,https://alphafold.ebi.ac.uk/files/AF-A0A8C6Y6U5-F1-model_v6.pdb,2026-10-08,6,83.94,2025-03-31T00:00:00Z,ok,1318dfd519de67a9718757e12499c252a64f3650bf94e4b1e9aa3677c05b4bdc,616895
A0A8C6Y8P8,https://alphafold.ebi.ac.uk/files/AF-A0A8C6Y8P8-F1-model_v6.pdb,2026-10-08,6,85.81,2025-03-31T00:00:00Z,ok,1e9c22fdead6c45063f4ae6b751da396ca5dc1541aa523602f3ada3b174991e1,599723
A0A8C6Y962,https://alphafold.ebi.ac.uk/files/AF-A0A8C6Y962-F1-model_v6.pdb,2026-10-08,6,85.94,2025-03-31T00:00:00Z,ok,19386823e24e13b8e542309df504d6a9d09b1d79eeb1a1dd31a6f8d3eec10ada,141101
A0A8C6Y9B7,https://alphafold.ebi.ac.uk/files/AF-A0A8C6Y9B7-F1-model_v6.pdb,2026-10-08,6,87.44,2025-03-31T00:00:00Z,ok,3a80b52c0ac9c1f7bb7347bd957dc73063ef0c5d5f057a439db29904e2e4865f,582227
A0A8C6Y9C7,https://alphafold.ebi.ac.uk/files/AF-A0A8C6Y9C7-F1-model_v6.pdb,2026-10-08,6,76.06,2025-03-31T00:00:00Z,ok,ea02e13caad2bb4dee3650ca4e1d4ee921b031cfaa22a611499f615d2bb784e7,329588
A0A8C6YBK4,https://alphafold.ebi.ac.uk/files/AF-A0A8C6YBK4-F1-model_v6.pdb,2026-10-08,6,83.69,2025-03-31T00:00:00Z,ok,c6b533de340dc76b8eccf31005b2c450f328fa874d950f767644834042c01871,619244
A0A8C6YBP1,https://alphafold.ebi.ac.uk/files/AF-A0A8C6YBP1-F1-model_v6.pdb,2026-10-08,6,74.38,2025-03-31T00:00:00Z,ok,9372c2b80a39ccd54a91107e79581ce36439424c91cc718ff4d8fe0362e56cb0,464210
A0A8C6YBV3,https://alphafold.ebi.ac.uk/files/AF-A0A8C6YBV3-F1-model_v6.pdb,2026-10-08,6,71.44,2025-03-31T00:00:00Z,ok,96d3300c2f1654609b48b66911a791896190491e4253e2aced6938b398a2f571,375596
A0A8C6YCD6,https://alphafold.ebi.ac.uk/files/AF-A0A8C6YCD6-F1-model_v6.pdb,2026-10-08,6,90.88,2025-03-31T00:00:00Z,ok,942112402561d035abfcb92a8f57f60e8360ac01dce50b07665f4b9d89a49e16,197477
A0A8C6YFJ8,https://alphafold.ebi.ac.uk/files/AF-A0A8C6YFJ8-F1-model_v6.pdb,2026-10-08,6,72.69,2025-03-31T00:00:00Z,ok,78f2f79a72ba32d159d5504677c35911c87cfea67eba81d28ebf01360ce5e887,469070
A0A8C6YFV2,https://alphafold.ebi.ac.uk/files/AF-A0A8C6YFV2-F1-model_v6.pdb,2026-10-08,6,75.19,2025-03-31T00:00:00Z,ok,f888954eea922ae90e4cffecfd5890d6284f7bda8b4d681829bce62fdb0b457c,393740
A0A8C6YH63,https://alphafold.ebi.ac.uk/files/AF-A0A8C6YH63-F1-model_v6.pdb,2026-10-08,6,79.62,2025-03-31T00:00:00Z,ok,66f5184be4b58a4b247b9810c31d94d6d5a5de17a8050f12b2de076bf318dee6,402326
A0A8C6YHE8,https://alphafold.ebi.ac.uk/files/AF-A0A8C6YHE8-F1-model_v6.pdb,2026-10-08,6,67.06,2025-03-31T00:00:00Z,ok,6ee4c090613064e4c37ec20a2e10b6ddc1186d1e6e39ab1b77bd7bd56f2b812a,449225
A0A8C6YJW3,https://alphafold.ebi.ac.uk/files/AF-A0A8C6YJW3-F1-model_v6.pdb,2026-10-08,6,73.81,2025-03-31T00:00:00Z,ok,c5492a6e2c353de4b2f06b8fdc75b48e0294f8d3253d8ab1048cea166b0a15d2,230930
A0A8C6YLC8,https://alphafold.ebi.ac.uk/files/AF-A0A8C6YLC8-F1-model_v6.pdb,2026-10-08,6,67.44,2025-03-31T00:00:00Z,ok,75a1f875dfc45ea5cd9333f8bffb280c4ac2e544da2648dc47bcb6b2918dad5b,205901
A0A8C6YLK1,https://alphafold.ebi.ac.uk/files/AF-A0A8C6YLK1-F1-model_v6.pdb,2026-10-08,6,76.0,2025-03-31T00:00:00Z,ok,5c1d55d58128b4fd6965e2da86d3dd425d1b477c87ed82fcc4c1b9ca7d05e71c,310472
A0A8C7DRJ6,https://alphafold.ebi.ac.uk/files/AF-A0A8C7DRJ6-F1-model_v6.pdb,2026-10-08,6,80.38,2025-03-31T00:00:00Z,ok,2c4abf6ee8361605fd6aa46d2f6a5c923dc28dba63ec36ea3376430a00c61662,144179
A0A8C7DSX1,https://alphafold.ebi.ac.uk/files/AF-A0A8C7DSX1-F1-model_v6.pdb,2026-10-08,6,76.25,2025-03-31T00:00:00Z,ok,7b5968cda97a38e0f3ea942a6a4bbbde3a766f3ed0ade717b781ca82f66b1fbc,416258
A0A8C7DU51,https://alphafold.ebi.ac.uk/files/AF-A0A8C7DU51-F1-model_v6.pdb,2026-10-08,6,76.38,2025-03-31T00:00:00Z,ok,9f0b037d30127c7d98be86c6e35abda3f9a24167b4143e5816d05a90e3d6e805,448415
A0A8C7DX43,https://alphafold.ebi.ac.uk/files/AF-A0A8C7DX43-F1-model_v6.pdb,2026-10-08,6,69.12,2025-03-31T00:00:00Z,ok,176b619ff53e0604743e8e639ce292542f60015a8c179a1eed9f27609935769c,548531
A0A8C7DZU5,https://alphafold.ebi.ac.uk/files/AF-A0A8C7DZU5-F1-model_v6.pdb,2026-10-08,6,80.38,2025-03-31T00:00:00Z,ok,2a8b5cc83634b63f271fd5e06e9061bcf595d8926a243ca63d7112844b3653df,396008
A0A8C7E011,https://alphafold.ebi.ac.uk/files/AF-A0A8C7E011-F1-model_v6.pdb,2026-10-08,6,75.38,2025-03-31T00:00:00Z,ok,fd7f7aa2a24ea637bc58a309ce1b46c1cae3dfef448297f72707cf6f33fc0d02,157139
A0A8C7E027,https://alphafold.ebi.ac.uk/files/AF-A0A8C7E027-F1-model_v6.pdb,2026-10-08,6,85.5,2025-03-31T00:00:00Z,ok,6389d677ca68ce348b94e3ef0ee04d3c65d200476545d1e65475ba167ed63815,155438
A0A8C7E051,https://alphafold.ebi.ac.uk/files/AF-A0A8C7E051-F1-model_v6.pdb,2026-10-08,6,68.75,2025-03-31T00:00:00Z,ok,4fff16bcece61e7ad11cd3ffd7a2a0a04cdba78a5e3825e030be02b568cca54b,169856
A0A8C7E060,https://alphafold.ebi.ac.uk/files/AF-A0A8C7E060-F1-model_v6.pdb,2026-10-08,6,79.94,2025-03-31T00:00:00Z,ok,0fa316330c3552b0fe69334b71e24a17b163931136c2fbb13d6803d6c47cffcc,393416
A0A8C7E130,https://alphafold.ebi.ac.uk/files/AF-A0A8C7E130-F1-model_v6.pdb,2026-10-08,6,67.44,2025-03-31T00:00:00Z,ok,ab78d10ef2d42a1ab84392861b09a7cbc9ed99ca294c3073ea9d774782b99553,131543
A0A8C7E1L9,https://alphafold.ebi.ac.uk/files/AF-A0A8C7E1L9-F1-model_v6.pdb,2026-10-08,6,81.62,2025-03-31T00:00:00Z,ok,89ee0b991bcd04f76478cf4608593a69b9d5d62ccbe0a66471e1472359e1c292,151145
A0A8C7E2Y1,https://alphafold.ebi.ac.uk/files/AF-A0A8C7E2Y1-F1-model_v6.pdb,2026-10-08,6,79.62,2025-03-31T00:00:00Z,ok,3e3bd66ae441a76daa4e84d3cc1a0ad98d8002d77206ea380592ec48c36e0983,348704
A0A8C7E2Y2,https://alphafold.ebi.ac.uk/files/AF-A0A8C7E2Y2-F1-model_v6.pdb,2026-10-08,6,86.19,2025-03-31T00:00:00Z,ok,4eab9855642fbd9bebaae697b144d3b46070bad254f5ee7a7951a551485d70a0,303425
A0A8C7E2Z0,https://alphafold.ebi.ac.uk/files/AF-A0A8C7E2Z0-F1-model_v6.pdb,2026-10-08,6,77.94,2025-03-31T00:00:00Z,ok,a7268b60954bccebd0447f4c4d3f74195c25e67212e99e285efcdbc8cae5ecab,468017
A0A8C7E348,https://alphafold.ebi.ac.uk/files/AF-A0A8C7E348-F1-model_v6.pdb,2026-10-08,6,75.5,2025-03-31T00:00:00Z,ok,9497c9e3dea9e7bd60cd7d27573394f020e369de7fd09138ee44c1263a3d7189,445661
A0A8C7E359,https://alphafold.ebi.ac.uk/files/AF-A0A8C7E359-F1-model_v6.pdb,2026-10-08,6,79.06,2025-03-31T00:00:00Z,ok,510a8f1a50a1f339d130901f234812651bfd400b77c5e458871a5399127bcfbe,431567
A0A8C7E5D9,https://alphafold.ebi.ac.uk/files/AF-A0A8C7E5D9-F1-model_v6.pdb,2026-10-08,6,74.69,2025-03-31T00:00:00Z,ok,1ebbb11f35a807be5f8d26102eb46c4474ded5faef9f78212471f7856827cfe6,331046
A0A8C7E5Y6,https://alphafold.ebi.ac.uk/files/AF-A0A8C7E5Y6-F1-model_v6.pdb,2026-10-08,6,69.19,2025-03-31T00:00:00Z,ok,ae1e5258c9f33ed2dad0b0dd2393e9b62885daf8c833cb94821b569d30f748d8,670760
A0A8C7E5Z4,https://alphafold.ebi.ac.uk/files/AF-A0A8C7E5Z4-F1-model_v6.pdb,2026-10-08,6,78.19,2025-03-31T00:00:00Z,ok,fbf070bdb9bb51c44754e3658e89feca9aa7f011ba0f1e7108f9f3fb74264663,637631
A0A8T1N153,https://alphafold.ebi.ac.uk/files/AF-A0A8T1N153-F1-model_v6.pdb,2026-10-08,6,80.25,2025-03-31T00:00:00Z,ok,239ee9b04ab6821bc4f3f0448e4a8de16108a1eeb6889456d54b1568a01f4fe8,392768
A0A8T1N158,https://alphafold.ebi.ac.uk/files/AF-A0A8T1N158-F1-model_v6.pdb,2026-10-08,6,81.38,2025-03-31T00:00:00Z,ok,a6c7c70e4e9f89eb60a01f753b26d0c364bc27b1b8328c50a23ad65c72318483,393173
A0A8T1N163,https://alphafold.ebi.ac.uk/files/AF-A0A8T1N163-F1-model_v6.pdb,2026-10-08,6,87.38,2025-03-31T00:00:00Z,ok,cabad6de6a171b333612e2557e772bca61603d89af00dcad04b3da29f4f83339,168155
A0A8T1N169,https://alphafold.ebi.ac.uk/files/AF-A0A8T1N169-F1-model_v6.pdb,2026-10-08,6,81.75,2025-03-31T00:00:00Z,ok,515bcb0f726b0b2dcfef54c837662256a417fabf8720c39ea243fd878529436f,395522
A0A8T1N171,https://alphafold.ebi.ac.uk/files/AF-A0A8T1N171-F1-model_v6.pdb,2026-10-08,6,80.69,2025-03-31T00:00:00Z,ok,723150227d93d84e90ed669318dedb1a13ef41b163dd642aa46ffced3f4cf838,315332
A0A8T1N172,https://alphafold.ebi.ac.uk/files/AF-A0A8T1N172-F1-model_v6.pdb,2026-10-08,6,88.0,2025-03-31T00:00:00Z,ok,3ae4eb913c459eff9c71ae273aa44eb5a03d0c10f0a457bf3df7aad20093e1d0,167102
A0A8T1N174,https://alphafold.ebi.ac.uk/files/AF-A0A8T1N174-F1-model_v6.pdb,2026-10-08,6,80.44,2025-03-31T00:00:00Z,ok,8ce66b88da6645e6670c79d24745f6ea1ea2c66681cf6a5a2b224d5375adb67a,394064
A0A8T1N180,https://alphafold.ebi.ac.uk/files/AF-A0A8T1N180-F1-model_v6.pdb,2026-10-08,6,40.59,2025-03-31T00:00:00Z,ok,02a85aa212ecc79b2aaffe87ada09221ea58143a8eb79edb68588f24bdc1ba83,164753
A0A8T1N182,https://alphafold.ebi.ac.uk/files/AF-A0A8T1N182-F1-model_v6.pdb,2026-10-08,6,81.06,2025-03-31T00:00:00Z,ok,0cf02e898385cb05374011802e819a1033e62f48d161e623c108a4f76b38d579,391148
A0A8T1N2E9,https://alphafold.ebi.ac.uk/files/AF-A0A8T1N2E9-F1-model_v6.pdb,2026-10-08,6,79.94,2025-03-31T00:00:00Z,ok,74e435d05123f4964dbd61e5b9f8a51cf121e3166c689df7fa02e6bb138a7ddc,310472
A0A8T1N2F4,https://alphafold.ebi.ac.uk/files/AF-A0A8T1N2F4-F1-model_v6.pdb,2026-10-08,6,82.38,2025-03-31T00:00:00Z,ok,c8b9f0ccbc19718bca76ab2a570f0edfae0a233b8173f8829e8578d6313ac756,390500
A0A8T1N2F9,https://alphafold.ebi.ac.uk/files/AF-A0A8T1N2F9-F1-model_v6.pdb,2026-10-08,6,90.56,2025-03-31T00:00:00Z,ok,f97d3c78c184b4421b306357c5b456ee94ced958cd1b938fab77cdacd8ef869c,166454
A0A8T1N2G3,https://alphafold.ebi.ac.uk/files/AF-A0A8T1N2G3-F1-model_v6.pdb,2026-10-08,6,82.12,2025-03-31T00:00:00Z,ok,9a4d43acdb3d1e45365533ea81dfad2a673b19b773b279a59b3d646dac507a8b,391148
A0A8T1N2G8,https://alphafold.ebi.ac.uk/files/AF-A0A8T1N2G8-F1-model_v6.pdb,2026-10-08,6,81.12,2025-03-31T00:00:00Z,ok,f6dae2d08fe8eb74d0766c6ccc9de4dd32df9d7a54402c92a6bdc38e1345129c,399329
A0A8T1N2H3,https://alphafold.ebi.ac.uk/files/AF-A0A8T1N2H3-F1-model_v6.pdb,2026-10-08,6,84.62,2025-03-31T00:00:00Z,ok,10342a073a8d424c0b356c8367570d2fb230010b54a719ee6a20114c5275d452,317438
A0A8T1N2H8,https://alphafold.ebi.ac.uk/files/AF-A0A8T1N2H8-F1-model_v6.pdb,2026-10-08,6,88.94,2025-03-31T00:00:00Z,ok,a344918902093c1bb539b15dd93153386afed1296afb817ccc5dacdb93c5af32,100520
A0A8T1N2V3,https://alphafold.ebi.ac.uk/files/AF-A0A8T1N2V3-F1-model_v6.pdb,2026-10-08,6,81.06,2025-03-31T00:00:00Z,ok,0b94583d74df2e0249f335347309de9a0aecd28135017b783d1ead83087b8191,315170
A0A8T1N2V9,https://alphafold.ebi.ac.uk/files/AF-A0A8T1N2V9-F1-model_v6.pdb,2026-10-08,6,81.75,2025-03-31T00:00:00Z,ok,c2e13c97505b4e9c13f2820e98e7241ad292620792ce872390c6be88672809ea,309176
A0A8T1N2W5,https://alphafold.ebi.ac.uk/files/AF-A0A8T1N2W5-F1-model_v6.pdb,2026-10-08,6,89.19,2025-03-31T00:00:00Z,ok,1a08a90fac322d2ec4dc538504b7b4dd9384dadb28576fff633260366757b9cd,167264
A0A8T1N2X3,https://alphafold.ebi.ac.uk/files/AF-A0A8T1N2X3-F1-model_v6.pdb,2026-10-08,6,80.69,2025-03-31T00:00:00Z,ok,30aa986b86ad0a5483d1a1f162c3066fecda528d27be282fa6ce3d9c8ea076c9,399167
A0A8T1N2X9,https://alphafold.ebi.ac.uk/files/AF-A0A8T1N2X9-F1-model_v6.pdb,2026-10-08,6,81.12,2025-03-31T00:00:00Z,ok,13f1504db7fc22d073b822e7806b9260f2e3229e9e425fc89a1d6a2326a796da,395603
A0A8T1N2Z0,https://alphafold.ebi.ac.uk/files/AF-A0A8T1N2Z0-F1-model_v6.pdb,2026-10-08,6,81.88,2025-03-31T00:00:00Z,ok,9aab26a9101e8dd230804f90e431512b1df2deb728fc4ca036bd05db9c716e11,102464
A0A8T1N329,https://alphafold.ebi.ac.uk/files/AF-A0A8T1N329-F1-model_v6.pdb,2026-10-08,6,90.12,2025-03-31T00:00:00Z,ok,bc499d65bb002e41566038cb76d442f2246f3a914eec0078abc3aa76fd5ea487,164834
A0A8T1N336,https://alphafold.ebi.ac.uk/files/AF-A0A8T1N336-F1-model_v6.pdb,2026-10-08,6,67.44,2025-03-31T00:00:00Z,ok,e44308e50ea7d2a055c75e9d1706c2df53d3675bef5f71cb5659abd32ba84721,159974
A0A8T1N342,https://alphafold.ebi.ac.uk/files/AF-A0A8T1N342-F1-model_v6.pdb,2026-10-08,6,88.44,2025-03-31T00:00:00Z,ok,7f75d39ada665dc0efe0d133b921443c821f7193883392d438764566a325762e,167831
A0A8T1N356,https://alphafold.ebi.ac.uk/files/AF-A0A8T1N356-F1-model_v6.pdb,2026-10-08,6,81.25,2025-03-31T00:00:00Z,ok,7ee1eff17dccfe3abcfe62f9d572dd0f2933e5930301d209f4d23e480f6cd81f,389690
A0A8T1N367,https://alphafold.ebi.ac.uk/files/AF-A0A8T1N367-F1-model_v6.pdb,2026-10-08,6,90.12,2025-03-31T00:00:00Z,ok,c1277180a1f3418f2f7ef5dd539457960ddbbf0459456d52a8eb79603542cf2a,166616
A0A8T1N374,https://alphafold.ebi.ac.uk/files/AF-A0A8T1N374-F1-model_v6.pdb,2026-10-08,6,87.56,2025-03-31T00:00:00Z,ok,7fa10cea5dfb1df8c42b17b3a6a1a3e2218dc850b4f935af613beecaae58fd58,105056
A0A8T1N405,https://alphafold.ebi.ac.uk/files/AF-A0A8T1N405-F1-model_v6.pdb,2026-10-08,6,82.38,2025-03-31T00:00:00Z,ok,df5151aaf7d5b7fd5b72a21cb4027e24d32a9864c6e663dfc06d9e8e64dd8c9f,395198
A0A8T1N412,https://alphafold.ebi.ac.uk/files/AF-A0A8T1N412-F1-model_v6.pdb,2026-10-08,6,93.38,2025-03-31T00:00:00Z,ok,804fe06101f309d951a297c8cb44aca4f75f88c3f2e03b65bf1fa2b5932e3170,156248
A0A8T1N420,https://alphafold.ebi.ac.uk/files/AF-A0A8T1N420-F1-model_v6.pdb,2026-10-08,6,81.12,2025-03-31T00:00:00Z,ok,a3d3d74f84e51e3e666b2ec34045793cb76e95dfb5421ef9fe4541bbe8454468,390014
A0A8T1N427,https://alphafold.ebi.ac.uk/files/AF-A0A8T1N427-F1-model_v6.pdb,2026-10-08,6,95.62,2025-03-31T00:00:00Z,ok,8e8ff3273d6dc12d13a7f039c89dbdf171d37ae21257281800ae4d3ba25313b7,331208
A0A8T1N447,https://alphafold.ebi.ac.uk/files/AF-A0A8T1N447-F1-model_v6.pdb,2026-10-08,6,80.0,2025-03-31T00:00:00Z,ok,67727dcc798261345e41220a526805dbb1c3a64e74d20ea29fb6c1d9cac2d3af,310877
A0A8T1N450,https://alphafold.ebi.ac.uk/files/AF-A0A8T1N450-F1-model_v6.pdb,2026-10-08,6,82.31,2025-03-31T00:00:00Z,ok,c99dccb17d83ee4bc23fe996a572bb624ab891714a4a086c915eb19f09fab7aa,393740
A0A8T1N476,https://alphafold.ebi.ac.uk/files/AF-A0A8T1N476-F1-model_v6.pdb,2026-10-08,6,81.38,2025-03-31T00:00:00Z,ok,3cf4746856bd9063c4632c756752e8016a94a2e1ada5ba968c1f3800e8501d60,343763
A0A8T1N487,https://alphafold.ebi.ac.uk/files/AF-A0A8T1N487-F1-model_v6.pdb,2026-10-08,6,79.38,2025-03-31T00:00:00Z,ok,0a17a707bcafbffd399c87c9887addaf5513f2fc81bdcd2717ea6a711e142682,381023
A0A8T1N499,https://alphafold.ebi.ac.uk/files/AF-A0A8T1N499-F1-model_v6.pdb,2026-10-08,6,81.5,2025-03-31T00:00:00Z,ok,c1f2ee68a9d58b8ba94a8bb1f9bcbf9679442354a23d77ce37b37b34d8c6b120,392606
A0A8T1N4P7,https://alphafold.ebi.ac.uk/files/AF-A0A8T1N4P7-F1-model_v6.pdb,2026-10-08,6,82.94,2025-03-31T00:00:00Z,ok,44bf075b8da34843934cb25ca6eeef8dd83b6d48bfa0eff01f2a1ddae3556bbb,308933
A0A8T1N4S1,https://alphafold.ebi.ac.uk/files/AF-A0A8T1N4S1-F1-model_v6.pdb,2026-10-08,6,81.12,2025-03-31T00:00:00Z,ok,030bfe30424e73dfed7508ec4170ce90bae8445d2b44e248a7bf6800da627ce4,392768
A0A8T1N4T2,https://alphafold.ebi.ac.uk/files/AF-A0A8T1N4T2-F1-model_v6.pdb,2026-10-08,6,94.25,2025-03-31T00:00:00Z,ok,5bba019d635c16ec4e8728ee1f4ba61c0a35a80e3767bcb71185b6ce98196239,341009
A0A8T1N4U4,https://alphafold.ebi.ac.uk/files/AF-A0A8T1N4U4-F1-model_v6.pdb,2026-10-08,6,81.19,2025-03-31T00:00:00Z,ok,2ebdbaf088753a79c23e28a93eb245b1d482bf7f6ec1fe9f985101a6cd8d5ead,395927
A0A8T1N4V1,https://alphafold.ebi.ac.uk/files/AF-A0A8T1N4V1-F1-model_v6.pdb,2026-10-08,6,89.75,2025-03-31T00:00:00Z,ok,df36aaa8fa112613e1cd6c7bb894c555bf4fe97258c72e7fe904f58cbbac638e,163214
A0A8T1N4W0,https://alphafold.ebi.ac.uk/files/AF-A0A8T1N4W0-F1-model_v6.pdb,2026-10-08,6,89.75,2025-03-31T00:00:00Z,ok,a40bf2f84467ae63f76bfbc3c30fbc653a6e5b7bdb0b17439fafba1df718491c,164267
A0A8T1N4X0,https://alphafold.ebi.ac.uk/files/AF-A0A8T1N4X0-F1-model_v6.pdb,2026-10-08,6,81.88,2025-03-31T00:00:00Z,ok,32c94a72bbaa201ffa359128666b72246238ab264f7308a3d257ddad5144859e,316547
A0A8T1N4Y0,https://alphafold.ebi.ac.uk/files/AF-A0A8T1N4Y0-F1-model_v6.pdb,2026-10-08,6,89.25,2025-03-31T00:00:00Z,ok,0f61422aab2bab5208a8396d6e467995ca84334899bd1b846fbf2a8c83a5bc22,164105
A0A8T1N4Z9,https://alphafold.ebi.ac.uk/files/AF-A0A8T1N4Z9-F1-model_v6.pdb,2026-10-08,6,87.5,2025-03-31T00:00:00Z,ok,3ca43613030479e17498c3bbe190530aa5f4766abd2f5602c52c97de04d97d59,103841
A0A8T1N5P5,https://alphafold.ebi.ac.uk/files/AF-A0A8T1N5P5-F1-model_v6.pdb,2026-10-08,6,66.44,2025-03-31T00:00:00Z,ok,29717d67bf09ca6b6dc80a1045a3c3d47f60dd802f6179a732ef7b7258b7d882,508112
A0A8T1N5Q9,https://alphafold.ebi.ac.uk/files/AF-A0A8T1N5Q9-F1-model_v6.pdb,2026-10-08,6,89.5,2025-03-31T00:00:00Z,ok,acbe848fdcc426ce53482daebf1eb0535990a907d830848913558b04e494c698,169694
A0A8T1N5R9,https://alphafold.ebi.ac.uk/files/AF-A0A8T1N5R9-F1-model_v6.pdb,2026-10-08,6,83.44,2025-03-31T00:00:00Z,ok,2a8a55bf1206dc3ae8cffa3eac186f2dbc30394722b02ee4056903fb38d62526,394874
A0A8T1N5T1,https://alphafold.ebi.ac.uk/files/AF-A0A8T1N5T1-F1-model_v6.pdb,2026-10-08,6,90.94,2025-03-31T00:00:00Z,ok,c302bdc73d69518534c0a8a589024f7f9d57ac960cb007e23e5a71c27543c280,163376
A0A8T1N5V4,https://alphafold.ebi.ac.uk/files/AF-A0A8T1N5V4-F1-model_v6.pdb,2026-10-08,6,87.44,2025-03-31T00:00:00Z,ok,b780c448a178ae9c8c9c2c678c9a0401541c4b3d8fd0e8a45ea35a639b6ecb86,103922
A0A977TFW8,https://alphafold.ebi.ac.uk/files/AF-A0A977TFW8-F1-model_v6.pdb,2026-10-08,6,91.44,2025-03-31T00:00:00Z,ok,2d0c961ccd07d6c8f4d03f2b78cc00893bd56fbf8a7844befab3845784ae6b96,166697
A0AA50IEA0,https://alphafold.ebi.ac.uk/files/AF-A0AA50IEA0-F1-model_v6.pdb,2026-10-08,6,80.31,2025-03-31T00:00:00Z,ok,5526d831b5defc66de82b07a69843f83adbe69baeaf8f8558e1abe6fae860393,392687
A0AAU6NT02,https://alphafold.ebi.ac.uk/files/AF-A0AAU6NT02-F1-model_v6.pdb,2026-10-08,6,81.12,2025-03-31T00:00:00Z,ok,0417cb58e7e602072a77c4757384a65d6b088140d2b9fd2255a05856b6513415,99629
A0AAU6NT91,https://alphafold.ebi.ac.uk/files/AF-A0AAU6NT91-F1-model_v6.pdb,2026-10-08,6,87.88,2025-03-31T00:00:00Z,ok,b4fcfe220f3ccc709cbc81618c86e8dcb932332570114f6fe4ed023b1b7eaa46,84563
A0AAW1AP29,https://alphafold.ebi.ac.uk/files/AF-A0AAW1AP29-F1-model_v6.pdb,2026-10-08,6,68.69,2025-03-31T00:00:00Z,ok,7fa88c98572ff60a27263220d9e31a90e6907419abb60e3ef706c955864cd147,513539
A0AAW1APA3,https://alphafold.ebi.ac.uk/files/AF-A0AAW1APA3-F1-model_v6.pdb,2026-10-08,6,85.69,2025-03-31T00:00:00Z,ok,d50c6d8a17a831cd2e2a0beb4b52dde77b14e2024138ab820b7f54976484f9ef,98495
A0AAW1APX4,https://alphafold.ebi.ac.uk/files/AF-A0AAW1APX4-F1-model_v6.pdb,2026-10-08,6,64.44,2025-03-31T00:00:00Z,ok,ad2bf50a3853ec8d97bbb0a3dea7ff0696f1f4e030f765da577d3a16a61d6c1b,85373
A0AAW1AQ71,https://alphafold.ebi.ac.uk/files/AF-A0AAW1AQ71-F1-model_v6.pdb,2026-10-08,6,57.03,2025-03-31T00:00:00Z,ok,c95ab768ae9eda895c4a6ca80d93d036de2d37132917c4a6cfb35dbf503fd43d,105380
A0AAW1AQE8,https://alphafold.ebi.ac.uk/files/AF-A0AAW1AQE8-F1-model_v6.pdb,2026-10-08,6,84.38,2025-03-31T00:00:00Z,ok,6d1ecb210c58837d0802e85ed56d11f9e8c150964d11d77d85f305b79c0f9f31,320516
A0AAW1AQI6,https://alphafold.ebi.ac.uk/files/AF-A0AAW1AQI6-F1-model_v6.pdb,2026-10-08,6,82.69,2025-03-31T00:00:00Z,ok,04857c8bfdb4485a87447564baa203d4250634cb3feb6d830234a58ec1cb7214,234899
A0AAW1AR40,https://alphafold.ebi.ac.uk/files/AF-A0AAW1AR40-F1-model_v6.pdb,2026-10-08,6,85.12,2025-03-31T00:00:00Z,ok,4ad55771497624bea7f2103b2dff52343c129ead16c83a2ede3b369ce8277869,102140
A0AAW1AR85,https://alphafold.ebi.ac.uk/files/AF-A0AAW1AR85-F1-model_v6.pdb,2026-10-08,6,82.19,2025-03-31T00:00:00Z,ok,d1a0ec82a6458d8b6604ab81b950366c82aa3363475f76122ec7b48d7c824c58,234818
A0AAW1ARB3,https://alphafold.ebi.ac.uk/files/AF-A0AAW1ARB3-F1-model_v6.pdb,2026-10-08,6,67.62,2025-03-31T00:00:00Z,ok,bb05c7b7caf1223af146d648a29ed776134c66e02e7ff70573eb122fa281190b,109025
A0AAW1ARC3,https://alphafold.ebi.ac.uk/files/AF-A0AAW1ARC3-F1-model_v6.pdb,2026-10-08,6,81.44,2025-03-31T00:00:00Z,ok,8c78644cadb741c3ca6644865ad6b1f03fefbb9e979bf379ee2914bde94d57d2,212867
A0AAW1ARG4,https://alphafold.ebi.ac.uk/files/AF-A0AAW1ARG4-F1-model_v6.pdb,2026-10-08,6,77.5,2025-03-31T00:00:00Z,ok,d5fb322a3b35b94d8db15b501de435a56eefae03192193f89e4f34005e19e767,328535
A0AAW1ARJ9,https://alphafold.ebi.ac.uk/files/AF-A0AAW1ARJ9-F1-model_v6.pdb,2026-10-08,6,60.47,2025-03-31T00:00:00Z,ok,e6dceeccc428cf1a42819a1b2a1e25352bedce9df54ce065edf372c49d064e35,92906
A0AAW1AS68,https://alphafold.ebi.ac.uk/files/AF-A0AAW1AS68-F1-model_v6.pdb,2026-10-08,6,84.06,2025-03-31T00:00:00Z,ok,7bb9c08f52326de99219e7596c1c3b3642c704465a7b9864fd7bbf36901b8f70,272402
A0AAW1ATK0,https://alphafold.ebi.ac.uk/files/AF-A0AAW1ATK0-F1-model_v6.pdb,2026-10-08,6,62.0,2025-03-31T00:00:00Z,ok,54c2e3c9a91dee11eebb631fb2c5f66b2937dfe5f28a4d1aae11423dc500d94e,607580
A0AAW1AUZ4,https://alphafold.ebi.ac.uk/files/AF-A0AAW1AUZ4-F1-model_v6.pdb,2026-10-08,6,73.44,2025-03-31T00:00:00Z,ok,961833f12a420e7778bfa18dfad810d8413a396b069c8f15a79609fba556e2b9,332018
A0AAW1AV06,https://alphafold.ebi.ac.uk/files/AF-A0AAW1AV06-F1-model_v6.pdb,2026-10-08,6,83.31,2025-03-31T00:00:00Z,ok,302b6391fcb192deca4aca96c0f3e5614e18902702cf1e4306ff14acb1708054,305612
A0AAW1AVJ4,https://alphafold.ebi.ac.uk/files/AF-A0AAW1AVJ4-F1-model_v6.pdb,2026-10-08,6,75.81,2025-03-31T00:00:00Z,ok,ec7c5a7c122ee73674916cf3540db6c39902d1715f1f73f3c35c3db29dbdb724,469475
A0AAW1AVR3,https://alphafold.ebi.ac.uk/files/AF-A0AAW1AVR3-F1-model_v6.pdb,2026-10-08,6,75.88,2025-03-31T00:00:00Z,ok,15a3396b119d2b93d0b01d4e0b77e9a1145691e6aedb7ed9a19637320ec4d9cf,438938
A0AAW1AWU4,https://alphafold.ebi.ac.uk/files/AF-A0AAW1AWU4-F1-model_v6.pdb,2026-10-08,6,71.06,2025-03-31T00:00:00Z,ok,74099e191799b2ed4729b9f0b1e20c0d3bb2b8f4e269a3a07977e02e83973ceb,239354
A0AAW1AXI5,https://alphafold.ebi.ac.uk/files/AF-A0AAW1AXI5-F1-model_v6.pdb,2026-10-08,6,50.94,2025-03-31T00:00:00Z,ok,7cf892ba4bc58168f54f65de4a057a327ba6aaeaf30b69714af7830d4bea5633,141425
A0AAW1AYC4,https://alphafold.ebi.ac.uk/files/AF-A0AAW1AYC4-F1-model_v6.pdb,2026-10-08,6,90.12,2025-03-31T00:00:00Z,ok,f37bacc0145f2fdc3cbe8290d36df2e4546adbb55e38f5db20472f3d3b2730db,250127
A0AAW1AYY9,https://alphafold.ebi.ac.uk/files/AF-A0AAW1AYY9-F1-model_v6.pdb,2026-10-08,6,81.25,2025-03-31T00:00:00Z,ok,818a3859c3bd2569e1a1d05d809dfd6d558732b102164b0b0dac7cfec07ea80a,391958
A0AAW1AZ03,https://alphafold.ebi.ac.uk/files/AF-A0AAW1AZ03-F1-model_v6.pdb,2026-10-08,6,81.5,2025-03-31T00:00:00Z,ok,7be051eeb78fee488172c7a9cbdbae705e31b741e42e090ede17033f8435a5dc,317843
A0AAW1AZ78,https://alphafold.ebi.ac.uk/files/AF-A0AAW1AZ78-F1-model_v6.pdb,2026-10-08,6,79.69,2025-03-31T00:00:00Z,ok,867126a1e43dd800522ecbc0a0a3fa29d4444bbfb4954950567964c0b27d3dab,318410
A0AAW1AZ91,https://alphafold.ebi.ac.uk/files/AF-A0AAW1AZ91-F1-model_v6.pdb,2026-10-08,6,70.75,2025-03-31T00:00:00Z,ok,9265b596f5597810324719b71cdc92b4a1644770e0d0a1fe6f50ddb8dbf3ddba,524717
A0AAW1AZH2,https://alphafold.ebi.ac.uk/files/AF-A0AAW1AZH2-F1-model_v6.pdb,2026-10-08,6,78.56,2025-03-31T00:00:00Z,ok,9bc0e850999d1c55780d74aa841384c7124e9e7045fecc402bc9704ba8e03b52,149768
A0AAW1AZJ1,https://alphafold.ebi.ac.uk/files/AF-A0AAW1AZJ1-F1-model_v6.pdb,2026-10-08,6,80.5,2025-03-31T00:00:00Z,ok,2218542d822d62fce06ec35fdb79557c88d6b2316724f8ec36fbcdb2eb0290e0,392525
A0AAW1AZL2,https://alphafold.ebi.ac.uk/files/AF-A0AAW1AZL2-F1-model_v6.pdb,2026-10-08,6,81.69,2025-03-31T00:00:00Z,ok,5dce3a5930bb4d011205015d9dbe1ece599021537ecb8c94950ba2895c569387,311930
A0AAW1AZM0,https://alphafold.ebi.ac.uk/files/AF-A0AAW1AZM0-F1-model_v6.pdb,2026-10-08,6,78.44,2025-03-31T00:00:00Z,ok,f376c9257c315294f6ac019edb51c1d99b8491f87605dbd4acbedfd59f46c791,399005
A0AAW1AZN6,https://alphafold.ebi.ac.uk/files/AF-A0AAW1AZN6-F1-model_v6.pdb,2026-10-08,6,86.31,2025-03-31T00:00:00Z,ok,50bd1a57ac2a76e7528fc5ebba8167a4ed14b3628f371baeb29bd53fa3f099da,249560
A0AAW1AZR3,https://alphafold.ebi.ac.uk/files/AF-A0AAW1AZR3-F1-model_v6.pdb,2026-10-08,6,82.69,2025-03-31T00:00:00Z,ok,4698dbf824d3854a47c3c7d69be57614b2961a647c7b47be36b8e06ff5089e50,311687
A0AAW1AZS6,https://alphafold.ebi.ac.uk/files/AF-A0AAW1AZS6-F1-model_v6.pdb,2026-10-08,6,86.62,2025-03-31T00:00:00Z,ok,adb8c2f6f57081130edfb6b84960436a64ad67fb965e51c0deefb587c2befbf4,244133
A0AAW1AZT6,https://alphafold.ebi.ac.uk/files/AF-A0AAW1AZT6-F1-model_v6.pdb,2026-10-08,6,78.81,2025-03-31T00:00:00Z,ok,ccb83dfd89f76848927a71fe3614ccb8a6a8fb5e9ead3855bbef2a474a065b5b,476360
A0AAW1AZX0,https://alphafold.ebi.ac.uk/files/AF-A0AAW1AZX0-F1-model_v6.pdb,2026-10-08,6,80.62,2025-03-31T00:00:00Z,ok,56406a58e252da017cbd080810cdfb30828360ffe724f2fb36fb55f15dce7b7c,317843
A0AAW1B012,https://alphafold.ebi.ac.uk/files/AF-A0AAW1B012-F1-model_v6.pdb,2026-10-08,6,75.44,2025-03-31T00:00:00Z,ok,c951f8b2cb375b5bc10eecfab90ab22bfc32cb88f6a0dd459276851790735921,487700
A0AAW1B069,https://alphafold.ebi.ac.uk/files/AF-A0AAW1B069-F1-model_v6.pdb,2026-10-08,6,81.25,2025-03-31T00:00:00Z,ok,af0cbf70c616488a0f960325a41d2996e3943465800a9bcf8e9872a09666017b,399896
A0AAW1B072,https://alphafold.ebi.ac.uk/files/AF-A0AAW1B072-F1-model_v6.pdb,2026-10-08,6,82.81,2025-03-31T00:00:00Z,ok,037cd9d5da04064437b38e627af5b82fb902b52c0b3539ccd508eab8add33b3c,250694
A0AAW1B0B2,https://alphafold.ebi.ac.uk/files/AF-A0AAW1B0B2-F1-model_v6.pdb,2026-10-08,6,79.25,2025-03-31T00:00:00Z,ok,14f962625d6139438ee373b28d17ca7488dbb6cb6fb5e71252299d74e9a5880f,394874
A0AAW1B0F2,https://alphafold.ebi.ac.uk/files/AF-A0AAW1B0F2-F1-model_v6.pdb,2026-10-08,6,69.94,2025-03-31T00:00:00Z,ok,1f04b4183fc68924c2c85e8491182c5d857fe4e00ce65d210ef1aec24481636b,526823
A0AAW1B0M8,https://alphafold.ebi.ac.uk/files/AF-A0AAW1B0M8-F1-model_v6.pdb,2026-10-08,6,83.06,2025-03-31T00:00:00Z,ok,462da992b88dafb57441d435be4c74199d2db3166b73089db710e5b02a476019,110645
A0AAW1B156,https://alphafold.ebi.ac.uk/files/AF-A0AAW1B156-F1-model_v6.pdb,2026-10-08,6,77.88,2025-03-31T00:00:00Z,ok,939d3b89afa0a6b3c4404e43dae76eb163b55b575c5bb5a097abeeea068f1979,409940
A0AAW1B1Y4,https://alphafold.ebi.ac.uk/files/AF-A0AAW1B1Y4-F1-model_v6.pdb,2026-10-08,6,64.38,2025-03-31T00:00:00Z,ok,7486d3847765ade0e5034e2047774016906b4a501d875d3da594498c41dcd05b,139967
A0AAW1B2G4,https://alphafold.ebi.ac.uk/files/AF-A0AAW1B2G4-F1-model_v6.pdb,2026-10-08,6,70.0,2025-03-31T00:00:00Z,ok,1b29ca0ccfc23a712918a16c8a75ccbcc890a57761911bb4d237e216c926c33d,578906
A0AAW1B3V4,https://alphafold.ebi.ac.uk/files/AF-A0AAW1B3V4-F1-model_v6.pdb,2026-10-08,6,76.56,2025-03-31T00:00:00Z,ok,f41f4c8b1e8d1747d272f8425b7b9ef6211073d22f6bfe6f2a6181a6ea41e8d7,493694
A0AAW1B4P3,https://alphafold.ebi.ac.uk/files/AF-A0AAW1B4P3-F1-model_v6.pdb,2026-10-08,6,83.94,2025-03-31T00:00:00Z,ok,478457ad166823082bb98f859aef792849ed15c88267ea45ad5cf400cc04a133,146690
A0AAW1B584,https://alphafold.ebi.ac.uk/files/AF-A0AAW1B584-F1-model_v6.pdb,2026-10-08,6,83.5,2025-03-31T00:00:00Z,ok,dd942c76dc567c452c54b8893b07c123e417d3ca447eebaf7df0ca577c9b62dc,211490
A0AAW1B5G1,https://alphafold.ebi.ac.uk/files/AF-A0AAW1B5G1-F1-model_v6.pdb,2026-10-08,6,89.38,2025-03-31T00:00:00Z,ok,323d4542fc64c2ea7551dc2c8d985fb645b2f8be0509e3ad80186a9d3ddff45f,175607
A0AAW1B6R2,https://alphafold.ebi.ac.uk/files/AF-A0AAW1B6R2-F1-model_v6.pdb,2026-10-08,6,87.5,2025-03-31T00:00:00Z,ok,4d7a898281bafb333a36749e040ea2bde4942b60508f729c18674b9e13573f2d,317843
A0AAW1B8R5,https://alphafold.ebi.ac.uk/files/AF-A0AAW1B8R5-F1-model_v6.pdb,2026-10-08,6,57.34,2025-03-31T00:00:00Z,ok,95ba861c1a2a4073ce0288fa4f1d8fa17ece6320a4aa83e28b57adfc91461a52,120932
A0AAW1B982,https://alphafold.ebi.ac.uk/files/AF-A0AAW1B982-F1-model_v6.pdb,2026-10-08,6,79.12,2025-03-31T00:00:00Z,ok,1e81b2442ef2b469c5907419530bd1a56f71c6136d4ead9d7957eceebd60ceca,99710
A0AAW1BAV3,https://alphafold.ebi.ac.uk/files/AF-A0AAW1BAV3-F1-model_v6.pdb,2026-10-08,6,75.25,2025-03-31T00:00:00Z,ok,5a2d5fdab5397d3fe534f3865252a978a5933e3e423d859077bb10161ed64815,340685
A0AAW1BAZ5,https://alphafold.ebi.ac.uk/files/AF-A0AAW1BAZ5-F1-model_v6.pdb,2026-10-08,6,90.25,2025-03-31T00:00:00Z,ok,14b94982a97a446aa7d97a7bcdd4b0b4ca595861d486048d7bf9b1384b3daf24,214568
A0AAW1BCN7,https://alphafold.ebi.ac.uk/files/AF-A0AAW1BCN7-F1-model_v6.pdb,2026-10-08,6,76.69,2025-03-31T00:00:00Z,ok,d5a3c0ea92f9a703c3e7bf551fb89899ff7dc88e2f6c03f2469a33ea0892bf59,158354
A0AAW1BDN4,https://alphafold.ebi.ac.uk/files/AF-A0AAW1BDN4-F1-model_v6.pdb,2026-10-08,6,74.56,2025-03-31T00:00:00Z,ok,435482ce87815b3ce7c39b9d738a7631a439b4b8d600e905e856a95c03963db9,124415
A0AAW1BDP1,https://alphafold.ebi.ac.uk/files/AF-A0AAW1BDP1-F1-model_v6.pdb,2026-10-08,6,80.12,2025-03-31T00:00:00Z,ok,61022ac9aa50e87450d6226066931a817c500c824f771a0c6a745b85537e01d2,104894
A0AAW1BDQ2,https://alphafold.ebi.ac.uk/files/AF-A0AAW1BDQ2-F1-model_v6.pdb,2026-10-08,6,81.94,2025-03-31T00:00:00Z,ok,248a5d9faec6d137278a74baf7d6b9e8ca5f012f2a67f5b54b56ee3a308a57f3,124010
A0AAW1BEF1,https://alphafold.ebi.ac.uk/files/AF-A0AAW1BEF1-F1-model_v6.pdb,2026-10-08,6,87.0,2025-03-31T00:00:00Z,ok,f634f20eafa4db3f4d552a7c7066ee57831e961b6e8f8bf9d747acc23f58e4cc,109592
A0AAW1BEV4,https://alphafold.ebi.ac.uk/files/AF-A0AAW1BEV4-F1-model_v6.pdb,2026-10-08,6,82.31,2025-03-31T00:00:00Z,ok,eac5a2eec4f3cc5380d7b641ca01a0ebd672a0ae81989f5bcd38b9ac37d99b2b,103031
A0AAW1BFF7,https://alphafold.ebi.ac.uk/files/AF-A0AAW1BFF7-F1-model_v6.pdb,2026-10-08,6,68.25,2025-03-31T00:00:00Z,ok,ab74354a6659794a60945105f9e59c0cda78967823129b36a0723a00d86d49c3,583928
A0AAW1BGY9,https://alphafold.ebi.ac.uk/files/AF-A0AAW1BGY9-F1-model_v6.pdb,2026-10-08,6,71.56,2025-03-31T00:00:00Z,ok,6f05d54e2c6a3a37e63f8dc0d46f2b6fcc62c439e054ae74a97085e91e15ccb3,516941
A0AAW1BHH2,https://alphafold.ebi.ac.uk/files/AF-A0AAW1BHH2-F1-model_v6.pdb,2026-10-08,6,53.12,2025-03-31T00:00:00Z,ok,fdfec3031bc27829159056c0e1a9e931757411aacf2938706efe54cf07caaf82,120932
A0AAW1BLL2,https://alphafold.ebi.ac.uk/files/AF-A0AAW1BLL2-F1-model_v6.pdb,2026-10-08,6,64.06,2025-03-31T00:00:00Z,ok,7c5248a2a8390db34a054691098fed041d47eb4af3c554909321c9671680fdf7,399005
A0AAW1BLM9,https://alphafold.ebi.ac.uk/files/AF-A0AAW1BLM9-F1-model_v6.pdb,2026-10-08,6,68.38,2025-03-31T00:00:00Z,ok,6c05a698c38d5071f80ced66af247b7f014df11430e00c0fd72f8c3e38cd10c8,496853
A0AAW1BLU2,https://alphafold.ebi.ac.uk/files/AF-A0AAW1BLU2-F1-model_v6.pdb,2026-10-08,6,62.59,2025-03-31T00:00:00Z,ok,c25bef4678cc233813fab519b03b50c2c26d9588efef54884cb7f80ab2f5f500,531602
A0AAW1BM18,https://alphafold.ebi.ac.uk/files/AF-A0AAW1BM18-F1-model_v6.pdb,2026-10-08,6,84.0,2025-03-31T00:00:00Z,ok,f53587cf4ba015f280ec4cc18382c743778ba4bb2b53ec33264a28324ddc45b7,611792
A0AAW1BNJ2,https://alphafold.ebi.ac.uk/files/AF-A0AAW1BNJ2-F1-model_v6.pdb,2026-10-08,6,59.56,2025-03-31T00:00:00Z,ok,5060b17b7c05a803f788a53e881f95b17400c597d7bcc9b81aeb2a27192e9702,137537
A0AAW1BP06,https://alphafold.ebi.ac.uk/files/AF-A0AAW1BP06-F1-model_v6.pdb,2026-10-08,6,81.88,2025-03-31T00:00:00Z,ok,e184e54df69be9ab803f1e4f838642d3c62996eea854bc82be41d75b534f3e8b,575504
A0AAW1BQ28,https://alphafold.ebi.ac.uk/files/AF-A0AAW1BQ28-F1-model_v6.pdb,2026-10-08,6,89.12,2025-03-31T00:00:00Z,ok,a74066733ea26a288b50e4dd2e436667f890e12211e50ca353251e6661eeff8a,384344
A0AAW1BS91,https://alphafold.ebi.ac.uk/files/AF-A0AAW1BS91-F1-model_v6.pdb,2026-10-08,6,52.91,2025-03-31T00:00:00Z,ok,62c50e230b8ae8f34e9175cf05c2d9082fe3b685494eb5cc9c78b269d4e79950,124982
A0AAW1BSY2,https://alphafold.ebi.ac.uk/files/AF-A0AAW1BSY2-F1-model_v6.pdb,2026-10-08,6,83.69,2025-03-31T00:00:00Z,ok,01232c128b84341c908b7f3a2435343f03e75f547e64d1c2074ccd4b6a5e7085,334043
A0AAW1BSY8,https://alphafold.ebi.ac.uk/files/AF-A0AAW1BSY8-F1-model_v6.pdb,2026-10-08,6,82.12,2025-03-31T00:00:00Z,ok,590d791fcac21e835e32c4c2b6818fb5c95bc88719986701df4ce517f6d8d0db,337526
A0AAW1BT23,https://alphafold.ebi.ac.uk/files/AF-A0AAW1BT23-F1-model_v6.pdb,2026-10-08,6,67.56,2025-03-31T00:00:00Z,ok,715caa83be1968879acf7fff5db21adf274a73b43ec2aaa256417b1c1bb74ef3,282041
A0AAW1BT49,https://alphafold.ebi.ac.uk/files/AF-A0AAW1BT49-F1-model_v6.pdb,2026-10-08,6,81.56,2025-03-31T00:00:00Z,ok,3c10de0733d91b8fcfb63101481a8179076c23ff4db054a30fec71642b02a99f,45359
A0AAW1BT82,https://alphafold.ebi.ac.uk/files/AF-A0AAW1BT82-F1-model_v6.pdb,2026-10-08,6,60.44,2025-03-31T00:00:00Z,ok,376ffb47b6c0d97bbe3d1115000eb75fb9996c3be220aefb6260e623cc6f74c6,172610
A0AAW1BTY0,https://alphafold.ebi.ac.uk/files/AF-A0AAW1BTY0-F1-model_v6.pdb,2026-10-08,6,78.5,2025-03-31T00:00:00Z,ok,8f8dc5783ec2802ff92c232d8cf06800c319e1bbf90a503690039e92bd8308f7,364904
A0AAW1BU64,https://alphafold.ebi.ac.uk/files/AF-A0AAW1BU64-F1-model_v6.pdb,2026-10-08,6,66.44,2025-03-31T00:00:00Z,ok,79837625cd2b1e5d091d141b79d61975f8d657043bca6d0e8cc921c1f0971b78,418688
A0AAW1BUC3,https://alphafold.ebi.ac.uk/files/AF-A0AAW1BUC3-F1-model_v6.pdb,2026-10-08,6,84.94,2025-03-31T00:00:00Z,ok,e3d8c7bce6838e9b90de8419df3c2308012558f85f1a7fcc82794d3dfb3fa5d1,308933
A0AAW1BUL0,https://alphafold.ebi.ac.uk/files/AF-A0AAW1BUL0-F1-model_v6.pdb,2026-10-08,6,61.69,2025-03-31T00:00:00Z,ok,0284b4444804e0da46ce9a885ada1df23c79f5325c9c13d15f7ba294662811ea,404675
A0AAW1BUN9,https://alphafold.ebi.ac.uk/files/AF-A0AAW1BUN9-F1-model_v6.pdb,2026-10-08,6,85.31,2025-03-31T00:00:00Z,ok,9e44d107585445c557594d632cc6e690d0a9f3bb4f5b771f327b5b22d3bddd9c,317357
A0AAW1BUQ7,https://alphafold.ebi.ac.uk/files/AF-A0AAW1BUQ7-F1-model_v6.pdb,2026-10-08,6,70.31,2025-03-31T00:00:00Z,ok,00237e7ce6e258542099d3e28fcf8c501637ebf2d2c0e74075cf6b4ab106a9a4,196910
A0AAW1BUR1,https://alphafold.ebi.ac.uk/files/AF-A0AAW1BUR1-F1-model_v6.pdb,2026-10-08,6,81.38,2025-03-31T00:00:00Z,ok,470ca3cea51cf5707efbe4ba2b7982a99b878516d02db81de70f4c60d53b66ed,338174
A0AAW1BUR4,https://alphafold.ebi.ac.uk/files/AF-A0AAW1BUR4-F1-model_v6.pdb,2026-10-08,6,86.12,2025-03-31T00:00:00Z,ok,c0e353efbcb96a51bfb169f5a899f9cb0b8a0000163a7c7bc8954753862dde81,318896
A0AAW1BUT8,https://alphafold.ebi.ac.uk/files/AF-A0AAW1BUT8-F1-model_v6.pdb,2026-10-08,6,69.0,2025-03-31T00:00:00Z,ok,2750e0b15cfefc8fbbe8c4fed2210d572924bfb7055a172b0615d563300f68ba,414071
A0AAW1BUV9,https://alphafold.ebi.ac.uk/files/AF-A0AAW1BUV9-F1-model_v6.pdb,2026-10-08,6,82.62,2025-03-31T00:00:00Z,ok,9a756be67f8b06631ec75f41005bae5fc4a5b953ea13dd202368fdee2bda6178,294029
A0AAW1BUW4,https://alphafold.ebi.ac.uk/files/AF-A0AAW1BUW4-F1-model_v6.pdb,2026-10-08,6,68.94,2025-03-31T00:00:00Z,ok,1a5747955e62aa5e72dbbd9f5cf72ef0db2b70c2eb846e31676b56b89cd6987d,364985
A0AAW1BUZ5,https://alphafold.ebi.ac.uk/files/AF-A0AAW1BUZ5-F1-model_v6.pdb,2026-10-08,6,62.66,2025-03-31T00:00:00Z,ok,2175f6b8d567720567288972e90859e9a722e9a77e4fb3d613ca53415bf0d855,778652
A0AAW1BV02,https://alphafold.ebi.ac.uk/files/AF-A0AAW1BV02-F1-model_v6.pdb,2026-10-08,6,59.69,2025-03-31T00:00:00Z,ok,49aa57c300ffc69b8942bd1e881f0e01336216f38bbf6a977b20411b1bdf52a5,451979
A0AAW1BV16,https://alphafold.ebi.ac.uk/files/AF-A0AAW1BV16-F1-model_v6.pdb,2026-10-08,6,75.88,2025-03-31T00:00:00Z,ok,cf70f56b83509fafcbcd29b906ddb06863f93745ea14aa2ce119f57484673431,174959
A0AAW1BV77,https://alphafold.ebi.ac.uk/files/AF-A0AAW1BV77-F1-model_v6.pdb,2026-10-08,6,92.62,2025-03-31T00:00:00Z,ok,ce68a021d815e692371e71d29a76cb7392e92a3179013b4f016d038728aadb83,323918
A0AAW1BV82,https://alphafold.ebi.ac.uk/files/AF-A0AAW1BV82-F1-model_v6.pdb,2026-10-08,6,83.06,2025-03-31T00:00:00Z,ok,276fc6a2f3b185f75f5e1947211a3096aadb2ad38f4696e77fcc20501c5cf231,333233
A0AAW1BV93,https://alphafold.ebi.ac.uk/files/AF-A0AAW1BV93-F1-model_v6.pdb,2026-10-08,6,64.0,2025-03-31T00:00:00Z,ok,1bc0f6fbe71000195e5f4c3d92069edcc08e8c484e2b95b270d25f00fca9cfcf,379889
A0AAW1BVA6,https://alphafold.ebi.ac.uk/files/AF-A0AAW1BVA6-F1-model_v6.pdb,2026-10-08,6,81.31,2025-03-31T00:00:00Z,ok,87292e9a813e5047c6de6eafd4edb8942d361cfafb845a45b8421a7a1cafbe87,304316
A0AAW1BVI2,https://alphafold.ebi.ac.uk/files/AF-A0AAW1BVI2-F1-model_v6.pdb,2026-10-08,6,79.38,2025-03-31T00:00:00Z,ok,10ab9c756f0d8e397532f5d3a8bda530cd2f7021e75ba02bfeeb49146454cd8f,160622
A0AAW1BW22,https://alphafold.ebi.ac.uk/files/AF-A0AAW1BW22-F1-model_v6.pdb,2026-10-08,6,76.0,2025-03-31T00:00:00Z,ok,a52ad3bf99087be4adb7351dfe4d79e62986cde9ebec345264bddb986e55af97,157382
A0AAW1BW52,https://alphafold.ebi.ac.uk/files/AF-A0AAW1BW52-F1-model_v6.pdb,2026-10-08,6,70.38,2025-03-31T00:00:00Z,ok,090da8f83c874adae20c3fbae0a8d88900d3b15e5e7a866099289a74cfd0ea21,579878
A0AAW1BW72,https://alphafold.ebi.ac.uk/files/AF-A0AAW1BW72-F1-model_v6.pdb,2026-10-08,6,79.31,2025-03-31T00:00:00Z,ok,4984878bd4fec96c5e19bc67a77f00e1f75a500990ad44fd3dd3fdc08d431dda,288926
A0AAW1BWH1,https://alphafold.ebi.ac.uk/files/AF-A0AAW1BWH1-F1-model_v6.pdb,2026-10-08,6,81.62,2025-03-31T00:00:00Z,ok,e51134f4501337265611e4a151be3d1a46096e3d3d7890a9b2e7f447f97c7141,171638
A0AAW1BWN1,https://alphafold.ebi.ac.uk/files/AF-A0AAW1BWN1-F1-model_v6.pdb,2026-10-08,6,79.69,2025-03-31T00:00:00Z,ok,bc1d349397e31241e6a2f588c9bd16affd1182154d72f6aa9ce2623acb9c5275,294434
A0AAW1BX03,https://alphafold.ebi.ac.uk/files/AF-A0AAW1BX03-F1-model_v6.pdb,2026-10-08,6,87.12,2025-03-31T00:00:00Z,ok,eb99493ccbfb3e78be384cb449fec42a91cf79e025e31cf83d48bc83cde62d49,100763
A0AAW1BX81,https://alphafold.ebi.ac.uk/files/AF-A0AAW1BX81-F1-model_v6.pdb,2026-10-08,6,78.19,2025-03-31T00:00:00Z,ok,fd5ea78319ca476237e581c99ad61c83d3b6dab4077911ba1c3c1d280891dd18,336068
A0AAW1BYB0,https://alphafold.ebi.ac.uk/files/AF-A0AAW1BYB0-F1-model_v6.pdb,2026-10-08,6,74.62,2025-03-31T00:00:00Z,ok,b9f0abce92f247f8c00b0054cb55ccf487f4b98cd912df223995f1f414ec56c9,392606
A0AAW1BYI2,https://alphafold.ebi.ac.uk/files/AF-A0AAW1BYI2-F1-model_v6.pdb,2026-10-08,6,69.75,2025-03-31T00:00:00Z,ok,4dbb8802fa7025d27878e64021cf9e2bac46c3dcbbfdf3e59a2e21e358a5868d,380699
A0AAW1BYN5,https://alphafold.ebi.ac.uk/files/AF-A0AAW1BYN5-F1-model_v6.pdb,2026-10-08,6,76.44,2025-03-31T00:00:00Z,ok,a5817047395b1b2c9b8c2e68b686b98f510cc77990042238352cc6be7f176a25,425006
A0AAW1BZJ8,https://alphafold.ebi.ac.uk/files/AF-A0AAW1BZJ8-F1-model_v6.pdb,2026-10-08,6,65.38,2025-03-31T00:00:00Z,ok,b4d55128081d8fca307f2a01e717e12b27a1a5b6b4e005fb19beaad7ed70046c,683720
A0AAW1BZW6,https://alphafold.ebi.ac.uk/files/AF-A0AAW1BZW6-F1-model_v6.pdb,2026-10-08,6,87.25,2025-03-31T00:00:00Z,ok,3cccfcfd026e0c9e21ba26008852b15b5c4ece2a595738193d30c18ec8148b15,319625
A0AAW1BZY4,https://alphafold.ebi.ac.uk/files/AF-A0AAW1BZY4-F1-model_v6.pdb,2026-10-08,6,75.81,2025-03-31T00:00:00Z,ok,e3ab3886839302248b3f7dd12ed6b82a894ce6858dff6d7ad6021ca158e855ae,306422
A0AAW1C0A5,https://alphafold.ebi.ac.uk/files/AF-A0AAW1C0A5-F1-model_v6.pdb,2026-10-08,6,85.75,2025-03-31T00:00:00Z,ok,fd031efbab64ea65e28438ae324e3b853405ca233ce3ce6f9b4bff350622dd6c,145313
A0AAW1C0K0,https://alphafold.ebi.ac.uk/files/AF-A0AAW1C0K0-F1-model_v6.pdb,2026-10-08,6,97.81,2025-03-31T00:00:00Z,ok,55a1be0a60df2b89324383d02ddc0359d7d08f092aa2a20381c5a2b665d2e1dc,87074
A0AAW1C2T4,https://alphafold.ebi.ac.uk/files/AF-A0AAW1C2T4-F1-model_v6.pdb,2026-10-08,6,72.94,2025-03-31T00:00:00Z,ok,dac1e52911c94c5868d5a65f3e03f8493e6faeb99bed05eb342a4d9c30c1af8f,472553
A0AAW1C2W9,https://alphafold.ebi.ac.uk/files/AF-A0AAW1C2W9-F1-model_v6.pdb,2026-10-08,6,70.25,2025-03-31T00:00:00Z,ok,7cdaa849820c932c1612d1dc5b05103964cd940ae0af5edf1a3e71ec4c179a31,435212
A0AAW1C3A6,https://alphafold.ebi.ac.uk/files/AF-A0AAW1C3A6-F1-model_v6.pdb,2026-10-08,6,72.81,2025-03-31T00:00:00Z,ok,57e746094798c37ee187b1136b99a0f1cde5cb585794a40d6104b25ca657876f,483326
A0AAW1C4I2,https://alphafold.ebi.ac.uk/files/AF-A0AAW1C4I2-F1-model_v6.pdb,2026-10-08,6,74.88,2025-03-31T00:00:00Z,ok,ee9e7b5a1c0a207cd6c2dee0599469baaac15587009d58afc7de1765894b6e0d,464210
A0AAW1C5Z8,https://alphafold.ebi.ac.uk/files/AF-A0AAW1C5Z8-F1-model_v6.pdb,2026-10-08,6,85.94,2025-03-31T00:00:00Z,ok,04eca32b0f1d3889e4c9e01c52056b1d8cf7b853d99d8e4eaecf44c6cca29756,232712
A0AAW1C6P1,https://alphafold.ebi.ac.uk/files/AF-A0AAW1C6P1-F1-model_v6.pdb,2026-10-08,6,82.12,2025-03-31T00:00:00Z,ok,0d5baf5f0797cdb97560c9c03265b006df1de05b8b8a46e63fb0da922d96dd33,475226
A0AAW1C6Y2,https://alphafold.ebi.ac.uk/files/AF-A0AAW1C6Y2-F1-model_v6.pdb,2026-10-08,6,79.62,2025-03-31T00:00:00Z,ok,aa3e38b695b58b03fda57710a3dc62f9d1afa82fbe18e066180768e530215ccb,478142
A0AAW1C727,https://alphafold.ebi.ac.uk/files/AF-A0AAW1C727-F1-model_v6.pdb,2026-10-08,6,86.56,2025-03-31T00:00:00Z,ok,0e9bcbf62ecde4a9cbc68c2f059e909442937e736b6544ceb5ea19f9eb852cb4,179009
A0AAW1C7L8,https://alphafold.ebi.ac.uk/files/AF-A0AAW1C7L8-F1-model_v6.pdb,2026-10-08,6,79.12,2025-03-31T00:00:00Z,ok,bc80b2f8092288fbdc92aaa11551c2cbdafd16e3dedece9933ba90cd9f0cc6a1,481787
A0AAW1C850,https://alphafold.ebi.ac.uk/files/AF-A0AAW1C850-F1-model_v6.pdb,2026-10-08,6,62.5,2025-03-31T00:00:00Z,ok,ba7212c046b59a13b8ac7de686e6ca81a0e3ec4571c25b0906e8496f84509fae,276452
A0AAW1C8A7,https://alphafold.ebi.ac.uk/files/AF-A0AAW1C8A7-F1-model_v6.pdb,2026-10-08,6,86.0,2025-03-31T00:00:00Z,ok,0defee18bc5e8f0b4eff31595e35620d9fe61e4980b1260dba6e18722c995de3,223235
A0AAW1C8P0,https://alphafold.ebi.ac.uk/files/AF-A0AAW1C8P0-F1-model_v6.pdb,2026-10-08,6,78.38,2025-03-31T00:00:00Z,ok,fc8351b753ad0d13bbadc3409d5eac425feb34c813f3ee989a5a563f64b3441a,231740
A0AAW1C9Q8,https://alphafold.ebi.ac.uk/files/AF-A0AAW1C9Q8-F1-model_v6.pdb,2026-10-08,6,92.75,2025-03-31T00:00:00Z,ok,51cbdef4e183676acc6a5b827481e5512ff717589b8ac75d623a3fae889574b1,153008
A0AAW1C9S9,https://alphafold.ebi.ac.uk/files/AF-A0AAW1C9S9-F1-model_v6.pdb,2026-10-08,6,68.81,2025-03-31T00:00:00Z,ok,9f41ef12ce40cb97bd8d86ae630bc75c3cfaa8063a33bb33c9dc9b3955353fc3,547802
A0AAW1CAC9,https://alphafold.ebi.ac.uk/files/AF-A0AAW1CAC9-F1-model_v6.pdb,2026-10-08,6,82.69,2025-03-31T00:00:00Z,ok,39495dbe74ebebf2e8edc920a44073e380c7d238d0b04d10426668f7983f7a7a,323756
A0AAW1CAH9,https://alphafold.ebi.ac.uk/files/AF-A0AAW1CAH9-F1-model_v6.pdb,2026-10-08,6,71.19,2025-03-31T00:00:00Z,ok,1322b614dc8bfdb6b133beb5f4c508ab6085cfa32639742024f095fbd7f69e8a,535733
A0AAW1CAX3,https://alphafold.ebi.ac.uk/files/AF-A0AAW1CAX3-F1-model_v6.pdb,2026-10-08,6,80.69,2025-03-31T00:00:00Z,ok,9729685c7b20507ed3335fffff8ff4a5db1e06aff236e8d7490ba0e841737b13,234413
A0AAW1CBW0,https://alphafold.ebi.ac.uk/files/AF-A0AAW1CBW0-F1-model_v6.pdb,2026-10-08,6,83.5,2025-03-31T00:00:00Z,ok,9acc2aa84d9ffd2497f481c98c06ed04417cc1d1951f00165b4663d19f3dee06,638036
A0AAW1CD90,https://alphafold.ebi.ac.uk/files/AF-A0AAW1CD90-F1-model_v6.pdb,2026-10-08,6,84.94,2025-03-31T00:00:00Z,ok,a02e1b0717932a8d92cd9d3671ea2dba82c1d5f32ea5001be6a325188cf0ca84,313874
A0RZC6,https://alphafold.ebi.ac.uk/files/AF-A0RZC6-F1-model_v6.pdb,2026-10-08,6,79.88,2025-08-01T00:00:00Z,ok,e8da13f957fbf8bb1a89d727321372c7a481f95262e67f4e4efc9bf6227231fe,1065716
A1IVR7,https://alphafold.ebi.ac.uk/files/AF-A1IVR7-F1-model_v6.pdb,2026-10-08,6,91.88,2025-08-01T00:00:00Z,ok,c73d0c18d28136e2fc4d24de1b8c122daf73485586b3ff3aad79d8a2883694cc,51110
A1IVR8,https://alphafold.ebi.ac.uk/files/AF-A1IVR8-F1-model_v6.pdb,2026-10-08,6,91.5,2025-08-01T00:00:00Z,ok,bac2088db0baa9e7884b6707a646a323fddd2912661c34597276c6e977c122ee,50867
A1IVR9,https://alphafold.ebi.ac.uk/files/AF-A1IVR9-F1-model_v6.pdb,2026-10-08,6,92.12,2025-08-01T00:00:00Z,ok,7212438dba09d08b64be977b25a8f987a7253bf389110a60822b6746387e2fb8,51515
A2CJE2,https://alphafold.ebi.ac.uk/files/AF-A2CJE2-F1-model_v6.pdb,2026-10-08,6,97.19,2025-08-01T00:00:00Z,ok,adae91639df590b0a055d5de878e5087bbc8421b0c5f181ff14a79eb829a10f1,114533
A2CJE3,https://alphafold.ebi.ac.uk/files/AF-A2CJE3-F1-model_v6.pdb,2026-10-08,6,97.19,2025-08-01T00:00:00Z,ok,2404398b228750e75ecaa13c280b8e53bd4bbf290d50f4f1d9197ef461a942f2,114533
A2CJE4,https://alphafold.ebi.ac.uk/files/AF-A2CJE4-F1-model_v6.pdb,2026-10-08,6,93.88,2025-08-01T00:00:00Z,ok,4f123a6f3259421f0ddf819e6e73af1acba0aeb2ca75ffadcc8e0a67706fbe03,113885
A2CJE5,https://alphafold.ebi.ac.uk/files/AF-A2CJE5-F1-model_v6.pdb,2026-10-08,6,90.38,2025-08-01T00:00:00Z,ok,345374f74b2fb341c3728296332a7b36a7e58f04bcbea0560a06685983e055fa,40094
A2CJE6,https://alphafold.ebi.ac.uk/files/AF-A2CJE6-F1-model_v6.pdb,2026-10-08,6,90.56,2025-08-01T00:00:00Z,ok,c2d8e140a93a24da53775c35370f38c941d54387200c80d227575ac3d7b4288b,40418
A2CKF6,https://alphafold.ebi.ac.uk/files/AF-A2CKF6-F1-model_v6.pdb,2026-10-08,6,87.12,2025-08-01T00:00:00Z,ok,91b9f155050ffc4c7f9780b599ec37062f0e39e1583ab5a3ae970af5c8b6ed87,58805
A2CKF7,https://alphafold.ebi.ac.uk/files/AF-A2CKF7-F1-model_v6.pdb,2026-10-08,6,89.12,2025-08-01T00:00:00Z,ok,70ac2546e39a0a5474ad860c069a192e19207f4569b02d1c23bc5a5525554329,58886
A2TK72,https://alphafold.ebi.ac.uk/files/AF-A2TK72-F1-model_v6.pdb,2026-10-08,6,93.69,2025-08-01T00:00:00Z,ok,2388779be3e189c066a271c23703f188389a9cf8569d7a995237e69edbe70fc4,157058
A3R0T9,https://alphafold.ebi.ac.uk/files/AF-A3R0T9-F1-model_v6.pdb,2026-10-08,6,84.62,2025-08-01T00:00:00Z,ok,236e12678864179459063eb89680baaef2d7d864ca1e47d02dbb7ee2a0ff5c33,398114
A4FS04,https://alphafold.ebi.ac.uk/files/AF-A4FS04-F1-model_v6.pdb,2026-10-08,6,97.44,2025-08-01T00:00:00Z,ok,1f5b779525e786b156313c83b57cb14e68ea5afb496c5ba8d7656edfc7cfcecb,79055
A4PBQ9,https://alphafold.ebi.ac.uk/files/AF-A4PBQ9-F1-model_v6.pdb,2026-10-08,6,84.5,2025-08-01T00:00:00Z,ok,51744e549a3d63e94a8aa7ea61013c41e4ad136c2dfe7915c97d4efe772ccd93,392525
A4VBF0,https://alphafold.ebi.ac.uk/files/AF-A4VBF0-F1-model_v6.pdb,2026-10-08,6,91.31,2025-08-01T00:00:00Z,ok,4e8c83e7ca2651ee2704e8f63a0b0348d35715b52cbb358652f1933b07e58c32,91367
A5X2W8,https://alphafold.ebi.ac.uk/files/AF-A5X2W8-F1-model_v6.pdb,2026-10-08,6,83.25,2025-08-01T00:00:00Z,ok,3e4827a90e4b6265c0bc2413ec8067ba369f24cea8cd08d8be26ff57f7834e27,60749
A6MEY4,https://alphafold.ebi.ac.uk/files/AF-A6MEY4-F1-model_v6.pdb,2026-10-08,6,87.31,2025-08-01T00:00:00Z,ok,549210b11a057f889175fa135e5704abd60d6019c78ab32044dbb4f6e2e63e29,93797
A6MJG3,https://alphafold.ebi.ac.uk/files/AF-A6MJG3-F1-model_v6.pdb,2026-10-08,6,86.38,2022-06-01T00:00:00Z,ok,815341761e07a61ff264b93fd31fb2332a79b9fecef81f1804c45dc6e9249bf3,100439
A6MJG4,https://alphafold.ebi.ac.uk/files/AF-A6MJG4-F1-model_v6.pdb,2026-10-08,6,87.94,2022-06-01T00:00:00Z,ok,0a8416f41338c13ff61c925748d460adac691677917f1765f3245c9d248d8c66,99953
A6MJG5,https://alphafold.ebi.ac.uk/files/AF-A6MJG5-F1-model_v6.pdb,2026-10-08,6,87.56,2022-06-01T00:00:00Z,ok,09e43eac1e3e6b202dc8081672878a7c9851bcdfc0b0940eb25d09ea797edb00,100358
A6MJG6,https://alphafold.ebi.ac.uk/files/AF-A6MJG6-F1-model_v6.pdb,2026-10-08,6,85.12,2022-06-01T00:00:00Z,ok,ca4f5a5494b046484638641f4243d9c663841f5914c5142425df2bda4dbcefe4,96308
A6MJG7,https://alphafold.ebi.ac.uk/files/AF-A6MJG7-F1-model_v6.pdb,2026-10-08,6,86.75,2022-06-01T00:00:00Z,ok,f91b39fd7be99df121b81b80cba21417a52c9d6a5c6f9b81936aed82963f2058,95741
A6MJG8,https://alphafold.ebi.ac.uk/files/AF-A6MJG8-F1-model_v6.pdb,2026-10-08,6,87.31,2022-06-01T00:00:00Z,ok,dde9d163ac6a940ecb960a1ad8efe03afbf169c0fc26f90d4c769902bcfb75dc,95741
A6XJS7,https://alphafold.ebi.ac.uk/files/AF-A6XJS7-F1-model_v6.pdb,2026-10-08,6,80.56,2022-06-01T00:00:00Z,ok,52eb10b3e558f1baf1fa596fb3876916c3410546c27adc7186d0e58d43aab200,397142
A7LAC6,https://alphafold.ebi.ac.uk/files/AF-A7LAC6-F1-model_v6.pdb,2026-10-08,6,90.31,2025-08-01T00:00:00Z,ok,b0baf006003896db08471d90a2f9f8be1df955e5f45fa81a4123c4f1ed6cef84,171152
A7LAC7,https://alphafold.ebi.ac.uk/files/AF-A7LAC7-F1-model_v6.pdb,2026-10-08,6,90.0,2025-08-01T00:00:00Z,ok,683ce155172ddff48e916cbc811f1a90e902c8ded9fef370d2cd5d4e8d306b10,171962
A7X4Q3,https://alphafold.ebi.ac.uk/files/AF-A7X4Q3-F1-model_v6.pdb,2026-10-08,6,90.06,2025-08-01T00:00:00Z,ok,a66366ce74df3d8bd880a7bbb640b771cc50b0ff847c29e603d1065e9344ffcf,62045
A7X4R0,https://alphafold.ebi.ac.uk/files/AF-A7X4R0-F1-model_v6.pdb,2026-10-08,6,90.06,2025-08-01T00:00:00Z,ok,6606b2179a1c38c4d390843a1bdf2a5b2ccf01b8db5dbe4d60e497ce293e3e7f,61964
A7X4R5,https://alphafold.ebi.ac.uk/files/AF-A7X4R5-F1-model_v6.pdb,2026-10-08,6,92.06,2025-08-01T00:00:00Z,ok,c1cd1efc381f0592d028d543204df55494638905f05efc6544a138e7cedbe2aa,54755
A7X4S0,https://alphafold.ebi.ac.uk/files/AF-A7X4S0-F1-model_v6.pdb,2026-10-08,6,92.62,2025-08-01T00:00:00Z,ok,a44d201ef2c3662ad2cbf22e2de6dff736c32d1905341cef466fbc06a768f61c,55241
A7X4S7,https://alphafold.ebi.ac.uk/files/AF-A7X4S7-F1-model_v6.pdb,2026-10-08,6,86.25,2025-08-01T00:00:00Z,ok,dafc0dac8f67cf4891dcfcee770a1d9d6860e3a37ce0625f6759c53c262ba55a,53459
A7X4T2,https://alphafold.ebi.ac.uk/files/AF-A7X4T2-F1-model_v6.pdb,2026-10-08,6,89.19,2025-08-01T00:00:00Z,ok,f8d09f54d4dad538bae961d01d67844b521558256bfe6b0a6e3a6201ad65426d,56294
A7X6J0,https://alphafold.ebi.ac.uk/files/AF-A7X6J0-F1-model_v6.pdb,2026-10-08,6,86.94,2025-08-01T00:00:00Z,ok,60a1eba2ea74ff58ccdeb6d35a0bc733cc0d2f8e791a5c2f933f5ace3da191b8,57590
A8CG78,https://alphafold.ebi.ac.uk/files/AF-A8CG78-F1-model_v6.pdb,2026-10-08,6,88.5,2025-08-01T00:00:00Z,ok,17d977110f4b4839fdd6b6be5cbf5ded72fb428d9b75bab88c638e3093e058d4,92501
A8CG82,https://alphafold.ebi.ac.uk/files/AF-A8CG82-F1-model_v6.pdb,2026-10-08,6,90.44,2025-08-01T00:00:00Z,ok,f8e9fb53ad4ce0f15fcaa0ee6cbf91d0a52f57e22fff8d5baa6141085cc3acbe,94202
A8CG84,https://alphafold.ebi.ac.uk/files/AF-A8CG84-F1-model_v6.pdb,2026-10-08,6,90.62,2025-08-01T00:00:00Z,ok,fb6ee5ec323d9abfc40f6bee3e49dc6817ddaa573b6ef8fc3701b65faa7da21f,91286
A8CG86,https://alphafold.ebi.ac.uk/files/AF-A8CG86-F1-model_v6.pdb,2026-10-08,6,90.75,2025-08-01T00:00:00Z,ok,f9fc23b08b4b4a64ee3d561ebc8b6d1f2e9805d6b3fb64b13e2517c4d1524366,90881
A8CG87,https://alphafold.ebi.ac.uk/files/AF-A8CG87-F1-model_v6.pdb,2026-10-08,6,89.5,2025-08-01T00:00:00Z,ok,1c0c45cdc7f23cc0deb7ef35a3719bec1f6ca3364f6b30665655755023a33d06,92501
A8CG89,https://alphafold.ebi.ac.uk/files/AF-A8CG89-F1-model_v6.pdb,2026-10-08,6,90.12,2025-08-01T00:00:00Z,ok,3cef33fa02f26202bf651bbe8d0deef3ad0cf9288690947b3a9f4d72246ec564,94202
A8CG90,https://alphafold.ebi.ac.uk/files/AF-A8CG90-F1-model_v6.pdb,2026-10-08,6,91.56,2025-08-01T00:00:00Z,ok,461f73c4c4c0c9e9ccabd39d7d9405c54d757fbe13445ce25412aff096352777,91772
A8E2V5,https://alphafold.ebi.ac.uk/files/AF-A8E2V5-F1-model_v6.pdb,2026-10-08,6,90.0,2022-06-01T00:00:00Z,ok,02046ac4792ec8cb14b5aef4349af59f917ca9402043fa71f49f5ffc55f0c14d,95093
A8E2V6,https://alphafold.ebi.ac.uk/files/AF-A8E2V6-F1-model_v6.pdb,2026-10-08,6,90.0,2022-06-01T00:00:00Z,ok,5f8f382bdc32008c94035c89d84ac80b3d8752ad6229031d75b2232dd9e020d1,94688
A8E2V7,https://alphafold.ebi.ac.uk/files/AF-A8E2V7-F1-model_v6.pdb,2026-10-08,6,95.44,2022-06-01T00:00:00Z,ok,bde94b2588f74c0d1ffa19626c8e48aae3689b768556341589e1060d24d455bc,80432
A8HDJ4,https://alphafold.ebi.ac.uk/files/AF-A8HDJ4-F1-model_v6.pdb,2026-10-08,6,92.0,2025-08-01T00:00:00Z,ok,9db3c86aae15fe37e6b57951127bfd48590fdf6c3c44cb7641dd3dcc4544cd63,54755
A8HDJ5,https://alphafold.ebi.ac.uk/files/AF-A8HDJ5-F1-model_v6.pdb,2026-10-08,6,92.31,2025-08-01T00:00:00Z,ok,1ea0a8abb5e20dbd54dacdad7af7c706105fc98f1737f8a76d139e7a394457db,53945
A8HDJ6,https://alphafold.ebi.ac.uk/files/AF-A8HDJ6-F1-model_v6.pdb,2026-10-08,6,92.19,2025-08-01T00:00:00Z,ok,a576d317598754338f4e0b79088df642119ba096bf61dc52c779318388d8876c,54269
A8HDJ9,https://alphafold.ebi.ac.uk/files/AF-A8HDJ9-F1-model_v6.pdb,2026-10-08,6,92.0,2025-08-01T00:00:00Z,ok,2ed6e111c0dccd58656a593e666c26d419348b19727f30a53c8b8c63eadc7f5d,54350
A8HDK0,https://alphafold.ebi.ac.uk/files/AF-A8HDK0-F1-model_v6.pdb,2026-10-08,6,91.44,2025-08-01T00:00:00Z,ok,8160d5794087c0ea2877b40d04c03cc4c5ac940e9365b284a7bd999cf0c7c4f1,54593
A8HDK1,https://alphafold.ebi.ac.uk/files/AF-A8HDK1-F1-model_v6.pdb,2026-10-08,6,89.25,2025-08-01T00:00:00Z,ok,9854856fb6d0870930da8f4e5b6a0139900179ba4bb031928f216be0139654f5,53054
A8HDK2,https://alphafold.ebi.ac.uk/files/AF-A8HDK2-F1-model_v6.pdb,2026-10-08,6,84.94,2025-08-01T00:00:00Z,ok,f416d720d8f1e4f0c7196f9d699a75d571235f6d82972636975df5825724a94f,53864
A8HDK4,https://alphafold.ebi.ac.uk/files/AF-A8HDK4-F1-model_v6.pdb,2026-10-08,6,87.44,2025-08-01T00:00:00Z,ok,d2e0bc2dfdb8487361c8b2b377675820e99e7168715ef935348562324587d82c,61397
A8HDK6,https://alphafold.ebi.ac.uk/files/AF-A8HDK6-F1-model_v6.pdb,2026-10-08,6,87.94,2025-08-01T00:00:00Z,ok,95f834cabfe0e2cc66b6ffda320ea72654db82249ea6599a4e35c2471883791b,60020
A8HDK7,https://alphafold.ebi.ac.uk/files/AF-A8HDK7-F1-model_v6.pdb,2026-10-08,6,90.0,2025-08-01T00:00:00Z,ok,400c5efb753af13eb93df6397c619e3cfc0768d483f8785904d6aadd0c72a138,62369
A8HDK8,https://alphafold.ebi.ac.uk/files/AF-A8HDK8-F1-model_v6.pdb,2026-10-08,6,90.19,2025-08-01T00:00:00Z,ok,e648ca47b89a3a86e04e6bebcca6c084a0f1a6f5c6650c2b635c8ee2e3b3603c,62126
A8HDK9,https://alphafold.ebi.ac.uk/files/AF-A8HDK9-F1-model_v6.pdb,2026-10-08,6,90.44,2025-08-01T00:00:00Z,ok,80e93c078bf8212d41a53e628c8773311f2db6c7a01803e8dfe5b3b1d203cc96,61802
A8N285,https://alphafold.ebi.ac.uk/files/AF-A8N285-F1-model_v6.pdb,2026-10-08,6,87.31,2025-08-01T00:00:00Z,ok,cc5cf90f80b534e09036bc427a8ea6ca565f8034317ec62511af24ef1fce5dc6,62045
A8N286,https://alphafold.ebi.ac.uk/files/AF-A8N286-F1-model_v6.pdb,2026-10-08,6,86.81,2025-08-01T00:00:00Z,ok,df5bfc7c054ec683b51f2a3d87aa4d44d61238a0867a55cdc967e6ad610c3226,60263
A8QL48,https://alphafold.ebi.ac.uk/files/AF-A8QL48-F1-model_v6.pdb,2026-10-08,6,83.38,2025-08-01T00:00:00Z,ok,262e36a0906192818e3f058f6bc405c6558028bf1de061ef7a909edc457ea38c,393659
A8QL49,https://alphafold.ebi.ac.uk/files/AF-A8QL49-F1-model_v6.pdb,2026-10-08,6,83.56,2025-08-01T00:00:00Z,ok,73ad3fd6df7f78e1c859f771f5c9a4e23d89d0153e30430bb4b2bd4630986019,397871
A8QL51,https://alphafold.ebi.ac.uk/files/AF-A8QL51-F1-model_v6.pdb,2026-10-08,6,93.62,2025-08-01T00:00:00Z,ok,dd89ca0a09749637770061a519a9d80959cd5f5fbf40f25f4d49368035920713,343439
A8QL52,https://alphafold.ebi.ac.uk/files/AF-A8QL52-F1-model_v6.pdb,2026-10-08,6,93.69,2025-08-01T00:00:00Z,ok,0e7618c3c7bbc40192d46b7cf6e1186bf2c61ae339fafb73c7ee17c35f325005,343196
A8QL53,https://alphafold.ebi.ac.uk/files/AF-A8QL53-F1-model_v6.pdb,2026-10-08,6,81.56,2025-08-01T00:00:00Z,ok,5a5b825329c6af8ce49d0f513fcb4b447ee1996c726de844d46089255fc63b7f,182330
A8QL56,https://alphafold.ebi.ac.uk/files/AF-A8QL56-F1-model_v6.pdb,2026-10-08,6,88.19,2025-08-01T00:00:00Z,ok,0c59af839be0d4a68a76ee8e1c8e738997c2958ae4c623edc54fea6b8ee6187d,168074
A8QL57,https://alphafold.ebi.ac.uk/files/AF-A8QL57-F1-model_v6.pdb,2026-10-08,6,82.0,2025-08-01T00:00:00Z,ok,940b1958753ab1247a7d6762956daa1946444d7331cbe9f77561163de891ed2a,181601
A8QL58,https://alphafold.ebi.ac.uk/files/AF-A8QL58-F1-model_v6.pdb,2026-10-08,6,94.0,2025-08-01T00:00:00Z,ok,502892d9ba7e3d4a43104b9b86ca45d8d24daa52cbb1c499cbd3c4353d641771,338255
A8QL59,https://alphafold.ebi.ac.uk/files/AF-A8QL59-F1-model_v6.pdb,2026-10-08,6,81.75,2025-08-01T00:00:00Z,ok,1d3a6ce6bdd66a879484341a0ba1985cf6d9d9bb9b72362ecdcbbc4efb99b153,400301
A8S6A4,https://alphafold.ebi.ac.uk/files/AF-A8S6A4-F1-model_v6.pdb,2026-10-08,6,91.69,2025-08-01T00:00:00Z,ok,208324fef42869c73e555100742fd81a5d04b8df282c15492635dd057ecc32e5,54269
A8S6A8,https://alphafold.ebi.ac.uk/files/AF-A8S6A8-F1-model_v6.pdb,2026-10-08,6,88.81,2025-08-01T00:00:00Z,ok,7f6deed3993ff9ca2135d3680645c0fb45daa0f26d5ebb852477cd308fbe0931,59291
A8S6B0,https://alphafold.ebi.ac.uk/files/AF-A8S6B0-F1-model_v6.pdb,2026-10-08,6,87.12,2025-08-01T00:00:00Z,ok,f0618442edd2ca6bed486a8a471909f1e3042bf62b39e1727efda82938f49a48,59939
A8S6B3,https://alphafold.ebi.ac.uk/files/AF-A8S6B3-F1-model_v6.pdb,2026-10-08,6,56.66,2025-08-01T00:00:00Z,ok,862571b9f017295bf2aa38c1514772b2079ed1261f127c53e28c26d8689665c9,25109
A8S6B6,https://alphafold.ebi.ac.uk/files/AF-A8S6B6-F1-model_v6.pdb,2026-10-08,6,91.31,2025-08-01T00:00:00Z,ok,b019d987ca6c762d70e53daba813be9148666e1c3c89f782e3428ef83175eb3a,155033
A8S6C2,https://alphafold.ebi.ac.uk/files/AF-A8S6C2-F1-model_v6.pdb,2026-10-08,6,87.69,2022-06-01T00:00:00Z,ok,2849c177413171271e5af44969fb2ca8af1e811b7841db20768c345cbb1ccbac,97118
A8S6C5,https://alphafold.ebi.ac.uk/files/AF-A8S6C5-F1-model_v6.pdb,2026-10-08,6,88.38,2022-06-01T00:00:00Z,ok,79843f93a4450601b2c39759f83a89ca2765bf55dc4aff08ea4d08c211e00fa6,96794
A8S6C8,https://alphafold.ebi.ac.uk/files/AF-A8S6C8-F1-model_v6.pdb,2026-10-08,6,87.69,2022-06-01T00:00:00Z,ok,98096097b675b98db82f8a07f4a65ec58fab99c95ef41840c7c6462a00f93ea2,97280
A8Y7N5,https://alphafold.ebi.ac.uk/files/AF-A8Y7N5-F1-model_v6.pdb,2026-10-08,6,89.31,2025-08-01T00:00:00Z,ok,7ed7ede62b5d2951086d846540ced9483d1fb3f5d0bec9af60d4c2ba710ae716,57752
A8Y7P3,https://alphafold.ebi.ac.uk/files/AF-A8Y7P3-F1-model_v6.pdb,2026-10-08,6,88.31,2025-08-01T00:00:00Z,ok,9e76daa76a546c7c691dd2db516af199bf10d3fdcb470b9dc0cfb20bb2cf2260,57428
A8Y7P4,https://alphafold.ebi.ac.uk/files/AF-A8Y7P4-F1-model_v6.pdb,2026-10-08,6,88.31,2025-08-01T00:00:00Z,ok,f2f3825dda894fc838300f0b64baacae26a806af261f668b9cbc46ac14981665,57671
A8YPR6,https://alphafold.ebi.ac.uk/files/AF-A8YPR6-F1-model_v6.pdb,2026-10-08,6,51.25,2025-08-01T00:00:00Z,ok,2b59a731ee2f18fdf2b17c8775d45335506c28185efc6c82797b988e8e40ee68,192536
A8YPR9,https://alphafold.ebi.ac.uk/files/AF-A8YPR9-F1-model_v6.pdb,2026-10-08,6,45.12,2025-08-01T00:00:00Z,ok,9c9494abf40de7e5f3e90a87730256bb57c9a576ad435ed2cd371398ae827dff,208979
B0FXM1,https://alphafold.ebi.ac.uk/files/AF-B0FXM1-F1-model_v6.pdb,2026-10-08,6,90.25,2025-08-01T00:00:00Z,ok,612422385b9da73a836b7c6861987a8448792a2cf2dd8f836a5ca6696b6d8bfa,172772
B0FXM2,https://alphafold.ebi.ac.uk/files/AF-B0FXM2-F1-model_v6.pdb,2026-10-08,6,90.06,2025-08-01T00:00:00Z,ok,45e50fef4d4652a8661f2f25c713dfef809dfe71716591343ba486a5ef5f0545,172286
B0FXM3,https://alphafold.ebi.ac.uk/files/AF-B0FXM3-F1-model_v6.pdb,2026-10-08,6,89.25,2025-08-01T00:00:00Z,ok,6df4f1d3d7d615e6c95f871d662bebe34138da9861a8a60621ee3ae5ce849d29,165482
B0VXT6,https://alphafold.ebi.ac.uk/files/AF-B0VXT6-F1-model_v6.pdb,2026-10-08,6,88.69,2022-06-01T00:00:00Z,ok,788af340e33af3b4e4e8d553f367b0da1adaae2fe873446f8370ae19caaa9a82,164105
B0VXU3,https://alphafold.ebi.ac.uk/files/AF-B0VXU3-F1-model_v6.pdb,2026-10-08,6,89.25,2022-06-01T00:00:00Z,ok,82847dd04dbf0bb96941dd63385da8c3ca5d87c2d719cadfe09e6ee411a84ee8,164834
B0VXU4,https://alphafold.ebi.ac.uk/files/AF-B0VXU4-F1-model_v6.pdb,2026-10-08,6,82.69,2022-06-01T00:00:00Z,ok,5cee5a58ddeb02740f16b43df7f2f33679ff1e2297fb1f8c889877df2ec2d3f6,391067
B0VXU5,https://alphafold.ebi.ac.uk/files/AF-B0VXU5-F1-model_v6.pdb,2026-10-08,6,80.12,2022-06-01T00:00:00Z,ok,fd904c691fc9f3335f208ad13fa46b5c59086db239122677b02b0b550ee7101a,398519
B0VXU6,https://alphafold.ebi.ac.uk/files/AF-B0VXU6-F1-model_v6.pdb,2026-10-08,6,81.38,2022-06-01T00:00:00Z,ok,72a941cad353a0620e90142f371563413e39d5eae1e27d3ad3f23f78dcce7395,388880
B0VXU7,https://alphafold.ebi.ac.uk/files/AF-B0VXU7-F1-model_v6.pdb,2026-10-08,6,92.06,2022-06-01T00:00:00Z,ok,d430b782d3b05b7f4a51207dc98b593a3ab10ee412b7f84d60cb0e5062e8858f,112751
B0VXU8,https://alphafold.ebi.ac.uk/files/AF-B0VXU8-F1-model_v6.pdb,2026-10-08,6,82.38,2022-06-01T00:00:00Z,ok,71a1d66ccba045c854ded7f397cad18aacb1f1f885875299b9fc8ea3e93ff6f9,290303
B0VXU9,https://alphafold.ebi.ac.uk/files/AF-B0VXU9-F1-model_v6.pdb,2026-10-08,6,87.38,2022-06-01T00:00:00Z,ok,337c8d3df0e28ac37684ddb525c9853a939cc016c8db18cd6075ebd30d267970,321731
B0VXV0,https://alphafold.ebi.ac.uk/files/AF-B0VXV0-F1-model_v6.pdb,2026-10-08,6,89.38,2025-08-01T00:00:00Z,ok,e539528b2f0d97578d27bf2fd02d23925a337a3a9bc4105d229be5e985287686,102059
B0VXV1,https://alphafold.ebi.ac.uk/files/AF-B0VXV1-F1-model_v6.pdb,2026-10-08,6,84.62,2025-08-01T00:00:00Z,ok,8808cf0bff78180ed06f4f16589e652f8f6e170820987bb4e106824fa99088e0,100682
B0VXV2,https://alphafold.ebi.ac.uk/files/AF-B0VXV2-F1-model_v6.pdb,2026-10-08,6,89.5,2025-08-01T00:00:00Z,ok,2848e5c0c1c63c4389343fe7b4db72903cf93812ba6424e6dea9260beb3f7ac1,101411
B0VXV3,https://alphafold.ebi.ac.uk/files/AF-B0VXV3-F1-model_v6.pdb,2026-10-08,6,82.5,2025-08-01T00:00:00Z,ok,da2f9f60eeb7d427017cfba0709abd17b8e8aa6969fef3d634ef83bc034ff223,98009
B0VXV4,https://alphafold.ebi.ac.uk/files/AF-B0VXV4-F1-model_v6.pdb,2026-10-08,6,82.62,2025-08-01T00:00:00Z,ok,f0ad8fd0392e169d208a944dbb59c401fee418e38708cf4e9573f2762e7c1256,98009
B0VXV5,https://alphafold.ebi.ac.uk/files/AF-B0VXV5-F1-model_v6.pdb,2026-10-08,6,64.81,2022-06-01T00:00:00Z,ok,d131a87a83d40cd38bc0a67600592d94fffd314c1112b214eb1bd3450f669b0f,157706
B0VXV6,https://alphafold.ebi.ac.uk/files/AF-B0VXV6-F1-model_v6.pdb,2026-10-08,6,90.38,2025-08-01T00:00:00Z,ok,2849a6c46f73d11e4d1f3c3c1c09634072a0f0d5721e2fd12ed7a02c792ef087,155762
B0VXV8,https://alphafold.ebi.ac.uk/files/AF-B0VXV8-F1-model_v6.pdb,2026-10-08,6,57.38,2025-08-01T00:00:00Z,ok,9c07ed4eea731754db2424da828eb9a6af27e44de3cd580ecc502aa0603dfbba,124334
B0VXW0,https://alphafold.ebi.ac.uk/files/AF-B0VXW0-F1-model_v6.pdb,2026-10-08,6,94.19,2025-08-01T00:00:00Z,ok,365d3d48e6bf112aafb34089bb3d1bb6c520aa9e251a70adda8df003a25adb1d,341900
B0ZT25,https://alphafold.ebi.ac.uk/files/AF-B0ZT25-F1-model_v6.pdb,2026-10-08,6,88.38,2025-08-01T00:00:00Z,ok,391159ba4fe7f9fe658ce178fc812939c0f1afc98182c0be2a8dc1e725f0b3fa,168965
B1NMS6,https://alphafold.ebi.ac.uk/files/AF-B1NMS6-F1-model_v6.pdb,2026-10-08,6,63.72,2022-06-01T00:00:00Z,ok,bcc6c55c32b53148823696c6a4fd01c2e24131845a1da86181df00ee55665474,88532
B1Q3K2,https://alphafold.ebi.ac.uk/files/AF-B1Q3K2-F1-model_v6.pdb,2026-10-08,6,67.56,2022-06-01T00:00:00Z,ok,fe8719eeb28539c66d75161d220307b06180a98923d9d02616ec0f359fa06033,159974
B2BRQ5,https://alphafold.ebi.ac.uk/files/AF-B2BRQ5-F1-model_v6.pdb,2026-10-08,6,86.5,2025-08-01T00:00:00Z,ok,535fa0499f2695813d06009e0c4b3ffa54af788c22cf637a1168b2671a26fc82,62045
B2BRQ6,https://alphafold.ebi.ac.uk/files/AF-B2BRQ6-F1-model_v6.pdb,2026-10-08,6,83.69,2025-08-01T00:00:00Z,ok,a7eea6ebc7714bf4acc2d5563019818764f0e1672d6992c6509a1c8bde9792e2,71522
B2BRQ7,https://alphafold.ebi.ac.uk/files/AF-B2BRQ7-F1-model_v6.pdb,2026-10-08,6,81.88,2022-06-01T00:00:00Z,ok,817893b902b4c18aaf775aa9720ed420b22aaeeac673a8c17cacf6f63bd4fa97,59291
B2BRQ8,https://alphafold.ebi.ac.uk/files/AF-B2BRQ8-F1-model_v6.pdb,2026-10-08,6,87.75,2022-06-01T00:00:00Z,ok,3ed31ab65b6558997009019d1ad081931bebd782aced503f587d0374948421ed,58076
B2BRQ9,https://alphafold.ebi.ac.uk/files/AF-B2BRQ9-F1-model_v6.pdb,2026-10-08,6,86.31,2022-06-01T00:00:00Z,ok,88bc79f3ffc04b973649991abdc1a688546ee27176ef429c4616befbffa24907,59453
B2BRR0,https://alphafold.ebi.ac.uk/files/AF-B2BRR0-F1-model_v6.pdb,2026-10-08,6,87.94,2022-06-01T00:00:00Z,ok,ccb6478a49f83e91444322d9161be852fa0ad19f2a644f553670ae571e354306,58238
B2BRR1,https://alphafold.ebi.ac.uk/files/AF-B2BRR1-F1-model_v6.pdb,2026-10-08,6,85.69,2022-06-01T00:00:00Z,ok,514b05f6a7d01755fa83f617d9376e0442729831b1403b3fba77483c3caaf40d,58157
B2BRR2,https://alphafold.ebi.ac.uk/files/AF-B2BRR2-F1-model_v6.pdb,2026-10-08,6,87.5,2022-06-01T00:00:00Z,ok,f207deb4095db4de32f1c68a2cd9af1900565cc904d4916fc8f7e3c6263e7b8d,58076
B2BRR3,https://alphafold.ebi.ac.uk/files/AF-B2BRR3-F1-model_v6.pdb,2026-10-08,6,83.06,2022-06-01T00:00:00Z,ok,3c808af75bc1166471a74ad4c1e018f50961b69e6b1fad145f62126c589fc51f,58076
B2BRR4,https://alphafold.ebi.ac.uk/files/AF-B2BRR4-F1-model_v6.pdb,2026-10-08,6,88.0,2022-06-01T00:00:00Z,ok,c519326c8d713fb1c2e91cef34be37058e2eb795269313ae452926dcf0c0d409,58562
B2BRR5,https://alphafold.ebi.ac.uk/files/AF-B2BRR5-F1-model_v6.pdb,2026-10-08,6,87.19,2022-06-01T00:00:00Z,ok,5aa7f01c70da1a4e2d90ab6606f5725df1b3dd9e8072a7c8fe4e98161763b0de,58400
B2BRR6,https://alphafold.ebi.ac.uk/files/AF-B2BRR6-F1-model_v6.pdb,2026-10-08,6,87.5,2022-06-01T00:00:00Z,ok,dcba1d983bd2f42b76b257e1ba1792718b3e07b6c19f80b62b5807c94505f523,58076
B2BRR7,https://alphafold.ebi.ac.uk/files/AF-B2BRR7-F1-model_v6.pdb,2026-10-08,6,87.5,2022-06-01T00:00:00Z,ok,5e54af103a1f1a358bb4d9e25f406845c53505882657ba61f84fb3de9e990846,58157
B2BRR8,https://alphafold.ebi.ac.uk/files/AF-B2BRR8-F1-model_v6.pdb,2026-10-08,6,87.19,2022-06-01T00:00:00Z,ok,1432407b776ddf3beafb21297122ed087c98900acfe75dd07bba7994641f9190,58076
B2BRR9,https://alphafold.ebi.ac.uk/files/AF-B2BRR9-F1-model_v6.pdb,2026-10-08,6,57.75,2022-06-01T00:00:00Z,ok,506cbc8e27b4aac12ea8760733c2baa76f704018b170f7c6065d73bd7c1fd8a2,39851
B2BRS0,https://alphafold.ebi.ac.uk/files/AF-B2BRS0-F1-model_v6.pdb,2026-10-08,6,52.62,2022-06-01T00:00:00Z,ok,d4012780e933fe46f5ca5b2a3b29caec71d23eecbb8e08d985eec1e41aa3d99e,40013
B2BRS1,https://alphafold.ebi.ac.uk/files/AF-B2BRS1-F1-model_v6.pdb,2026-10-08,6,84.44,2022-06-01T00:00:00Z,ok,0cf607e0e2a9767153c815a77482b3b032ed66ecd2d20381c40f3b1cd3c2f567,60506
B2BRS2,https://alphafold.ebi.ac.uk/files/AF-B2BRS2-F1-model_v6.pdb,2026-10-08,6,88.69,2022-06-01T00:00:00Z,ok,23cf84707c76cb5f9b79feddceb2e1cd2f16cc5185c452b082859717cbdd0e4a,54431
B2BRS3,https://alphafold.ebi.ac.uk/files/AF-B2BRS3-F1-model_v6.pdb,2026-10-08,6,88.88,2022-06-01T00:00:00Z,ok,fc6acbb4059a08802555f55576bab5866e354d8914a15abc1efe28664317e284,54269
B2BRS4,https://alphafold.ebi.ac.uk/files/AF-B2BRS4-F1-model_v6.pdb,2026-10-08,6,87.12,2022-06-01T00:00:00Z,ok,5dd48a8cb9b7325873b3ffa2b8fe9efaf0a12a4cc157dd8089b1e337c1e6a38f,62126
B2BRS5,https://alphafold.ebi.ac.uk/files/AF-B2BRS5-F1-model_v6.pdb,2026-10-08,6,87.75,2022-06-01T00:00:00Z,ok,d948a0e2e424a714b96b4f8a5e8c5935d3b155a1eab05fab86f09a21d325bbea,97037
B2BRS6,https://alphafold.ebi.ac.uk/files/AF-B2BRS6-F1-model_v6.pdb,2026-10-08,6,86.81,2022-06-01T00:00:00Z,ok,6ca0db43e8e90e7ba7e1feafff8c991cdd98db2f9039c5a6d206e794faa447a8,95741
B2BRS7,https://alphafold.ebi.ac.uk/files/AF-B2BRS7-F1-model_v6.pdb,2026-10-08,6,87.25,2022-06-01T00:00:00Z,ok,cc772fcd6b02c0d0fe58e702265b21e7a6d19127b23161ee0ce6ad267344b608,95660
B2BRS8,https://alphafold.ebi.ac.uk/files/AF-B2BRS8-F1-model_v6.pdb,2026-10-08,6,86.75,2022-06-01T00:00:00Z,ok,a585371aae4b148a54a9ecfa535064dcde3291e4a379ebd3839a93aeb670cb9f,95741
B2BRS9,https://alphafold.ebi.ac.uk/files/AF-B2BRS9-F1-model_v6.pdb,2026-10-08,6,87.69,2022-06-01T00:00:00Z,ok,22bca4624eb270937b2673219a6e02f434a55dda2d6b6bd9f7e60eae9e6a4ab3,97523
B2CGN4,https://alphafold.ebi.ac.uk/files/AF-B2CGN4-F1-model_v6.pdb,2026-10-08,6,68.56,2022-06-01T00:00:00Z,ok,3073f50ecf62dba289e2433ff426f3404d9023e449451095948e01df0db960d1,26486
B2CGN7,https://alphafold.ebi.ac.uk/files/AF-B2CGN7-F1-model_v6.pdb,2026-10-08,6,88.88,2022-06-01T00:00:00Z,ok,9faf7cd757ac1305f809529c43379efbb32aae856261580abb3cc502c50ee266,26081
B2CGN9,https://alphafold.ebi.ac.uk/files/AF-B2CGN9-F1-model_v6.pdb,2026-10-08,6,88.0,2022-06-01T00:00:00Z,ok,c2b9e9e7b1bed7c7609072ab350c76424a58e2e81af291418637df2ba1c200f0,26486
B2KTG2,https://alphafold.ebi.ac.uk/files/AF-B2KTG2-F1-model_v6.pdb,2026-10-08,6,89.62,2025-08-01T00:00:00Z,ok,73cdd0ab35d3247aa36ac52fe4c8fd51b681e1fca7019f09079ce62086590471,59129
B2KTG3,https://alphafold.ebi.ac.uk/files/AF-B2KTG3-F1-model_v6.pdb,2026-10-08,6,88.94,2025-08-01T00:00:00Z,ok,05f14a05d9edd6382de3f74e80e32ad9b3928f5d5e18253a4aea59c4fff2cd47,58319
B3A0N3,https://alphafold.ebi.ac.uk/files/AF-B3A0N3-F1-model_v6.pdb,2026-10-08,6,78.38,2025-08-01T00:00:00Z,ok,fb1b9a47862a85be11d7d59a2ab78feb4ec7b4eb97c2c84228014fb4aea0adf7,36692
B3EWF8,https://alphafold.ebi.ac.uk/files/AF-B3EWF8-F1-model_v6.pdb,2026-10-08,6,89.88,2025-08-01T00:00:00Z,ok,34e83783ef3e0e91ceb52a9e2899cdd77e0da8f8b86d26bc5607703ecb2511ad,56537
B3EWH9,https://alphafold.ebi.ac.uk/files/AF-B3EWH9-F1-model_v6.pdb,2026-10-08,6,92.19,2025-08-01T00:00:00Z,ok,de4dd54730781b557df34d8d29745432f63a9d643fe9b4d29a6c8e9d8dedb527,42362
B3EWI9,https://alphafold.ebi.ac.uk/files/AF-B3EWI9-F1-model_v6.pdb,2026-10-08,6,71.5,2025-08-01T00:00:00Z,ok,f20137e162602c1728b432e72d8210b53a0b7f441ff89ad340000ebd790fa933,25919
B3EWQ8,https://alphafold.ebi.ac.uk/files/AF-B3EWQ8-F1-model_v6.pdb,2026-10-08,6,93.0,2025-08-01T00:00:00Z,ok,a695dd5c9dde989955ef79b1c258dc0bd4c2d857be5c666a99ec5bf717d96383,14498
B5G6F6,https://alphafold.ebi.ac.uk/files/AF-B5G6F6-F1-model_v6.pdb,2026-10-08,6,90.5,2022-06-01T00:00:00Z,ok,73b0611b70d699481c7360dcb3d020a2b4690a4e272039e05b480738f5f4da92,55160
B5G6G1,https://alphafold.ebi.ac.uk/files/AF-B5G6G1-F1-model_v6.pdb,2026-10-08,6,88.62,2022-06-01T00:00:00Z,ok,a17c4b86ba7736989f99e6e5b373c841553f06473161e162d0902ee1fa4daaf8,99143
B5KFV1,https://alphafold.ebi.ac.uk/files/AF-B5KFV1-F1-model_v6.pdb,2026-10-08,6,81.75,2022-06-01T00:00:00Z,ok,ac5325b9de122204b58993d3abf8f57fa181960bda590de7a35c5719a166dcd5,392444
B5KFV2,https://alphafold.ebi.ac.uk/files/AF-B5KFV2-F1-model_v6.pdb,2026-10-08,6,81.69,2022-06-01T00:00:00Z,ok,33ebc03bb72901a9c80a6814345c20ceea899bfd9c37d4d6bc07ba6e901880b0,393821
B5KFV3,https://alphafold.ebi.ac.uk/files/AF-B5KFV3-F1-model_v6.pdb,2026-10-08,6,80.5,2022-06-01T00:00:00Z,ok,2a05980530688df8a966e80a98cfa11677e9f6133af73e53bc3d1129b09e48a6,397709
B5KFV4,https://alphafold.ebi.ac.uk/files/AF-B5KFV4-F1-model_v6.pdb,2026-10-08,6,81.31,2022-06-01T00:00:00Z,ok,b5ddf1ad04ee4fffe81eb6fe76be7e10bc3d24cfb314588c11ee026cb2952f63,396818
B5KFV5,https://alphafold.ebi.ac.uk/files/AF-B5KFV5-F1-model_v6.pdb,2026-10-08,6,79.31,2022-06-01T00:00:00Z,ok,78807a65f0310e2c390630d87f35cc38ae4963a3caa417d95e6f89a30bb007d7,394955
B5KFV6,https://alphafold.ebi.ac.uk/files/AF-B5KFV6-F1-model_v6.pdb,2026-10-08,6,80.38,2022-06-01T00:00:00Z,ok,74519b791aecd98c09bfe10a428c8fae35a2ba2fe9a9e19e28b699485f73b438,395441
B5KFV7,https://alphafold.ebi.ac.uk/files/AF-B5KFV7-F1-model_v6.pdb,2026-10-08,6,81.75,2022-06-01T00:00:00Z,ok,4af240857b94282b2275ac5158423089ec5565c45378f3fc5995aaee28ef9908,391958
B5KFV9,https://alphafold.ebi.ac.uk/files/AF-B5KFV9-F1-model_v6.pdb,2026-10-08,6,80.0,2022-06-01T00:00:00Z,ok,1cd0f38c3191ee2acb2dd440744a2f460e21873b9efb753cfe56f8b4d4b5aa4c,395360
B5KLA9,https://alphafold.ebi.ac.uk/files/AF-B5KLA9-F1-model_v6.pdb,2026-10-08,6,85.75,2022-06-01T00:00:00Z,ok,31189f5890d1599ac921f26711e74cdd22df6712b5aca5a17829f9b402597416,125873
B5KLB0,https://alphafold.ebi.ac.uk/files/AF-B5KLB0-F1-model_v6.pdb,2026-10-08,6,84.38,2022-06-01T00:00:00Z,ok,19ed8f7c6ba9ec0d5587e807c34d9e424594ed7b9d853fd7286765a8ade69434,125711
B5KLB1,https://alphafold.ebi.ac.uk/files/AF-B5KLB1-F1-model_v6.pdb,2026-10-08,6,85.75,2022-06-01T00:00:00Z,ok,62cb417e043cc73ad94d37418bea5a7ae4491713b4a4ed32e4f468c261b70cca,126845
B5KLB2,https://alphafold.ebi.ac.uk/files/AF-B5KLB2-F1-model_v6.pdb,2026-10-08,6,86.06,2022-06-01T00:00:00Z,ok,22a6da312a5d1d8c151a52821f206903e3ca2149ed418ff2056926fa2fc23ee8,125549
B5KLB3,https://alphafold.ebi.ac.uk/files/AF-B5KLB3-F1-model_v6.pdb,2026-10-08,6,82.31,2022-06-01T00:00:00Z,ok,59c68432e3474f56986a89c35ac41a10fe19ba5cc79be95176552aa538445bd6,125468
B5KLB4,https://alphafold.ebi.ac.uk/files/AF-B5KLB4-F1-model_v6.pdb,2026-10-08,6,85.69,2022-06-01T00:00:00Z,ok,1fbf3c989f8e28b5685775b134d7560fcae0b4c9a801a588e7ad46ef1da939fe,125549
B5KLB9,https://alphafold.ebi.ac.uk/files/AF-B5KLB9-F1-model_v6.pdb,2026-10-08,6,84.94,2022-06-01T00:00:00Z,ok,500cb2c1a660b1250b775ca776347bc14b4dfe9dfb3e4aab52bba70c064c845d,125549
B5KLC0,https://alphafold.ebi.ac.uk/files/AF-B5KLC0-F1-model_v6.pdb,2026-10-08,6,85.0,2022-06-01T00:00:00Z,ok,b66f7b7e8d782e10693ffb889ad9b8d429e00dd18572c2d8e889bdbe2cf80eb9,127655
B5KLC1,https://alphafold.ebi.ac.uk/files/AF-B5KLC1-F1-model_v6.pdb,2026-10-08,6,85.06,2022-06-01T00:00:00Z,ok,5fabf138699e026695b3e7e2a62568e3ea87846f6624e8f71e60fc9acf9cae02,126116
B5KLC2,https://alphafold.ebi.ac.uk/files/AF-B5KLC2-F1-model_v6.pdb,2026-10-08,6,86.19,2022-06-01T00:00:00Z,ok,f20019a4c1c53ca78e42c9426d9c20c2e6ce3d61b2220a2abe814a35d8bbed71,126035
B5L5Q8,https://alphafold.ebi.ac.uk/files/AF-B5L5Q8-F1-model_v6.pdb,2026-10-08,6,89.0,2025-08-01T00:00:00Z,ok,3a0d9e5b0d4eb769b55c27c904d58699fbeed2b7138d463f2d8476c74ac6b088,56861
B5U6Y3,https://alphafold.ebi.ac.uk/files/AF-B5U6Y3-F1-model_v6.pdb,2026-10-08,6,89.69,2025-08-01T00:00:00Z,ok,aabb1b6b9acc50570a479331a634deadce2f692d3f0a8c05aef2c38ed1bca30f,165725
B5U6Y4,https://alphafold.ebi.ac.uk/files/AF-B5U6Y4-F1-model_v6.pdb,2026-10-08,6,88.19,2025-08-01T00:00:00Z,ok,ee70a8034d109e1b27abe0e3c88b095f5e4987c349d75f42a943ed82ce6edbba,92906
B5U6Y6,https://alphafold.ebi.ac.uk/files/AF-B5U6Y6-F1-model_v6.pdb,2026-10-08,6,89.38,2025-08-01T00:00:00Z,ok,1b20ea625fb6beb281f503765d646e9022483215cfb27580b7e3687f1def9a75,101087
B5U6Y7,https://alphafold.ebi.ac.uk/files/AF-B5U6Y7-F1-model_v6.pdb,2026-10-08,6,87.06,2025-08-01T00:00:00Z,ok,7e5a30bf1db5c160b57311792387d610d277973d7ee14711ece2a35e727b740e,105137
B5U6Y8,https://alphafold.ebi.ac.uk/files/AF-B5U6Y8-F1-model_v6.pdb,2026-10-08,6,95.44,2025-08-01T00:00:00Z,ok,eb54bf9776c944395c3a7b8e27aaab1983efff3fa1b0f84360fa978359e294c5,329669
B7FDI0,https://alphafold.ebi.ac.uk/files/AF-B7FDI0-F1-model_v6.pdb,2026-10-08,6,96.88,2025-08-01T00:00:00Z,ok,f917d5ec62f7a8a2f262081eebf6a0182c61cef9627a65c5326633a9055581c1,144584
B7FDI1,https://alphafold.ebi.ac.uk/files/AF-B7FDI1-F1-model_v6.pdb,2026-10-08,6,93.62,2025-08-01T00:00:00Z,ok,a5759d126aafd73496b0ab8f1f6eebdd5efc8bedf67a992de354059e87d426db,155519
B7S4N9,https://alphafold.ebi.ac.uk/files/AF-B7S4N9-F1-model_v6.pdb,2026-10-08,6,87.75,2025-08-01T00:00:00Z,ok,0f51d3e84b80906bd76d8338e23f3b7b23058562d7484667dd7002caf7ba0a89,59696
B7U492,https://alphafold.ebi.ac.uk/files/AF-B7U492-F1-model_v6.pdb,2026-10-08,6,85.44,2025-08-01T00:00:00Z,ok,5734bc3515e0b177b40dedc55097793820db52c4a3f36061c424dcc79df01af0,271511
B8K1V9,https://alphafold.ebi.ac.uk/files/AF-B8K1V9-F1-model_v6.pdb,2026-10-08,6,59.41,2025-08-01T00:00:00Z,ok,8a32ee281285a4af5c89b2ed4bea55e1017d97a4c20f334f63ade39bafd58ec1,88046
B8K1W0,https://alphafold.ebi.ac.uk/files/AF-B8K1W0-F1-model_v6.pdb,2026-10-08,6,83.81,2025-08-01T00:00:00Z,ok,d9574270cabdb88562a2bfeac5a1b7f8bb534231e13e23fa52e52a82e02770d3,401759
B8QCG6,https://alphafold.ebi.ac.uk/files/AF-B8QCG6-F1-model_v6.pdb,2026-10-08,6,65.19,2025-08-01T00:00:00Z,ok,81af515ad18b16ed843e3ff9526180e8299d9effa210da97bb56d2c06bd15091,127169
C0HJB0,https://alphafold.ebi.ac.uk/files/AF-C0HJB0-F1-model_v6.pdb,2026-10-08,6,88.62,2025-08-01T00:00:00Z,ok,98eda16c556d70376f2b54d72134d7651389b44949ad9cb4cc464a5193786ce6,40904
C0HJD7,https://alphafold.ebi.ac.uk/files/AF-C0HJD7-F1-model_v6.pdb,2026-10-08,6,85.81,2025-08-01T00:00:00Z,ok,c4e6846463e581e5623a880898409a40367d22ea83a5d7de06e83eaae8715f4d,49166
C0HJE7,https://alphafold.ebi.ac.uk/files/AF-C0HJE7-F1-model_v6.pdb,2026-10-08,6,94.12,2025-08-01T00:00:00Z,ok,53ade752926980e719aef591ed965b63d45d2e69e253257e518614493647e5cd,344006
C0HJI9,https://alphafold.ebi.ac.uk/files/AF-C0HJI9-F1-model_v6.pdb,2026-10-08,6,61.41,2025-08-01T00:00:00Z,ok,60b0e535110313197f862637d64c3674daaddf8de18eab610f4430150d908bb9,19844
C0HJL8,https://alphafold.ebi.ac.uk/files/AF-C0HJL8-F1-model_v6.pdb,2026-10-08,6,96.25,2025-08-01T00:00:00Z,ok,97e7af3394210d2a95e4ee5f27443b261644129343c21e805727f5a9330657c8,84401
C0HJM4,https://alphafold.ebi.ac.uk/files/AF-C0HJM4-F1-model_v6.pdb,2026-10-08,6,87.94,2025-08-01T00:00:00Z,ok,627b555a93f4a6bd024fd43f577ca98525b12db0ee8f6e222f83bf74b394c673,46088
C0HJM5,https://alphafold.ebi.ac.uk/files/AF-C0HJM5-F1-model_v6.pdb,2026-10-08,6,91.88,2025-08-01T00:00:00Z,ok,22e540faef2018d654da4efb9c31dc590dbf1003f2e27a04b0e6c756e4ec24a8,46574
C0HJP9,https://alphafold.ebi.ac.uk/files/AF-C0HJP9-F1-model_v6.pdb,2026-10-08,6,47.19,2025-08-01T00:00:00Z,ok,54a15e84a45209c5cbf5fb39950553a10bde6bcbd4968f370d2e8b079f6b6eeb,34181
C0HJQ0,https://alphafold.ebi.ac.uk/files/AF-C0HJQ0-F1-model_v6.pdb,2026-10-08,6,54.38,2025-08-01T00:00:00Z,ok,e25363d18e73af07116853d3d178cfee93bc6c188fd5bb88f90ddfbd5e7871c3,26486
C0HJR1,https://alphafold.ebi.ac.uk/files/AF-C0HJR1-F1-model_v6.pdb,2026-10-08,6,94.31,2025-08-01T00:00:00Z,ok,171f96eb0e0a65961ccc8797cd33c861e72565a1b38edb1c495c3774f9906226,44549
C0HJR2,https://alphafold.ebi.ac.uk/files/AF-C0HJR2-F1-model_v6.pdb,2026-10-08,6,94.31,2025-08-01T00:00:00Z,ok,e8eb04017e07d24b7515eb1448e0bc90dd3c48f2b07d45a7200489fbd53ae9eb,44468
C0HJR6,https://alphafold.ebi.ac.uk/files/AF-C0HJR6-F1-model_v6.pdb,2026-10-08,6,72.12,2025-08-01T00:00:00Z,ok,22f6454ab4b180b80501ef32430e1748f3a73ad2497188628259f7b1f0ea73eb,21302
C0HJT4,https://alphafold.ebi.ac.uk/files/AF-C0HJT4-F1-model_v6.pdb,2026-10-08,6,92.12,2025-08-01T00:00:00Z,ok,ed8bcccc94d1aaeabb889eb8b7a75527f9b8bfb44e841960d3f7176ef4da564c,45602
C0HJT5,https://alphafold.ebi.ac.uk/files/AF-C0HJT5-F1-model_v6.pdb,2026-10-08,6,92.44,2025-08-01T00:00:00Z,ok,b9af1951c6e8384182119c48f90f5a1f944d41f13376db59e4c80226863132c8,46250
C0HJW9,https://alphafold.ebi.ac.uk/files/AF-C0HJW9-F1-model_v6.pdb,2026-10-08,6,55.47,2025-08-01T00:00:00Z,ok,2331a02a2a7119461671dcf55141c3d9937dd8581c6100afbadfd2d965e43363,26162
C0HK16,https://alphafold.ebi.ac.uk/files/AF-C0HK16-F1-model_v6.pdb,2026-10-08,6,96.38,2025-08-01T00:00:00Z,ok,000b26c81a786e94748aeb128473012ec7bc9ad02d20621474a6418e53dc54e3,81242
C0HK18,https://alphafold.ebi.ac.uk/files/AF-C0HK18-F1-model_v6.pdb,2026-10-08,6,76.88,2025-08-01T00:00:00Z,ok,a06f9b910af675a29356b183dad4317186c5fadf2e27f5b8ed1bb76f4044b597,44306
C0HK19,https://alphafold.ebi.ac.uk/files/AF-C0HK19-F1-model_v6.pdb,2026-10-08,6,87.94,2025-08-01T00:00:00Z,ok,9b2ac1c6f3dd5c28ab330ef5bf76f9ceeaa39940b5715622599c4166e93a5cce,55322
C0HK50,https://alphafold.ebi.ac.uk/files/AF-C0HK50-F1-model_v6.pdb,2026-10-08,6,86.88,2025-08-01T00:00:00Z,ok,3922f806f4f6d06e2971c27fe743b9a5623191fb0bb07c2fbfec8db9f0ae2b5f,46493
C0HKC2,https://alphafold.ebi.ac.uk/files/AF-C0HKC2-F1-model_v6.pdb,2026-10-08,6,90.56,2025-08-01T00:00:00Z,ok,6662fba52b9091c39234ea7eb1a34770be50e4b279305bd75265b8168133e31c,93230
C0HKZ8,https://alphafold.ebi.ac.uk/files/AF-C0HKZ8-F1-model_v6.pdb,2026-10-08,6,96.69,2025-08-01T00:00:00Z,ok,2021a3d0f4ca48d32ea39f9aedf7a5966b76b431fed9445bd91085a761072131,45278
C0HLA1,https://alphafold.ebi.ac.uk/files/AF-C0HLA1-F1-model_v6.pdb,2026-10-08,6,96.88,2025-08-01T00:00:00Z,ok,b7212d87c2e4f5be42643089eb4d268a79fcc3cf7c5d62481ac1b0a41569c6ba,22841
C0HLA2,https://alphafold.ebi.ac.uk/files/AF-C0HLA2-F1-model_v6.pdb,2026-10-08,6,96.12,2025-08-01T00:00:00Z,ok,cc1e9c842a6e5c6c62288b60c4fb25557e01eac0315513a098e52cc006fde110,20897
C0HLA3,https://alphafold.ebi.ac.uk/files/AF-C0HLA3-F1-model_v6.pdb,2026-10-08,6,94.88,2025-08-01T00:00:00Z,ok,45aaf259192cef065f521ae1f8a93bdb6979572b31db52775bb7a321761216b4,37502
C0HLA4,https://alphafold.ebi.ac.uk/files/AF-C0HLA4-F1-model_v6.pdb,2026-10-08,6,86.81,2025-08-01T00:00:00Z,ok,63bc9708fea052e7132185a01dcfcda02621fe75424e918204538058bec3486b,31184
C0HLA5,https://alphafold.ebi.ac.uk/files/AF-C0HLA5-F1-model_v6.pdb,2026-10-08,6,97.06,2025-08-01T00:00:00Z,ok,efd3142eeee04df1b1ace60819df8979db288e7e2042311bca6b7e84b9158cbd,40580
C0HLA6,https://alphafold.ebi.ac.uk/files/AF-C0HLA6-F1-model_v6.pdb,2026-10-08,6,97.12,2025-08-01T00:00:00Z,ok,878b62f0f29b4d8531be8d7544bafba571ee6a4774db60b2baf542b00d89e86a,40580
C0HLA7,https://alphafold.ebi.ac.uk/files/AF-C0HLA7-F1-model_v6.pdb,2026-10-08,6,96.69,2025-08-01T00:00:00Z,ok,0cdc4a6c8e53e47c61ed12e95070976e98b5ba14e3d79a060c56b9c70d513f6e,40742
C0HLA8,https://alphafold.ebi.ac.uk/files/AF-C0HLA8-F1-model_v6.pdb,2026-10-08,6,96.75,2025-08-01T00:00:00Z,ok,443f30ffa2a5824759b56c0c0faa2a7dc70ac9f6307eddc4a4d5cbf0ecc120e9,40904
C0HLA9,https://alphafold.ebi.ac.uk/files/AF-C0HLA9-F1-model_v6.pdb,2026-10-08,6,96.56,2025-08-01T00:00:00Z,ok,980885f338565aa70a1e067ea62d9908dd35da34355960c7b68f36c52728b545,40661
C0HLB0,https://alphafold.ebi.ac.uk/files/AF-C0HLB0-F1-model_v6.pdb,2026-10-08,6,93.0,2025-08-01T00:00:00Z,ok,e91ce039588ce9e724f248fe46210152487a18349f54deaa8a326607108cf349,39446
C0HLB2,https://alphafold.ebi.ac.uk/files/AF-C0HLB2-F1-model_v6.pdb,2026-10-08,6,90.56,2025-08-01T00:00:00Z,ok,b5aede1965a4cf559b8efec22ac20be90cd87dbb2b192dc64294936fac5690e9,47951
C0HLF0,https://alphafold.ebi.ac.uk/files/AF-C0HLF0-F1-model_v6.pdb,2026-10-08,6,96.44,2025-08-01T00:00:00Z,ok,049ecc5ad1ef152f794ebcd022c79203a298d190cd5d4b51a2961f8d7656361b,83753
C0HLL1,https://alphafold.ebi.ac.uk/files/AF-C0HLL1-F1-model_v6.pdb,2026-10-08,6,76.38,2025-08-01T00:00:00Z,ok,d95bc38e1d371f52894a575da443a329c6d677bf99dde9030f7d5cef814c81e3,22922
C0HM08,https://alphafold.ebi.ac.uk/files/AF-C0HM08-F1-model_v6.pdb,2026-10-08,6,96.62,2025-08-01T00:00:00Z,ok,af78cacab0078270cb4f27dc43e484ea6da22aa414b68cb645e0d7e73bcec387,42929
C0HM09,https://alphafold.ebi.ac.uk/files/AF-C0HM09-F1-model_v6.pdb,2026-10-08,6,82.75,2025-08-01T00:00:00Z,ok,9d33f5d8368030adea802592d12083e788917e75a2f81cd028d46391a88e878f,48032
C0HM14,https://alphafold.ebi.ac.uk/files/AF-C0HM14-F1-model_v6.pdb,2026-10-08,6,96.94,2025-08-01T00:00:00Z,ok,00d946732b438a19541656c8761c532b51b4050138fa931af06977e8185ebd1c,85292
C0HM67,https://alphafold.ebi.ac.uk/files/AF-C0HM67-F1-model_v6.pdb,2026-10-08,6,98.12,2025-08-01T00:00:00Z,ok,6f1bc537d27ee00a8489a98dec60522c61ebeb09804f2e518b624525116176dc,133568
C0HM79,https://alphafold.ebi.ac.uk/files/AF-C0HM79-F1-model_v6.pdb,2026-10-08,6,85.06,2025-08-01T00:00:00Z,ok,0ead42437ed7a9182317e64026085585e21bca18458bfc06367b9607747f013e,65609
C0HM96,https://alphafold.ebi.ac.uk/files/AF-C0HM96-F1-model_v6.pdb,2026-10-08,6,88.88,2025-08-01T00:00:00Z,ok,96fcf91a4676893ae0f3bb0180cd3f01ef34f731e5ebcbc602e7bf9185264e48,77030
C0K3N1,https://alphafold.ebi.ac.uk/files/AF-C0K3N1-F1-model_v6.pdb,2026-10-08,6,83.38,2025-08-01T00:00:00Z,ok,8d56b6d956c8791ccb449cba4510be0a3945b368e4ec79279df159ec6b3e8167,98738
C0K3N2,https://alphafold.ebi.ac.uk/files/AF-C0K3N2-F1-model_v6.pdb,2026-10-08,6,90.56,2025-08-01T00:00:00Z,ok,f93277022c763d45cdb8371f1fbd97527ff02378deade51a66f66e81df04c124,81809
C0K3N3,https://alphafold.ebi.ac.uk/files/AF-C0K3N3-F1-model_v6.pdb,2026-10-08,6,85.38,2025-08-01T00:00:00Z,ok,96dbba9c1fac4746b6f8a9de86e7d864a95a87ca4f006af4587d57ac61a67db4,95741
C0L2T8,https://alphafold.ebi.ac.uk/files/AF-C0L2T8-F1-model_v6.pdb,2026-10-08,6,83.56,2025-08-01T00:00:00Z,ok,2cc61136c59843a94b5bb642d6e8ed8475bff534ae893f590853ce481c97db90,310472
C1IC45,https://alphafold.ebi.ac.uk/files/AF-C1IC45-F1-model_v6.pdb,2026-10-08,6,90.62,2025-08-01T00:00:00Z,ok,cda9bb6407134ee34e5eba6426913e9e358ad91190e1d526a67c66b247ad6633,89504
C1IC46,https://alphafold.ebi.ac.uk/files/AF-C1IC46-F1-model_v6.pdb,2026-10-08,6,90.5,2025-08-01T00:00:00Z,ok,9bd76fe6a23f8f65b78009c19544a429d87b817de4dee84340e19dc34eea0c98,89504
C1IC47,https://alphafold.ebi.ac.uk/files/AF-C1IC47-F1-model_v6.pdb,2026-10-08,6,91.69,2025-08-01T00:00:00Z,ok,1595c5e6db62b75e0074550bbb89a5124c98bc00ce527d6b6072831cfa8febff,55646
C1IC48,https://alphafold.ebi.ac.uk/files/AF-C1IC48-F1-model_v6.pdb,2026-10-08,6,90.5,2025-08-01T00:00:00Z,ok,830546ac84742ccf9e2675f1b2a393b866def7e89dc18b8e37ce0bd7b255c577,55079
C1IC49,https://alphafold.ebi.ac.uk/files/AF-C1IC49-F1-model_v6.pdb,2026-10-08,6,88.88,2025-08-01T00:00:00Z,ok,dc0d026a1825bc323d17a8cac22ec1aeb368598298aa31ff6e5d12847f10da21,58805
C1IC50,https://alphafold.ebi.ac.uk/files/AF-C1IC50-F1-model_v6.pdb,2026-10-08,6,89.06,2025-08-01T00:00:00Z,ok,42558d089cf4cfbbc36ad40a0b204f48e7a79a767d4deaded91ff80d4dcde7cb,54107
C1IC51,https://alphafold.ebi.ac.uk/files/AF-C1IC51-F1-model_v6.pdb,2026-10-08,6,92.06,2025-08-01T00:00:00Z,ok,5a66714d43d80eb28cde42d525b8eaad2bc9b1aec9d483fc71f58f6399513427,54431
C1IC52,https://alphafold.ebi.ac.uk/files/AF-C1IC52-F1-model_v6.pdb,2026-10-08,6,92.0,2025-08-01T00:00:00Z,ok,718ceee98e4f2db122cb4c5d340add28d114f5b0c2c3f880b69bd10f6f9a754e,54593
C1IC53,https://alphafold.ebi.ac.uk/files/AF-C1IC53-F1-model_v6.pdb,2026-10-08,6,88.44,2025-08-01T00:00:00Z,ok,4706e231cd50318f490d70d8d345879651c60b52035cf5f6728ee08bd092776f,56861
C5H5D2,https://alphafold.ebi.ac.uk/files/AF-C5H5D2-F1-model_v6.pdb,2026-10-08,6,93.44,2025-08-01T00:00:00Z,ok,eee31129b2a9b20a72710efffd04ef831879ecbde84c09486a28727291a6a970,267461
C5H5D3,https://alphafold.ebi.ac.uk/files/AF-C5H5D3-F1-model_v6.pdb,2026-10-08,6,95.94,2025-08-01T00:00:00Z,ok,55e676050b7639898254c27841352e836d291c2b563ad621f5d8a51ca830baee,267056
C5H5D4,https://alphafold.ebi.ac.uk/files/AF-C5H5D4-F1-model_v6.pdb,2026-10-08,6,93.81,2025-08-01T00:00:00Z,ok,c94981af82ce733c99ad6e0d464fbba5226c291762aec82c6f398f3f89662d95,267542
C5H5D5,https://alphafold.ebi.ac.uk/files/AF-C5H5D5-F1-model_v6.pdb,2026-10-08,6,95.56,2025-08-01T00:00:00Z,ok,fcd5457bb92fe271ef2728a58532ceb63ff519eb6c7176bf526b4ac953f1e4f9,269972
C5H5D6,https://alphafold.ebi.ac.uk/files/AF-C5H5D6-F1-model_v6.pdb,2026-10-08,6,95.5,2025-08-01T00:00:00Z,ok,bc9c04f645f9830dbda2a242e2517426123358638609bf681dbb0d31311add30,269405
C5ILC5,https://alphafold.ebi.ac.uk/files/AF-C5ILC5-F1-model_v6.pdb,2026-10-08,6,89.88,2025-08-01T00:00:00Z,ok,091342f7da1196dda2e41581619ff49185fb670793739a534e7ee3e00a23258c,61964
C6JUP1,https://alphafold.ebi.ac.uk/files/AF-C6JUP1-F1-model_v6.pdb,2026-10-08,6,85.88,2025-08-01T00:00:00Z,ok,5b051d4f5dcc31d5077f8605d5d3b239c5793f02fb5714217de12558220272d4,56456
C6JUP2,https://alphafold.ebi.ac.uk/files/AF-C6JUP2-F1-model_v6.pdb,2026-10-08,6,86.38,2025-08-01T00:00:00Z,ok,1e002e799691421ae3861efc04575cedbd36a46cbc09d5a99ff997ca6f2535d2,60587
C6JUP3,https://alphafold.ebi.ac.uk/files/AF-C6JUP3-F1-model_v6.pdb,2026-10-08,6,85.0,2025-08-01T00:00:00Z,ok,f0ccbabfd15e95c13e89ddab659bd76ae55a867215669c364beb56952655c252,55403
C7G1G6,https://alphafold.ebi.ac.uk/files/AF-C7G1G6-F1-model_v6.pdb,2026-10-08,6,91.88,2025-08-01T00:00:00Z,ok,b3c933d7deaf873e6cedf80033d45958cec260be4211dfa0288f0d7eaea4e7d1,92015
C9E1R7,https://alphafold.ebi.ac.uk/files/AF-C9E1R7-F1-model_v6.pdb,2026-10-08,6,83.12,2025-08-01T00:00:00Z,ok,802ef3e74256d242df6aaa8c20b3ba706de03f0dd7b4ae3d26b49a851a66ba85,317195
C9E1R8,https://alphafold.ebi.ac.uk/files/AF-C9E1R8-F1-model_v6.pdb,2026-10-08,6,85.31,2025-08-01T00:00:00Z,ok,b8b41e1d0d477fb0c44c639d104885fa874b5666f0b112d74d286fbd92626045,394307
C9E1R9,https://alphafold.ebi.ac.uk/files/AF-C9E1R9-F1-model_v6.pdb,2026-10-08,6,84.31,2025-08-01T00:00:00Z,ok,1f2ad57a9d9a9c8685b378fb5792fb4f5959f49fadc376aaa7bd33aa6f18a77e,312416
C9E1S0,https://alphafold.ebi.ac.uk/files/AF-C9E1S0-F1-model_v6.pdb,2026-10-08,6,83.69,2025-08-01T00:00:00Z,ok,01bd8b174ce9a69ba6188a7dd2cce97a60449e39f19458706f1ea29445bc7251,393659
C9E1S1,https://alphafold.ebi.ac.uk/files/AF-C9E1S1-F1-model_v6.pdb,2026-10-08,6,82.25,2025-08-01T00:00:00Z,ok,761a614f2fce6d0ca7d535c0136c6ecd2c8db22b5dc7e1760848c067a22fdf00,313955
C9E1S2,https://alphafold.ebi.ac.uk/files/AF-C9E1S2-F1-model_v6.pdb,2026-10-08,6,77.31,2025-08-01T00:00:00Z,ok,e0c07bf85e75b19cd9a8655be14789ab6ead6db67af9492df4d37a783d08e7e3,72818
C9E7C4,https://alphafold.ebi.ac.uk/files/AF-C9E7C4-F1-model_v6.pdb,2026-10-08,6,89.56,2022-06-01T00:00:00Z,ok,27b715a7912f24f5f00987dd87242efacc5d20f8cfa923b03ab9565a6e6c6b7c,92420
D1MGU0,https://alphafold.ebi.ac.uk/files/AF-D1MGU0-F1-model_v6.pdb,2026-10-08,6,87.69,2025-08-01T00:00:00Z,ok,56f61056ef7dec8c292f0dc712a93b2dc0260852e15f97717491abd2001a0d25,108620
D1MGU1,https://alphafold.ebi.ac.uk/files/AF-D1MGU1-F1-model_v6.pdb,2026-10-08,6,89.88,2025-08-01T00:00:00Z,ok,d2f75ba64841d08cce40ebadc71469792f7a833559456ca795e2159c6039e2bc,100925
D1MZV3,https://alphafold.ebi.ac.uk/files/AF-D1MZV3-F1-model_v6.pdb,2026-10-08,6,59.97,2025-08-01T00:00:00Z,ok,ae2d53e46e2d00cf2c473edb35d03933d644c059caf01362b4de3042155a96d4,95498
D2N116,https://alphafold.ebi.ac.uk/files/AF-D2N116-F1-model_v6.pdb,2026-10-08,6,92.25,2025-08-01T00:00:00Z,ok,f7603e768eb360c00d67171769f91792f136842805f068adbaf3a6a130c582d2,50867
D2YW39,https://alphafold.ebi.ac.uk/files/AF-D2YW39-F1-model_v6.pdb,2026-10-08,6,87.88,2025-08-01T00:00:00Z,ok,f0316dc05650cbf7d324b05e0acff595afe9fd26fe032595d84e3c39a4174d2f,94364
D2YW40,https://alphafold.ebi.ac.uk/files/AF-D2YW40-F1-model_v6.pdb,2026-10-08,6,93.75,2025-08-01T00:00:00Z,ok,23f201ec67c0444ff41d667878b94d337cc86037125e93e7c551b3ec0fc08091,89666
D3TTC1,https://alphafold.ebi.ac.uk/files/AF-D3TTC1-F1-model_v6.pdb,2026-10-08,6,85.88,2025-08-01T00:00:00Z,ok,95cdbef6dd2cc1b9af0e3393fd9b4e37a91f2c1729c324e8d3c68a8a3b37bdfe,383048
D3TTC2,https://alphafold.ebi.ac.uk/files/AF-D3TTC2-F1-model_v6.pdb,2026-10-08,6,83.19,2025-08-01T00:00:00Z,ok,a6d92468db65caaea91486469bf93b7308a6f9f08dfd4d538ff87c5fc1a1e00d,398438
D3YLG9,https://alphafold.ebi.ac.uk/files/AF-D3YLG9-F1-model_v6.pdb,2026-10-08,6,88.12,2022-06-01T00:00:00Z,ok,12a4ae8014c07609a0332c1f9b58a533b8bbe8dcd6c112cae272ebda45e5adb1,165725
D5J9N8,https://alphafold.ebi.ac.uk/files/AF-D5J9N8-F1-model_v6.pdb,2026-10-08,6,84.94,2022-06-01T00:00:00Z,ok,2d44e89267dd8f63b08dc013b811087c3343beca609b14319a5a883ed449cc1e,58643
D5J9N9,https://alphafold.ebi.ac.uk/files/AF-D5J9N9-F1-model_v6.pdb,2026-10-08,6,87.12,2022-06-01T00:00:00Z,ok,b452e147c8ab19160af9ce2bffce0dbd7acf6250eeba0adbdfe5359352006ad4,58481
D5J9P0,https://alphafold.ebi.ac.uk/files/AF-D5J9P0-F1-model_v6.pdb,2026-10-08,6,84.38,2022-06-01T00:00:00Z,ok,6784efde96cd83aa02a5ded822a98d1a2d2eedeae9350ff44fc2d6506cb4a007,58319
D5J9P1,https://alphafold.ebi.ac.uk/files/AF-D5J9P1-F1-model_v6.pdb,2026-10-08,6,88.0,2022-06-01T00:00:00Z,ok,54b07000600ccea41678485755af8e0a9ca13ec9d97e2c69c6ea4976419dd61a,58319
D5J9P2,https://alphafold.ebi.ac.uk/files/AF-D5J9P2-F1-model_v6.pdb,2026-10-08,6,88.12,2022-06-01T00:00:00Z,ok,35dc0be840475cfcf4a84bc6e84f701117e365b8edfbb34905359db4c3ae48de,58481
D5J9P3,https://alphafold.ebi.ac.uk/files/AF-D5J9P3-F1-model_v6.pdb,2026-10-08,6,84.0,2022-06-01T00:00:00Z,ok,8fe8e19208f85620d9f61533f3ad36a2a0d48547e36fc683b01051717aebe1ec,60344
D5J9P4,https://alphafold.ebi.ac.uk/files/AF-D5J9P4-F1-model_v6.pdb,2026-10-08,6,86.44,2022-06-01T00:00:00Z,ok,7ef6845804928a59261f2c383d98c903127c81462362d28fb4cf15f562c6bf6b,58562
D5J9P5,https://alphafold.ebi.ac.uk/files/AF-D5J9P5-F1-model_v6.pdb,2026-10-08,6,85.56,2022-06-01T00:00:00Z,ok,3bec783a1d75b80e95a42a4253768c5109031efd149a326593c3926019769d8a,59453
D5J9P6,https://alphafold.ebi.ac.uk/files/AF-D5J9P6-F1-model_v6.pdb,2026-10-08,6,86.25,2022-06-01T00:00:00Z,ok,2fcf1e781d7c6fb071adb2047ea570f9254084fdc91ae84e1754bb16c30e64f2,59291
D5J9P8,https://alphafold.ebi.ac.uk/files/AF-D5J9P8-F1-model_v6.pdb,2026-10-08,6,86.0,2022-06-01T00:00:00Z,ok,10a06b661512bd226c67ee12746227e509a53ce9bd30ac9ad74901cfbbfb0eb6,59534
D5J9P9,https://alphafold.ebi.ac.uk/files/AF-D5J9P9-F1-model_v6.pdb,2026-10-08,6,88.75,2022-06-01T00:00:00Z,ok,56bc811f309373f4d44f115123d7fa9210ec2ac2fe25ad71af9c51b5eef6314b,58724
D5J9Q0,https://alphafold.ebi.ac.uk/files/AF-D5J9Q0-F1-model_v6.pdb,2026-10-08,6,83.88,2022-06-01T00:00:00Z,ok,f5547611c6ee2cf851e9a905bd1027ee867955521825d8f7a81e8315cbccd019,59129
D5J9Q1,https://alphafold.ebi.ac.uk/files/AF-D5J9Q1-F1-model_v6.pdb,2026-10-08,6,87.06,2022-06-01T00:00:00Z,ok,3f3876317f57bd5c902f5d60fb401224d7590ed3cdb5db5e8ecce6e6784f720a,59210
D5J9Q2,https://alphafold.ebi.ac.uk/files/AF-D5J9Q2-F1-model_v6.pdb,2026-10-08,6,88.69,2022-06-01T00:00:00Z,ok,8b14715b94858e79deb2db9cbccc85b402ecdf608b02182aff69cfbbb338ac9d,42848
D5J9Q8,https://alphafold.ebi.ac.uk/files/AF-D5J9Q8-F1-model_v6.pdb,2026-10-08,6,89.69,2025-08-01T00:00:00Z,ok,84fccba84266ada9cd58527819422040c4828801a814c1040a09304d0fa7b141,56051
D5J9R7,https://alphafold.ebi.ac.uk/files/AF-D5J9R7-F1-model_v6.pdb,2026-10-08,6,87.75,2022-06-01T00:00:00Z,ok,8bb6bb67b5c6303d4a9fd82325a36400b961b2da8a31fd0297b3fdc0148d3361,97037
D5J9R8,https://alphafold.ebi.ac.uk/files/AF-D5J9R8-F1-model_v6.pdb,2026-10-08,6,88.38,2022-06-01T00:00:00Z,ok,032b84bf14f9c7512ce498f3b03de6290033b7bb49f7eafde085f905e95bcc9a,97118
D5J9S0,https://alphafold.ebi.ac.uk/files/AF-D5J9S0-F1-model_v6.pdb,2026-10-08,6,61.03,2025-08-01T00:00:00Z,ok,f8b401f6339a7b07a069121b8a038e6d811871e63d95f61b741e601c62d3a93e,94364
D5KRX9,https://alphafold.ebi.ac.uk/files/AF-D5KRX9-F1-model_v6.pdb,2026-10-08,6,86.94,2022-06-01T00:00:00Z,ok,320c1791c99a4b708287783415bd66de495c2888ac1bba0485182ac2b22b631f,170261
D5KRY0,https://alphafold.ebi.ac.uk/files/AF-D5KRY0-F1-model_v6.pdb,2026-10-08,6,89.5,2022-06-01T00:00:00Z,ok,9cb59c9d67817d49f4229a14c0347c2a13541f06d7bc4cbc0640be40eacb5094,165644
D5KRY1,https://alphafold.ebi.ac.uk/files/AF-D5KRY1-F1-model_v6.pdb,2026-10-08,6,86.56,2022-06-01T00:00:00Z,ok,1116ec1c564c2d7b2d89c50a23a93e347fc68fa8fe63afa2858a0fc55f959038,168722
D5LMJ3,https://alphafold.ebi.ac.uk/files/AF-D5LMJ3-F1-model_v6.pdb,2026-10-08,6,82.31,2025-08-01T00:00:00Z,ok,2bcfb6aa2dd40da63c701b0ba77509fe2d0506cae5b6b6bf0d205950de0a0794,393659
D6MKR0,https://alphafold.ebi.ac.uk/files/AF-D6MKR0-F1-model_v6.pdb,2026-10-08,6,89.75,2025-08-01T00:00:00Z,ok,fbf362c72a771b734f2fb98fcc492e02379763b7e2f2ce80014d1f3ace27e369,92177
D6PXE8,https://alphafold.ebi.ac.uk/files/AF-D6PXE8-F1-model_v6.pdb,2026-10-08,6,85.62,2025-08-01T00:00:00Z,ok,7df813589ad2cd58ed7543d384ccdfbb5b9a7814b18fcff63471aa9e2c160d93,382643
D8MIA0,https://alphafold.ebi.ac.uk/files/AF-D8MIA0-F1-model_v6.pdb,2026-10-08,6,88.12,2025-08-01T00:00:00Z,ok,3eb9492151cc6c8d9976bc2e9b52ef99961f4efe3c464843040c169e7572685d,169532
D8MIA1,https://alphafold.ebi.ac.uk/files/AF-D8MIA1-F1-model_v6.pdb,2026-10-08,6,87.06,2025-08-01T00:00:00Z,ok,e836f9f9a2eef947d000410332cca6a60165649f177220516496484103d11b95,169370
D8MIA2,https://alphafold.ebi.ac.uk/files/AF-D8MIA2-F1-model_v6.pdb,2026-10-08,6,88.88,2025-08-01T00:00:00Z,ok,41ddc30b72d3a4b94a565f9d0d22398f69c2142ca1fe1be8922f75092a70e990,165482
D8MIA3,https://alphafold.ebi.ac.uk/files/AF-D8MIA3-F1-model_v6.pdb,2026-10-08,6,89.0,2025-08-01T00:00:00Z,ok,1b59be42fc063c5d6d3759eddacf74aeb297f1508bb3232653f5b79e09fe43e6,168074
D9IX97,https://alphafold.ebi.ac.uk/files/AF-D9IX97-F1-model_v6.pdb,2026-10-08,6,60.06,2025-08-01T00:00:00Z,ok,e267b51e285962b42e1595a25c63041a0f714547c1bb2dcdcf83a5dff945dafe,103355
D9IX98,https://alphafold.ebi.ac.uk/files/AF-D9IX98-F1-model_v6.pdb,2026-10-08,6,55.34,2025-08-01T00:00:00Z,ok,0361a439e7a7ccf13adda0f91b3c55c476403f77c709f03b3a3e1eea99a9f0ee,127817
E2DQZ5,https://alphafold.ebi.ac.uk/files/AF-E2DQZ5-F1-model_v6.pdb,2026-10-08,6,90.25,2025-08-01T00:00:00Z,ok,0fb46fd93825a2d4ce740ec15ebf019087b0dd2e10928af80385baf1ffddedf1,102626
E2DQZ6,https://alphafold.ebi.ac.uk/files/AF-E2DQZ6-F1-model_v6.pdb,2026-10-08,6,90.5,2025-08-01T00:00:00Z,ok,8ef585c0f8c5906d1350ed5c5fb9d426960c4607708d9104cac3c12d50cd034c,108296
E2ITZ3,https://alphafold.ebi.ac.uk/files/AF-E2ITZ3-F1-model_v6.pdb,2026-10-08,6,92.31,2025-08-01T00:00:00Z,ok,b225cf6799c5527dfd63a703054fa062f238b6bbc2c8b54f6d3f79da47678ced,56294
E3UJL0,https://alphafold.ebi.ac.uk/files/AF-E3UJL0-F1-model_v6.pdb,2026-10-08,6,89.62,2022-06-01T00:00:00Z,ok,ea6374a0d0c33eb05ca2c17bd614153e4e192fe2c37c0d605b0e5525db1f9ea0,287549
E3UJL1,https://alphafold.ebi.ac.uk/files/AF-E3UJL1-F1-model_v6.pdb,2026-10-08,6,89.94,2022-06-01T00:00:00Z,ok,f43aaa8f805a1fa1ceaaff1eac1145c1f3225f09fa0b5d53469c561490b354f8,286415
E3UJL2,https://alphafold.ebi.ac.uk/files/AF-E3UJL2-F1-model_v6.pdb,2026-10-08,6,89.94,2022-06-01T00:00:00Z,ok,86ac5fc7a11af42ce8aebc17885c17c57c612108aa0ba055955f349e0554ba23,284876
E3UJL5,https://alphafold.ebi.ac.uk/files/AF-E3UJL5-F1-model_v6.pdb,2026-10-08,6,87.75,2022-06-01T00:00:00Z,ok,3de03b998cd0e105b2face3eb40cd5f60022105c4ea6fc15c7baa27ea9e45a21,209546
E3UJL6,https://alphafold.ebi.ac.uk/files/AF-E3UJL6-F1-model_v6.pdb,2026-10-08,6,91.81,2022-06-01T00:00:00Z,ok,440cc78c3e0d9012e72024cb49e4001b589274590ec3e42c94428c20b5b520e6,192374
E3UJL7,https://alphafold.ebi.ac.uk/files/AF-E3UJL7-F1-model_v6.pdb,2026-10-08,6,89.56,2022-06-01T00:00:00Z,ok,99f86413d355d661211d1d99ee9aa2fc9c1d642813268c513baa27dac6d34563,211490
E3UJL8,https://alphafold.ebi.ac.uk/files/AF-E3UJL8-F1-model_v6.pdb,2026-10-08,6,94.88,2022-06-01T00:00:00Z,ok,7611ae8597a6fb3f8ae35b8bae0fe1117fba1bba9d4e53e1c1916b7e89fd2b02,196991
E3UJL9,https://alphafold.ebi.ac.uk/files/AF-E3UJL9-F1-model_v6.pdb,2026-10-08,6,93.56,2022-06-01T00:00:00Z,ok,49257cbaa4101b8dff5bcdf88866e17fbcb317d45ca86d6abf8ed23d0f48e99a,193265
E3UJM0,https://alphafold.ebi.ac.uk/files/AF-E3UJM0-F1-model_v6.pdb,2026-10-08,6,83.31,2022-06-01T00:00:00Z,ok,9bb71e16d635f1defe18fe3c3cffc387c7c7d61c35d5bcd813e7d1971d088a69,202904
E5AJX2,https://alphafold.ebi.ac.uk/files/AF-E5AJX2-F1-model_v6.pdb,2026-10-08,6,89.25,2025-08-01T00:00:00Z,ok,089f2a6f24281615f67f27839095d2a8b9536c3336a89cb2ba73297124565189,165563
E5L0E3,https://alphafold.ebi.ac.uk/files/AF-E5L0E3-F1-model_v6.pdb,2026-10-08,6,89.0,2025-08-01T00:00:00Z,ok,17fd4a6b0245a19f4c7fd0fbb22aa4e690170a21723c148088b0f5b6c5b94b96,167345
E5L0E4,https://alphafold.ebi.ac.uk/files/AF-E5L0E4-F1-model_v6.pdb,2026-10-08,6,89.06,2025-08-01T00:00:00Z,ok,33632c4f700eeb016300a2763bad5637fc6d867a7ab7a393164d8e911b969dd0,164591
E5L0E6,https://alphafold.ebi.ac.uk/files/AF-E5L0E6-F1-model_v6.pdb,2026-10-08,6,91.44,2025-08-01T00:00:00Z,ok,5e282e5e480bf8de57dae657477a59741e8c82ebe4254008ddc27b88b33a351a,163214
E7FL11,https://alphafold.ebi.ac.uk/files/AF-E7FL11-F1-model_v6.pdb,2026-10-08,6,90.75,2025-08-01T00:00:00Z,ok,3fc4b9e20cf36572959b2d2db7b0bcc729716955d1fea0c0599c9324a926fc23,56861
E7FL12,https://alphafold.ebi.ac.uk/files/AF-E7FL12-F1-model_v6.pdb,2026-10-08,6,88.81,2025-08-01T00:00:00Z,ok,bd478bce89f521b93b4597da0c3619554ae4957911db1c122888a44e9a0907ab,57023
E7FL13,https://alphafold.ebi.ac.uk/files/AF-E7FL13-F1-model_v6.pdb,2026-10-08,6,89.06,2025-08-01T00:00:00Z,ok,55a5d31bacd140876b1911dc765e1e709483c101e02aa0bfc29ae7717d9beca1,56942
E9JFZ5,https://alphafold.ebi.ac.uk/files/AF-E9JFZ5-F1-model_v6.pdb,2026-10-08,6,83.5,2022-06-01T00:00:00Z,ok,6352f57e96d111d9e7a42ed24e3e2e79226154ee4a32b3cab364b26172d02430,135350
E9JFZ6,https://alphafold.ebi.ac.uk/files/AF-E9JFZ6-F1-model_v6.pdb,2026-10-08,6,86.69,2022-06-01T00:00:00Z,ok,b444568cd05af49d11c1e7970b45d46973a84c337cc5e97c0f00e5d6bd11212d,147662
E9JFZ7,https://alphafold.ebi.ac.uk/files/AF-E9JFZ7-F1-model_v6.pdb,2026-10-08,6,85.31,2022-06-01T00:00:00Z,ok,10797356b1b0f99d94c710ac1c4d495a9bab72011719e9a55bb87c3afe2b96e5,149930
E9JFZ8,https://alphafold.ebi.ac.uk/files/AF-E9JFZ8-F1-model_v6.pdb,2026-10-08,6,88.38,2022-06-01T00:00:00Z,ok,05e0580ce52390d5156ea9e0bb822a330a867044d6f1f590d965968544f64964,165644
E9JFZ9,https://alphafold.ebi.ac.uk/files/AF-E9JFZ9-F1-model_v6.pdb,2026-10-08,6,86.56,2022-06-01T00:00:00Z,ok,e7a4455947cebb5f67ff33af8703d75f3b76dbaf13577d74825825f16a2bebd1,149930
E9JG00,https://alphafold.ebi.ac.uk/files/AF-E9JG00-F1-model_v6.pdb,2026-10-08,6,89.19,2022-06-01T00:00:00Z,ok,d6e2406707282593ee69017643140f33867b813d3dcf60f81572c28a467ec9d1,153089
E9JG04,https://alphafold.ebi.ac.uk/files/AF-E9JG04-F1-model_v6.pdb,2026-10-08,6,88.81,2022-06-01T00:00:00Z,ok,eae1551f6814d365e30aa9dc3a9c92517722f1251b63eb802d3c4325bc7e8231,163376
E9JG05,https://alphafold.ebi.ac.uk/files/AF-E9JG05-F1-model_v6.pdb,2026-10-08,6,86.31,2022-06-01T00:00:00Z,ok,d08670d7f7cc90491a2fe3466508551a81272853eea4f771f79ef2285cd24b82,128870
E9JG06,https://alphafold.ebi.ac.uk/files/AF-E9JG06-F1-model_v6.pdb,2026-10-08,6,88.38,2022-06-01T00:00:00Z,ok,2c8691a06d82b870d11f01001770f8024a7df6bd172e702376c35dbd45d05ea1,166211
E9JG07,https://alphafold.ebi.ac.uk/files/AF-E9JG07-F1-model_v6.pdb,2026-10-08,6,92.94,2022-06-01T00:00:00Z,ok,81e9df675ef50561b1a6f1d825e4dcc6f45ae695c1debc7b1e042e405ac0ee92,148877
E9JG08,https://alphafold.ebi.ac.uk/files/AF-E9JG08-F1-model_v6.pdb,2026-10-08,6,84.88,2022-06-01T00:00:00Z,ok,023245076bde8b6a53f672303ded5424283f7f1c599ecf7f7d0cd9e093775f46,169937
E9JG09,https://alphafold.ebi.ac.uk/files/AF-E9JG09-F1-model_v6.pdb,2026-10-08,6,87.69,2022-06-01T00:00:00Z,ok,f7e41fd3044bd79ef5547c50287a63e160f690e008f79edfc33299c942fa55f1,169208
E9JG13,https://alphafold.ebi.ac.uk/files/AF-E9JG13-F1-model_v6.pdb,2026-10-08,6,77.88,2022-06-01T00:00:00Z,ok,1cb77c59e48ebf871ac840799945c74615b8735238eef91442eb20caafa2e652,130652
E9JG14,https://alphafold.ebi.ac.uk/files/AF-E9JG14-F1-model_v6.pdb,2026-10-08,6,85.75,2022-06-01T00:00:00Z,ok,e4677ffa83af7fa4514b0ff20cba0e61fbbc8817d1ddca8ed8e582def66420a9,153899
E9JG15,https://alphafold.ebi.ac.uk/files/AF-E9JG15-F1-model_v6.pdb,2026-10-08,6,90.38,2022-06-01T00:00:00Z,ok,7c8381204bad0b088abe26758e416d5bb690d0ac4e53dc0dd55dc3e6a756e48a,169532
E9JG16,https://alphafold.ebi.ac.uk/files/AF-E9JG16-F1-model_v6.pdb,2026-10-08,6,88.19,2022-06-01T00:00:00Z,ok,7cdbc28177759bab4d390b737ce7ec4127bf8e1f720e4550fcc0ee655e36d8cf,149525
E9JG17,https://alphafold.ebi.ac.uk/files/AF-E9JG17-F1-model_v6.pdb,2026-10-08,6,87.62,2022-06-01T00:00:00Z,ok,f0d8edc0d616ae1cbc2a530b2fdccea16f1a075de3aa6a1bc6a4a221ac1ec83a,149120
E9JG18,https://alphafold.ebi.ac.uk/files/AF-E9JG18-F1-model_v6.pdb,2026-10-08,6,87.75,2022-06-01T00:00:00Z,ok,88511b21e4f49c1a60d62bfc945f8233696f5221c4348cec1cef642b3552e50c,148067
E9JG19,https://alphafold.ebi.ac.uk/files/AF-E9JG19-F1-model_v6.pdb,2026-10-08,6,88.56,2022-06-01T00:00:00Z,ok,65b6b3a0661355cd3e80d23536c65feec0dea71bd70ceac1d637563969294786,155519
E9JG20,https://alphafold.ebi.ac.uk/files/AF-E9JG20-F1-model_v6.pdb,2026-10-08,6,88.0,2022-06-01T00:00:00Z,ok,f62c508bcc2c0b961bcb1950e8ec4e8c7e87a3845c8cf9c7869e0552c884e6a3,154952
E9JG21,https://alphafold.ebi.ac.uk/files/AF-E9JG21-F1-model_v6.pdb,2026-10-08,6,88.75,2022-06-01T00:00:00Z,ok,b782fb80078e37c047cf97055b75dc1550a05b5199084d18dfe8d39c1a066501,155033
E9JG22,https://alphafold.ebi.ac.uk/files/AF-E9JG22-F1-model_v6.pdb,2026-10-08,6,90.12,2022-06-01T00:00:00Z,ok,c7ee271c1b46877711b27d4e1892d4d7ced1ed3f5b71d17d4821854df2bf2c49,150011
E9JG23,https://alphafold.ebi.ac.uk/files/AF-E9JG23-F1-model_v6.pdb,2026-10-08,6,89.56,2022-06-01T00:00:00Z,ok,86c99257aaa59582cff4e672d8048b5354504d123b39e80826cf4c0d66d5be88,166778
E9JG24,https://alphafold.ebi.ac.uk/files/AF-E9JG24-F1-model_v6.pdb,2026-10-08,6,87.19,2022-06-01T00:00:00Z,ok,fa974bb50326eea8adbcccc867b7a953dbf60b339a91456d056be19f4b9066d4,151064
E9JG25,https://alphafold.ebi.ac.uk/files/AF-E9JG25-F1-model_v6.pdb,2026-10-08,6,88.56,2022-06-01T00:00:00Z,ok,8b3ca0230f34b9a8ac5ebf8f6633b2d698eade6e79e52dcda6e0cf582b938eae,165482
E9JG27,https://alphafold.ebi.ac.uk/files/AF-E9JG27-F1-model_v6.pdb,2026-10-08,6,84.5,2022-06-01T00:00:00Z,ok,1c841043f7470d6b97529d5e2ac18d443d3bb4fa32057dec7e501bda1cff679d,369278
E9JG28,https://alphafold.ebi.ac.uk/files/AF-E9JG28-F1-model_v6.pdb,2026-10-08,6,82.75,2022-06-01T00:00:00Z,ok,da312ff3c3774ae89d33acc5ec055ec551d4fad7a78a8a001a72f80b99f8a358,395846
E9JG29,https://alphafold.ebi.ac.uk/files/AF-E9JG29-F1-model_v6.pdb,2026-10-08,6,81.19,2022-06-01T00:00:00Z,ok,2e1135067d8e6e619c1dacc32db641de9d896fe7238fbc23a952b9a77d6fc2e6,392930
E9JG30,https://alphafold.ebi.ac.uk/files/AF-E9JG30-F1-model_v6.pdb,2026-10-08,6,81.25,2022-06-01T00:00:00Z,ok,9fe2df194534abf961cc311f0b0de60c17a48880e2fe52bc33342eb99626e8d4,396089
E9JG31,https://alphafold.ebi.ac.uk/files/AF-E9JG31-F1-model_v6.pdb,2026-10-08,6,80.06,2022-06-01T00:00:00Z,ok,5ea40061467344bc4c467cc5a94199326288a7bc23f26b810b3a6869d31bfad6,226151
E9JG36,https://alphafold.ebi.ac.uk/files/AF-E9JG36-F1-model_v6.pdb,2026-10-08,6,79.06,2022-06-01T00:00:00Z,ok,df169bba00580e85575109c2705481abb4e1218837691873ecd5721ac5370022,359639
E9JG37,https://alphafold.ebi.ac.uk/files/AF-E9JG37-F1-model_v6.pdb,2026-10-08,6,87.56,2022-06-01T00:00:00Z,ok,5717d12116b4b16289d739a8f85a13215888cbb68e3ca8275d3f677799b5d2d4,332747
E9JG38,https://alphafold.ebi.ac.uk/files/AF-E9JG38-F1-model_v6.pdb,2026-10-08,6,80.81,2022-06-01T00:00:00Z,ok,2f94539ee834169e9c3ee20eb51b9c4faeeb343315d58cc77f5b08de16cf2a43,394874
E9JG40,https://alphafold.ebi.ac.uk/files/AF-E9JG40-F1-model_v6.pdb,2026-10-08,6,85.19,2022-06-01T00:00:00Z,ok,c32680ce681540f88003e671cf3623fdec8b2244df6c444b00632b9106114e8c,358667
E9JG41,https://alphafold.ebi.ac.uk/files/AF-E9JG41-F1-model_v6.pdb,2026-10-08,6,80.94,2022-06-01T00:00:00Z,ok,43fbd99d952bb4d70a367ae97124298674db6c97118b40ecc7f3bc9b888f5ca3,394712
E9JG42,https://alphafold.ebi.ac.uk/files/AF-E9JG42-F1-model_v6.pdb,2026-10-08,6,94.06,2022-06-01T00:00:00Z,ok,204fa4a42d1b3a0591b74b48cc8c88f25755b679b0236eaa9cf70eaa132d4798,164105
E9JG43,https://alphafold.ebi.ac.uk/files/AF-E9JG43-F1-model_v6.pdb,2026-10-08,6,95.19,2022-06-01T00:00:00Z,ok,344a0bc9c4609b909df37c25d717fc53bfd745242bf4426a4bd1d2a9cbfa0ee6,208169
E9JG44,https://alphafold.ebi.ac.uk/files/AF-E9JG44-F1-model_v6.pdb,2026-10-08,6,94.81,2022-06-01T00:00:00Z,ok,b5b6d3b8082705e6fc360c4274e6bce74589e314c7b436e85e9947c2165e26ad,173987
E9JG45,https://alphafold.ebi.ac.uk/files/AF-E9JG45-F1-model_v6.pdb,2026-10-08,6,94.38,2022-06-01T00:00:00Z,ok,77d1527c23e7ed8affbcc31adbc5178fc24c818453d5ba06590eca215c8b0c5f,178523
E9JG46,https://alphafold.ebi.ac.uk/files/AF-E9JG46-F1-model_v6.pdb,2026-10-08,6,91.44,2022-06-01T00:00:00Z,ok,3bf0f7f97cfe3e80b0f0edcb6d79b416688bfbee6260ba7207984124e1cc80ae,246644
E9JG47,https://alphafold.ebi.ac.uk/files/AF-E9JG47-F1-model_v6.pdb,2026-10-08,6,89.44,2022-06-01T00:00:00Z,ok,3d5daf0373a042d16896430de043b86c29d71ef25a6783c9d98e5915654bf4ea,208007
E9JG49,https://alphafold.ebi.ac.uk/files/AF-E9JG49-F1-model_v6.pdb,2026-10-08,6,94.06,2022-06-01T00:00:00Z,ok,d3cee10eaa2c297b7a44f277f4adbe3e5e365491f5de65b504ae4cde2aa8236d,162485
E9JG50,https://alphafold.ebi.ac.uk/files/AF-E9JG50-F1-model_v6.pdb,2026-10-08,6,92.5,2022-06-01T00:00:00Z,ok,5ed4e2470f995198a280418963a9ac48a86b7b6b64178d7921b394e58a3794a5,237572
E9JG51,https://alphafold.ebi.ac.uk/files/AF-E9JG51-F1-model_v6.pdb,2026-10-08,6,93.94,2022-06-01T00:00:00Z,ok,394015c4d84737ad1838389dd3a2f7aabfcac112963a53fd26545f3385702304,184760
E9JG52,https://alphafold.ebi.ac.uk/files/AF-E9JG52-F1-model_v6.pdb,2026-10-08,6,77.44,2022-06-01T00:00:00Z,ok,b0c34746f75d0639906f94514a0e5cc49e6f9c5ce06c773d70bdb663d669f6b0,400058
E9JG56,https://alphafold.ebi.ac.uk/files/AF-E9JG56-F1-model_v6.pdb,2026-10-08,6,80.31,2022-06-01T00:00:00Z,ok,8abccc1382d0c0e9b2c746ae46a44ba488aa9c58dc6906009cb945b0980c922b,395279
E9JG57,https://alphafold.ebi.ac.uk/files/AF-E9JG57-F1-model_v6.pdb,2026-10-08,6,78.5,2022-06-01T00:00:00Z,ok,2c19c2a80d6d571774438f6a0d12901d469c650a167add85f5989f9dc7d53772,396737
E9JG58,https://alphafold.ebi.ac.uk/files/AF-E9JG58-F1-model_v6.pdb,2026-10-08,6,88.31,2022-06-01T00:00:00Z,ok,6894054a62218ccd159f1de119c5743b2bbf8093e16f69328701d196bc0bfa41,325781
E9JG59,https://alphafold.ebi.ac.uk/files/AF-E9JG59-F1-model_v6.pdb,2026-10-08,6,81.31,2022-06-01T00:00:00Z,ok,6e28630b4b855e154c9bd091f8899fa3b340b35bc3e0e59998013c791453bbb9,400058
E9JG60,https://alphafold.ebi.ac.uk/files/AF-E9JG60-F1-model_v6.pdb,2026-10-08,6,81.69,2022-06-01T00:00:00Z,ok,a4fdcbe99457b2e3d62ad3d857156074be801d28211c91d19051f182dd817bea,394712
E9JG64,https://alphafold.ebi.ac.uk/files/AF-E9JG64-F1-model_v6.pdb,2026-10-08,6,82.75,2022-06-01T00:00:00Z,ok,a5c414bdceb5a763037b2b4694f916484bb07e27b953bed588ef0a3569c4ad4c,397952
E9JG65,https://alphafold.ebi.ac.uk/files/AF-E9JG65-F1-model_v6.pdb,2026-10-08,6,80.44,2022-06-01T00:00:00Z,ok,f79969ca00b3f98467ab26fa399df7c88868b3532e990c8306ac93d07c42564a,395198
E9JG68,https://alphafold.ebi.ac.uk/files/AF-E9JG68-F1-model_v6.pdb,2026-10-08,6,81.81,2022-06-01T00:00:00Z,ok,6008fdab17a81144e0153e2459b1b3d2726217fc892b0fae2ed6d021cfbce041,400058
E9JG69,https://alphafold.ebi.ac.uk/files/AF-E9JG69-F1-model_v6.pdb,2026-10-08,6,84.06,2022-06-01T00:00:00Z,ok,96248ac9a174ae8cc7b0bcec00773d8f62d59a81b3dc6f98569d86ccb3d2b4c6,398033
E9JG70,https://alphafold.ebi.ac.uk/files/AF-E9JG70-F1-model_v6.pdb,2026-10-08,6,79.81,2022-06-01T00:00:00Z,ok,47351131468e7772162ce9bfaff4fac3d07cb7a133c524fb6afaa7384f5dce8f,399167
E9JG72,https://alphafold.ebi.ac.uk/files/AF-E9JG72-F1-model_v6.pdb,2026-10-08,6,79.25,2022-06-01T00:00:00Z,ok,85b5fb323a93c1982ec01de7644c70af02423c0a373f13375f0094ce67f25f6e,394631
E9JG74,https://alphafold.ebi.ac.uk/files/AF-E9JG74-F1-model_v6.pdb,2026-10-08,6,79.38,2022-06-01T00:00:00Z,ok,424ad5aa8d4c337c1f859c1d5645f7331dfedc77694aa83219e2017762078e4e,393092
E9JG75,https://alphafold.ebi.ac.uk/files/AF-E9JG75-F1-model_v6.pdb,2026-10-08,6,81.12,2022-06-01T00:00:00Z,ok,61ffe230277cc16eeec0bc2f5f0876d4a5b32cccd4808467781deffd39155567,395846
E9JG76,https://alphafold.ebi.ac.uk/files/AF-E9JG76-F1-model_v6.pdb,2026-10-08,6,81.06,2022-06-01T00:00:00Z,ok,4cdd3388425fcb71bb2a3e448e26f50719482e5bddb044f7763b16058c37ea66,399167
E9JG82,https://alphafold.ebi.ac.uk/files/AF-E9JG82-F1-model_v6.pdb,2026-10-08,6,80.56,2022-06-01T00:00:00Z,ok,32be7dccc277491d78d60487f6dc922ef0849ed6abcc7179e76185143066b2fb,395117
E9JG85,https://alphafold.ebi.ac.uk/files/AF-E9JG85-F1-model_v6.pdb,2026-10-08,6,78.75,2022-06-01T00:00:00Z,ok,749ea09dddab0cd9abf4a7ac8546fd8cdeff201725858093f309284099ba5683,396413
E9JG89,https://alphafold.ebi.ac.uk/files/AF-E9JG89-F1-model_v6.pdb,2026-10-08,6,86.88,2022-06-01T00:00:00Z,ok,55beabd2286dc4499c9303a86250993c0cf8fd5c7ad769458597bb5fcb269679,314360
E9JGA1,https://alphafold.ebi.ac.uk/files/AF-E9JGA1-F1-model_v6.pdb,2026-10-08,6,86.81,2022-06-01T00:00:00Z,ok,1e72798fd378f3547511ec7f1d8965ad5bb7a2ca0419fbb7609c00ea09d079e3,298565
E9JGA3,https://alphafold.ebi.ac.uk/files/AF-E9JGA3-F1-model_v6.pdb,2026-10-08,6,88.44,2022-06-01T00:00:00Z,ok,9e987ccb8462777cada916438da28c41c4400805a3a5d8befa65753bdb34d561,318248
E9JGA5,https://alphafold.ebi.ac.uk/files/AF-E9JGA5-F1-model_v6.pdb,2026-10-08,6,95.06,2022-06-01T00:00:00Z,ok,405e8b437115404ce736c07bfd77bb5e5340bd44f196147056fe406da18681f6,128303
E9JGA6,https://alphafold.ebi.ac.uk/files/AF-E9JGA6-F1-model_v6.pdb,2026-10-08,6,86.0,2022-06-01T00:00:00Z,ok,04542f81732ee0cc0645d20d78b9a82483ce7e8d901d72c34981bc24fb8a3401,245915
E9JGA8,https://alphafold.ebi.ac.uk/files/AF-E9JGA8-F1-model_v6.pdb,2026-10-08,6,95.06,2022-06-01T00:00:00Z,ok,cbff2667c961125462d1b25c59487f451f8246826c1d263ec7bdd0ab896cb342,148715
E9JGB0,https://alphafold.ebi.ac.uk/files/AF-E9JGB0-F1-model_v6.pdb,2026-10-08,6,85.88,2022-06-01T00:00:00Z,ok,2781d04cf07e703b774b6f791decb6a8325baf006f2818e7d7439f0faf635a57,243242
E9JGB1,https://alphafold.ebi.ac.uk/files/AF-E9JGB1-F1-model_v6.pdb,2026-10-08,6,94.81,2022-06-01T00:00:00Z,ok,a04a4711e8cd417a1d93aa201af2a342bebe43703b3faab9817c9de5b7b56b10,235304
E9JGB2,https://alphafold.ebi.ac.uk/files/AF-E9JGB2-F1-model_v6.pdb,2026-10-08,6,94.44,2022-06-01T00:00:00Z,ok,ab688a742334e17a94c9a301d4c46928fce096b2c641730b5400d0d3d6f8bef8,239516
E9JGB3,https://alphafold.ebi.ac.uk/files/AF-E9JGB3-F1-model_v6.pdb,2026-10-08,6,94.38,2022-06-01T00:00:00Z,ok,a9c6a3cf50fe8ab545c89cf87d366497fb73b8b9135fe00f9d347fd46bdf31fa,213515
E9JGB6,https://alphafold.ebi.ac.uk/files/AF-E9JGB6-F1-model_v6.pdb,2026-10-08,6,82.31,2022-06-01T00:00:00Z,ok,48685632fc646e90c932b32ba564839af902ab06524ea77fe40fd5d94e984b45,343115
E9JGB8,https://alphafold.ebi.ac.uk/files/AF-E9JGB8-F1-model_v6.pdb,2026-10-08,6,95.12,2022-06-01T00:00:00Z,ok,e91086b07bcb7fb357d002955331b8bf997f7f2e8d2c2545c3c9d255f30885d0,149849
E9JGC4,https://alphafold.ebi.ac.uk/files/AF-E9JGC4-F1-model_v6.pdb,2026-10-08,6,89.12,2022-06-01T00:00:00Z,ok,93f85afcc98c7b627fb7b2015697db182aa0fa012829f3fbbd38678bc859d803,283580
E9JGC6,https://alphafold.ebi.ac.uk/files/AF-E9JGC6-F1-model_v6.pdb,2026-10-08,6,93.44,2022-06-01T00:00:00Z,ok,eaf0f592c89f264c41882ce869bd4c6c9e3f0f49f2f0a5c3cdc1a9537c0b07ae,206468
E9JGC7,https://alphafold.ebi.ac.uk/files/AF-E9JGC7-F1-model_v6.pdb,2026-10-08,6,90.81,2022-06-01T00:00:00Z,ok,70d1326ef240dd62b9463f6f73061c576f683d96b5cef4ea698bc0c96ef40a64,190187
E9JGC8,https://alphafold.ebi.ac.uk/files/AF-E9JGC8-F1-model_v6.pdb,2026-10-08,6,92.75,2022-06-01T00:00:00Z,ok,8b1ce4e52627ca6dfd81ec4cd149a0094585c524f37d960171d9f5ff5be44b8f,245186
E9JGC9,https://alphafold.ebi.ac.uk/files/AF-E9JGC9-F1-model_v6.pdb,2026-10-08,6,93.31,2022-06-01T00:00:00Z,ok,8c91c1d5f9052145744e63f3370e08e18b3895fc855cbc821945aebad103caca,221777
E9JGD0,https://alphafold.ebi.ac.uk/files/AF-E9JGD0-F1-model_v6.pdb,2026-10-08,6,88.44,2022-06-01T00:00:00Z,ok,0fbb7cb01b465b96fe420644efb8c16642133290eea67e4167adf0d112768af1,292976
E9JGD1,https://alphafold.ebi.ac.uk/files/AF-E9JGD1-F1-model_v6.pdb,2026-10-08,6,94.06,2022-06-01T00:00:00Z,ok,fe18ecbd4b7402d0bc17f50f709aed6501b7314f79a62ef758bb85880c01d0e4,139238
E9JGD2,https://alphafold.ebi.ac.uk/files/AF-E9JGD2-F1-model_v6.pdb,2026-10-08,6,83.81,2022-06-01T00:00:00Z,ok,441a7aec3a42609a90f454ccf4365a51c097f7fdd6d5d3ed4cada6f02849d8ee,268271
E9JGD4,https://alphafold.ebi.ac.uk/files/AF-E9JGD4-F1-model_v6.pdb,2026-10-08,6,83.38,2022-06-01T00:00:00Z,ok,901c86770460d4356cf92ec8fb1e57bd02adc8a5ab34887a2484fe39b041dbc6,268676
E9JGE0,https://alphafold.ebi.ac.uk/files/AF-E9JGE0-F1-model_v6.pdb,2026-10-08,6,88.88,2022-06-01T00:00:00Z,ok,0b5f272dfc832608d758cc6ee5b159542c7dbf5da3825f382faf3baf3fc8db71,179495
E9JGE2,https://alphafold.ebi.ac.uk/files/AF-E9JGE2-F1-model_v6.pdb,2026-10-08,6,81.12,2022-06-01T00:00:00Z,ok,eaad961fd1cee4b7fa69584b75ca54bfeda8803a07c9c43f05fb8fa9aa64df9d,307232
E9JGE4,https://alphafold.ebi.ac.uk/files/AF-E9JGE4-F1-model_v6.pdb,2026-10-08,6,81.0,2022-06-01T00:00:00Z,ok,1488493fe2be91c6b363e3eff57305bd540ed3d83f6dd140c9eb3517346ddb4e,307556
E9JGE6,https://alphafold.ebi.ac.uk/files/AF-E9JGE6-F1-model_v6.pdb,2026-10-08,6,80.44,2022-06-01T00:00:00Z,ok,e6a2d8f8abcfdd75ad7d37dcdebd3217f60bedfc5d225d3582ffddafb6be10c7,307799
E9JGE8,https://alphafold.ebi.ac.uk/files/AF-E9JGE8-F1-model_v6.pdb,2026-10-08,6,81.12,2022-06-01T00:00:00Z,ok,4a787582fe95afa5c43ceaa18f7d70e54e22ebc94ff512e3c81c5df202c7cda2,307475
E9JGF0,https://alphafold.ebi.ac.uk/files/AF-E9JGF0-F1-model_v6.pdb,2026-10-08,6,79.88,2022-06-01T00:00:00Z,ok,0e3cd740408ac3097b8e1a6dc550e7c32fb2dd66999bccce4c384d7db212d410,316223
E9JGF2,https://alphafold.ebi.ac.uk/files/AF-E9JGF2-F1-model_v6.pdb,2026-10-08,6,79.94,2022-06-01T00:00:00Z,ok,9f156bb70f78f30563e121b8ae26ded21df7c6b30723522275faa15585868891,315899
E9JGF6,https://alphafold.ebi.ac.uk/files/AF-E9JGF6-F1-model_v6.pdb,2026-10-08,6,78.88,2022-06-01T00:00:00Z,ok,8a967c373a4f9541821e2985f5c3ed9a39dac1fda938f8a48dc95c31d1f9c60c,318815
E9JGF7,https://alphafold.ebi.ac.uk/files/AF-E9JGF7-F1-model_v6.pdb,2026-10-08,6,78.62,2022-06-01T00:00:00Z,ok,a7bf8ca7c01aa3167bbfeae89e1062e16257cf16bb3c64e425a212ff7ad6da59,318977
E9JGG1,https://alphafold.ebi.ac.uk/files/AF-E9JGG1-F1-model_v6.pdb,2026-10-08,6,78.12,2022-06-01T00:00:00Z,ok,72fa09b6a4dd6081678c284f2eb43f658cffd0eb9cf4ab1b7c78cb1b006aef6f,318896
E9JGG3,https://alphafold.ebi.ac.uk/files/AF-E9JGG3-F1-model_v6.pdb,2026-10-08,6,80.44,2022-06-01T00:00:00Z,ok,027adf2da94342135a95d9385cf843c8f451d81abc98b0ca996e8a003e2c3277,316304
E9JGG6,https://alphafold.ebi.ac.uk/files/AF-E9JGG6-F1-model_v6.pdb,2026-10-08,6,72.0,2022-06-01T00:00:00Z,ok,d874ca2510c20705eec96806e01b0906d4751ee74c1c84facd4dcb9a9821ce07,82943
E9JGG7,https://alphafold.ebi.ac.uk/files/AF-E9JGG7-F1-model_v6.pdb,2026-10-08,6,84.75,2022-06-01T00:00:00Z,ok,f7ec68c9776e52ac15a2e2286a0dc154e638a7cab278e6a109745e1dedecd190,161432
E9JGH0,https://alphafold.ebi.ac.uk/files/AF-E9JGH0-F1-model_v6.pdb,2026-10-08,6,80.88,2022-06-01T00:00:00Z,ok,031e46ccc2cab68e4cb032c0a85c8cd600e38c31612f35c619ac1cfb55e0af3e,316304
E9JGH2,https://alphafold.ebi.ac.uk/files/AF-E9JGH2-F1-model_v6.pdb,2026-10-08,6,80.38,2022-06-01T00:00:00Z,ok,23724d4e51d2f07aeb152e31b1da09667f8ebf282f58bab180cd15ae299f74eb,311687
E9JGH3,https://alphafold.ebi.ac.uk/files/AF-E9JGH3-F1-model_v6.pdb,2026-10-08,6,79.25,2022-06-01T00:00:00Z,ok,6104411501c5cbe96ae93e58dd02bafb566732431215f50d0e387ee2068492ec,311525
E9JGH4,https://alphafold.ebi.ac.uk/files/AF-E9JGH4-F1-model_v6.pdb,2026-10-08,6,83.88,2022-06-01T00:00:00Z,ok,5c2d3b59b2ba227db1855252fbaa6561f3153b98afae355b171f5dbfd909e63e,161675
E9JGH6,https://alphafold.ebi.ac.uk/files/AF-E9JGH6-F1-model_v6.pdb,2026-10-08,6,72.5,2022-06-01T00:00:00Z,ok,43f37a1c057d483f74ced27a06865cbcab704127e53584fe728cc07e1e5b2b9a,83510
E9JGH7,https://alphafold.ebi.ac.uk/files/AF-E9JGH7-F1-model_v6.pdb,2026-10-08,6,79.06,2022-06-01T00:00:00Z,ok,2e446227075f0a62232faa999024e8ad96382d982121b85115e0cd1718557fe8,315089
E9JGH8,https://alphafold.ebi.ac.uk/files/AF-E9JGH8-F1-model_v6.pdb,2026-10-08,6,78.88,2022-06-01T00:00:00Z,ok,fe37438fe46053a847c499c024a74281e6f18f452934e7cd91afb38620cb4a86,315170
E9JGH9,https://alphafold.ebi.ac.uk/files/AF-E9JGH9-F1-model_v6.pdb,2026-10-08,6,78.94,2022-06-01T00:00:00Z,ok,bd06cb836e49d98e5f3f67a39d3caeeb4f5e9558c70c5ae6bec7f76f876b875e,315008
E9JGI0,https://alphafold.ebi.ac.uk/files/AF-E9JGI0-F1-model_v6.pdb,2026-10-08,6,78.44,2022-06-01T00:00:00Z,ok,295fc3c12cd90eb0b2109a2eb0d9852f553f61d8b603f5cc77560089878d6b50,319139
E9JGI1,https://alphafold.ebi.ac.uk/files/AF-E9JGI1-F1-model_v6.pdb,2026-10-08,6,79.25,2022-06-01T00:00:00Z,ok,ae30a8387ebf856d4c89db4eeaa0921069507f3782e8bc3a4f1f68daf09aa9bb,313631
E9JGI2,https://alphafold.ebi.ac.uk/files/AF-E9JGI2-F1-model_v6.pdb,2026-10-08,6,79.0,2022-06-01T00:00:00Z,ok,92666e3f80191f950aac468f34ae7638e6cd0db732c5c026625ebc76c9240b99,313955
E9JGI3,https://alphafold.ebi.ac.uk/files/AF-E9JGI3-F1-model_v6.pdb,2026-10-08,6,78.12,2022-06-01T00:00:00Z,ok,e75538473a5d88d8410205d4ba150fee77417744583cb21a34b9ed72049b4ec2,315656
E9JGI4,https://alphafold.ebi.ac.uk/files/AF-E9JGI4-F1-model_v6.pdb,2026-10-08,6,78.62,2022-06-01T00:00:00Z,ok,71107aea054c0bc74378140da576de76d23fd99ff34a9bdc09ff1241ce6b6d32,232145
E9JGI6,https://alphafold.ebi.ac.uk/files/AF-E9JGI6-F1-model_v6.pdb,2026-10-08,6,79.0,2022-06-01T00:00:00Z,ok,085ce60dc0e8c64426a328ec881162f9101d1df770554ea3149a2504831e81f3,315332
E9JGI7,https://alphafold.ebi.ac.uk/files/AF-E9JGI7-F1-model_v6.pdb,2026-10-08,6,79.38,2022-06-01T00:00:00Z,ok,e1ee752eff6baedb18584f9865bafa5250f5f1cec531186d204e27adc32f5d9d,313550
E9JGI8,https://alphafold.ebi.ac.uk/files/AF-E9JGI8-F1-model_v6.pdb,2026-10-08,6,79.25,2022-06-01T00:00:00Z,ok,8fc37bef8468ac0965716f82a19b765721b5053c3ac098c33374fc5e6472655a,315413
E9JGJ0,https://alphafold.ebi.ac.uk/files/AF-E9JGJ0-F1-model_v6.pdb,2026-10-08,6,79.56,2022-06-01T00:00:00Z,ok,c569039314beeb7ff7e227f6961705433298f207a3424e4eeeb05f84708d4497,210842
E9JGJ1,https://alphafold.ebi.ac.uk/files/AF-E9JGJ1-F1-model_v6.pdb,2026-10-08,6,78.31,2022-06-01T00:00:00Z,ok,6b0e4f978aea4f2b3d775ab7993ffa83a8c0e62804d457542c333e52507a3775,318977
E9JGJ2,https://alphafold.ebi.ac.uk/files/AF-E9JGJ2-F1-model_v6.pdb,2026-10-08,6,79.19,2022-06-01T00:00:00Z,ok,2ef449bd56b507e53b55fc711b43474c251d9ff0aa59ed416f80efcd256fd17f,315089
E9JGJ4,https://alphafold.ebi.ac.uk/files/AF-E9JGJ4-F1-model_v6.pdb,2026-10-08,6,79.56,2022-06-01T00:00:00Z,ok,9cdf0cb991575313a516d0183677340451bbeccc1f3a17d44c86518dc1964001,264302
E9JGJ5,https://alphafold.ebi.ac.uk/files/AF-E9JGJ5-F1-model_v6.pdb,2026-10-08,6,81.5,2022-06-01T00:00:00Z,ok,ab132106a124a0450d31de0e74d5dc3fe39604ce3121a5c4a83be784cca70111,285200
E9JGJ6,https://alphafold.ebi.ac.uk/files/AF-E9JGJ6-F1-model_v6.pdb,2026-10-08,6,80.62,2022-06-01T00:00:00Z,ok,f625b94d33dcadfe4f6e76281b64c8b69de7ba2bb068892b325ea6171f8696e6,206711
E9JGJ7,https://alphafold.ebi.ac.uk/files/AF-E9JGJ7-F1-model_v6.pdb,2026-10-08,6,77.38,2022-06-01T00:00:00Z,ok,ebd9b8c4f1632f5f59f7fa860aa58bf8535df78875ef3c40b7e9132aa13fa93a,247859
E9JGJ8,https://alphafold.ebi.ac.uk/files/AF-E9JGJ8-F1-model_v6.pdb,2026-10-08,6,79.25,2022-06-01T00:00:00Z,ok,965f0aad6ec140a6fb0a76d112089f193cc8cd453dfae54ef113e233aee65d87,268190
E9JGK4,https://alphafold.ebi.ac.uk/files/AF-E9JGK4-F1-model_v6.pdb,2026-10-08,6,78.62,2022-06-01T00:00:00Z,ok,4390f8b85e98211c1024d7319dd50a3721066111d8f7726527b6151bf867872b,318977
E9JGK5,https://alphafold.ebi.ac.uk/files/AF-E9JGK5-F1-model_v6.pdb,2026-10-08,6,81.69,2022-06-01T00:00:00Z,ok,60f35e32afeeb19b7a2439d19f3b57ad3530e559074b2de2ca024a996dbedcd6,162728
E9JGK7,https://alphafold.ebi.ac.uk/files/AF-E9JGK7-F1-model_v6.pdb,2026-10-08,6,79.81,2022-06-01T00:00:00Z,ok,dbda546c5b76cb3b8e60c37a83aeb9df447c43662e0056b23f83b62364b6a156,249884
E9JGL0,https://alphafold.ebi.ac.uk/files/AF-E9JGL0-F1-model_v6.pdb,2026-10-08,6,78.44,2022-06-01T00:00:00Z,ok,4a79e576b99700fe416857804b25b4dcccc6156e1fc8f92b3c595c26c7e294b5,319301
E9JGL2,https://alphafold.ebi.ac.uk/files/AF-E9JGL2-F1-model_v6.pdb,2026-10-08,6,85.12,2022-06-01T00:00:00Z,ok,918c034926d5a6b819896c06bce7804717467595a24eb9605d9322fb0e9f48b0,169694
E9JGL3,https://alphafold.ebi.ac.uk/files/AF-E9JGL3-F1-model_v6.pdb,2026-10-08,6,83.44,2022-06-01T00:00:00Z,ok,f56a67ef4da251b566795a71277302262d670312b4533d572a96ce35430981a4,147095
E9JGL4,https://alphafold.ebi.ac.uk/files/AF-E9JGL4-F1-model_v6.pdb,2026-10-08,6,83.06,2022-06-01T00:00:00Z,ok,6611cd02e3f021f8cfe58820d327b5d72e7e348da053173edd1359d40cce172c,168074
E9JGL5,https://alphafold.ebi.ac.uk/files/AF-E9JGL5-F1-model_v6.pdb,2026-10-08,6,82.12,2022-06-01T00:00:00Z,ok,4c925b0c25d8037da32dd3f6df5b98d3899fffab161b0150ccb33a6f781fd250,172043
E9JGL6,https://alphafold.ebi.ac.uk/files/AF-E9JGL6-F1-model_v6.pdb,2026-10-08,6,82.88,2022-06-01T00:00:00Z,ok,cc71f0687cd6123f22447d413fa7086410350c2c2219c7e90221f4b5cf135b7e,134540
E9JGL7,https://alphafold.ebi.ac.uk/files/AF-E9JGL7-F1-model_v6.pdb,2026-10-08,6,82.31,2022-06-01T00:00:00Z,ok,15caedefcbe9b47d475c7dc9be0e535dfa780ac03a36964a47da925545e46c95,143450
E9JGL8,https://alphafold.ebi.ac.uk/files/AF-E9JGL8-F1-model_v6.pdb,2026-10-08,6,84.44,2022-06-01T00:00:00Z,ok,c7fe3a1166d710df62eb8c6710b025dd74de74525aaa896adad97bddd5b1d1c9,122390
E9KJW7,https://alphafold.ebi.ac.uk/files/AF-E9KJW7-F1-model_v6.pdb,2026-10-08,6,82.5,2022-06-01T00:00:00Z,ok,64cf14dc14332c7c2b517c16eb7e785218c2ad0b6888b5d3186cfa9eb197fa3e,198773
E9KJX5,https://alphafold.ebi.ac.uk/files/AF-E9KJX5-F1-model_v6.pdb,2026-10-08,6,87.75,2022-06-01T00:00:00Z,ok,a0354ffce80ff5eeb93b57a587afabcc6aa99a951c2c3491cd341aaefc42076d,156896
E9KJY1,https://alphafold.ebi.ac.uk/files/AF-E9KJY1-F1-model_v6.pdb,2026-10-08,6,92.0,2022-06-01T00:00:00Z,ok,30975a885a21d3268c9588723f1c732c7a5cd349fdedf77b87370fc055e74e8e,274751
E9KJY5,https://alphafold.ebi.ac.uk/files/AF-E9KJY5-F1-model_v6.pdb,2026-10-08,6,80.62,2022-06-01T00:00:00Z,ok,2c79aa0aa0bd1857f430a98cab174ebcf9ab50d8bafa89011da70ac39f2f0f64,400787
E9KJY6,https://alphafold.ebi.ac.uk/files/AF-E9KJY6-F1-model_v6.pdb,2026-10-08,6,87.12,2022-06-01T00:00:00Z,ok,a5ba1dcfe4b6370363002e47a9f543bbba8fbd48f95aed379977481c0a8f8ad8,336635
E9KJY7,https://alphafold.ebi.ac.uk/files/AF-E9KJY7-F1-model_v6.pdb,2026-10-08,6,82.06,2022-06-01T00:00:00Z,ok,b3a075abd16c110d29dd6de89ea45724d4ce45a48af2ea4c213cb537d7849ba7,401516
E9KJY9,https://alphafold.ebi.ac.uk/files/AF-E9KJY9-F1-model_v6.pdb,2026-10-08,6,81.06,2022-06-01T00:00:00Z,ok,3ab45f6bf3506a0631cc92681177ce1fd6a28f6857874a89ecff085a68d66de5,400949
E9KJZ0,https://alphafold.ebi.ac.uk/files/AF-E9KJZ0-F1-model_v6.pdb,2026-10-08,6,81.62,2022-06-01T00:00:00Z,ok,799c291d16c79b092ccd41ec5ce30608d4afff92c9e7628c527c772b259b19b7,365552
E9KJZ3,https://alphafold.ebi.ac.uk/files/AF-E9KJZ3-F1-model_v6.pdb,2026-10-08,6,94.56,2022-06-01T00:00:00Z,ok,6dfb266b48d6614942f2c2bb7432fecf6f061809492bbe023f1ffdf055af5cc8,185732
E9KJZ4,https://alphafold.ebi.ac.uk/files/AF-E9KJZ4-F1-model_v6.pdb,2026-10-08,6,92.75,2022-06-01T00:00:00Z,ok,ddfbf79b4f75be0e956f46a625d2da9e9327798553bb7ebe95a1bac2cebb2063,163538
E9KJZ6,https://alphafold.ebi.ac.uk/files/AF-E9KJZ6-F1-model_v6.pdb,2026-10-08,6,82.81,2022-06-01T00:00:00Z,ok,c0bcfee3dc4531706cb22f4c221b6010c52890540ab647cd3904b6bd622979ba,361745
E9KJZ9,https://alphafold.ebi.ac.uk/files/AF-E9KJZ9-F1-model_v6.pdb,2026-10-08,6,78.19,2022-06-01T00:00:00Z,ok,4d3f753255b09587909179ca6766bd97847dd55195241d85f1724ea7f5c6e33e,402488
E9KNB4,https://alphafold.ebi.ac.uk/files/AF-E9KNB4-F1-model_v6.pdb,2026-10-08,6,82.69,2022-06-01T00:00:00Z,ok,50948d94f095bc0a255bd7f7c8c3a365062f83cebf5ee5286be471c29142173d,396575
E9NW26,https://alphafold.ebi.ac.uk/files/AF-E9NW26-F1-model_v6.pdb,2026-10-08,6,83.25,2025-08-01T00:00:00Z,ok,90ef48778021246a82736386c8735f83a53d170f2ab06899df05f8bdfc9a6b22,310067
E9NW27,https://alphafold.ebi.ac.uk/files/AF-E9NW27-F1-model_v6.pdb,2026-10-08,6,83.19,2025-08-01T00:00:00Z,ok,ae41952d05961b1d4a841deb75301de37eff5935acb7b0436f09f60372b9d4e2,315494
E9NW28,https://alphafold.ebi.ac.uk/files/AF-E9NW28-F1-model_v6.pdb,2026-10-08,6,85.56,2025-08-01T00:00:00Z,ok,2f7486836b9ee04e71ff04e499f81135e0f6fc171e6686ea320a8f3a24acc780,270701
F2Q6E4,https://alphafold.ebi.ac.uk/files/AF-F2Q6E4-F1-model_v6.pdb,2026-10-08,6,93.0,2022-06-01T00:00:00Z,ok,58b221f5d5dd9739c72fb35c2d87b365518d4465b0bd5660de51442743825c43,158030
F2Q6E5,https://alphafold.ebi.ac.uk/files/AF-F2Q6E5-F1-model_v6.pdb,2026-10-08,6,96.81,2022-06-01T00:00:00Z,ok,f07a486204a7a70d0d1d2707b164c1da8a2373d3b45e88a34abe5c6e09054f80,145475
F2Q6E6,https://alphafold.ebi.ac.uk/files/AF-F2Q6E6-F1-model_v6.pdb,2026-10-08,6,96.88,2022-06-01T00:00:00Z,ok,3ab7933cd5410e3a3cdeb914373d979afea214a83f8efb98274323c9e6a92369,145313
F2Q6E7,https://alphafold.ebi.ac.uk/files/AF-F2Q6E7-F1-model_v6.pdb,2026-10-08,6,96.94,2022-06-01T00:00:00Z,ok,b7e6b1cdc7cce0f248fc47d9b2b02d34025e2bd3dfd5f348093a2334b87e4a60,145637
F2Q6E8,https://alphafold.ebi.ac.uk/files/AF-F2Q6E8-F1-model_v6.pdb,2026-10-08,6,96.88,2022-06-01T00:00:00Z,ok,5bb71c37d9e49b9fac5f97487e1ef714c254cc071361c6acb9d4c651dded1923,145394
F2Q6E9,https://alphafold.ebi.ac.uk/files/AF-F2Q6E9-F1-model_v6.pdb,2026-10-08,6,96.81,2022-06-01T00:00:00Z,ok,9a4abad682f06d65dd7a82993a6ccaf62b8410718f9fc4368c09ed0dea4402c4,145151
F2Q6F0,https://alphafold.ebi.ac.uk/files/AF-F2Q6F0-F1-model_v6.pdb,2026-10-08,6,93.31,2022-06-01T00:00:00Z,ok,b3dd5252dc01330ef23f34f259e57edfd855d8d580985f9d214e975713071cbf,157382
F2Q6F1,https://alphafold.ebi.ac.uk/files/AF-F2Q6F1-F1-model_v6.pdb,2026-10-08,6,96.88,2022-06-01T00:00:00Z,ok,c1bc2e575a43656a4c6a1cd231c1dbfc4c8db906c91154f3b4093b98c073d80c,146042
F2Q6F2,https://alphafold.ebi.ac.uk/files/AF-F2Q6F2-F1-model_v6.pdb,2026-10-08,6,93.19,2022-06-01T00:00:00Z,ok,d192646fcb33be4d19843a4221b86b1c24afcd6c2ea36e8b20ecb799ec26fae4,156896
F2Q6F3,https://alphafold.ebi.ac.uk/files/AF-F2Q6F3-F1-model_v6.pdb,2026-10-08,6,96.31,2022-06-01T00:00:00Z,ok,11fa9513eabb80b3a0b37094ed28b686671776ac8ec2a887cc5042742ff49e9c,147176
F2Q6F6,https://alphafold.ebi.ac.uk/files/AF-F2Q6F6-F1-model_v6.pdb,2026-10-08,6,92.94,2022-06-01T00:00:00Z,ok,2ace13ea41fd78a3c4a28e3b240e25d846fe2b0dc1251ac76a1c5730de901628,157220
F2Q6F7,https://alphafold.ebi.ac.uk/files/AF-F2Q6F7-F1-model_v6.pdb,2026-10-08,6,93.25,2022-06-01T00:00:00Z,ok,de32f647900601f8ab2d3eca4dace3ce26284dce3bf3fac0d1897cf7e409d427,158678
F2Q6F8,https://alphafold.ebi.ac.uk/files/AF-F2Q6F8-F1-model_v6.pdb,2026-10-08,6,93.19,2022-06-01T00:00:00Z,ok,bab2b931dfa79de26ed67709c3aa233e74f35afce124c13ddf0b93d8ca9aaaa5,158759
F2Q6F9,https://alphafold.ebi.ac.uk/files/AF-F2Q6F9-F1-model_v6.pdb,2026-10-08,6,93.5,2022-06-01T00:00:00Z,ok,4984bd69f9c22b335e5ab56a5f8e7834ef35987034f4b810283f587664dcf35b,158840
F2Q6G0,https://alphafold.ebi.ac.uk/files/AF-F2Q6G0-F1-model_v6.pdb,2026-10-08,6,90.62,2022-06-01T00:00:00Z,ok,cf4a414dfbcc45cad4157ce72476bcd06bafe9bc2d9b3d4161ba58792a247233,145070
F2Q6G1,https://alphafold.ebi.ac.uk/files/AF-F2Q6G1-F1-model_v6.pdb,2026-10-08,6,95.75,2022-06-01T00:00:00Z,ok,12d568d94a93f7f3c86925de23d0e14076bb0d53ed87efb7e1a2ebf68d84291b,145394
F8QN50,https://alphafold.ebi.ac.uk/files/AF-F8QN50-F1-model_v6.pdb,2026-10-08,6,89.06,2025-08-01T00:00:00Z,ok,8eaa2e7f6bd3f063bea25067cd8b1078deb89ab02764c42a73c2372d25325100,92825
F8QN51,https://alphafold.ebi.ac.uk/files/AF-F8QN51-F1-model_v6.pdb,2026-10-08,6,91.0,2025-08-01T00:00:00Z,ok,8c23322c90d00243410b537ce2171c2f37a5dd2644c6851b09eed1411b1472b2,91043
F8QN52,https://alphafold.ebi.ac.uk/files/AF-F8QN52-F1-model_v6.pdb,2026-10-08,6,88.31,2025-08-01T00:00:00Z,ok,89dff73fbc65e756bec31a21b45448397786c539e2242c9a500429b21b16fbd6,91124
F8QN53,https://alphafold.ebi.ac.uk/files/AF-F8QN53-F1-model_v6.pdb,2026-10-08,6,90.88,2025-08-01T00:00:00Z,ok,a5b9bc8fe958a0a520b2513f7d24bd031a9186d6abad8c9a1275aa2328d4f428,91043
F8QN54,https://alphafold.ebi.ac.uk/files/AF-F8QN54-F1-model_v6.pdb,2026-10-08,6,90.38,2025-08-01T00:00:00Z,ok,0129ce18ea1309673fc7d0408d50a3822415786006771d2c8bd3aa5aaa25e6b5,92825
F8RTZ7,https://alphafold.ebi.ac.uk/files/AF-F8RTZ7-F1-model_v6.pdb,2026-10-08,6,96.94,2022-06-01T00:00:00Z,ok,d9e84300d756d612bf248f827f2005d3698b73909a16ca603fedd2a334fcd27e,90719
F8S0Y4,https://alphafold.ebi.ac.uk/files/AF-F8S0Y4-F1-model_v6.pdb,2026-10-08,6,93.62,2025-08-01T00:00:00Z,ok,4bff07ca162c47752e96d4c77379bf0c78abf35a3c1cfe9a2048793b41818933,156410
F8S0Y5,https://alphafold.ebi.ac.uk/files/AF-F8S0Y5-F1-model_v6.pdb,2026-10-08,6,83.19,2022-06-01T00:00:00Z,ok,2fb8990b901b36a90022db8a4b411ccfebe9e23769b466db7ac78317ff57cb8b,100925
F8S0Y6,https://alphafold.ebi.ac.uk/files/AF-F8S0Y6-F1-model_v6.pdb,2026-10-08,6,89.44,2022-06-01T00:00:00Z,ok,54d4e6a383691fbed947d1126caf7f6123f752b2cb284f9c58d525ce35326cbb,101168
F8S0Y7,https://alphafold.ebi.ac.uk/files/AF-F8S0Y7-F1-model_v6.pdb,2026-10-08,6,85.31,2022-06-01T00:00:00Z,ok,b8afaf45009aedf7bfbfa248b052887ced2ae75ad194e8895366a374cd4947a6,99386
F8S0Y8,https://alphafold.ebi.ac.uk/files/AF-F8S0Y8-F1-model_v6.pdb,2026-10-08,6,84.56,2022-06-01T00:00:00Z,ok,6eff9ea112c5d4413d49684cce331a6c2b7c977c47b1903055467670a23404ad,107000
F8S0Y9,https://alphafold.ebi.ac.uk/files/AF-F8S0Y9-F1-model_v6.pdb,2026-10-08,6,72.88,2022-06-01T00:00:00Z,ok,676e58cdbd8b4f5e72c8c148906892e1ad18283a36184885141418681e2ed9e5,102626
F8S0Z0,https://alphafold.ebi.ac.uk/files/AF-F8S0Z0-F1-model_v6.pdb,2026-10-08,6,85.69,2022-06-01T00:00:00Z,ok,5018bb60e9f64e9aa18c8f1cb28098fc7aa2e04b39cf4062fd5f000c1cab18d6,104408
F8S0Z1,https://alphafold.ebi.ac.uk/files/AF-F8S0Z1-F1-model_v6.pdb,2026-10-08,6,88.5,2022-06-01T00:00:00Z,ok,03ad5f97b5aeb0f738171f7e57771869df47d32d7b653bacdb8dd3318bbe80b2,102383
F8S0Z2,https://alphafold.ebi.ac.uk/files/AF-F8S0Z2-F1-model_v6.pdb,2026-10-08,6,85.75,2022-06-01T00:00:00Z,ok,916c7761d3fa0b03b4d36003661e8416cec5a019d74cbf165ecf442a0b5f100c,108458
F8S0Z3,https://alphafold.ebi.ac.uk/files/AF-F8S0Z3-F1-model_v6.pdb,2026-10-08,6,87.94,2022-06-01T00:00:00Z,ok,17bd01352f9b7826a6f81eee83081e799056840e99a93e4e0a5dd1c5dd4dcd48,103679
F8S0Z5,https://alphafold.ebi.ac.uk/files/AF-F8S0Z5-F1-model_v6.pdb,2026-10-08,6,94.12,2025-08-01T00:00:00Z,ok,a836977bafb304de0cefeb26735439b365392fb5573d273948e948c43d9e1405,342953
F8S101,https://alphafold.ebi.ac.uk/files/AF-F8S101-F1-model_v6.pdb,2026-10-08,6,90.81,2025-08-01T00:00:00Z,ok,419b8677dd5194ff60c6b31d562b193405f36677c48fc7dbbea35afff166d336,373571
F8S102,https://alphafold.ebi.ac.uk/files/AF-F8S102-F1-model_v6.pdb,2026-10-08,6,80.19,2022-06-01T00:00:00Z,ok,c3c5ed72ae05e1a9a2bd29f4256ddaa8f7448d6f272101738b3961f1f5da5659,317924
F8S103,https://alphafold.ebi.ac.uk/files/AF-F8S103-F1-model_v6.pdb,2026-10-08,6,80.44,2022-06-01T00:00:00Z,ok,d70b60b24c445a340f4f62e7c7f473817c2bd2b4805f216b936aa4ba44c5fb95,317357
F8S104,https://alphafold.ebi.ac.uk/files/AF-F8S104-F1-model_v6.pdb,2026-10-08,6,81.31,2022-06-01T00:00:00Z,ok,eb742de61c967c95045ce3a6ae003a0aa2daa046cf61407d997ce896e26c8113,310958
F8S105,https://alphafold.ebi.ac.uk/files/AF-F8S105-F1-model_v6.pdb,2026-10-08,6,81.69,2022-06-01T00:00:00Z,ok,08661205d71c8f93bab7bd4ce69621c244324ba86352d58fb9f139a2ebe47eb4,392525
F8S106,https://alphafold.ebi.ac.uk/files/AF-F8S106-F1-model_v6.pdb,2026-10-08,6,83.12,2022-06-01T00:00:00Z,ok,3f2b15399c354a819114f5f9c910a350f4f95c8629674a2c069c1be25d79aa29,391958
F8S107,https://alphafold.ebi.ac.uk/files/AF-F8S107-F1-model_v6.pdb,2026-10-08,6,80.69,2022-06-01T00:00:00Z,ok,90d07ef694d335e5627d877b57e3ec58e9ca907e76c8122a4ab7ff064e307ab2,391796
F8S108,https://alphafold.ebi.ac.uk/files/AF-F8S108-F1-model_v6.pdb,2026-10-08,6,85.62,2025-08-01T00:00:00Z,ok,f819293e48c199101bd17a361c8da4304acae6d2550b3733ee35085223cf1782,391553
F8S109,https://alphafold.ebi.ac.uk/files/AF-F8S109-F1-model_v6.pdb,2026-10-08,6,86.0,2022-06-01T00:00:00Z,ok,762525c86cf2716508b6d883938e1c7c3872ab21047da4b8aa1a9315a6197af6,315251
F8S110,https://alphafold.ebi.ac.uk/files/AF-F8S110-F1-model_v6.pdb,2026-10-08,6,94.62,2022-06-01T00:00:00Z,ok,6fab6719f645cc91681dc053a804a037b38c6d4a7634b9dde6bec560d5b8400d,188891
F8S111,https://alphafold.ebi.ac.uk/files/AF-F8S111-F1-model_v6.pdb,2026-10-08,6,92.81,2022-06-01T00:00:00Z,ok,8c91800264afe0aa6ce026bf910b84b0074fb726cb9f0d260cbd29f4243c22bf,247454
F8S112,https://alphafold.ebi.ac.uk/files/AF-F8S112-F1-model_v6.pdb,2026-10-08,6,82.0,2022-06-01T00:00:00Z,ok,e22c4afed47a184c4ab576249bc4adead939be2c27f0187367c3402822a8ca68,353078
F8S114,https://alphafold.ebi.ac.uk/files/AF-F8S114-F1-model_v6.pdb,2026-10-08,6,90.31,2025-08-01T00:00:00Z,ok,3dd58af66b71b18e888d7245ddb5fbe2aed2300eb9d4ea58bc576aa41237b352,173420
F8S116,https://alphafold.ebi.ac.uk/files/AF-F8S116-F1-model_v6.pdb,2026-10-08,6,91.06,2025-08-01T00:00:00Z,ok,435323de52950a77269329cc9095bc7ec7cacda32c888a50930a15ce03b42877,164591
F8S121,https://alphafold.ebi.ac.uk/files/AF-F8S121-F1-model_v6.pdb,2026-10-08,6,95.0,2022-06-01T00:00:00Z,ok,0f686806c340ec2ff2aa4104aecd57dc49397cb3f1f1441320127e7056a8bcdf,69254
F8S122,https://alphafold.ebi.ac.uk/files/AF-F8S122-F1-model_v6.pdb,2026-10-08,6,80.31,2025-08-01T00:00:00Z,ok,f998c7e04729a90bddd166fafa0baf31f946c9bd209478c3cef4f3567f5737e1,147014
G1UJB2,https://alphafold.ebi.ac.uk/files/AF-G1UJB2-F1-model_v6.pdb,2026-10-08,6,80.94,2022-06-01T00:00:00Z,ok,0d8f6c348e9804265c4378d4907ac36c7afdc295b39960410ff06d01e6f9ed4c,398438
G3DT18,https://alphafold.ebi.ac.uk/files/AF-G3DT18-F1-model_v6.pdb,2026-10-08,6,90.88,2025-08-01T00:00:00Z,ok,7b34ed4049c33cc02168934b0c092e7d532991a606af143fc01c179576e164ab,93311
G8XQX1,https://alphafold.ebi.ac.uk/files/AF-G8XQX1-F1-model_v6.pdb,2026-10-08,6,95.5,2025-08-01T00:00:00Z,ok,aba3040e21159d32c2c9de9887a700216795cfc0850c9fd1fd11086ba83e0edf,332261
G9I929,https://alphafold.ebi.ac.uk/files/AF-G9I929-F1-model_v6.pdb,2026-10-08,6,83.25,2025-08-01T00:00:00Z,ok,e6063e43bca7ebb6a8cc57267e54e714dc690398932078d50c53677bf29d2304,58319
G9I930,https://alphafold.ebi.ac.uk/files/AF-G9I930-F1-model_v6.pdb,2026-10-08,6,89.5,2025-08-01T00:00:00Z,ok,d60c55e4f73626b1c28cb2aa2c31ed58c55b1584cd404db9771900ac25d454b6,99224
H6VC05,https://alphafold.ebi.ac.uk/files/AF-H6VC05-F1-model_v6.pdb,2026-10-08,6,87.38,2025-08-01T00:00:00Z,ok,be5114cc0e6714f45336a59f50c8b8227625dfda5f1d11b31e5bc3176ff87e9a,61235
H6VC06,https://alphafold.ebi.ac.uk/files/AF-H6VC06-F1-model_v6.pdb,2026-10-08,6,88.0,2025-08-01T00:00:00Z,ok,dea44ac2d55ae3390364f9c3c51c2aa2f81d8141119240b95d0fd2eed44cb167,57752
H9M5U4,https://alphafold.ebi.ac.uk/files/AF-H9M5U4-F1-model_v6.pdb,2026-10-08,6,89.56,2025-08-01T00:00:00Z,ok,40fbf60556975cb226e306253ee51c118936e65bb8017bbc7ffd0cb7646c2b98,40337
I1SB18,https://alphafold.ebi.ac.uk/files/AF-I1SB18-F1-model_v6.pdb,2026-10-08,6,93.62,2022-06-01T00:00:00Z,ok,5dbeca3f98cd874e5f6ca7aa3ee27ed694e4e5667daf7a3c8b73eafa7bd55454,80270
I2C090,https://alphafold.ebi.ac.uk/files/AF-I2C090-F1-model_v6.pdb,2026-10-08,6,80.19,2025-08-01T00:00:00Z,ok,8cb05afab180bb2b1f397bb870bd53fced79161a60087687c92cd8d61fb3b7d3,1061828
I2GAE2,https://alphafold.ebi.ac.uk/files/AF-I2GAE2-F1-model_v6.pdb,2026-10-08,6,93.12,2022-06-01T00:00:00Z,ok,de890b03ca859783644c56e22b6f0e310a18e4b075751c57c72b53ccdffd970a,87722
I2GAE3,https://alphafold.ebi.ac.uk/files/AF-I2GAE3-F1-model_v6.pdb,2026-10-08,6,90.62,2022-06-01T00:00:00Z,ok,11cd514d4e443c7692ae75c52480559d44145087ea61a1e2a48204cf1b04cb89,88937
I2GAE4,https://alphafold.ebi.ac.uk/files/AF-I2GAE4-F1-model_v6.pdb,2026-10-08,6,97.56,2022-06-01T00:00:00Z,ok,019640182fe4acc561ec14cfabe7e1577878c18afe8204e58b937f1e0aa56d28,87884
I4CHP3,https://alphafold.ebi.ac.uk/files/AF-I4CHP3-F1-model_v6.pdb,2026-10-08,6,94.44,2025-08-01T00:00:00Z,ok,df7a7e9b77546105bc8c3b347328034d419f326cd6933caefc3b3e0a9b3f7b33,155357
I6L8L6,https://alphafold.ebi.ac.uk/files/AF-I6L8L6-F1-model_v6.pdb,2026-10-08,6,95.88,2025-08-01T00:00:00Z,ok,8d495946b2453c5a404daafdc55e6bd1e2440c53ec92dbfb1c93cd31847b7715,81728
I7ICN3,https://alphafold.ebi.ac.uk/files/AF-I7ICN3-F1-model_v6.pdb,2026-10-08,6,87.69,2025-08-01T00:00:00Z,ok,78a71a84e1631354e6b6f3a7cac757cbd75bda76e550664135aa84cee9bac3a3,106190
I7JUQ0,https://alphafold.ebi.ac.uk/files/AF-I7JUQ0-F1-model_v6.pdb,2026-10-08,6,84.56,2025-08-01T00:00:00Z,ok,8a9f2ba193006c0d5940c7dd2cb599390ca45fe3605069e9d3909d818918cabc,107162
J3RY43,https://alphafold.ebi.ac.uk/files/AF-J3RY43-F1-model_v6.pdb,2026-10-08,6,87.75,2025-08-01T00:00:00Z,ok,53597bf806c69a32ddd401549d50517b35424061b5adc13785aeeffefc850648,99629
J3RY45,https://alphafold.ebi.ac.uk/files/AF-J3RY45-F1-model_v6.pdb,2026-10-08,6,87.0,2022-06-01T00:00:00Z,ok,2a21461c6937d65e1a6e7e2853f73b5d54f9d744ab6c015d59c7e98697cbbef9,101006
J3RY47,https://alphafold.ebi.ac.uk/files/AF-J3RY47-F1-model_v6.pdb,2026-10-08,6,71.5,2022-06-01T00:00:00Z,ok,299073731f246a038db7e9254ab5bc0652c98971d5a267b7982ea567b3404a9c,102383
J3RY48,https://alphafold.ebi.ac.uk/files/AF-J3RY48-F1-model_v6.pdb,2026-10-08,6,86.12,2022-06-01T00:00:00Z,ok,e3dd5673566e37d1357df71ad326904cb78393e0d80d998951c80e239fadab36,100601
J3RY49,https://alphafold.ebi.ac.uk/files/AF-J3RY49-F1-model_v6.pdb,2026-10-08,6,88.19,2022-06-01T00:00:00Z,ok,c3e3be0aeb6a4525ebf574d3e9aa73a8320c908a7ade7f8373727b651664f54b,103598
J3RY50,https://alphafold.ebi.ac.uk/files/AF-J3RY50-F1-model_v6.pdb,2026-10-08,6,89.0,2022-06-01T00:00:00Z,ok,a06de60d27b77ff3346f79d021d42cea97b1e62653bdf036db751ab2bfa15398,101492
J3RY63,https://alphafold.ebi.ac.uk/files/AF-J3RY63-F1-model_v6.pdb,2026-10-08,6,88.19,2022-06-01T00:00:00Z,ok,1930d1a2ff8741259e8cbb85afa030b4668f3c0988374357f1b736d19331ec5b,92420
J3RY66,https://alphafold.ebi.ac.uk/files/AF-J3RY66-F1-model_v6.pdb,2026-10-08,6,81.12,2022-06-01T00:00:00Z,ok,5b6386f40dd39c886ad5f3daca4290ac071353a8f9750703840f0c79df0a2bec,314684
J3RY69,https://alphafold.ebi.ac.uk/files/AF-J3RY69-F1-model_v6.pdb,2026-10-08,6,81.12,2022-06-01T00:00:00Z,ok,1f8d020288f86b90e0bb082a22190a3427895d761a77bc79c7e291408b11788e,313955
J3RY72,https://alphafold.ebi.ac.uk/files/AF-J3RY72-F1-model_v6.pdb,2026-10-08,6,81.12,2022-06-01T00:00:00Z,ok,0e526f825c48c243a831163610425867e990325a02f858a78e97dc83211e3eb5,314522
J3RY76,https://alphafold.ebi.ac.uk/files/AF-J3RY76-F1-model_v6.pdb,2026-10-08,6,81.56,2022-06-01T00:00:00Z,ok,2dfd1634fc3561d2531b33d8f8533fe8f208c6b5b0cc30664b990bfb3be5f694,310634
J3RY78,https://alphafold.ebi.ac.uk/files/AF-J3RY78-F1-model_v6.pdb,2026-10-08,6,81.5,2022-06-01T00:00:00Z,ok,084635ce34db0baf027c27d78d2b834d1716447e40159536c1c1ac15987e4585,312254
J3RY82,https://alphafold.ebi.ac.uk/files/AF-J3RY82-F1-model_v6.pdb,2026-10-08,6,81.44,2022-06-01T00:00:00Z,ok,71480b8e074cda548fb02f9f525a32d0f294e2d75569b85e7cdef1e9e04b35c7,392444
J3RY86,https://alphafold.ebi.ac.uk/files/AF-J3RY86-F1-model_v6.pdb,2026-10-08,6,79.38,2022-06-01T00:00:00Z,ok,2e1fa3dd90c9640278691052ef1b1d2c231f0a5d060a246e015a40221f0a6ad5,398681
J3RY90,https://alphafold.ebi.ac.uk/files/AF-J3RY90-F1-model_v6.pdb,2026-10-08,6,81.38,2022-06-01T00:00:00Z,ok,9b252dfa17dd7ab87aa29a06907ad7745c1a03c15f35ed3db8e9ef313169b674,400625
J3RY93,https://alphafold.ebi.ac.uk/files/AF-J3RY93-F1-model_v6.pdb,2026-10-08,6,88.56,2025-08-01T00:00:00Z,ok,1ff812cba9abc90cea82762635219f5048ae622daaab75a9fdcf77d03bc3e8d8,168722
J3RYA3,https://alphafold.ebi.ac.uk/files/AF-J3RYA3-F1-model_v6.pdb,2026-10-08,6,90.44,2025-08-01T00:00:00Z,ok,e6ee94ee038bea014371b7b1526ebc0d0eb6d961833265ccc1299c99061c949a,173663
J3RYI5,https://alphafold.ebi.ac.uk/files/AF-J3RYI5-F1-model_v6.pdb,2026-10-08,6,59.41,2022-06-01T00:00:00Z,ok,848a7909e25b93364e17cbdad04a8479d152717200b1540a2450cc502e8b6fdf,180224
J3S3U4,https://alphafold.ebi.ac.uk/files/AF-J3S3U4-F1-model_v6.pdb,2026-10-08,6,52.94,2022-06-01T00:00:00Z,ok,c86086900ca6511fc8d35d552e28506544b2298aa27f69b74c6cdfcffd975f17,121661
J3S3U5,https://alphafold.ebi.ac.uk/files/AF-J3S3U5-F1-model_v6.pdb,2026-10-08,6,86.19,2022-06-01T00:00:00Z,ok,21deac48230e60e4492dd86c241ade8bea74528e8842ce692d0bff6c6169246f,104327
J3S3U6,https://alphafold.ebi.ac.uk/files/AF-J3S3U6-F1-model_v6.pdb,2026-10-08,6,89.69,2025-08-01T00:00:00Z,ok,a85bd6d6dc229d448efbf4fb5b3ebeded27ba9f4b87c6ec3b4ccfa76e9c9b100,104003
J3S3U7,https://alphafold.ebi.ac.uk/files/AF-J3S3U7-F1-model_v6.pdb,2026-10-08,6,83.81,2022-06-01T00:00:00Z,ok,96aa34e679649b58e2b1f6aab90965d8335c90d169b28137cf435cf1bffbbf24,106028
J3S3U8,https://alphafold.ebi.ac.uk/files/AF-J3S3U8-F1-model_v6.pdb,2026-10-08,6,82.69,2022-06-01T00:00:00Z,ok,a681ba3552a6d29306f5660ed7479c56c4b6df057ed31f3e001b8a456424d459,102302
J3S3V5,https://alphafold.ebi.ac.uk/files/AF-J3S3V5-F1-model_v6.pdb,2026-10-08,6,88.62,2022-06-01T00:00:00Z,ok,441499169114ab5de46afc77f7605a5cfeb862168b25b6091aab272383553262,91853
J3S3V6,https://alphafold.ebi.ac.uk/files/AF-J3S3V6-F1-model_v6.pdb,2026-10-08,6,89.0,2022-06-01T00:00:00Z,ok,587b647270b26f771dccabc39798092481b73117b66e349a40d4aa0b9133b388,92339
J3S3V8,https://alphafold.ebi.ac.uk/files/AF-J3S3V8-F1-model_v6.pdb,2026-10-08,6,80.12,2022-06-01T00:00:00Z,ok,db50bbcead6a58ce6ec45ae16df3cfabc926b031d0c171a9aa537384c79fbbb5,318005
J3S3V9,https://alphafold.ebi.ac.uk/files/AF-J3S3V9-F1-model_v6.pdb,2026-10-08,6,82.38,2022-06-01T00:00:00Z,ok,cb27b06c8f445ec4dcdaf4abb3b6416b98077213cfb700d68a9f4807f8bb898d,310553
J3S3W0,https://alphafold.ebi.ac.uk/files/AF-J3S3W0-F1-model_v6.pdb,2026-10-08,6,80.44,2022-06-01T00:00:00Z,ok,4d4eaf44bb086f5d37e94cadeb079c9a8c85b34c73ebe796a3ac0285b9106853,310877
J3S3W1,https://alphafold.ebi.ac.uk/files/AF-J3S3W1-F1-model_v6.pdb,2026-10-08,6,81.62,2022-06-01T00:00:00Z,ok,10fa1c71af8307b35bb24bdc24986f58481d288da8ec6ff0902ba8354cfd71b0,388232
J3S3W2,https://alphafold.ebi.ac.uk/files/AF-J3S3W2-F1-model_v6.pdb,2026-10-08,6,80.56,2022-06-01T00:00:00Z,ok,ef499f406b76a67c47d86b9362bf6fb94b720730037b80d680dfe676b76301c8,392606
J3S3W3,https://alphafold.ebi.ac.uk/files/AF-J3S3W3-F1-model_v6.pdb,2026-10-08,6,82.25,2022-06-01T00:00:00Z,ok,5a4f785d54c7c756259d8671cd244dbd9356903854a58a05b2ca4a65e6005a68,391958
J3S3W5,https://alphafold.ebi.ac.uk/files/AF-J3S3W5-F1-model_v6.pdb,2026-10-08,6,90.19,2025-08-01T00:00:00Z,ok,fec2c44e388bd33fefcd8c9e73b1825ef089f2e3f1913bc193f32b48928a64ee,173420
J3S815,https://alphafold.ebi.ac.uk/files/AF-J3S815-F1-model_v6.pdb,2026-10-08,6,86.25,2022-06-01T00:00:00Z,ok,ede930c8c0713cc813bcfaf40dccd9b093e1f0faafb84210ebbd01c770922b12,105542
J3S816,https://alphafold.ebi.ac.uk/files/AF-J3S816-F1-model_v6.pdb,2026-10-08,6,71.88,2022-06-01T00:00:00Z,ok,5063b92c8bd7b06d849bfa9640274a91d19d3cb3bee50f0ed8e97385487e256b,102869
J3S817,https://alphafold.ebi.ac.uk/files/AF-J3S817-F1-model_v6.pdb,2026-10-08,6,84.69,2022-06-01T00:00:00Z,ok,ea1027250f6fae87981ca30a10a7932ff47da69796c1d975bf4e0b0f9135a315,100925
J3S818,https://alphafold.ebi.ac.uk/files/AF-J3S818-F1-model_v6.pdb,2026-10-08,6,88.25,2022-06-01T00:00:00Z,ok,b0e19b3d48a47762f7534e04e8f7c5196405f0416afe0dbcbe78561e757be0f2,103517
J3S823,https://alphafold.ebi.ac.uk/files/AF-J3S823-F1-model_v6.pdb,2026-10-08,6,86.5,2022-06-01T00:00:00Z,ok,b358704286ce45e4e6220b61721efc6a2ddf1618c4ac1b37599f92f20c501391,91691
J3S824,https://alphafold.ebi.ac.uk/files/AF-J3S824-F1-model_v6.pdb,2026-10-08,6,81.38,2022-06-01T00:00:00Z,ok,9fb028e64cfbbd890ac4398883fdae625e036becbdc168c8669a3bb7ec3d2182,314765
J3S825,https://alphafold.ebi.ac.uk/files/AF-J3S825-F1-model_v6.pdb,2026-10-08,6,81.12,2022-06-01T00:00:00Z,ok,18b42721756a819e02ff266d8634755c36df9dca67e2466b92b4d2d393b80a10,314036
J3S826,https://alphafold.ebi.ac.uk/files/AF-J3S826-F1-model_v6.pdb,2026-10-08,6,80.12,2022-06-01T00:00:00Z,ok,6b8fc478a19c910bea9410a8db05e9d9e8fce839ecd6d6400d84a9996b9fc2b9,318005
J3S827,https://alphafold.ebi.ac.uk/files/AF-J3S827-F1-model_v6.pdb,2026-10-08,6,81.06,2022-06-01T00:00:00Z,ok,e06ef289d478c1e7a1bd36a65627f71f447f92f2ed57900d73188bebab5e4e6c,310958
J3S828,https://alphafold.ebi.ac.uk/files/AF-J3S828-F1-model_v6.pdb,2026-10-08,6,82.25,2022-06-01T00:00:00Z,ok,8e48d9bda02d9a68fb6cd29b59e6f39f10cb933bb3c619b46bf7a85fd3d08094,314198
J3S829,https://alphafold.ebi.ac.uk/files/AF-J3S829-F1-model_v6.pdb,2026-10-08,6,84.31,2025-08-01T00:00:00Z,ok,ce6fc6f485749f17ced532b9c5ca7b6a69d311952f5a48176aff10b900da1de5,392039
J3S830,https://alphafold.ebi.ac.uk/files/AF-J3S830-F1-model_v6.pdb,2026-10-08,6,82.25,2025-08-01T00:00:00Z,ok,3585a17ddbebfa6d3348e95c09b93053f23f58171a6d8a65ccc17b43c73ea02b,397790
J3S831,https://alphafold.ebi.ac.uk/files/AF-J3S831-F1-model_v6.pdb,2026-10-08,6,79.94,2022-06-01T00:00:00Z,ok,b57d4345633fe20f35f63bb45ae609a91289fa43c6a583880015c5639d243e77,394712
J3S832,https://alphafold.ebi.ac.uk/files/AF-J3S832-F1-model_v6.pdb,2026-10-08,6,89.44,2025-08-01T00:00:00Z,ok,974c38f732dd4b412d1228047017d8f7a4fbf4203bd9777cccf874337d2d0546,164510
J3S833,https://alphafold.ebi.ac.uk/files/AF-J3S833-F1-model_v6.pdb,2026-10-08,6,88.25,2025-08-01T00:00:00Z,ok,564fbe72f46ee25b74152df5bede3c2537d5509e3bb8fd27125d542bbe1e9426,166292
J3S835,https://alphafold.ebi.ac.uk/files/AF-J3S835-F1-model_v6.pdb,2026-10-08,6,91.25,2025-08-01T00:00:00Z,ok,287e705e19b9ea16b65a6ed429364f45231dde0fd71edada740249a11d1cc103,164753
J3S836,https://alphafold.ebi.ac.uk/files/AF-J3S836-F1-model_v6.pdb,2026-10-08,6,80.44,2025-08-01T00:00:00Z,ok,1cb75d1b916b1aede7b2516aba9071550b3f2dfc0ebc1664c309d4adebe67065,1067822
J3SBN4,https://alphafold.ebi.ac.uk/files/AF-J3SBN4-F1-model_v6.pdb,2026-10-08,6,85.06,2022-06-01T00:00:00Z,ok,fbd918ef233e0c65f4bd31aab9cc7486ceba9cbe8a30db6256661bde3df4b7da,103112
J3SBN5,https://alphafold.ebi.ac.uk/files/AF-J3SBN5-F1-model_v6.pdb,2026-10-08,6,85.19,2022-06-01T00:00:00Z,ok,da89b804af967221ae2c2c0cd6e5fb1c971b5d37c67ed605be509d9b0f33e0a7,108782
J3SBN6,https://alphafold.ebi.ac.uk/files/AF-J3SBN6-F1-model_v6.pdb,2026-10-08,6,84.25,2022-06-01T00:00:00Z,ok,9d2c5af79b0a17b1e25d0520913b28a69f760ed01934ed8b87768e8a8edfa680,107972
J3SBN7,https://alphafold.ebi.ac.uk/files/AF-J3SBN7-F1-model_v6.pdb,2026-10-08,6,71.56,2022-06-01T00:00:00Z,ok,daf3e5bbb60aa5904a5024737ab446f167655bd0c5d2d24030fb909e5e9d376b,102707
J3SBN8,https://alphafold.ebi.ac.uk/files/AF-J3SBN8-F1-model_v6.pdb,2026-10-08,6,83.94,2022-06-01T00:00:00Z,ok,8db18fca07b39a64240916599560289e41196b6ea43c72edb32f899cd3060ded,101249
J3SBN9,https://alphafold.ebi.ac.uk/files/AF-J3SBN9-F1-model_v6.pdb,2026-10-08,6,85.31,2025-08-01T00:00:00Z,ok,18e5cfd9b86bab97a2d7717fc2dcb962147186b9798e42a37097c0e9c88238af,98576
J3SBP0,https://alphafold.ebi.ac.uk/files/AF-J3SBP0-F1-model_v6.pdb,2026-10-08,6,86.56,2025-08-01T00:00:00Z,ok,c588613b23ad7ad8562577d31e9363584b177c6c7528c0498626b500285b0ae0,107081
J3SBP3,https://alphafold.ebi.ac.uk/files/AF-J3SBP3-F1-model_v6.pdb,2026-10-08,6,92.75,2025-08-01T00:00:00Z,ok,a962c9652c8aeef525373c066629d2dccf0dde91ae5525da9c8a0187519c8deb,532088
J3SBP4,https://alphafold.ebi.ac.uk/files/AF-J3SBP4-F1-model_v6.pdb,2026-10-08,6,87.69,2022-06-01T00:00:00Z,ok,5f9376c264ff28393b7334f810fa03cdfa1f5cece172bd01cb408900732ed366,91124
J3SBP6,https://alphafold.ebi.ac.uk/files/AF-J3SBP6-F1-model_v6.pdb,2026-10-08,6,81.0,2022-06-01T00:00:00Z,ok,e085e9c3ad6be408b8aaf97422aade894c70931ac41c0a1acaaaa7c4235834bf,318086
J3SBP7,https://alphafold.ebi.ac.uk/files/AF-J3SBP7-F1-model_v6.pdb,2026-10-08,6,81.88,2022-06-01T00:00:00Z,ok,6572dfe3dba4ba5e0a099499505683cd4d04f5ed1d109c970042df8c52f33481,310634
J3SBP8,https://alphafold.ebi.ac.uk/files/AF-J3SBP8-F1-model_v6.pdb,2026-10-08,6,80.31,2022-06-01T00:00:00Z,ok,842925d622b04ded79e72414e2f709a406cd09a07597d890599acc98fe3704bb,310715
J3SBP9,https://alphafold.ebi.ac.uk/files/AF-J3SBP9-F1-model_v6.pdb,2026-10-08,6,82.94,2025-08-01T00:00:00Z,ok,8d1e412883e358c151872ea516a89f9314610dba240c50661af3ced2d980d305,317843
J3SBQ0,https://alphafold.ebi.ac.uk/files/AF-J3SBQ0-F1-model_v6.pdb,2026-10-08,6,81.75,2022-06-01T00:00:00Z,ok,c21f019dd65d04bef36c805d503170b9f9ddcd4da21c9b5144b1d49d1157c24c,391958
J3SBQ1,https://alphafold.ebi.ac.uk/files/AF-J3SBQ1-F1-model_v6.pdb,2026-10-08,6,80.19,2022-06-01T00:00:00Z,ok,eb5d31c1791613c8b77713c188d7c8b3155e03b54ab7e014456f40fe7afa91fa,398033
J3SBQ2,https://alphafold.ebi.ac.uk/files/AF-J3SBQ2-F1-model_v6.pdb,2026-10-08,6,80.0,2022-06-01T00:00:00Z,ok,d8db4d1290e429150a6d879d7a6ea6830bc53c5e98723d776617ab17856292ab,397628
J3SBQ3,https://alphafold.ebi.ac.uk/files/AF-J3SBQ3-F1-model_v6.pdb,2026-10-08,6,88.62,2025-08-01T00:00:00Z,ok,52968d97a653f4c0ac5c935a1cab9a3011420f85ff14e126f241cbbba7f46fdf,168074
J3SCV0,https://alphafold.ebi.ac.uk/files/AF-J3SCV0-F1-model_v6.pdb,2026-10-08,6,86.81,2022-06-01T00:00:00Z,ok,3102eeea94a80dbd8fedfd4f0ed27ab3b992be972f179d5c843b94b4c272d416,586601
J3SDK6,https://alphafold.ebi.ac.uk/files/AF-J3SDK6-F1-model_v6.pdb,2026-10-08,6,84.62,2022-06-01T00:00:00Z,ok,93c83e27bc2c781221684500078c07a6f746d0b393b531a62a611cbee128ac7b,323756
J3SDU9,https://alphafold.ebi.ac.uk/files/AF-J3SDU9-F1-model_v6.pdb,2026-10-08,6,88.62,2022-06-01T00:00:00Z,ok,c3772b400932ede6db41639ce30cf2239ec2ca5c02874ac4a707f22d746d51b8,109025
J3SDV0,https://alphafold.ebi.ac.uk/files/AF-J3SDV0-F1-model_v6.pdb,2026-10-08,6,84.5,2022-06-01T00:00:00Z,ok,96cbda3ca386c6ee00148b372bdea2ef8985cfeef9a7bc0bf29b0264c8c7e3ea,101087
J3SDV2,https://alphafold.ebi.ac.uk/files/AF-J3SDV2-F1-model_v6.pdb,2026-10-08,6,72.0,2022-06-01T00:00:00Z,ok,532befeec068da542898e865692ce9ac6db1d90c2cf0993acc2df52466f85169,102221
J3SDV3,https://alphafold.ebi.ac.uk/files/AF-J3SDV3-F1-model_v6.pdb,2026-10-08,6,69.25,2022-06-01T00:00:00Z,ok,7fb86b297838628f12226acee20336f301cbc53765001bac88ba80e4a8c018ce,111536
J3SDV4,https://alphafold.ebi.ac.uk/files/AF-J3SDV4-F1-model_v6.pdb,2026-10-08,6,79.0,2022-06-01T00:00:00Z,ok,a39a2ee6b8a283f90d652d134a82d579c539864a1233a6d1e0d9ae41231f03cb,109187
J3SDV5,https://alphafold.ebi.ac.uk/files/AF-J3SDV5-F1-model_v6.pdb,2026-10-08,6,75.19,2022-06-01T00:00:00Z,ok,5d3681de5ce9b04b0ecf6e3c85b789edbc52aa10a8b1e59c2d3fce3be7be7747,102869
J3SDV6,https://alphafold.ebi.ac.uk/files/AF-J3SDV6-F1-model_v6.pdb,2026-10-08,6,78.31,2022-06-01T00:00:00Z,ok,7293ce917ea32513ada996de95852cb0356b09403b78e0246b2a636b66b3819e,116639
J3SDV8,https://alphafold.ebi.ac.uk/files/AF-J3SDV8-F1-model_v6.pdb,2026-10-08,6,67.19,2022-06-01T00:00:00Z,ok,9e49bf992d7dcd178050e64432bcf7fd2f50d247b6d64770e4d2d9e3a6650754,159650
J3SDV9,https://alphafold.ebi.ac.uk/files/AF-J3SDV9-F1-model_v6.pdb,2026-10-08,6,89.06,2022-06-01T00:00:00Z,ok,f9a3164edad0ee4e2f329fd66616fd0c48b50426d5be0c10ca5eef25c10ac9c9,91853
J3SDW0,https://alphafold.ebi.ac.uk/files/AF-J3SDW0-F1-model_v6.pdb,2026-10-08,6,86.81,2022-06-01T00:00:00Z,ok,7cb1e98a515834951492722c5fb439e34d15085aff380eb1c901a8ebe7eef0de,91124
J3SDW1,https://alphafold.ebi.ac.uk/files/AF-J3SDW1-F1-model_v6.pdb,2026-10-08,6,81.19,2022-06-01T00:00:00Z,ok,184a4c25ee119dbaf8b5260541aba955b289eab958b860542226dbc5a856c984,314198
J3SDW3,https://alphafold.ebi.ac.uk/files/AF-J3SDW3-F1-model_v6.pdb,2026-10-08,6,81.06,2022-06-01T00:00:00Z,ok,e808a2687788d354dabfcabf28671fd7e02561dcedeb50a6692e9b51b8f4fa2e,310634
J3SDW4,https://alphafold.ebi.ac.uk/files/AF-J3SDW4-F1-model_v6.pdb,2026-10-08,6,81.38,2022-06-01T00:00:00Z,ok,664df9d3582a3faa6e1bd1996f9614c30a07a88a4a97d9dc2ed4c797145e93e0,310472
J3SDW5,https://alphafold.ebi.ac.uk/files/AF-J3SDW5-F1-model_v6.pdb,2026-10-08,6,82.0,2022-06-01T00:00:00Z,ok,0e31546e25b151b3ff7f8539904712a22f11bd86080c5b97f0ff7f04a0adda36,388313
J3SDW6,https://alphafold.ebi.ac.uk/files/AF-J3SDW6-F1-model_v6.pdb,2026-10-08,6,84.12,2025-08-01T00:00:00Z,ok,a3ed64c2dd898f345694f7924404605ae8cedc2e36225b86abdfd7c7f424a7e7,391472
J3SDW8,https://alphafold.ebi.ac.uk/files/AF-J3SDW8-F1-model_v6.pdb,2026-10-08,6,83.62,2025-08-01T00:00:00Z,ok,bd37859323f29e64e4fac98d238b55b741c01b7a656bf811451c104bd1673ed3,391310
J3SDW9,https://alphafold.ebi.ac.uk/files/AF-J3SDW9-F1-model_v6.pdb,2026-10-08,6,90.62,2025-08-01T00:00:00Z,ok,dcda52602edc486872e1cc2fb0cdb5fe677015a79044ef09d45cc2e967d5ddc6,161027
J3SDX0,https://alphafold.ebi.ac.uk/files/AF-J3SDX0-F1-model_v6.pdb,2026-10-08,6,88.94,2025-08-01T00:00:00Z,ok,cb3935e8ec8efa5cb1e4351795b7242148466df89d0265b50ba558f28051da8f,169694
J3SDY6,https://alphafold.ebi.ac.uk/files/AF-J3SDY6-F1-model_v6.pdb,2026-10-08,6,68.62,2022-06-01T00:00:00Z,ok,870c6a9218378d481073183ca4708c0e7b6b40a94b2ccd14428769d1064539ae,547640
J3SEZ3,https://alphafold.ebi.ac.uk/files/AF-J3SEZ3-F1-model_v6.pdb,2026-10-08,6,92.38,2025-08-01T00:00:00Z,ok,dde76b5a3e150fbb4af2baf23eeddad294c8f01fbc6d4608a77ace0bb10b19f5,557765
J7H670,https://alphafold.ebi.ac.uk/files/AF-J7H670-F1-model_v6.pdb,2026-10-08,6,94.19,2025-08-01T00:00:00Z,ok,05a912dce8cb743f2521557f3cb4a6b265bb9e4101df9a5785b238d6dff52488,341657
J7LCB0,https://alphafold.ebi.ac.uk/files/AF-J7LCB0-F1-model_v6.pdb,2026-10-08,6,91.81,2022-06-01T00:00:00Z,ok,58eb63ff2561651146334e2d9230c1635f64bf0064dfffd4832d8043974c3d53,170747
J9Z332,https://alphafold.ebi.ac.uk/files/AF-J9Z332-F1-model_v6.pdb,2026-10-08,6,82.94,2025-08-01T00:00:00Z,ok,5a2da732da926b7961df3ecf9fca3bcb40f55163c8e6bf9467413d53254dd065,317762
K0IV83,https://alphafold.ebi.ac.uk/files/AF-K0IV83-F1-model_v6.pdb,2026-10-08,6,88.62,2022-06-01T00:00:00Z,ok,e6b84aeb4a2165d39ad923e4dcbb9db0486ff943687b926f8ae4b59694d0e84a,165401
K0IXA2,https://alphafold.ebi.ac.uk/files/AF-K0IXA2-F1-model_v6.pdb,2026-10-08,6,89.75,2022-06-01T00:00:00Z,ok,c593e42705ff1d4f60ee1ad853763a3caf1c132cecf61e6059e45fa64acbc13a,170585
K0J2I0,https://alphafold.ebi.ac.uk/files/AF-K0J2I0-F1-model_v6.pdb,2026-10-08,6,90.06,2022-06-01T00:00:00Z,ok,3ac00831b5a1fc1f85d85d61ea363bab7ea9376f660735e136ec43a95bf9180b,164105
K4LLQ2,https://alphafold.ebi.ac.uk/files/AF-K4LLQ2-F1-model_v6.pdb,2026-10-08,6,86.94,2025-08-01T00:00:00Z,ok,ca60e30fcb4584b050b282e60e3951548adc44ca2ad7603583e351cacf63ec31,162485
K7RW47,https://alphafold.ebi.ac.uk/files/AF-K7RW47-F1-model_v6.pdb,2026-10-08,6,81.38,2022-06-01T00:00:00Z,ok,a130f691a3eb248bed6f2e33f2d7a238ceaeb23087cdf936e8237ac827a506ad,289250
K9JAW0,https://alphafold.ebi.ac.uk/files/AF-K9JAW0-F1-model_v6.pdb,2026-10-08,6,82.94,2022-06-01T00:00:00Z,ok,f23d13b8dfc96b7b0340e8d79b8139aa6320362bbb242a42135c96f1d7f0f9ac,400463
K9JAX2,https://alphafold.ebi.ac.uk/files/AF-K9JAX2-F1-model_v6.pdb,2026-10-08,6,86.62,2022-06-01T00:00:00Z,ok,9dbcc48648729c635e3b7c874f6b2d5198eba6e3a89316febe111ae9b2755dc6,101573
K9JBU6,https://alphafold.ebi.ac.uk/files/AF-K9JBU6-F1-model_v6.pdb,2026-10-08,6,86.75,2022-06-01T00:00:00Z,ok,64fe3aad539e190b176df9fda72a24ea69b768bc8cd4a4bd93836dcf795feba3,101573
K9JBV0,https://alphafold.ebi.ac.uk/files/AF-K9JBV0-F1-model_v6.pdb,2026-10-08,6,85.75,2022-06-01T00:00:00Z,ok,ef8fa56d0455a5a0565521e97b5baa27645c2aa92f5e0a072e8a076069fde8a6,107567
K9JBV3,https://alphafold.ebi.ac.uk/files/AF-K9JBV3-F1-model_v6.pdb,2026-10-08,6,86.12,2022-06-01T00:00:00Z,ok,793d165682147fa5fda6dccc412080d7f88b7c170775f6e776d5b904f0875563,103355
K9JCB2,https://alphafold.ebi.ac.uk/files/AF-K9JCB2-F1-model_v6.pdb,2026-10-08,6,84.38,2022-06-01T00:00:00Z,ok,83e76b69737fa363a21b78a95d42bc50ff2b1ddc5f5299d353437f4e791ff0f3,109106
K9JDE8,https://alphafold.ebi.ac.uk/files/AF-K9JDE8-F1-model_v6.pdb,2026-10-08,6,85.62,2022-06-01T00:00:00Z,ok,2e9a9f0273eb0b479d5bef7d8e8f6d4fc23fd9666ba605a6e4c28774bab5b615,107972
K9JDF2,https://alphafold.ebi.ac.uk/files/AF-K9JDF2-F1-model_v6.pdb,2026-10-08,6,86.12,2022-06-01T00:00:00Z,ok,b88a2255b4fe2cc29d5ff6aea247727ae0e83e6f55f71bca78aa844f42655df3,108215
K9JDF6,https://alphafold.ebi.ac.uk/files/AF-K9JDF6-F1-model_v6.pdb,2026-10-08,6,85.94,2022-06-01T00:00:00Z,ok,13d2be80b8838aece72abea78b9b9a3348b64f82b09fbd08a70872fba0502382,104003
K9JDJ1,https://alphafold.ebi.ac.uk/files/AF-K9JDJ1-F1-model_v6.pdb,2026-10-08,6,84.25,2022-06-01T00:00:00Z,ok,51b58dadd0713bc748b22058f4b1a423f744329425e4f209d0af19f7b645a589,110078
K9JDJ6,https://alphafold.ebi.ac.uk/files/AF-K9JDJ6-F1-model_v6.pdb,2026-10-08,6,85.62,2022-06-01T00:00:00Z,ok,f0de5fd11a0ee83d694e63d44c273168c44fbdbf556cc03e0f76939a08e842ae,108215
K9JDK6,https://alphafold.ebi.ac.uk/files/AF-K9JDK6-F1-model_v6.pdb,2026-10-08,6,85.69,2022-06-01T00:00:00Z,ok,1fef97b52f53311908a7a9100bb812baa37f2d4ba801f835ba5c0bbff28b1629,104246
M1V359,https://alphafold.ebi.ac.uk/files/AF-M1V359-F1-model_v6.pdb,2026-10-08,6,87.19,2022-06-01T00:00:00Z,ok,984d8591aa0c8e114f42e506dc914af046448c5fff5c007ccc1310b957deb075,104246
M1VNP5,https://alphafold.ebi.ac.uk/files/AF-M1VNP5-F1-model_v6.pdb,2026-10-08,6,83.25,2022-06-01T00:00:00Z,ok,a4f1fa58a1f0ba03d3bab310d04c8bc4d258f7bdc21fef2b5cfd9b051b4e5626,102788
M5A7D0,https://alphafold.ebi.ac.uk/files/AF-M5A7D0-F1-model_v6.pdb,2026-10-08,6,46.56,2022-06-01T00:00:00Z,ok,1f9be3b51c8def6e79d27bff8409c23828535eea5768e810c52280cbab717a52,169937
M5A7M5,https://alphafold.ebi.ac.uk/files/AF-M5A7M5-F1-model_v6.pdb,2026-10-08,6,49.5,2022-06-01T00:00:00Z,ok,e13fbabe43eb7f9f331327d956552afb50112fbd73048ddf09fcf88806ff9b36,131543
M5A8I2,https://alphafold.ebi.ac.uk/files/AF-M5A8I2-F1-model_v6.pdb,2026-10-08,6,52.84,2022-06-01T00:00:00Z,ok,431ef6913a927df06ec726a0a10c187ec2b248dd242c82ba80d636dd6b232579,119312
M5BGS2,https://alphafold.ebi.ac.uk/files/AF-M5BGS2-F1-model_v6.pdb,2026-10-08,6,77.12,2025-08-01T00:00:00Z,ok,124eee1e5b22fd5d3a996b6a10cb5a49d1c969e73d1e5f91899655ffc815aa51,73061
M5BGY5,https://alphafold.ebi.ac.uk/files/AF-M5BGY5-F1-model_v6.pdb,2026-10-08,6,77.62,2025-08-01T00:00:00Z,ok,b425d091b04dbc777adc63c47d93951b49b1396757228bb362b145785bedbbdf,73223
N0A5N4,https://alphafold.ebi.ac.uk/files/AF-N0A5N4-F1-model_v6.pdb,2026-10-08,6,92.25,2025-08-01T00:00:00Z,ok,56f7cdf764f82d3b2194ae4774d046658f62689a619644036155a53952c353d3,153980
N0AAE6,https://alphafold.ebi.ac.uk/files/AF-N0AAE6-F1-model_v6.pdb,2026-10-08,6,92.44,2025-08-01T00:00:00Z,ok,e15121fa75d74db2018b32047d553b78e3fc77a9b25e38de5ba574fea5b42378,153980
O12961,https://alphafold.ebi.ac.uk/files/AF-O12961-F1-model_v6.pdb,2026-10-08,6,89.25,2025-08-01T00:00:00Z,ok,d6bd68adf12c7d72bc8a8e120b223da4dd15e9f56c5b845f40b7817f92c3511f,58562
O12962,https://alphafold.ebi.ac.uk/files/AF-O12962-F1-model_v6.pdb,2026-10-08,6,89.38,2025-08-01T00:00:00Z,ok,5126d9ea1fd086c04d062be564fd6fdf8e29815b28f8bfc218f527156a96baef,57347
O12963,https://alphafold.ebi.ac.uk/files/AF-O12963-F1-model_v6.pdb,2026-10-08,6,89.62,2025-08-01T00:00:00Z,ok,1d3b6a9305a875b6c727e19130cd5deb109d38009bfcb4aa54e8e649c4f8d72d,58967
O13057,https://alphafold.ebi.ac.uk/files/AF-O13057-F1-model_v6.pdb,2026-10-08,6,88.5,2025-08-01T00:00:00Z,ok,834ea4a5f9562e4e3eb0a22f263f79d1b2472800fd82aeed0220b6a884222a0f,168074
O13058,https://alphafold.ebi.ac.uk/files/AF-O13058-F1-model_v6.pdb,2026-10-08,6,89.75,2025-08-01T00:00:00Z,ok,533f755af8bab777827ef16bbbd6e7e87bde4553c938d627089db7716f3086cd,164591
O13069,https://alphafold.ebi.ac.uk/files/AF-O13069-F1-model_v6.pdb,2026-10-08,6,89.19,2025-08-01T00:00:00Z,ok,8d405488ad7f66a24001ae231e9457837be0b221d5b02e4ee7e79b8a8aaff307,163781
O42138,https://alphafold.ebi.ac.uk/files/AF-O42138-F1-model_v6.pdb,2026-10-08,6,84.25,2025-08-01T00:00:00Z,ok,eacbf860cc7382e0db3fb592a58b7e04dbee59b25eeff177b9fc765f5501918f,400301
O42187,https://alphafold.ebi.ac.uk/files/AF-O42187-F1-model_v6.pdb,2026-10-08,6,90.94,2025-08-01T00:00:00Z,ok,8e637933be506efd4b51b1a3d77a1af12b5877e6656d2f9854abf0ecfc889101,92663
O42207,https://alphafold.ebi.ac.uk/files/AF-O42207-F1-model_v6.pdb,2026-10-08,6,90.62,2025-08-01T00:00:00Z,ok,be560f29bc4fea5dd08fa7a4184c14178a26fb8c036215cd74106d3f5b959ac4,167264
O42255,https://alphafold.ebi.ac.uk/files/AF-O42255-F1-model_v6.pdb,2026-10-08,6,86.75,2025-08-01T00:00:00Z,ok,23bc5447edad47a49ad7a7c48d805db0f0a5b2dfdefb0c07fd3a73d8989d5013,59129
O42256,https://alphafold.ebi.ac.uk/files/AF-O42256-F1-model_v6.pdb,2026-10-08,6,85.88,2025-08-01T00:00:00Z,ok,c8e0b70d53b77d2544d8363479edfd8a76eb22b6a0eb918cc32a17eb9ba6e2ac,59129
O42257,https://alphafold.ebi.ac.uk/files/AF-O42257-F1-model_v6.pdb,2026-10-08,6,89.75,2025-08-01T00:00:00Z,ok,9263f7a0578e62ad114df0e3f630dfcd51a2d946ddce57293d5dead360881406,59453
O57326,https://alphafold.ebi.ac.uk/files/AF-O57326-F1-model_v6.pdb,2026-10-08,6,92.06,2025-08-01T00:00:00Z,ok,cba7620e9ef453ca8087142defeeaae45c1e95b8f3310d15751e8550498d0f86,56456
O57327,https://alphafold.ebi.ac.uk/files/AF-O57327-F1-model_v6.pdb,2026-10-08,6,92.62,2025-08-01T00:00:00Z,ok,9a9f18047eb553973fbbf73c36c412398eb1e8cc463ef09ad46d6896eecdc452,55727
O57385,https://alphafold.ebi.ac.uk/files/AF-O57385-F1-model_v6.pdb,2026-10-08,6,89.75,2025-08-01T00:00:00Z,ok,dbd04eca94516fe7d0c8b7ea7f5c51e219ea9b795e857f0d6d0d7d1794e73b1a,93554
O57413,https://alphafold.ebi.ac.uk/files/AF-O57413-F1-model_v6.pdb,2026-10-08,6,82.31,2025-08-01T00:00:00Z,ok,d5d0f3dce9af7da7edac54aa0962cd9bc7cba4eacc115932d37815d87cc52e32,313955
O57540,https://alphafold.ebi.ac.uk/files/AF-O57540-F1-model_v6.pdb,2026-10-08,6,82.69,2025-08-01T00:00:00Z,ok,0af55ccd9300dddf88c45d5642e39b28f15ddded9df0b7bba325dda2452ce667,46898
O73795,https://alphafold.ebi.ac.uk/files/AF-O73795-F1-model_v6.pdb,2026-10-08,6,80.12,2025-08-01T00:00:00Z,ok,d33c061b5bda7706931b717e7389bed6952b6dea203783e1d4bc174fdf9c0d30,326510
O73799,https://alphafold.ebi.ac.uk/files/AF-O73799-F1-model_v6.pdb,2026-10-08,6,84.25,2025-08-01T00:00:00Z,ok,eb4f818edbe611ae2f786675baf5eb333e3efda94edeb1088cece77acad334f1,46169
O73800,https://alphafold.ebi.ac.uk/files/AF-O73800-F1-model_v6.pdb,2026-10-08,6,89.94,2025-08-01T00:00:00Z,ok,abfc0dad394a4c2ae2f3020e1444dbd8ab4cc6943f23318089c2a70e44195734,171800
O73856,https://alphafold.ebi.ac.uk/files/AF-O73856-F1-model_v6.pdb,2026-10-08,6,92.44,2025-08-01T00:00:00Z,ok,37095c352f8909d6cba4d1ab0ec53a2264b0c85126d92765976275d741353181,55160
O73857,https://alphafold.ebi.ac.uk/files/AF-O73857-F1-model_v6.pdb,2026-10-08,6,92.0,2025-08-01T00:00:00Z,ok,cc8b1cf63b02f9ca441e60bbe9a49eb5b59271683b3f8850e5a0b05f819f18fe,54998
O73858,https://alphafold.ebi.ac.uk/files/AF-O73858-F1-model_v6.pdb,2026-10-08,6,94.44,2025-08-01T00:00:00Z,ok,46b2295a6d0f28939c1f7ce9c2cf7a667207e58e92fc9129924786c2f58c80ad,43577
O73859,https://alphafold.ebi.ac.uk/files/AF-O73859-F1-model_v6.pdb,2026-10-08,6,94.56,2025-08-01T00:00:00Z,ok,a8a3dff2313674af94b67418ae90f6cbfadaf0f621449e462d4b882815d2ff2f,43658
O93364,https://alphafold.ebi.ac.uk/files/AF-O93364-F1-model_v6.pdb,2026-10-08,6,94.19,2025-08-01T00:00:00Z,ok,6578ade187cd4c3d62c1cea8df47bbf088be7674f04768fa911d03be3ed2b6c8,342386
O93421,https://alphafold.ebi.ac.uk/files/AF-O93421-F1-model_v6.pdb,2026-10-08,6,94.94,2025-08-01T00:00:00Z,ok,11919d74a428e3a09aec6015fe9e28bf41aff563ee3205113677fdea250ef5d8,153251
O93422,https://alphafold.ebi.ac.uk/files/AF-O93422-F1-model_v6.pdb,2026-10-08,6,89.94,2025-08-01T00:00:00Z,ok,2b4c6cfac82b87bb202a402b1c541ecbc3b66c95d8c19e726d788f67c1b27b1f,59453
O93426,https://alphafold.ebi.ac.uk/files/AF-O93426-F1-model_v6.pdb,2026-10-08,6,91.25,2025-08-01T00:00:00Z,ok,c42368f079f5602d9d5ba9311bb205f013d478d43fe1aa57bc60779e039ba0a3,108458
O93427,https://alphafold.ebi.ac.uk/files/AF-O93427-F1-model_v6.pdb,2026-10-08,6,90.06,2025-08-01T00:00:00Z,ok,2820e1a9d8cd4dcef23c6778305a917bd120cd1b407c8cd1351c912857ff677a,104408
O93471,https://alphafold.ebi.ac.uk/files/AF-O93471-F1-model_v6.pdb,2026-10-08,6,92.19,2025-08-01T00:00:00Z,ok,07e78f117b34a6d4594fd9a90556c8643c3b45673f5aacbfd6f57a93a126aa68,54998
O93472,https://alphafold.ebi.ac.uk/files/AF-O93472-F1-model_v6.pdb,2026-10-08,6,92.5,2025-08-01T00:00:00Z,ok,9e66614b8d0f3c7066fb8039ada5e127a7f1918de610c7e326a98f6fbd5c8e23,55646
O93473,https://alphafold.ebi.ac.uk/files/AF-O93473-F1-model_v6.pdb,2026-10-08,6,92.0,2025-08-01T00:00:00Z,ok,ce1d0544694885c903827f2e5f9a412650b41e8aadf94bcc4cf17f4d98661d8f,55079
O93515,https://alphafold.ebi.ac.uk/files/AF-O93515-F1-model_v6.pdb,2026-10-08,6,86.31,2025-08-01T00:00:00Z,ok,8b3e97e69221b685843037eb41f29eb2a517178f4afa40f956623d5434af8fa7,92015
O93516,https://alphafold.ebi.ac.uk/files/AF-O93516-F1-model_v6.pdb,2026-10-08,6,82.75,2025-08-01T00:00:00Z,ok,95777a38ed9469a7b0dcf8a056a4b94d168c25cf6722ee900fc0e613f0c977b8,70226
O93517,https://alphafold.ebi.ac.uk/files/AF-O93517-F1-model_v6.pdb,2026-10-08,6,94.56,2025-08-01T00:00:00Z,ok,2ed36c6586fecd491190a36a270b4fbdcb0fa361adb93d742ee05ad63a7f4eb5,67148
O93518,https://alphafold.ebi.ac.uk/files/AF-O93518-F1-model_v6.pdb,2026-10-08,6,94.12,2025-08-01T00:00:00Z,ok,93e8a02725017edcbd807a8ef41a9579ec00625f3efa1fd19a39b437a5728191,121418
O93523,https://alphafold.ebi.ac.uk/files/AF-O93523-F1-model_v6.pdb,2026-10-08,6,85.12,2025-08-01T00:00:00Z,ok,e8750a8c1c6676bfc365a2f18209e9b3a8d097202e33bbb94d050cc931fc3364,393659
P00595,https://alphafold.ebi.ac.uk/files/AF-P00595-F1-model_v6.pdb,2026-10-08,6,97.12,2025-08-01T00:00:00Z,ok,2473836af3476deee10f5073f95922913a242481e40e066a52583444badc8ed4,80999
P00596,https://alphafold.ebi.ac.uk/files/AF-P00596-F1-model_v6.pdb,2026-10-08,6,88.75,2025-08-01T00:00:00Z,ok,805244f8d934eaf0494c191fdfd74d8cd645acf60c166d0a5605f6c2ac7b89dd,96632
P00598,https://alphafold.ebi.ac.uk/files/AF-P00598-F1-model_v6.pdb,2026-10-08,6,88.88,2025-08-01T00:00:00Z,ok,81e0f6817595aa1b36a16c92e0b70e0f8dce7c966fe85311c8689b5bcdce9507,95093
P00602,https://alphafold.ebi.ac.uk/files/AF-P00602-F1-model_v6.pdb,2026-10-08,6,97.44,2025-08-01T00:00:00Z,ok,d2aa682b7255ed8900b09a675dd200be48f240371796aef85d72f6f9ceb8ff5f,79298
P00603,https://alphafold.ebi.ac.uk/files/AF-P00603-F1-model_v6.pdb,2026-10-08,6,97.56,2025-08-01T00:00:00Z,ok,541cd233964c2a086f6237c6a099a0fe3f2fd64d749e0592e69f11056bdecec3,79379
P00604,https://alphafold.ebi.ac.uk/files/AF-P00604-F1-model_v6.pdb,2026-10-08,6,97.44,2025-08-01T00:00:00Z,ok,47823d294f29a50a8f593355c01c992ec1abf02d387151de370527ccc02c9cd3,79784
P00605,https://alphafold.ebi.ac.uk/files/AF-P00605-F1-model_v6.pdb,2026-10-08,6,97.44,2025-08-01T00:00:00Z,ok,140b718909233cb59572540f0dee28704abd1b26f4d5d8cb410e60adefd05495,79541
P00608,https://alphafold.ebi.ac.uk/files/AF-P00608-F1-model_v6.pdb,2026-10-08,6,97.5,2025-08-01T00:00:00Z,ok,844c0d00c0b12010e23327aba83adfc048d8de11770f82356a2fffcf18a6a65a,81404
P00609,https://alphafold.ebi.ac.uk/files/AF-P00609-F1-model_v6.pdb,2026-10-08,6,97.44,2025-08-01T00:00:00Z,ok,c917f9098507b05b3ddc2b6f042bfe9fc3ab026e19faedf2313652335d0abd11,81809
P00614,https://alphafold.ebi.ac.uk/files/AF-P00614-F1-model_v6.pdb,2026-10-08,6,97.19,2025-08-01T00:00:00Z,ok,beeb74ea94d30e06e22431ee1934045134becf7d0157beb2483fea33a75f36f9,82781
P00617,https://alphafold.ebi.ac.uk/files/AF-P00617-F1-model_v6.pdb,2026-10-08,6,87.62,2025-08-01T00:00:00Z,ok,c2ef509ffcfb83753f5fd541ea8d43caa5e7e78e31ae0c118c9d9818bee47a1d,96308
P00618,https://alphafold.ebi.ac.uk/files/AF-P00618-F1-model_v6.pdb,2026-10-08,6,89.06,2025-08-01T00:00:00Z,ok,ae953d6359a5b58b334af8d6a6985ca45e69278a1ef387e7669aca2a9e60d1d2,96713
P00619,https://alphafold.ebi.ac.uk/files/AF-P00619-F1-model_v6.pdb,2026-10-08,6,86.5,2025-08-01T00:00:00Z,ok,c0b83ccf314a0f8b8483b890592a12779f8f94f3d16dcb2d916ec4cd0d6c81d0,96308
P00623,https://alphafold.ebi.ac.uk/files/AF-P00623-F1-model_v6.pdb,2026-10-08,6,89.81,2025-08-01T00:00:00Z,ok,0364c4db8bafcc84aead74382406f8beba970606265a384871e0ca2e25eb6435,91934
P00624,https://alphafold.ebi.ac.uk/files/AF-P00624-F1-model_v6.pdb,2026-10-08,6,89.44,2025-08-01T00:00:00Z,ok,41e7e777ea553eb2c2b352a0bb03914079076234ec58c56753e57466284d17cb,91448
P00626,https://alphafold.ebi.ac.uk/files/AF-P00626-F1-model_v6.pdb,2026-10-08,6,90.44,2025-08-01T00:00:00Z,ok,25af9be1e418da4483f4e11300b175e2ee1a7ac6f16effc115046aadb93cd5d1,92177
P00627,https://alphafold.ebi.ac.uk/files/AF-P00627-F1-model_v6.pdb,2026-10-08,6,89.75,2025-08-01T00:00:00Z,ok,34d35ee9ed7ddaa459e673e9d571d4e10e11efb94001c4db3a92d4d9a3ea55d4,87641
P00628,https://alphafold.ebi.ac.uk/files/AF-P00628-F1-model_v6.pdb,2026-10-08,6,89.75,2025-08-01T00:00:00Z,ok,615e0fcb3a27a0ce1c3c98fc5e413a5d760c63b86a641e561abca94ff267aa49,87884
P00629,https://alphafold.ebi.ac.uk/files/AF-P00629-F1-model_v6.pdb,2026-10-08,6,89.31,2025-08-01T00:00:00Z,ok,21cdec1387894fa8ccc8b735511c046954cc26f8afd2404eff260e3ca7749e36,94283
P00979,https://alphafold.ebi.ac.uk/files/AF-P00979-F1-model_v6.pdb,2026-10-08,6,94.31,2025-08-01T00:00:00Z,ok,b3561b9a7d8509e2e6260d64d0ff5984c25e9d6eac455e186fa331055d366c6e,44954
P00980,https://alphafold.ebi.ac.uk/files/AF-P00980-F1-model_v6.pdb,2026-10-08,6,93.94,2025-08-01T00:00:00Z,ok,b69a031633f3daaef5077c215bd1a6847ddc1aac984a9c8297d5faa20e6592e1,44468
P00981,https://alphafold.ebi.ac.uk/files/AF-P00981-F1-model_v6.pdb,2026-10-08,6,88.62,2025-08-01T00:00:00Z,ok,a702fc8218df77a09e295ae4f36f948507f9029f8a5f07f6cd21efe72c9dfc9d,54917
P00982,https://alphafold.ebi.ac.uk/files/AF-P00982-F1-model_v6.pdb,2026-10-08,6,95.19,2025-08-01T00:00:00Z,ok,19db0deee0896a7e095a3570eaac0c5cd1588a575ffb1fb77e58e0e47be2aa64,41714
P00983,https://alphafold.ebi.ac.uk/files/AF-P00983-F1-model_v6.pdb,2026-10-08,6,96.94,2025-08-01T00:00:00Z,ok,d242f4f1e6ee335c89548f0888da52162ac72e5d49046787d59e032a14c196b9,40904
P00984,https://alphafold.ebi.ac.uk/files/AF-P00984-F1-model_v6.pdb,2026-10-08,6,94.81,2025-08-01T00:00:00Z,ok,6d54a00adf044e322091699b4d3687c4ce9cb87fc717a94d2a513ab65c546c53,41957
P00987,https://alphafold.ebi.ac.uk/files/AF-P00987-F1-model_v6.pdb,2026-10-08,6,91.5,2025-08-01T00:00:00Z,ok,162a2134db24e35e341a8ffec66612963e8489d0ec692755a94abf663cc413c2,58643
P00989,https://alphafold.ebi.ac.uk/files/AF-P00989-F1-model_v6.pdb,2026-10-08,6,87.88,2025-08-01T00:00:00Z,ok,afb2b1d4400b26cffdd2ca21b399cc780c7a8773cf8eeef8e795430a296cc96f,58562
P01021,https://alphafold.ebi.ac.uk/files/AF-P01021-F1-model_v6.pdb,2026-10-08,6,47.78,2025-08-01T00:00:00Z,ok,114712204065f4049cbf0d283202be3c3dcc3a841c10cfbcfda925f455fb4faf,161432
P01140,https://alphafold.ebi.ac.uk/files/AF-P01140-F1-model_v6.pdb,2026-10-08,6,92.19,2025-08-01T00:00:00Z,ok,41b742af6c809767aea48902a8b76655e22b53f6a383a25e67bb130416c0d333,78488
P01382,https://alphafold.ebi.ac.uk/files/AF-P01382-F1-model_v6.pdb,2026-10-08,6,90.62,2025-08-01T00:00:00Z,ok,9ea34edc7543ec129acc62e5f1a590db416a82cbb299aedf46e1af04c08bdae3,49328
P01383,https://alphafold.ebi.ac.uk/files/AF-P01383-F1-model_v6.pdb,2026-10-08,6,92.5,2025-08-01T00:00:00Z,ok,37b637e4d4fd9a2ad90771de3ec18a13f4965397684c5b70e40d5e89f10d56cc,49409
P01384,https://alphafold.ebi.ac.uk/files/AF-P01384-F1-model_v6.pdb,2026-10-08,6,87.69,2025-08-01T00:00:00Z,ok,ab89271fec5a241c69e1a5b46b7db6e62dceb6232507ba0027e46e4447c52a64,62126
P01385,https://alphafold.ebi.ac.uk/files/AF-P01385-F1-model_v6.pdb,2026-10-08,6,86.56,2025-08-01T00:00:00Z,ok,572167c610125cd90bf48593a7831e4701c661d4ff622d03bcfe9148d5d98b93,50057
P01386,https://alphafold.ebi.ac.uk/files/AF-P01386-F1-model_v6.pdb,2026-10-08,6,90.06,2025-08-01T00:00:00Z,ok,4360fbf15451d511af5895a78a9be6ad0e75aa788187c80057b62ea9c0dda8d0,49490
P01387,https://alphafold.ebi.ac.uk/files/AF-P01387-F1-model_v6.pdb,2026-10-08,6,88.5,2025-08-01T00:00:00Z,ok,6a5c83e2bf0a54e4a5cb1054d9ea30ac4430d9cb3dafd0b2b8fc9e3e5a75f3c8,49814
P01388,https://alphafold.ebi.ac.uk/files/AF-P01388-F1-model_v6.pdb,2026-10-08,6,89.12,2025-08-01T00:00:00Z,ok,f03603c886c4d0794c6863c727f1b1c355f37c54180a78c0fd866e04564081b1,47870
P01389,https://alphafold.ebi.ac.uk/files/AF-P01389-F1-model_v6.pdb,2026-10-08,6,89.88,2025-08-01T00:00:00Z,ok,29b8e9a699e2c5f19fe2843aa998376370f7ffd24beeb0cdd94904489ce749ad,48518
P01390,https://alphafold.ebi.ac.uk/files/AF-P01390-F1-model_v6.pdb,2026-10-08,6,87.12,2025-08-01T00:00:00Z,ok,c4321b87633dd10ae0380ed3955782f88303204ddd74f58fdaf26d6c97635e03,48437
P01391,https://alphafold.ebi.ac.uk/files/AF-P01391-F1-model_v6.pdb,2026-10-08,6,85.38,2025-08-01T00:00:00Z,ok,af91eabb3675a512646dd1ec3226898e1fcf7754ad238b817126681b934d8225,48194
P01393,https://alphafold.ebi.ac.uk/files/AF-P01393-F1-model_v6.pdb,2026-10-08,6,88.0,2025-08-01T00:00:00Z,ok,b743516db1002c6a8aafeb80b71e487a76938e3d68ca85e8ab2cde8d52b81b0e,50300
P01394,https://alphafold.ebi.ac.uk/files/AF-P01394-F1-model_v6.pdb,2026-10-08,6,82.75,2025-08-01T00:00:00Z,ok,ed9f1bd2a5d915e2687ebcbd35bb68812a7adf30cdd4ef11147bbd7a12a79d08,49004
P01395,https://alphafold.ebi.ac.uk/files/AF-P01395-F1-model_v6.pdb,2026-10-08,6,88.75,2025-08-01T00:00:00Z,ok,652ad91c754b9dcf3940fbaf362b7fecb6b8f3c057af1bf566c5b76cdad8451a,49571
P01396,https://alphafold.ebi.ac.uk/files/AF-P01396-F1-model_v6.pdb,2026-10-08,6,80.88,2025-08-01T00:00:00Z,ok,76b0204e2c0e772c0109658f75bd6e07478554ea344912292e520b5840bedda3,49409
P01397,https://alphafold.ebi.ac.uk/files/AF-P01397-F1-model_v6.pdb,2026-10-08,6,85.75,2025-08-01T00:00:00Z,ok,ede6e9fe51f7d9e92e63d5faebf6e48be1d4e446ed5aecbef36f5efdd8a22326,48842
P01398,https://alphafold.ebi.ac.uk/files/AF-P01398-F1-model_v6.pdb,2026-10-08,6,88.94,2025-08-01T00:00:00Z,ok,230d638100c4254f697ab49b7fe3c59ea6bf2cd1a7be0b776fa5240c5e6693ee,57914
P01399,https://alphafold.ebi.ac.uk/files/AF-P01399-F1-model_v6.pdb,2026-10-08,6,94.31,2025-08-01T00:00:00Z,ok,4fe5bc568f7367666db3e50663bf3876b0fc01eef35a9b623514e1d5eb8c48f7,46817
P01400,https://alphafold.ebi.ac.uk/files/AF-P01400-F1-model_v6.pdb,2026-10-08,6,93.06,2025-08-01T00:00:00Z,ok,a9b0bcf07315ee1c5efbaa73b7cd7de3e140f2f308005daab6a778ad3cdf9c20,45845
P01401,https://alphafold.ebi.ac.uk/files/AF-P01401-F1-model_v6.pdb,2026-10-08,6,93.62,2025-08-01T00:00:00Z,ok,06e132098863f6d92acdcb639958fcd70204400eb9897953607777e3771b07de,46412
P01402,https://alphafold.ebi.ac.uk/files/AF-P01402-F1-model_v6.pdb,2026-10-08,6,84.19,2025-08-01T00:00:00Z,ok,063737b0d6ed3601bdeea64158e6039f492019db7eb0d8409ca33abf7b895762,41390
P01404,https://alphafold.ebi.ac.uk/files/AF-P01404-F1-model_v6.pdb,2026-10-08,6,89.44,2025-08-01T00:00:00Z,ok,310ba3975a3ba88c03152e0366d6e2d64fbff77428ad2fcaff1cb4be869be5b3,53702
P01405,https://alphafold.ebi.ac.uk/files/AF-P01405-F1-model_v6.pdb,2026-10-08,6,89.12,2025-08-01T00:00:00Z,ok,9e9cde90ffc196d02f854e496e20118520880cab1fd7ce64a75aa727b366cbf4,42281
P01406,https://alphafold.ebi.ac.uk/files/AF-P01406-F1-model_v6.pdb,2026-10-08,6,93.25,2025-08-01T00:00:00Z,ok,1b1be81de9f93e35cc07a255e8a1eb37ab29a112aeb49bd51432a1134a0a9e30,42119
P01407,https://alphafold.ebi.ac.uk/files/AF-P01407-F1-model_v6.pdb,2026-10-08,6,84.69,2025-08-01T00:00:00Z,ok,baf5a2058cbda1b75c07d27f41cbe0ca1021823d480186a19f9b789edb76ad13,41876
P01408,https://alphafold.ebi.ac.uk/files/AF-P01408-F1-model_v6.pdb,2026-10-08,6,84.69,2025-08-01T00:00:00Z,ok,0e3191c538292aa5258989efb6f3a0540ca02f25b71c5a76d7a41a23ba8b6ffa,42200
P01409,https://alphafold.ebi.ac.uk/files/AF-P01409-F1-model_v6.pdb,2026-10-08,6,84.75,2025-08-01T00:00:00Z,ok,4f8deee930be3f09aaa0a9a45b8654f84eb593bf97c6635e8f8445d05b841bf6,41876
P01410,https://alphafold.ebi.ac.uk/files/AF-P01410-F1-model_v6.pdb,2026-10-08,6,88.5,2025-08-01T00:00:00Z,ok,925f165045bb7937c4b037c88c7d458aa9d24d36156d6e5d2e3f80a364c963c1,41633
P01411,https://alphafold.ebi.ac.uk/files/AF-P01411-F1-model_v6.pdb,2026-10-08,6,89.56,2025-08-01T00:00:00Z,ok,de7672da89798a95e95cf8a29151c90c5f32d91b6974c2228cf0efdfce56e0ce,40985
P01412,https://alphafold.ebi.ac.uk/files/AF-P01412-F1-model_v6.pdb,2026-10-08,6,92.25,2025-08-01T00:00:00Z,ok,216c7a32c19bfeb97b9ed0dffbfd5a85563516ce87ec2c7e1cf0316945d17aaa,56699
P01413,https://alphafold.ebi.ac.uk/files/AF-P01413-F1-model_v6.pdb,2026-10-08,6,85.56,2025-08-01T00:00:00Z,ok,6eed84e49a0368e47e6f264d1497dfe01d41c5f3a70f69882c2e42bbcc3486d1,43658
P01414,https://alphafold.ebi.ac.uk/files/AF-P01414-F1-model_v6.pdb,2026-10-08,6,93.0,2025-08-01T00:00:00Z,ok,fb60cc69c1fde565151ae9bd963b6bf4fdd0d27272f784291c8e4aa82146588e,43577
P01415,https://alphafold.ebi.ac.uk/files/AF-P01415-F1-model_v6.pdb,2026-10-08,6,93.06,2025-08-01T00:00:00Z,ok,641dac61fab0b30c3e8c108e1193a690e69e644ed8eb7ec1e094211b24eb8913,43820
P01416,https://alphafold.ebi.ac.uk/files/AF-P01416-F1-model_v6.pdb,2026-10-08,6,96.38,2025-08-01T00:00:00Z,ok,ff7e33acf04566a42ba3b794226ba7f3ed9d722ac0442811981c2615385deebc,43091
P01417,https://alphafold.ebi.ac.uk/files/AF-P01417-F1-model_v6.pdb,2026-10-08,6,96.19,2025-08-01T00:00:00Z,ok,91574473ca6f0d0c06338aaa7515076560d453f750d995010241105ab56b83bf,41957
P01418,https://alphafold.ebi.ac.uk/files/AF-P01418-F1-model_v6.pdb,2026-10-08,6,95.75,2025-08-01T00:00:00Z,ok,6734fc23cadbcff8356f9cad706b9096a9bec2345b80a5c8dc7353275a3fd0b2,42038
P01419,https://alphafold.ebi.ac.uk/files/AF-P01419-F1-model_v6.pdb,2026-10-08,6,93.88,2025-08-01T00:00:00Z,ok,358bc5c40dc62baa58cf8ca852683ca1e785d94c94682d6749a3385eb48479db,40742
P01420,https://alphafold.ebi.ac.uk/files/AF-P01420-F1-model_v6.pdb,2026-10-08,6,96.62,2025-08-01T00:00:00Z,ok,b6cb74c5c01354e89841c07055b5b888714a690c02a1901fa225ff75d7b5ff74,42767
P01421,https://alphafold.ebi.ac.uk/files/AF-P01421-F1-model_v6.pdb,2026-10-08,6,96.69,2025-08-01T00:00:00Z,ok,c87c75bad34b96232785af8b11b56532fe8d2930b2b8bbce820ab066515f7494,42929
P01422,https://alphafold.ebi.ac.uk/files/AF-P01422-F1-model_v6.pdb,2026-10-08,6,96.88,2025-08-01T00:00:00Z,ok,415771e8b78b29e3e42e144d76609ee8f14e46e02a7f700503fc8137483f0d28,42929
P01423,https://alphafold.ebi.ac.uk/files/AF-P01423-F1-model_v6.pdb,2026-10-08,6,97.06,2025-08-01T00:00:00Z,ok,049707d51c94e10a034158a0e5be7962d8a3cb4aa38657314e56b7cc2d84edb6,43253
P01424,https://alphafold.ebi.ac.uk/files/AF-P01424-F1-model_v6.pdb,2026-10-08,6,97.19,2025-08-01T00:00:00Z,ok,611c9e92208588d80d71ed289f5dd8d8ce87419443ddd3fa5fd0bdbb21a10713,42200
P01425,https://alphafold.ebi.ac.uk/files/AF-P01425-F1-model_v6.pdb,2026-10-08,6,97.19,2025-08-01T00:00:00Z,ok,54405f96bfaaba8151716216c11d25640d9a7029fa61e4b89c086edbcf335e70,42524
P01426,https://alphafold.ebi.ac.uk/files/AF-P01426-F1-model_v6.pdb,2026-10-08,6,97.31,2025-08-01T00:00:00Z,ok,84cd163d43996dc3168f2af0cce823404b60a0e7f4269a1ba2032f66ea6192fe,42281
P01427,https://alphafold.ebi.ac.uk/files/AF-P01427-F1-model_v6.pdb,2026-10-08,6,97.75,2025-08-01T00:00:00Z,ok,19ed91f76aad7e0b8da13a2d2b981efa61ad1ce654ee39a96cde99909e5fe20a,42848
P01431,https://alphafold.ebi.ac.uk/files/AF-P01431-F1-model_v6.pdb,2026-10-08,6,96.44,2025-08-01T00:00:00Z,ok,81b68da7e138e173837943b512c0246e7a53771f344b212c82dca38c325f9ebe,43901
P01432,https://alphafold.ebi.ac.uk/files/AF-P01432-F1-model_v6.pdb,2026-10-08,6,96.5,2025-08-01T00:00:00Z,ok,286d892d1aae4c5ff64876d3e73b91aa8b3da21a899a59f752b8791e58b91eca,44711
P01433,https://alphafold.ebi.ac.uk/files/AF-P01433-F1-model_v6.pdb,2026-10-08,6,97.06,2025-08-01T00:00:00Z,ok,e5c814b94c018c6c1c0eee6497fa49df7b7543a56f79d5f46923ea11c8ec987c,42443
P01434,https://alphafold.ebi.ac.uk/files/AF-P01434-F1-model_v6.pdb,2026-10-08,6,97.19,2025-08-01T00:00:00Z,ok,40dbdc27efe558c29d52d62a0d6269bd866f12b51c1d72171e170a50ca0968f4,42524
P01440,https://alphafold.ebi.ac.uk/files/AF-P01440-F1-model_v6.pdb,2026-10-08,6,96.5,2025-08-01T00:00:00Z,ok,4a645e10b299ce757cb311aa92a9daa9394fca3eeef98132b6d6b7a41bca4b94,42038
P01441,https://alphafold.ebi.ac.uk/files/AF-P01441-F1-model_v6.pdb,2026-10-08,6,96.38,2025-08-01T00:00:00Z,ok,16b8e8e8d1e335727d16b3ce6bf9ec5969aba9396b427e270819bda4ccc497c5,41309
P01442,https://alphafold.ebi.ac.uk/files/AF-P01442-F1-model_v6.pdb,2026-10-08,6,91.5,2025-08-01T00:00:00Z,ok,1e3d3450263db34a80b6506f55a609752059aff71d6e49372d3f8a5c95ea7abe,54998
P01443,https://alphafold.ebi.ac.uk/files/AF-P01443-F1-model_v6.pdb,2026-10-08,6,90.81,2025-08-01T00:00:00Z,ok,2cd3b79f0da176da4cedd2f521f385508d841ab40673373ed4ccdb6cf630dc12,55241
P01445,https://alphafold.ebi.ac.uk/files/AF-P01445-F1-model_v6.pdb,2026-10-08,6,94.81,2025-08-01T00:00:00Z,ok,2dbb1bc9d21b6069ba2c33a30be5302924568f617dc6b115736feca5ca17a843,41876
P01446,https://alphafold.ebi.ac.uk/files/AF-P01446-F1-model_v6.pdb,2026-10-08,6,95.44,2025-08-01T00:00:00Z,ok,eb18062ace8a2a3de42aab9ecafe8c85f1f161716d6a5dbb92985199c843345b,41714
P01447,https://alphafold.ebi.ac.uk/files/AF-P01447-F1-model_v6.pdb,2026-10-08,6,94.75,2025-08-01T00:00:00Z,ok,7b1479a8ee670719f17110c727fa7204f24c2fbc0cc85ac3cf225dc576fd2f5f,42119
P01448,https://alphafold.ebi.ac.uk/files/AF-P01448-F1-model_v6.pdb,2026-10-08,6,95.62,2025-08-01T00:00:00Z,ok,d5c6018743d433d80051dd420f898b8f7b8cc343599834abc51ef9dfb3b0afb0,41471
P01451,https://alphafold.ebi.ac.uk/files/AF-P01451-F1-model_v6.pdb,2026-10-08,6,95.38,2025-08-01T00:00:00Z,ok,8976cc565f61955b0dc4104dc3ffae5106b5310e82367920369249e50b9f1261,42200
P01452,https://alphafold.ebi.ac.uk/files/AF-P01452-F1-model_v6.pdb,2026-10-08,6,94.62,2025-08-01T00:00:00Z,ok,0406f4027aaec3e6d89999934c3002c81723f1a3a541810de6a50a33649da7cb,41552
P01453,https://alphafold.ebi.ac.uk/files/AF-P01453-F1-model_v6.pdb,2026-10-08,6,94.81,2025-08-01T00:00:00Z,ok,f85e7bf2315e7b4d4b0b0587371e202e29842120e9ad6f720078ad8256cf6a7d,41471
P01454,https://alphafold.ebi.ac.uk/files/AF-P01454-F1-model_v6.pdb,2026-10-08,6,95.5,2025-08-01T00:00:00Z,ok,d05d28da52b334131108db93a9ca6542ecf15d77a6b9df51b94e307416d4723c,41390
P01455,https://alphafold.ebi.ac.uk/files/AF-P01455-F1-model_v6.pdb,2026-10-08,6,95.19,2025-08-01T00:00:00Z,ok,6e15cfd0c207a083705bde07742f403038c27b8da0cf8c6717e95d3e6d8c3216,41633
P01456,https://alphafold.ebi.ac.uk/files/AF-P01456-F1-model_v6.pdb,2026-10-08,6,95.12,2025-08-01T00:00:00Z,ok,c6d0e140a0369bf2e8f990dab52be588626edcde34aa50cae3aacb32fc9478ac,41633
P01457,https://alphafold.ebi.ac.uk/files/AF-P01457-F1-model_v6.pdb,2026-10-08,6,95.0,2025-08-01T00:00:00Z,ok,4f21ae4e8a1b5b710c3759a7e099914416915ba8d2402ab2e5af9560c79870fb,42119
P01458,https://alphafold.ebi.ac.uk/files/AF-P01458-F1-model_v6.pdb,2026-10-08,6,94.62,2025-08-01T00:00:00Z,ok,6905ca93d7a7fd004f727e53c77be925e3b2acdc8354cff81adb89de6bcf0b24,42200
P01459,https://alphafold.ebi.ac.uk/files/AF-P01459-F1-model_v6.pdb,2026-10-08,6,95.56,2025-08-01T00:00:00Z,ok,73039ea2f2ff74647d7e8a4e90a249a354cc5a44c22f9abd7c3276a734c839e0,42524
P01460,https://alphafold.ebi.ac.uk/files/AF-P01460-F1-model_v6.pdb,2026-10-08,6,94.88,2025-08-01T00:00:00Z,ok,7318c8e6a1a6dd69fb54d93acf764f73d3e89e3a84b553d3f15e2df7d058d5e7,42362
P01461,https://alphafold.ebi.ac.uk/files/AF-P01461-F1-model_v6.pdb,2026-10-08,6,94.56,2025-08-01T00:00:00Z,ok,f66b6e71ba163b1099c8684867f1ca477de2a3b7d2bd98f4fbab3a7c60f6bd96,42281
P01462,https://alphafold.ebi.ac.uk/files/AF-P01462-F1-model_v6.pdb,2026-10-08,6,95.75,2025-08-01T00:00:00Z,ok,e6325e371c1809e2a6087dab1bae4633991f12b8fd8126fb3d914546b44a578b,42443
P01463,https://alphafold.ebi.ac.uk/files/AF-P01463-F1-model_v6.pdb,2026-10-08,6,95.56,2025-08-01T00:00:00Z,ok,c56c24f185bbf5ce25c78dd23856a00147c7db0edc2c4b279c0138b686a5e4b7,42524
P01464,https://alphafold.ebi.ac.uk/files/AF-P01464-F1-model_v6.pdb,2026-10-08,6,95.88,2025-08-01T00:00:00Z,ok,a63fad981bd6d21c00d4af374fcdd7c6833fa3d33b239a115b9228408ca97c0f,42443
P01465,https://alphafold.ebi.ac.uk/files/AF-P01465-F1-model_v6.pdb,2026-10-08,6,95.19,2025-08-01T00:00:00Z,ok,67cfac522746282258ed1be7d01b57e1f142737b3d02ba3192670304681589d7,42443
P01466,https://alphafold.ebi.ac.uk/files/AF-P01466-F1-model_v6.pdb,2026-10-08,6,95.81,2025-08-01T00:00:00Z,ok,9374b8bd507b6be4f60701c62fa2b504e9c9a8fefa848a3cc9fec065e32989c9,42443
P01467,https://alphafold.ebi.ac.uk/files/AF-P01467-F1-model_v6.pdb,2026-10-08,6,96.44,2025-08-01T00:00:00Z,ok,86ac56c94ff1799a3bd903e8a58c43fcb31688767810c0fecf8397e39d8fe737,42200
P01468,https://alphafold.ebi.ac.uk/files/AF-P01468-F1-model_v6.pdb,2026-10-08,6,95.69,2025-08-01T00:00:00Z,ok,94e6a46855c1500bf76a8eb35b31f212b434ba149f8371bb19def2525d7b0684,42200
P01469,https://alphafold.ebi.ac.uk/files/AF-P01469-F1-model_v6.pdb,2026-10-08,6,96.25,2025-08-01T00:00:00Z,ok,234aa37bd6420d778974f50c23b0c0b7c03658dd1cd8a8238d85269a3026a7af,42119
P01470,https://alphafold.ebi.ac.uk/files/AF-P01470-F1-model_v6.pdb,2026-10-08,6,95.38,2025-08-01T00:00:00Z,ok,f77d2265f7da5e2fa5da0d71dea328760a19c41cceb9821c0c12e362197c59e8,42686
P01471,https://alphafold.ebi.ac.uk/files/AF-P01471-F1-model_v6.pdb,2026-10-08,6,92.44,2025-08-01T00:00:00Z,ok,a73db2370de9f67cbfb3c1fbf4cb8cde20804a7303fab0d223877d6d2de5b97c,42281
P01473,https://alphafold.ebi.ac.uk/files/AF-P01473-F1-model_v6.pdb,2026-10-08,6,93.5,2025-08-01T00:00:00Z,ok,982e61721444a9e37004dbf604f6a4fc8ee6c02f2b722d513cf2fee3b01ceee3,42686
P01474,https://alphafold.ebi.ac.uk/files/AF-P01474-F1-model_v6.pdb,2026-10-08,6,93.69,2025-08-01T00:00:00Z,ok,44b81a41c42967a092f0671bc48004edbdb111ab9e68c8bf1cbf7aa895e67162,42767
P01476,https://alphafold.ebi.ac.uk/files/AF-P01476-F1-model_v6.pdb,2026-10-08,6,88.56,2025-08-01T00:00:00Z,ok,f02846b5bf5b8cbc40ec7eef189ecf86be0c2b44d7d2b3b9256ed30287d411b8,31265
P04084,https://alphafold.ebi.ac.uk/files/AF-P04084-F1-model_v6.pdb,2026-10-08,6,97.19,2025-08-01T00:00:00Z,ok,839a135d86b16d18686b8c6e6b1d4e98f0d2e87b8a1aaecfc81cccd9be854cc4,81485
P04361,https://alphafold.ebi.ac.uk/files/AF-P04361-F1-model_v6.pdb,2026-10-08,6,96.94,2025-08-01T00:00:00Z,ok,fda99463c94c6ea48ba3a49eec2677daefe8ece8f17b5260fb15a74db58a8ada,83186
P04417,https://alphafold.ebi.ac.uk/files/AF-P04417-F1-model_v6.pdb,2026-10-08,6,96.69,2025-08-01T00:00:00Z,ok,a38e4b36e436a02ccea2e9984bccfd29d20568a009c1b25e64ca22b1a1054fb1,83267
P04971,https://alphafold.ebi.ac.uk/files/AF-P04971-F1-model_v6.pdb,2026-10-08,6,90.19,2025-08-01T00:00:00Z,ok,b9ebe096e7bd822a34ff67286026f3446702db87cf14729dc16722821e64054a,165644
P05620,https://alphafold.ebi.ac.uk/files/AF-P05620-F1-model_v6.pdb,2026-10-08,6,90.81,2025-08-01T00:00:00Z,ok,54a71cd3f4b7d788c6b58e53c46b2ae26d74bf76fc3283074d43b3793bb538bc,166859
P06859,https://alphafold.ebi.ac.uk/files/AF-P06859-F1-model_v6.pdb,2026-10-08,6,91.88,2025-08-01T00:00:00Z,ok,9fa426f01e13719c32fe00595a217992bcba840962319490d3c82c827b4ee4dc,92420
P06860,https://alphafold.ebi.ac.uk/files/AF-P06860-F1-model_v6.pdb,2026-10-08,6,95.62,2025-08-01T00:00:00Z,ok,e1984aa0394f75d8765663a9a88679ace6153cb28f9045fe7c42dc10262ed725,83429
P07525,https://alphafold.ebi.ac.uk/files/AF-P07525-F1-model_v6.pdb,2026-10-08,6,95.69,2025-08-01T00:00:00Z,ok,e5325f0356b480b267b943719d3cf1de79a5b468c9fbd590107e85f5e05bc451,42200
P07526,https://alphafold.ebi.ac.uk/files/AF-P07526-F1-model_v6.pdb,2026-10-08,6,85.81,2025-08-01T00:00:00Z,ok,5c5de4f7652d036a48d06316ce13a9dc8eb78b272649f84176d5046837eb5aae,49004
P08878,https://alphafold.ebi.ac.uk/files/AF-P08878-F1-model_v6.pdb,2026-10-08,6,90.44,2025-08-01T00:00:00Z,ok,79029de4b71219501892a3299f8ae4f5c14aeffd2184fb7cb3d3d8473656f494,90638
P09872,https://alphafold.ebi.ac.uk/files/AF-P09872-F1-model_v6.pdb,2026-10-08,6,95.56,2025-08-01T00:00:00Z,ok,8097f1cf906b6a3b59670716b05baa949cc70d68ba99c1d4a3d925488d2ef6da,147662
P0C1Y9,https://alphafold.ebi.ac.uk/files/AF-P0C1Y9-F1-model_v6.pdb,2026-10-08,6,92.81,2025-08-01T00:00:00Z,ok,e8f471444a90c7299bc3e645e309437cb20d14e711ac26a004480a3b87034e24,42200
P0C1Z0,https://alphafold.ebi.ac.uk/files/AF-P0C1Z0-F1-model_v6.pdb,2026-10-08,6,91.19,2025-08-01T00:00:00Z,ok,1913606f60de0347146771b20fea1f14647a18862a1a94f1894a45c8d42510a5,41876
P0C2D3,https://alphafold.ebi.ac.uk/files/AF-P0C2D3-F1-model_v6.pdb,2026-10-08,6,90.56,2025-08-01T00:00:00Z,ok,4b70de509bdee20a48061c9d3f18367ef7d7414d4dae548f39e57c27bcdf025c,21869
P0C2D5,https://alphafold.ebi.ac.uk/files/AF-P0C2D5-F1-model_v6.pdb,2026-10-08,6,95.38,2025-08-01T00:00:00Z,ok,dbf6d580e8825479a796adea87f420d8e12c973420a10a11155e99db38b5359d,333314
P0C2D6,https://alphafold.ebi.ac.uk/files/AF-P0C2D6-F1-model_v6.pdb,2026-10-08,6,91.38,2025-08-01T00:00:00Z,ok,c7e4146a1ce1709408a0785fe00d209fe323317ac43f3ce6f06f47aa1487aba0,20735
P0C2D7,https://alphafold.ebi.ac.uk/files/AF-P0C2D7-F1-model_v6.pdb,2026-10-08,6,69.25,2025-08-01T00:00:00Z,ok,66554837f4d213f6893b9b9132d9b12252010c27bfdf13b3fa52652ddbe324a9,63260
P0C547,https://alphafold.ebi.ac.uk/files/AF-P0C547-F1-model_v6.pdb,2026-10-08,6,61.59,2025-08-01T00:00:00Z,ok,05181ca5756d7f2e6cecc420b5581b9111a3054e53c2899f8726d867814418c2,17495
P0C552,https://alphafold.ebi.ac.uk/files/AF-P0C552-F1-model_v6.pdb,2026-10-08,6,88.75,2025-08-01T00:00:00Z,ok,9340a4aa8637cf114b0ffaa42ee86b9893831bd21cb0b3f903f643467ba729c6,52973
P0C553,https://alphafold.ebi.ac.uk/files/AF-P0C553-F1-model_v6.pdb,2026-10-08,6,88.69,2025-08-01T00:00:00Z,ok,4c2d7343f20d8df52886749116e0c5cd4d8551e3dd64ca401fad2549d6627b05,53378
P0C554,https://alphafold.ebi.ac.uk/files/AF-P0C554-F1-model_v6.pdb,2026-10-08,6,86.38,2025-08-01T00:00:00Z,ok,11f060e6a11d6fd439dc12ce782b43488d5a51fefd57d31d6b115319d56026f0,58805
P0C555,https://alphafold.ebi.ac.uk/files/AF-P0C555-F1-model_v6.pdb,2026-10-08,6,91.25,2025-08-01T00:00:00Z,ok,e95834ce3c64bcbf09ba16ba62ea9c7e5a0f0ec8649587be724123b6ba08fb3d,56213
P0C577,https://alphafold.ebi.ac.uk/files/AF-P0C577-F1-model_v6.pdb,2026-10-08,6,81.75,2025-08-01T00:00:00Z,ok,2627336b968f0dff584b5c5cd2e229883a1a7ff73bfee3d1f763b54c8fd2f337,15470
P0C5H4,https://alphafold.ebi.ac.uk/files/AF-P0C5H4-F1-model_v6.pdb,2026-10-08,6,67.62,2025-08-01T00:00:00Z,ok,113019deb5404659b20412fa2b8d8404c4b372f58c5dc821d0b55f5d57474bb0,16766
P0C616,https://alphafold.ebi.ac.uk/files/AF-P0C616-F1-model_v6.pdb,2026-10-08,6,90.06,2025-08-01T00:00:00Z,ok,dd64bdb1e54c51b28b7879f6757791c96e94d8b7dddb32b264038f93963b8bf4,93068
P0C6A4,https://alphafold.ebi.ac.uk/files/AF-P0C6A4-F1-model_v6.pdb,2026-10-08,6,94.0,2025-08-01T00:00:00Z,ok,70aac874c04b1e180cb609bee13976ce917dd8a18933715ed3fff872bf7a6146,44063
P0C6A5,https://alphafold.ebi.ac.uk/files/AF-P0C6A5-F1-model_v6.pdb,2026-10-08,6,94.25,2025-08-01T00:00:00Z,ok,cbb9515a04c8cfe98d57c76a68f90ee556e9654db6475de60e8eac5d3ce30fd7,43334
P0C6A6,https://alphafold.ebi.ac.uk/files/AF-P0C6A6-F1-model_v6.pdb,2026-10-08,6,94.5,2025-08-01T00:00:00Z,ok,730c62640206b19e664b2e981be376e410f76d4f9020fb3ec8d6eeabb135f7b1,43253
P0C6A7,https://alphafold.ebi.ac.uk/files/AF-P0C6A7-F1-model_v6.pdb,2026-10-08,6,91.19,2025-08-01T00:00:00Z,ok,a213f260b6a7a713bc2de322dc3694d2c947f931b19c1e35645e74a4d9782dc0,43172
P0C6A8,https://alphafold.ebi.ac.uk/files/AF-P0C6A8-F1-model_v6.pdb,2026-10-08,6,91.88,2025-08-01T00:00:00Z,ok,6b169bedddf4010e6c8a7b89d7a3ac650c90358297ce534435ecbb69092697a0,43739
P0C6A9,https://alphafold.ebi.ac.uk/files/AF-P0C6A9-F1-model_v6.pdb,2026-10-08,6,94.88,2025-08-01T00:00:00Z,ok,67b7d347eb08de023715df076ca9870a1ca3d45e0a288d3b3f0393be1a46ecea,43172
P0C6B0,https://alphafold.ebi.ac.uk/files/AF-P0C6B0-F1-model_v6.pdb,2026-10-08,6,89.5,2025-08-01T00:00:00Z,ok,29b6bc9d212cb88ac45383d5cdaab963f4414e9f55d18b6544a67e20c3e0f4f5,46979
P0C6B4,https://alphafold.ebi.ac.uk/files/AF-P0C6B4-F1-model_v6.pdb,2026-10-08,6,96.06,2025-08-01T00:00:00Z,ok,00f2fd37deaccad7d87be8e63cac0cfcb10d9baceb3b04f71d75a724f95ec152,42200
P0C6B5,https://alphafold.ebi.ac.uk/files/AF-P0C6B5-F1-model_v6.pdb,2026-10-08,6,93.81,2025-08-01T00:00:00Z,ok,3eeec601c500feed79c6effcb2655c10c2a85783429bdbf2fa457c00a6874f62,43172
P0C6B6,https://alphafold.ebi.ac.uk/files/AF-P0C6B6-F1-model_v6.pdb,2026-10-08,6,82.81,2025-08-01T00:00:00Z,ok,95d8d73c5bf83391861e710a8817fc2b200aa05663707d5b9c8acc4aa415b5f0,314441
P0C6E2,https://alphafold.ebi.ac.uk/files/AF-P0C6E2-F1-model_v6.pdb,2026-10-08,6,82.62,2025-08-01T00:00:00Z,ok,08b2b4962f918d619fa72c0bf1744e834b9ee62d0e0d387178677e90ed226c50,28997
P0C6E3,https://alphafold.ebi.ac.uk/files/AF-P0C6E3-F1-model_v6.pdb,2026-10-08,6,95.94,2025-08-01T00:00:00Z,ok,6ffaa340819a1537b15e9fb8960c6d1a5136d34bb0f7d873b0e41ca7087e552e,188000
P0C6E4,https://alphafold.ebi.ac.uk/files/AF-P0C6E4-F1-model_v6.pdb,2026-10-08,6,82.44,2025-08-01T00:00:00Z,ok,d924a95ce327c08efd0036312a16fef557710bc5655220c687b0976681b72cda,318005
P0C6R6,https://alphafold.ebi.ac.uk/files/AF-P0C6R6-F1-model_v6.pdb,2026-10-08,6,87.25,2025-08-01T00:00:00Z,ok,69dbeb81bb21fc811b5b565b63f473035b979047f29f6276434eb39eda131a54,34829
P0C6R7,https://alphafold.ebi.ac.uk/files/AF-P0C6R7-F1-model_v6.pdb,2026-10-08,6,89.25,2025-08-01T00:00:00Z,ok,953b64d66dcad72b72048922b2c1a62db7b0d53857fd4db86a5f7e0cc33756ea,35153
P0C6R8,https://alphafold.ebi.ac.uk/files/AF-P0C6R8-F1-model_v6.pdb,2026-10-08,6,88.38,2025-08-01T00:00:00Z,ok,c9e8ac9d7245428933515b4ebae11f88dc232105bc45ee7e097771a4e02a7909,34424
P0C6S4,https://alphafold.ebi.ac.uk/files/AF-P0C6S4-F1-model_v6.pdb,2026-10-08,6,86.06,2025-08-01T00:00:00Z,ok,9ab7f75a3ffda59824611b3c99552edf73128bf3bd5cc3f965da51c19bca8397,35072
P0C7A7,https://alphafold.ebi.ac.uk/files/AF-P0C7A7-F1-model_v6.pdb,2026-10-08,6,90.69,2025-08-01T00:00:00Z,ok,31c3171733ce2dc7df64403120cee35cb1e85962a975daf45b098852a8c64028,34424
P0C7A8,https://alphafold.ebi.ac.uk/files/AF-P0C7A8-F1-model_v6.pdb,2026-10-08,6,87.0,2025-08-01T00:00:00Z,ok,b182949677c3ea7d74bd5878decc02581717594d39d6c4d5a8780fbfb53df204,34748
P0C7A9,https://alphafold.ebi.ac.uk/files/AF-P0C7A9-F1-model_v6.pdb,2026-10-08,6,77.62,2025-08-01T00:00:00Z,ok,0b669450ead32c7d89d4cc67a6b608d55ce4a3a0fb2428f68e1804da653232de,45440
P0C7B0,https://alphafold.ebi.ac.uk/files/AF-P0C7B0-F1-model_v6.pdb,2026-10-08,6,81.0,2025-08-01T00:00:00Z,ok,4ea12c9e99b1e550f8948f53081d8eb3c2395c9814fbbdb560cef67a37eae527,393659
P0C7B1,https://alphafold.ebi.ac.uk/files/AF-P0C7B1-F1-model_v6.pdb,2026-10-08,6,55.81,2025-08-01T00:00:00Z,ok,186df4ff7f2f0199b1c02c7d24ce18a8e147cfb92739c7a0ae3a18c22291dbd0,41957
P0C7N3,https://alphafold.ebi.ac.uk/files/AF-P0C7N3-F1-model_v6.pdb,2026-10-08,6,54.38,2025-08-01T00:00:00Z,ok,d32c8cedede696d004f47fe209d25d1bb6fee582fdbfa6b7286db1d0ee4cf664,35963
P0C7P5,https://alphafold.ebi.ac.uk/files/AF-P0C7P5-F1-model_v6.pdb,2026-10-08,6,56.09,2025-08-01T00:00:00Z,ok,49d9034787940d5a6d86045a1d2cedf15067080c2a03e8254b271df8fe36d8ce,119231
P0C7X6,https://alphafold.ebi.ac.uk/files/AF-P0C7X6-F1-model_v6.pdb,2026-10-08,6,85.19,2025-08-01T00:00:00Z,ok,05e14ff7a66206e1ada4019b8ec749a13378fa3138353fc184ccf81759aef9cc,45764
P0C7X7,https://alphafold.ebi.ac.uk/files/AF-P0C7X7-F1-model_v6.pdb,2026-10-08,6,86.12,2025-08-01T00:00:00Z,ok,1366fb658c00914aa990a1eaaced69c82867f725dbf5be0b4bc22553422466a2,46817
P0C8I9,https://alphafold.ebi.ac.uk/files/AF-P0C8I9-F1-model_v6.pdb,2026-10-08,6,92.0,2025-08-01T00:00:00Z,ok,80dbec4ac1d9751baf5a68c4694eec0d090b7736878d1543fb29426384679e2f,21788
P0C8J0,https://alphafold.ebi.ac.uk/files/AF-P0C8J0-F1-model_v6.pdb,2026-10-08,6,89.88,2025-08-01T00:00:00Z,ok,5eec1f71be553cf62715a1fdf6d48c99c94dbe31107f5c3f598449ddb2442202,18710
P0C8J5,https://alphafold.ebi.ac.uk/files/AF-P0C8J5-F1-model_v6.pdb,2026-10-08,6,85.06,2025-08-01T00:00:00Z,ok,aedd960b0a46382a8b4f86a09f6f11c24443da1e0e731d45e1d4cdfdbc12d8d2,14336
P0C8M1,https://alphafold.ebi.ac.uk/files/AF-P0C8M1-F1-model_v6.pdb,2026-10-08,6,88.81,2025-08-01T00:00:00Z,ok,abf7929e2400b3fd0fd36f839cfd13ac00c7c395450de3bb8d17938c9df8cc23,84320
P0C932,https://alphafold.ebi.ac.uk/files/AF-P0C932-F1-model_v6.pdb,2026-10-08,6,93.19,2025-08-01T00:00:00Z,ok,d5bf31cc00b7e7d33a9748ab179f5addc6ca6b8fa77ba3d01932725f206b23ff,36287
P0C933,https://alphafold.ebi.ac.uk/files/AF-P0C933-F1-model_v6.pdb,2026-10-08,6,83.75,2025-08-01T00:00:00Z,ok,253ff2447ad0d4ed66b9fc1c5234dc1a7c976ed3fa89657c5f05e4aaef926bf3,36044
P0C944,https://alphafold.ebi.ac.uk/files/AF-P0C944-F1-model_v6.pdb,2026-10-08,6,78.62,2025-08-01T00:00:00Z,ok,929ca10c4e1f3676054ec04390ebb1d854b709afe6311efd745fe8273dc01dff,23651
P0CAR8,https://alphafold.ebi.ac.uk/files/AF-P0CAR8-F1-model_v6.pdb,2026-10-08,6,81.56,2025-08-01T00:00:00Z,ok,5c8e04d962a41fdbcfa59d89e110d8df5777c96c894dc02c69cbf0547b11eb2c,18386
P0CAR9,https://alphafold.ebi.ac.uk/files/AF-P0CAR9-F1-model_v6.pdb,2026-10-08,6,88.19,2025-08-01T00:00:00Z,ok,ec7efbd8c3f02661dda32054f2ec36a3f4318a2e7e63515305a60c24fdb70f5d,91448
P0CAS0,https://alphafold.ebi.ac.uk/files/AF-P0CAS0-F1-model_v6.pdb,2026-10-08,6,78.81,2025-08-01T00:00:00Z,ok,7639de4873995d10935f6589fce84f28dd921373b543a4bce29a60426b2c8de0,89747
P0CAS1,https://alphafold.ebi.ac.uk/files/AF-P0CAS1-F1-model_v6.pdb,2026-10-08,6,87.62,2025-08-01T00:00:00Z,ok,4307542794448d9f3b4f8049889babf70a5890c8a063ddc5a6956325ae8c05a8,17981
P0CAS2,https://alphafold.ebi.ac.uk/files/AF-P0CAS2-F1-model_v6.pdb,2026-10-08,6,96.75,2025-08-01T00:00:00Z,ok,a3717a35bd70ca1b23d81bbc87d1958b2ef8b2f184c59be6c01194f307247d77,85292
P0CAS3,https://alphafold.ebi.ac.uk/files/AF-P0CAS3-F1-model_v6.pdb,2026-10-08,6,96.56,2025-08-01T00:00:00Z,ok,ba557023c2b7ab9ed687def8a73290c381e7266b164a7504093da025a4188071,85697
P0CAS4,https://alphafold.ebi.ac.uk/files/AF-P0CAS4-F1-model_v6.pdb,2026-10-08,6,96.62,2025-08-01T00:00:00Z,ok,74ce93e4143bb5e8f4def9935ea96058bf4993974534d93ac21fec6df15f29c2,85373
P0CAS5,https://alphafold.ebi.ac.uk/files/AF-P0CAS5-F1-model_v6.pdb,2026-10-08,6,95.62,2025-08-01T00:00:00Z,ok,bad8d51ceb9ad9edfb4ab50a2ff903dbd445e2e3d85c01f792802f43baff992c,86507
P0CAS6,https://alphafold.ebi.ac.uk/files/AF-P0CAS6-F1-model_v6.pdb,2026-10-08,6,95.5,2025-08-01T00:00:00Z,ok,835456206ee690341a7a0c18096b7fd75c5e48b8c9635384f39b7be7564faad7,85616
P0CAS7,https://alphafold.ebi.ac.uk/files/AF-P0CAS7-F1-model_v6.pdb,2026-10-08,6,94.44,2025-08-01T00:00:00Z,ok,1bc8bf16af990a8620482542e84f355a8a5f2e252e7cc2271962531123f7ee85,85859
P0CB06,https://alphafold.ebi.ac.uk/files/AF-P0CB06-F1-model_v6.pdb,2026-10-08,6,96.25,2025-08-01T00:00:00Z,ok,59fa4f33cee2d6eb777c44ae9dab0a4228b535f396bf81e0c097c6daca913ec5,42038
P0CB14,https://alphafold.ebi.ac.uk/files/AF-P0CB14-F1-model_v6.pdb,2026-10-08,6,85.0,2025-08-01T00:00:00Z,ok,45c78cca6c5dece73a8cff7eee05ceb9cd75086898a65b8e9fb3f7ca32641cfd,276209
P0CC16,https://alphafold.ebi.ac.uk/files/AF-P0CC16-F1-model_v6.pdb,2026-10-08,6,74.38,2025-08-01T00:00:00Z,ok,647304a814f926ce11a4a5a59c0031ad21e67125ee7f8597e31aec888cd5e6d4,17657
P0CC17,https://alphafold.ebi.ac.uk/files/AF-P0CC17-F1-model_v6.pdb,2026-10-08,6,95.38,2025-08-01T00:00:00Z,ok,71e8ca6a5184b80ddad874b0a4f1ba93d4231cbbf2d29fa221cff056ad0a246f,334934
P0CG03,https://alphafold.ebi.ac.uk/files/AF-P0CG03-F1-model_v6.pdb,2026-10-08,6,87.0,2025-08-01T00:00:00Z,ok,690340e10ac23cc5e9496a7d31a99b2a317d72257a7a8b1f302ad4b92a85afae,164591
P0CG56,https://alphafold.ebi.ac.uk/files/AF-P0CG56-F1-model_v6.pdb,2026-10-08,6,96.62,2025-08-01T00:00:00Z,ok,0085de0fc295fa88662e89a0ce7a9f4bd200a231eef90e7d192e6e9dabab462a,84725
P0CH80,https://alphafold.ebi.ac.uk/files/AF-P0CH80-F1-model_v6.pdb,2026-10-08,6,94.44,2025-08-01T00:00:00Z,ok,b6c7ef567833886492c9267d04ca45b23a03388c3e9384ad7bd15b9868059082,42281
P0CJ40,https://alphafold.ebi.ac.uk/files/AF-P0CJ40-F1-model_v6.pdb,2026-10-08,6,92.88,2025-08-01T00:00:00Z,ok,ab0032eb986a32f93d558675852e3ac3aacb7023b9f51cb3b056d77a3c584745,29240
P0CJ41,https://alphafold.ebi.ac.uk/files/AF-P0CJ41-F1-model_v6.pdb,2026-10-08,6,90.12,2025-08-01T00:00:00Z,ok,28d801876aaf137bd6aeebbcd7e4f31c007c9e389d6c20b941f82ecb4bbafe83,164429
P0CV87,https://alphafold.ebi.ac.uk/files/AF-P0CV87-F1-model_v6.pdb,2026-10-08,6,58.88,2025-08-01T00:00:00Z,ok,c512b375a9e1db089b60630407a58f91a8ae37b500cb703e8fdefc9757780b7c,18305
P0CV89,https://alphafold.ebi.ac.uk/files/AF-P0CV89-F1-model_v6.pdb,2026-10-08,6,64.12,2025-08-01T00:00:00Z,ok,5150db5c67a900cb9133364673457cbcc64a65818943795c9bfa95831afa84a6,45764
P0CY52,https://alphafold.ebi.ac.uk/files/AF-P0CY52-F1-model_v6.pdb,2026-10-08,6,82.69,2025-08-01T00:00:00Z,ok,8dc5b755ad1553bd19c9c7398eefdf71c728574a42c520cd5ef32d19c534779d,16523
P0DI84,https://alphafold.ebi.ac.uk/files/AF-P0DI84-F1-model_v6.pdb,2026-10-08,6,98.19,2025-08-01T00:00:00Z,ok,6d58f85044d9cac3434a17289f78158042633e403a118d289c845c3805afd799,319949
P0DI85,https://alphafold.ebi.ac.uk/files/AF-P0DI85-F1-model_v6.pdb,2026-10-08,6,85.56,2025-08-01T00:00:00Z,ok,f19e973572ba93be44dc99ba3ae5e5c5f75bdb577756da14710c1b7d9b2c8891,17900
P0DI86,https://alphafold.ebi.ac.uk/files/AF-P0DI86-F1-model_v6.pdb,2026-10-08,6,69.75,2025-08-01T00:00:00Z,ok,bdbf0074dbbe7f985466506a53daccb2a3d3bafaaeba3b17494489c4bb1eae81,16604
P0DI88,https://alphafold.ebi.ac.uk/files/AF-P0DI88-F1-model_v6.pdb,2026-10-08,6,94.69,2025-08-01T00:00:00Z,ok,d12f08bcd280aa97da6795d27bd77abba01e9d20aac6572a80b465422fb81e13,28592
P0DI89,https://alphafold.ebi.ac.uk/files/AF-P0DI89-F1-model_v6.pdb,2026-10-08,6,93.19,2025-08-01T00:00:00Z,ok,d574c47add9916b56974492f5d0baac65ade3f2297f1571379b00d7d2aee9c8e,24056
P0DI90,https://alphafold.ebi.ac.uk/files/AF-P0DI90-F1-model_v6.pdb,2026-10-08,6,63.28,2025-08-01T00:00:00Z,ok,f8d23d038e83a2522af9b64d458e585204576569cae80916fdbab57fc9411762,17009
P0DI91,https://alphafold.ebi.ac.uk/files/AF-P0DI91-F1-model_v6.pdb,2026-10-08,6,49.34,2025-08-01T00:00:00Z,ok,d0f1d7e78fd0de109ac5283eceed355dd8fc9674a250dcce2811cbe54231dc67,68687
P0DI92,https://alphafold.ebi.ac.uk/files/AF-P0DI92-F1-model_v6.pdb,2026-10-08,6,94.0,2025-08-01T00:00:00Z,ok,bba885d13240993e90177d4ca507b3704b9f4d9f1f215087cc84baf252267f8b,23813
P0DJ42,https://alphafold.ebi.ac.uk/files/AF-P0DJ42-F1-model_v6.pdb,2026-10-08,6,73.56,2025-08-01T00:00:00Z,ok,ddd99068f5e6a818235d5d8a37507cc4c8af3c3cb0b210e63a7053cfa016a466,32885
P0DJ62,https://alphafold.ebi.ac.uk/files/AF-P0DJ62-F1-model_v6.pdb,2026-10-08,6,95.44,2025-08-01T00:00:00Z,ok,3d2802344a1fddd1fae8571fd6c9af93cd1a4e4a9f6b2226665045cb1e3c57ab,41147
P0DJ63,https://alphafold.ebi.ac.uk/files/AF-P0DJ63-F1-model_v6.pdb,2026-10-08,6,84.94,2025-08-01T00:00:00Z,ok,f6dfff8a99ae428d092747fb87856ad96edea565c6abec7099b17678c1f6a140,14579
P0DJ87,https://alphafold.ebi.ac.uk/files/AF-P0DJ87-F1-model_v6.pdb,2026-10-08,6,93.94,2025-08-01T00:00:00Z,ok,76ffa624584a344dcf8ed3389601adacd9ffa19ff8fd64a99c0fa0812b366a03,58238
P0DJ96,https://alphafold.ebi.ac.uk/files/AF-P0DJ96-F1-model_v6.pdb,2026-10-08,6,85.94,2025-08-01T00:00:00Z,ok,88d9867edeb238498091da5ccfb28f944d4a73513974f3f5fca741543c168198,14984
P0DJC8,https://alphafold.ebi.ac.uk/files/AF-P0DJC8-F1-model_v6.pdb,2026-10-08,6,93.88,2025-08-01T00:00:00Z,ok,2790fd991b09ddf87f686800aa9053ec71344727516ce871202ba6eaed78d030,44873
P0DJC9,https://alphafold.ebi.ac.uk/files/AF-P0DJC9-F1-model_v6.pdb,2026-10-08,6,88.06,2025-08-01T00:00:00Z,ok,9e3e4a7e26a60b386166ca66bf905adc73da37327bc1607c71cce630de411c3e,45278
P0DJE1,https://alphafold.ebi.ac.uk/files/AF-P0DJE1-F1-model_v6.pdb,2026-10-08,6,73.25,2025-08-01T00:00:00Z,ok,f2d5c37ef00bd3b30cf160baacce32ae942e89c948b64c689e8de4162fceab21,19925
P0DJE9,https://alphafold.ebi.ac.uk/files/AF-P0DJE9-F1-model_v6.pdb,2026-10-08,6,78.75,2025-08-01T00:00:00Z,ok,9dfc38d2d59ee5d7c7e54b3bb43de0000d9b1c044266cf64cd6fd1209ad7c50f,196100
P0DJF0,https://alphafold.ebi.ac.uk/files/AF-P0DJF0-F1-model_v6.pdb,2026-10-08,6,59.69,2025-08-01T00:00:00Z,ok,caeba61a148da169202ba59125c5f5a308a004cb3bf612fc6e2ae65c1737cadb,18224
P0DJF5,https://alphafold.ebi.ac.uk/files/AF-P0DJF5-F1-model_v6.pdb,2026-10-08,6,91.5,2025-08-01T00:00:00Z,ok,5b4d658674b9e13b98a86988c9ba591fd76ff15995da497392ee618e1da79b59,167183
P0DJF6,https://alphafold.ebi.ac.uk/files/AF-P0DJF6-F1-model_v6.pdb,2026-10-08,6,89.56,2025-08-01T00:00:00Z,ok,069b58407650e3cd1a0d4651a40dfbd8928c0b8409151871df8c1df30d3da973,164024
P0DJF7,https://alphafold.ebi.ac.uk/files/AF-P0DJF7-F1-model_v6.pdb,2026-10-08,6,67.94,2025-08-01T00:00:00Z,ok,308a1fcdbb336bbe6ab888f240f16a6c4c6540d2b073732a88e5152822595a57,16280
P0DJG6,https://alphafold.ebi.ac.uk/files/AF-P0DJG6-F1-model_v6.pdb,2026-10-08,6,95.56,2025-08-01T00:00:00Z,ok,97f4ec4cc4726486bb138c350d07fa83f7ffbbf8a827452e5e0b98a160d6b7b7,22679
P0DJH5,https://alphafold.ebi.ac.uk/files/AF-P0DJH5-F1-model_v6.pdb,2026-10-08,6,72.75,2025-08-01T00:00:00Z,ok,877ba7e2d61a2e79bc03d5911fc917f603f311ca04119e5a21ff05811adb22d6,20897
P0DJJ1,https://alphafold.ebi.ac.uk/files/AF-P0DJJ1-F1-model_v6.pdb,2026-10-08,6,66.38,2025-08-01T00:00:00Z,ok,47964d2de53064118517eac3c3266347ac09b6b1755a3e224811afff00096418,15632
P0DJJ4,https://alphafold.ebi.ac.uk/files/AF-P0DJJ4-F1-model_v6.pdb,2026-10-08,6,91.69,2025-08-01T00:00:00Z,ok,e42508bfff736819e094b099555e2e21ecea6acdee6c44be968b2bd5a98c75a9,19115
P0DJJ8,https://alphafold.ebi.ac.uk/files/AF-P0DJJ8-F1-model_v6.pdb,2026-10-08,6,92.25,2025-08-01T00:00:00Z,ok,b88b1fea89f0413fda1e0caf3216f47978b6eb6940ba499279c025bcca376ddc,92177
P0DJJ9,https://alphafold.ebi.ac.uk/files/AF-P0DJJ9-F1-model_v6.pdb,2026-10-08,6,91.81,2025-08-01T00:00:00Z,ok,b08d07013fbfef42282f156077e6fa9ec11b5d4422a973faae116137fd546656,92096
P0DJK0,https://alphafold.ebi.ac.uk/files/AF-P0DJK0-F1-model_v6.pdb,2026-10-08,6,64.25,2025-08-01T00:00:00Z,ok,2f48e9a6bd4c83a0c59fe56225491614663498b28b18472dc34bd18340eb8b00,76544
P0DJK1,https://alphafold.ebi.ac.uk/files/AF-P0DJK1-F1-model_v6.pdb,2026-10-08,6,63.41,2025-08-01T00:00:00Z,ok,1ccc222a9fe2cfb9f46b74d90bde86713ef1c4cd016b2353eda515a9402fb36e,76301
P0DJL2,https://alphafold.ebi.ac.uk/files/AF-P0DJL2-F1-model_v6.pdb,2026-10-08,6,93.12,2025-08-01T00:00:00Z,ok,1fdf6da1ce754b1112feb7924a12a1efddfbbf5cbc0e211fdd257afce7c561fc,93716
P0DJL3,https://alphafold.ebi.ac.uk/files/AF-P0DJL3-F1-model_v6.pdb,2026-10-08,6,94.44,2025-08-01T00:00:00Z,ok,2cf254bb4a85f8f06fe8912e17fdeb79e5bec90f727e8899ae12c8b4e9b1dc14,87479
P0DJL4,https://alphafold.ebi.ac.uk/files/AF-P0DJL4-F1-model_v6.pdb,2026-10-08,6,86.81,2025-08-01T00:00:00Z,ok,be6bfe44b294f49f0a56750a593cdba6ba9ecccd00f5519d072aedc1c8211fad,73709
P0DJL5,https://alphafold.ebi.ac.uk/files/AF-P0DJL5-F1-model_v6.pdb,2026-10-08,6,95.06,2025-08-01T00:00:00Z,ok,87f065f1bb1ec7fd63cc3cb7f2f07d13ecc578e09e3d0a95aa493ce1df48db2b,91286
P0DJM5,https://alphafold.ebi.ac.uk/files/AF-P0DJM5-F1-model_v6.pdb,2026-10-08,6,80.88,2025-08-01T00:00:00Z,ok,64a3836a025175f0c5683b984935d2bb4a46568322170745f13f5a1fdedd5817,18791
P0DJM6,https://alphafold.ebi.ac.uk/files/AF-P0DJM6-F1-model_v6.pdb,2026-10-08,6,89.31,2025-08-01T00:00:00Z,ok,72858cac429a0eec5eb79f23c1803cbf5512656c4abe522f40abf2ddec6d0b99,19601
P0DJM8,https://alphafold.ebi.ac.uk/files/AF-P0DJM8-F1-model_v6.pdb,2026-10-08,6,86.81,2025-08-01T00:00:00Z,ok,09a207fc3043af6100247db628a4184016f75a782ee77edbce08c609b5a10960,19520
P0DJM9,https://alphafold.ebi.ac.uk/files/AF-P0DJM9-F1-model_v6.pdb,2026-10-08,6,73.88,2025-08-01T00:00:00Z,ok,c7f1e94b0861c99a50116e9b036251a3335e31c288766a03bf238794f25b6d83,20573
P0DJN1,https://alphafold.ebi.ac.uk/files/AF-P0DJN1-F1-model_v6.pdb,2026-10-08,6,76.69,2025-08-01T00:00:00Z,ok,83867b85078aceaa47a30cec0c1f84fb72a4de9a14c027bf0d56679827808000,20573
P0DJN3,https://alphafold.ebi.ac.uk/files/AF-P0DJN3-F1-model_v6.pdb,2026-10-08,6,82.69,2025-08-01T00:00:00Z,ok,bf7ed1d464115dbc27be1ee01afa48faff835f941a0a3db37a20ebac09418ef5,20249
P0DJN5,https://alphafold.ebi.ac.uk/files/AF-P0DJN5-F1-model_v6.pdb,2026-10-08,6,82.81,2025-08-01T00:00:00Z,ok,2af87d8242773c4af01706625cdce8f834f18b62620e08ce8eebd844f6995035,20006
P0DJN6,https://alphafold.ebi.ac.uk/files/AF-P0DJN6-F1-model_v6.pdb,2026-10-08,6,90.75,2025-08-01T00:00:00Z,ok,95bcfc88bb0d29b7db1f968bcb472779ff39073b120b2a06b34ae80fccf4d6ec,94688
P0DJN8,https://alphafold.ebi.ac.uk/files/AF-P0DJN8-F1-model_v6.pdb,2026-10-08,6,82.81,2025-08-01T00:00:00Z,ok,829357f55920eb3a8bdcadd0a5979173bf3e0fcf68d2b418487dba0d52ffa799,19925
P0DJP5,https://alphafold.ebi.ac.uk/files/AF-P0DJP5-F1-model_v6.pdb,2026-10-08,6,85.62,2025-08-01T00:00:00Z,ok,e41780711374a746da714f27ef5711b972ddf1c4bff3c793f5cbbfef388aa722,15632
P0DJP6,https://alphafold.ebi.ac.uk/files/AF-P0DJP6-F1-model_v6.pdb,2026-10-08,6,85.19,2025-08-01T00:00:00Z,ok,0f5761fd7832e3734292e90cd56861607281d616cb5a938c64af6a9c400dfbce,20006
P0DJP7,https://alphafold.ebi.ac.uk/files/AF-P0DJP7-F1-model_v6.pdb,2026-10-08,6,78.0,2025-08-01T00:00:00Z,ok,08fd8e089bccd2f4cda72dcf39a15a47e212a6e72a27755f9d847412de2ced31,19196
P0DJP8,https://alphafold.ebi.ac.uk/files/AF-P0DJP8-F1-model_v6.pdb,2026-10-08,6,74.19,2025-08-01T00:00:00Z,ok,4b9186bd3c4c942b2da7beaaf3c7b48e8b6aeac7d7134aae52de2e7adc6bff7a,18305
P0DJP9,https://alphafold.ebi.ac.uk/files/AF-P0DJP9-F1-model_v6.pdb,2026-10-08,6,89.88,2025-08-01T00:00:00Z,ok,280287a9fea1c61edd4522db186735b16227d8db89ec99748aa650c0a5772f5e,19277
P0DJQ0,https://alphafold.ebi.ac.uk/files/AF-P0DJQ0-F1-model_v6.pdb,2026-10-08,6,82.19,2025-08-01T00:00:00Z,ok,3b44e717b7fdf47c6da1a61c66f612c2f3c25c0dc2052abe23f70f872852b606,18386
P0DJQ1,https://alphafold.ebi.ac.uk/files/AF-P0DJQ1-F1-model_v6.pdb,2026-10-08,6,90.0,2025-08-01T00:00:00Z,ok,fb296b340ebcbacd375bb05908fcb214145acc77cc169cce9f3229a3799efb31,18305
P0DJQ2,https://alphafold.ebi.ac.uk/files/AF-P0DJQ2-F1-model_v6.pdb,2026-10-08,6,83.75,2025-08-01T00:00:00Z,ok,91bbc8f6fbbc8b50db40500318cd8abfd9d23f6c2d8b9f85f0a01eb3d96edca4,18224
P0DJR1,https://alphafold.ebi.ac.uk/files/AF-P0DJR1-F1-model_v6.pdb,2026-10-08,6,91.12,2025-08-01T00:00:00Z,ok,6fac8f48ada607323828b1d0f7c72af3ef0dce151ca2876b7c06c8c516ac38d2,19277
P0DJR2,https://alphafold.ebi.ac.uk/files/AF-P0DJR2-F1-model_v6.pdb,2026-10-08,6,89.12,2025-08-01T00:00:00Z,ok,4bac6192002f66c761a58f4330e51631b008a104113a70998d06008ff61543db,19601
P0DKL7,https://alphafold.ebi.ac.uk/files/AF-P0DKL7-F1-model_v6.pdb,2026-10-08,6,92.81,2025-08-01T00:00:00Z,ok,9da11b3f409862d6d4ab1528311799454e92453b45f8a69ba33bfe32b5dd1ba4,18872
P0DKL8,https://alphafold.ebi.ac.uk/files/AF-P0DKL8-F1-model_v6.pdb,2026-10-08,6,91.31,2025-08-01T00:00:00Z,ok,d99dc9731cd7416434b6242ce9e9566bd8e2ebed638baa36ba393b43079114ac,46250
P0DKR0,https://alphafold.ebi.ac.uk/files/AF-P0DKR0-F1-model_v6.pdb,2026-10-08,6,88.81,2025-08-01T00:00:00Z,ok,f976bfb40d9ac9d0e50993709482747a8d33780fca3d4a5f43d196eae5759eb5,23489
P0DKR3,https://alphafold.ebi.ac.uk/files/AF-P0DKR3-F1-model_v6.pdb,2026-10-08,6,96.5,2025-08-01T00:00:00Z,ok,12fe16bc0c12a2e2c762e92ac7e7c3becad097737b82ec0529d2f00b2f8a1234,81161
P0DKR4,https://alphafold.ebi.ac.uk/files/AF-P0DKR4-F1-model_v6.pdb,2026-10-08,6,53.5,2025-08-01T00:00:00Z,ok,f584276efd5a32f33e3959fe8c1d71838c040b9c2cb8434ee6ff00cff721eb33,16766
P0DKR5,https://alphafold.ebi.ac.uk/files/AF-P0DKR5-F1-model_v6.pdb,2026-10-08,6,95.31,2025-08-01T00:00:00Z,ok,fde79ebd6e22466e99b428dad0e208253b0a163eabb5650275c7444327cf59af,82133
P0DKR6,https://alphafold.ebi.ac.uk/files/AF-P0DKR6-F1-model_v6.pdb,2026-10-08,6,89.31,2025-08-01T00:00:00Z,ok,830bd0210849a83eaa80ad1e501317e3091f27bfaa230fec330ae012d0c513db,53783
P0DKS3,https://alphafold.ebi.ac.uk/files/AF-P0DKS3-F1-model_v6.pdb,2026-10-08,6,88.19,2025-08-01T00:00:00Z,ok,ef68597625d75c07f28fde08f6d1db306002ffea112af652139bdbc612321b48,40742
P0DKT6,https://alphafold.ebi.ac.uk/files/AF-P0DKT6-F1-model_v6.pdb,2026-10-08,6,73.81,2025-08-01T00:00:00Z,ok,c95a44e3ffeb3a52aa74c09b92ce6d4888bf809d9610384c540d9cbee188046d,25595
P0DKT7,https://alphafold.ebi.ac.uk/files/AF-P0DKT7-F1-model_v6.pdb,2026-10-08,6,78.62,2025-08-01T00:00:00Z,ok,25cf2afe99e06d22238389074b745c74af1da3116f288d5728a9ff6acbb9206d,17657
P0DKU1,https://alphafold.ebi.ac.uk/files/AF-P0DKU1-F1-model_v6.pdb,2026-10-08,6,96.31,2025-08-01T00:00:00Z,ok,97fb60543832edba467502e519f447d15dd03c5eedca7d864d3b7f01d10c6979,82862
P0DKU3,https://alphafold.ebi.ac.uk/files/AF-P0DKU3-F1-model_v6.pdb,2026-10-08,6,83.0,2025-08-01T00:00:00Z,ok,d9e5ef6c55ed72ae1339c86a70601bc0a4541d40fe44e6d60824cfc9ff21fff0,25271
P0DKU4,https://alphafold.ebi.ac.uk/files/AF-P0DKU4-F1-model_v6.pdb,2026-10-08,6,79.06,2025-08-01T00:00:00Z,ok,694592259c8870dc8a023a7aba56b8316831e2d015386f814e415b2581444ab5,25271
P0DKW9,https://alphafold.ebi.ac.uk/files/AF-P0DKW9-F1-model_v6.pdb,2026-10-08,6,84.19,2025-08-01T00:00:00Z,ok,8cbd2434d2ecd2c2a67fa3da380acf7554bf404204e342b9d9c8c7c15fcf320a,53621
P0DKX1,https://alphafold.ebi.ac.uk/files/AF-P0DKX1-F1-model_v6.pdb,2026-10-08,6,88.31,2025-08-01T00:00:00Z,ok,468408adbeb168a4594deb8dc0a876124a612a5b8b9098d87f5c5ae5d2b42a2d,16523
P0DKX3,https://alphafold.ebi.ac.uk/files/AF-P0DKX3-F1-model_v6.pdb,2026-10-08,6,90.94,2025-08-01T00:00:00Z,ok,276b92ae75ff4c80632ddbf2469c5d693f7d86349b96d163ee9bada27c6ada7b,16847
P0DKY5,https://alphafold.ebi.ac.uk/files/AF-P0DKY5-F1-model_v6.pdb,2026-10-08,6,96.62,2025-08-01T00:00:00Z,ok,711603af083f53b66c1f316cd4f415ea4663a1d5e14d8411828cf1d564e513d8,31589
P0DKY6,https://alphafold.ebi.ac.uk/files/AF-P0DKY6-F1-model_v6.pdb,2026-10-08,6,59.66,2025-08-01T00:00:00Z,ok,879efe53dc89e564362edfa27b973c2ff050689172c3867b550621f7e38f27ae,23732
P0DL16,https://alphafold.ebi.ac.uk/files/AF-P0DL16-F1-model_v6.pdb,2026-10-08,6,95.06,2025-08-01T00:00:00Z,ok,293e36a07cc892acf80425e6ad1a3a6652baca7aefd99eada8245f2e35753153,24704
P0DL19,https://alphafold.ebi.ac.uk/files/AF-P0DL19-F1-model_v6.pdb,2026-10-08,6,88.69,2025-08-01T00:00:00Z,ok,363eed2a60626726813eccfce55ada9fbdc632c5d24094941667a32045bb40db,19277
P0DL20,https://alphafold.ebi.ac.uk/files/AF-P0DL20-F1-model_v6.pdb,2026-10-08,6,88.69,2025-08-01T00:00:00Z,ok,5756034b4a1bf126b6ace171fb791d2acd3248110689ec43bc02707872383d34,19277
P0DL21,https://alphafold.ebi.ac.uk/files/AF-P0DL21-F1-model_v6.pdb,2026-10-08,6,88.69,2025-08-01T00:00:00Z,ok,66ad35262119d41a489b015a748022c84855507a6c144386f090ee93afd52f73,19277
P0DL42,https://alphafold.ebi.ac.uk/files/AF-P0DL42-F1-model_v6.pdb,2026-10-08,6,90.62,2025-08-01T00:00:00Z,ok,0b2c54b63d28f59b1a741d170c5e4db7410575fdaa869116201f619872b30a87,75086
P0DL82,https://alphafold.ebi.ac.uk/files/AF-P0DL82-F1-model_v6.pdb,2026-10-08,6,92.0,2025-08-01T00:00:00Z,ok,f134f7626bd9cc3e6518f167237073df98980ddd20e0729cd442652e653f699c,42281
P0DM38,https://alphafold.ebi.ac.uk/files/AF-P0DM38-F1-model_v6.pdb,2026-10-08,6,88.19,2025-08-01T00:00:00Z,ok,b74918b957990d24336d1cace94e7269bcc28f1513740f13fde2ac958870864f,107729
P0DM39,https://alphafold.ebi.ac.uk/files/AF-P0DM39-F1-model_v6.pdb,2026-10-08,6,89.69,2025-08-01T00:00:00Z,ok,7d79bade3b9ab9261e93647f549abebf563b4a4c08b62b669ca4b770a7d09e21,103274
P0DM43,https://alphafold.ebi.ac.uk/files/AF-P0DM43-F1-model_v6.pdb,2026-10-08,6,91.44,2025-08-01T00:00:00Z,ok,5bcb1a911d80edac797ec31a6b361ab0f743a5622d62733f0d98c6c17402f991,17981
P0DM77,https://alphafold.ebi.ac.uk/files/AF-P0DM77-F1-model_v6.pdb,2026-10-08,6,88.69,2025-08-01T00:00:00Z,ok,ec4836c264b39c594d58a3bd42fcf6084008c60c069cc90b6667df3b94ac3b5d,34100
P0DM87,https://alphafold.ebi.ac.uk/files/AF-P0DM87-F1-model_v6.pdb,2026-10-08,6,81.81,2025-08-01T00:00:00Z,ok,20fa76f2019d7ff7e0b62db75b88a17a2a8d162a716aa48fbfe799d1143a0e28,315818
P0DM88,https://alphafold.ebi.ac.uk/files/AF-P0DM88-F1-model_v6.pdb,2026-10-08,6,43.84,2025-08-01T00:00:00Z,ok,5c96866fa581ec291fb968a086e4b6aaa0cb52c14ea4cd90ef151e8a49a89a90,86426
P0DM89,https://alphafold.ebi.ac.uk/files/AF-P0DM89-F1-model_v6.pdb,2026-10-08,6,93.44,2025-08-01T00:00:00Z,ok,bc330e890600034c9d8704c3af91e24cdb0088ef7a38c6b6f82ef9a8dc0d3357,270053
P0DM90,https://alphafold.ebi.ac.uk/files/AF-P0DM90-F1-model_v6.pdb,2026-10-08,6,92.56,2025-08-01T00:00:00Z,ok,12c487f467479abe0f52fdf35a80a1765b5ee6d60a7c0bd6c723b3745d6df3c5,269081
P0DM97,https://alphafold.ebi.ac.uk/files/AF-P0DM97-F1-model_v6.pdb,2026-10-08,6,80.25,2025-08-01T00:00:00Z,ok,3c59adb2a1f1aa12cfa5cf4ae5dcc2ab280c996ff9929d8e0cd5d86aa37229b3,340604
P0DMD1,https://alphafold.ebi.ac.uk/files/AF-P0DMD1-F1-model_v6.pdb,2026-10-08,6,65.06,2025-08-01T00:00:00Z,ok,6e0ef21f9d95e1eed032a1c1648c970fc2a4ab7349cf07c9dd6365344104874a,110159
P0DMD5,https://alphafold.ebi.ac.uk/files/AF-P0DMD5-F1-model_v6.pdb,2026-10-08,6,56.06,2025-08-01T00:00:00Z,ok,b5daec39a5504db5628247aff73ab62c1e7b3082711a06f7e77439584789b0ae,127817
P0DMJ6,https://alphafold.ebi.ac.uk/files/AF-P0DMJ6-F1-model_v6.pdb,2026-10-08,6,94.81,2025-08-01T00:00:00Z,ok,68b348dc94d81b9b5ba7752bb51a55870faf94cabb1947473ff62d15a0d8e94b,42038
P0DMJ9,https://alphafold.ebi.ac.uk/files/AF-P0DMJ9-F1-model_v6.pdb,2026-10-08,6,94.81,2025-08-01T00:00:00Z,ok,3efbe949e3320f90600b80b54d4ac9fd9e7eb7de0ea47679ebc55464944c4b93,35153
P0DMK0,https://alphafold.ebi.ac.uk/files/AF-P0DMK0-F1-model_v6.pdb,2026-10-08,6,85.62,2025-08-01T00:00:00Z,ok,a5062b675a2b8c7042575527c5dd5d0ea80cc0fc2563ea15ad68152860629714,21221
P0DMK1,https://alphafold.ebi.ac.uk/files/AF-P0DMK1-F1-model_v6.pdb,2026-10-08,6,76.81,2025-08-01T00:00:00Z,ok,0716c5c584e0cfc852042a98340f19828d07f4948ba8c48cce9fc23a7f09ca30,24218
P0DMT1,https://alphafold.ebi.ac.uk/files/AF-P0DMT1-F1-model_v6.pdb,2026-10-08,6,94.44,2025-08-01T00:00:00Z,ok,9a5c42b4a7ed6ab0765c961e2894274ab3d9ab776c7d826d3520bf2244d484fa,81809
P0DMT2,https://alphafold.ebi.ac.uk/files/AF-P0DMT2-F1-model_v6.pdb,2026-10-08,6,94.62,2025-08-01T00:00:00Z,ok,2f6d98a7c771926f54103e5d8e336fefe0d37c789ede0fcaaba95eafbf914de3,82619
P0DMT3,https://alphafold.ebi.ac.uk/files/AF-P0DMT3-F1-model_v6.pdb,2026-10-08,6,94.62,2025-08-01T00:00:00Z,ok,8b5f0f4551471a04d7887c434910b3cd9e464ffe565d467d7b02f7cb45b726a7,81728
P0DMT4,https://alphafold.ebi.ac.uk/files/AF-P0DMT4-F1-model_v6.pdb,2026-10-08,6,97.31,2025-08-01T00:00:00Z,ok,f543fc76cf8434f90f5bf554f98fe034797d0dd83bc191cdb0e175b35e3e1901,145394
P0DMU0,https://alphafold.ebi.ac.uk/files/AF-P0DMU0-F1-model_v6.pdb,2026-10-08,6,91.75,2025-08-01T00:00:00Z,ok,cf966257354371770024025171ab7651259f57af42bb45261526cd45b83376af,17252
P0DMU1,https://alphafold.ebi.ac.uk/files/AF-P0DMU1-F1-model_v6.pdb,2026-10-08,6,90.62,2025-08-01T00:00:00Z,ok,85e21da79d59b5f4c171fac6895ed19bf29c3ac93f22202d0c9478a1e650ae2d,17252
P0DMV6,https://alphafold.ebi.ac.uk/files/AF-P0DMV6-F1-model_v6.pdb,2026-10-08,6,57.88,2025-08-01T00:00:00Z,ok,19be07e1cebc3c9359961c9e993af3243635daaab748107f3323f4a185658b95,16361
P0DPS4,https://alphafold.ebi.ac.uk/files/AF-P0DPS4-F1-model_v6.pdb,2026-10-08,6,92.38,2025-08-01T00:00:00Z,ok,88c4b75225b2648343d03d6f2a7ab948849bfff058c12c5b3ebfa0da2ef1026d,80351
P0DQH2,https://alphafold.ebi.ac.uk/files/AF-P0DQH2-F1-model_v6.pdb,2026-10-08,6,90.56,2025-08-01T00:00:00Z,ok,cd63cc998d1381de99488d43f54ccca0abf403dc021eeff5212c722c68a7c281,41390
P0DQH3,https://alphafold.ebi.ac.uk/files/AF-P0DQH3-F1-model_v6.pdb,2026-10-08,6,63.81,2025-08-01T00:00:00Z,ok,7acc8a7fc0c495a4ceaf8939ee8ae59342573f287bbbb2c92fff7ffda3f210ee,27944
P0DQH4,https://alphafold.ebi.ac.uk/files/AF-P0DQH4-F1-model_v6.pdb,2026-10-08,6,55.22,2025-08-01T00:00:00Z,ok,5039f5cfe0fe0c91ac7f4bbac2af533d5cadffe8f4bc0e5a11e02eb8e85b25b2,28511
P0DQH9,https://alphafold.ebi.ac.uk/files/AF-P0DQH9-F1-model_v6.pdb,2026-10-08,6,42.94,2025-08-01T00:00:00Z,ok,ba31f15354d47b3accabfbb42da94e94f14af5b699e2c50ed0c4256ea705c230,118988
P0DQP2,https://alphafold.ebi.ac.uk/files/AF-P0DQP2-F1-model_v6.pdb,2026-10-08,6,90.44,2025-08-01T00:00:00Z,ok,9aafd46f7ccac765747073e6c56c04b03054747c4dc3f85ee42456a63d8846af,55322
P0DQP6,https://alphafold.ebi.ac.uk/files/AF-P0DQP6-F1-model_v6.pdb,2026-10-08,6,89.0,2025-08-01T00:00:00Z,ok,d4f8c0fe90e8bb7a2b90f7afe5f03bdb84e5ce08ddb681177e94fc0618d918dd,29078
P0DQP9,https://alphafold.ebi.ac.uk/files/AF-P0DQP9-F1-model_v6.pdb,2026-10-08,6,86.0,2025-08-01T00:00:00Z,ok,0517eff5d6f6be9c98a64bbe43489b3620e61823d90dcb0963c7cd67df91b25b,55484
P0DQQ0,https://alphafold.ebi.ac.uk/files/AF-P0DQQ0-F1-model_v6.pdb,2026-10-08,6,91.44,2025-08-01T00:00:00Z,ok,c8c47b8bafe11f25be1a189f83b87ce53330f04b0328a61659e149f138c8b7b0,84482
P0DQQ1,https://alphafold.ebi.ac.uk/files/AF-P0DQQ1-F1-model_v6.pdb,2026-10-08,6,86.88,2025-08-01T00:00:00Z,ok,c3c5b4e5d258e736adec8e17f1cd902f2bca0d3ff2ddec91b09867c39b052c01,49814
P0DQQ2,https://alphafold.ebi.ac.uk/files/AF-P0DQQ2-F1-model_v6.pdb,2026-10-08,6,89.75,2025-08-01T00:00:00Z,ok,c6d8c7fd6ef768ec4306d1a686b6355fd3036ba2c1380ca8743fb470eeb0afc0,48113
P0DQQ3,https://alphafold.ebi.ac.uk/files/AF-P0DQQ3-F1-model_v6.pdb,2026-10-08,6,93.56,2025-08-01T00:00:00Z,ok,152ebc478b7850b7c766be48e4610ffa99088c0ad1f0407a1a13e4ee640598b6,45764
P0DQQ4,https://alphafold.ebi.ac.uk/files/AF-P0DQQ4-F1-model_v6.pdb,2026-10-08,6,93.94,2025-08-01T00:00:00Z,ok,1eda9b1a1832298fa53ad429db82dabef11d672eb3cbe502a5d254aad6d74782,545048
P0DSM9,https://alphafold.ebi.ac.uk/files/AF-P0DSM9-F1-model_v6.pdb,2026-10-08,6,66.94,2025-08-01T00:00:00Z,ok,dec3a521fac35b75d9bca19171a02c6122e5635ed7426eca1381e800d0576923,38555
P0DSN0,https://alphafold.ebi.ac.uk/files/AF-P0DSN0-F1-model_v6.pdb,2026-10-08,6,88.31,2025-08-01T00:00:00Z,ok,0073a3bb5217b6d1e9040a946a82ddcfd985924d1162e4f74ecee2b98f151500,42524
P0DSN1,https://alphafold.ebi.ac.uk/files/AF-P0DSN1-F1-model_v6.pdb,2026-10-08,6,95.31,2025-08-01T00:00:00Z,ok,66756371b195c8dedb3546833b802d2024fa2f701a858b80b45b1315a2b6fddf,42686
P0DTS8,https://alphafold.ebi.ac.uk/files/AF-P0DTS8-F1-model_v6.pdb,2026-10-08,6,94.5,2025-08-01T00:00:00Z,ok,00a189112ce0c7d464449c40dcdf69a57827c32c4f67aa648de500d96294bf75,82295
P0DUG4,https://alphafold.ebi.ac.uk/files/AF-P0DUG4-F1-model_v6.pdb,2026-10-08,6,75.38,2025-08-01T00:00:00Z,ok,11c6b24411d7a6f4dedbe141ca72bedb854778d6b6ccebd2048187f465cf175d,34991
P0DUK7,https://alphafold.ebi.ac.uk/files/AF-P0DUK7-F1-model_v6.pdb,2026-10-08,6,94.69,2025-08-01T00:00:00Z,ok,3d92b86d10707e947636f2d6a9b3695177d15863c247419c25eb48878839d992,44063
P0DUN1,https://alphafold.ebi.ac.uk/files/AF-P0DUN1-F1-model_v6.pdb,2026-10-08,6,94.62,2025-08-01T00:00:00Z,ok,2c4960c801182a32c64394597dbcf249e2c066fab95b960d1886ff60c7d118b2,84725
P0DUN2,https://alphafold.ebi.ac.uk/files/AF-P0DUN2-F1-model_v6.pdb,2026-10-08,6,91.38,2025-08-01T00:00:00Z,ok,49c0ee3de414d06e36051b1e5936232f09271dc84c73e4ec1680c23f4b74d5c1,85373
P0DUN5,https://alphafold.ebi.ac.uk/files/AF-P0DUN5-F1-model_v6.pdb,2026-10-08,6,76.94,2025-08-01T00:00:00Z,ok,6a94ef67b67f98b78b0f93f52959e788b27af961cc32e6131b73420fbf8be346,69092
P0DUN6,https://alphafold.ebi.ac.uk/files/AF-P0DUN6-F1-model_v6.pdb,2026-10-08,6,92.12,2025-08-01T00:00:00Z,ok,6967502116af9e3fab8d2827c6bf15c5926b5f7aa0b9ce74048aeff04cfea4a6,74357
P0DUN7,https://alphafold.ebi.ac.uk/files/AF-P0DUN7-F1-model_v6.pdb,2026-10-08,6,95.69,2025-08-01T00:00:00Z,ok,d1be707ec7fbaa26b4c28cc85d587a22a6c40e89a851d7ae3f0e8fef3cf3e39f,80756
P0DUN8,https://alphafold.ebi.ac.uk/files/AF-P0DUN8-F1-model_v6.pdb,2026-10-08,6,95.56,2025-08-01T00:00:00Z,ok,608a611edc71a7736e742f90c6138b013443c9b0f9ded913cc9e6cd07909e57e,35234
P0DUP0,https://alphafold.ebi.ac.uk/files/AF-P0DUP0-F1-model_v6.pdb,2026-10-08,6,87.56,2025-08-01T00:00:00Z,ok,f37c402aa5a830987098a240167f38c22f4c3beb0e08eda529693de07038c50b,47627
P0DUP1,https://alphafold.ebi.ac.uk/files/AF-P0DUP1-F1-model_v6.pdb,2026-10-08,6,95.0,2025-08-01T00:00:00Z,ok,27b96780bacf4cc6b3ab2c3df56259e0cd882ae15c2c24906e4111b23360af41,27701
P0DV78,https://alphafold.ebi.ac.uk/files/AF-P0DV78-F1-model_v6.pdb,2026-10-08,6,57.5,2025-08-01T00:00:00Z,ok,571fdd9fa61cc50b19e3c3184c177db8821f97f3ad6a01243618d884c54f6946,82052
P0DW97,https://alphafold.ebi.ac.uk/files/AF-P0DW97-F1-model_v6.pdb,2026-10-08,6,91.5,2025-08-01T00:00:00Z,ok,fa56880d32b68bbd3bb897c7b54668347bd4a26c7303fe4ea4f6ffe549285cf3,75410
P0DW98,https://alphafold.ebi.ac.uk/files/AF-P0DW98-F1-model_v6.pdb,2026-10-08,6,86.12,2025-08-01T00:00:00Z,ok,01fccd72510af7f8d81d480cb81559fc7b39ef101d1159752a1f9e9638ce723b,94850
P0DXT0,https://alphafold.ebi.ac.uk/files/AF-P0DXT0-F1-model_v6.pdb,2026-10-08,6,96.75,2025-08-01T00:00:00Z,ok,454c93518e65920dc1bdcef73aaf740bca32d809fdb7d71857e7e275ca800cd1,41795
P10808,https://alphafold.ebi.ac.uk/files/AF-P10808-F1-model_v6.pdb,2026-10-08,6,82.5,2025-08-01T00:00:00Z,ok,5f1bf69a697a960b110d6b5a516cfc4de8698073ca89d7190ab2b75dace6e409,44954
P11407,https://alphafold.ebi.ac.uk/files/AF-P11407-F1-model_v6.pdb,2026-10-08,6,90.81,2025-08-01T00:00:00Z,ok,27f884d95723b1203c0676696d080724b0506cef24de2fc423b7f2aac5306135,91934
P13208,https://alphafold.ebi.ac.uk/files/AF-P13208-F1-model_v6.pdb,2026-10-08,6,53.84,2025-08-01T00:00:00Z,ok,4e2ee838ffad54288ba337045be5868f50328bdcdc1bdc8859d1fe403ad99b8f,357695
P13211,https://alphafold.ebi.ac.uk/files/AF-P13211-F1-model_v6.pdb,2026-10-08,6,80.88,2025-08-01T00:00:00Z,ok,6fd0d4d34eca3063c31e8bd5b03b540de8c09e3ea5389a90dbbafdaf2f32c995,18467
P13495,https://alphafold.ebi.ac.uk/files/AF-P13495-F1-model_v6.pdb,2026-10-08,6,92.0,2025-08-01T00:00:00Z,ok,1ebcffa6c481183b2b7d25110abd1e816025ec68bee8386e03b34ed986455524,47789
P14411,https://alphafold.ebi.ac.uk/files/AF-P14411-F1-model_v6.pdb,2026-10-08,6,89.56,2025-08-01T00:00:00Z,ok,9e40326abf71e9bcb2f5ca8038cf448c043ae592900c042c6779cb0ab9cd1af4,88532
P14418,https://alphafold.ebi.ac.uk/files/AF-P14418-F1-model_v6.pdb,2026-10-08,6,97.0,2025-08-01T00:00:00Z,ok,c8d14437078934340be28e3941b9a127f3b7eef0caf1225fe387e6918521ff69,83348
P14420,https://alphafold.ebi.ac.uk/files/AF-P14420-F1-model_v6.pdb,2026-10-08,6,96.94,2025-08-01T00:00:00Z,ok,945097d229f073bbc5e9980a71261d8294057db2be172f408e2009e8f7244e28,82781
P14421,https://alphafold.ebi.ac.uk/files/AF-P14421-F1-model_v6.pdb,2026-10-08,6,96.5,2025-08-01T00:00:00Z,ok,f1a0fe6ac2a88ddc5f4fd7f5d62b25af8f63f885b1165bc60eaa56fa3b13c70d,82700
P14424,https://alphafold.ebi.ac.uk/files/AF-P14424-F1-model_v6.pdb,2026-10-08,6,90.5,2025-08-01T00:00:00Z,ok,062040f88bd3e5798d76aae518b847450620c80c79fcc4d46ce825ee2f683bf1,92096
P14530,https://alphafold.ebi.ac.uk/files/AF-P14530-F1-model_v6.pdb,2026-10-08,6,82.75,2025-08-01T00:00:00Z,ok,9fe09fb759bc61bc58736a64c5bdd6432935277ce2c64784ef9401e5d6d7b0bb,310715
P14534,https://alphafold.ebi.ac.uk/files/AF-P14534-F1-model_v6.pdb,2026-10-08,6,85.06,2025-08-01T00:00:00Z,ok,de2868bc82fd3f8e05906bfc09cb99185d6faf4c4db311eddc3d4e6a91df93ec,42443
P14541,https://alphafold.ebi.ac.uk/files/AF-P14541-F1-model_v6.pdb,2026-10-08,6,93.0,2025-08-01T00:00:00Z,ok,78c88d1c54b66218b53f0892988ce276947b6f2f246bc591db428022a1ea0e49,43577
P14556,https://alphafold.ebi.ac.uk/files/AF-P14556-F1-model_v6.pdb,2026-10-08,6,97.06,2025-08-01T00:00:00Z,ok,95c8a430e24e8d936ac7aa3f5a1a44ae52c46a4f413ae6cb007b2b4b7152bebf,80027
P14612,https://alphafold.ebi.ac.uk/files/AF-P14612-F1-model_v6.pdb,2026-10-08,6,89.88,2025-08-01T00:00:00Z,ok,12b4cfe4f441bbdac9f9c43f9618be1043cf3b9932deda22818c77cb2173dae6,60506
P14613,https://alphafold.ebi.ac.uk/files/AF-P14613-F1-model_v6.pdb,2026-10-08,6,96.0,2025-08-01T00:00:00Z,ok,a00d978c6c098056049a62102f43319bd55986612fa8e72884f87e6832828d61,43334
P15167,https://alphafold.ebi.ac.uk/files/AF-P15167-F1-model_v6.pdb,2026-10-08,6,84.06,2025-08-01T00:00:00Z,ok,105f45b4703cc06d7297c9083503f35fb3d879f19fc5efd5c7c5c7ad50ff8f3c,272969
P15815,https://alphafold.ebi.ac.uk/files/AF-P15815-F1-model_v6.pdb,2026-10-08,6,94.25,2025-08-01T00:00:00Z,ok,bf964c4712d682258b156342450a9c08ae71206060ee22a7addc398181228a3a,44873
P15816,https://alphafold.ebi.ac.uk/files/AF-P15816-F1-model_v6.pdb,2026-10-08,6,89.12,2025-08-01T00:00:00Z,ok,fe7aaa4fc82376837de607c9ae96c7ae800d3f765969976ad3b33c4974cb5635,57590
P15817,https://alphafold.ebi.ac.uk/files/AF-P15817-F1-model_v6.pdb,2026-10-08,6,88.88,2025-08-01T00:00:00Z,ok,a95a56d81a2d4f67390afdd84457b81f820cd47d9e375a6211a52badbed3292a,58481
P15818,https://alphafold.ebi.ac.uk/files/AF-P15818-F1-model_v6.pdb,2026-10-08,6,88.5,2025-08-01T00:00:00Z,ok,c2d3a7df0d148d057aab229d41ab612e02efb1acdff27a9e2124fa9dcc033cbd,58481
P16338,https://alphafold.ebi.ac.uk/files/AF-P16338-F1-model_v6.pdb,2026-10-08,6,90.0,2025-08-01T00:00:00Z,ok,d7c7c2527b82ae7baf57101e1d3cd657183c36f9be2fd0725f234b644e19fbb8,46007
P17347,https://alphafold.ebi.ac.uk/files/AF-P17347-F1-model_v6.pdb,2026-10-08,6,86.0,2025-08-01T00:00:00Z,ok,71da64a4724e533addd20ba74ccdc02f1f7de826e064c39a4f8781a3a9ea728a,119150
P17349,https://alphafold.ebi.ac.uk/files/AF-P17349-F1-model_v6.pdb,2026-10-08,6,82.06,2025-08-01T00:00:00Z,ok,4a42069cf6a6ea0d82069235b0c53447a4fd13796865a8c31b8d55b7b7cf1a9f,314117
P17497,https://alphafold.ebi.ac.uk/files/AF-P17497-F1-model_v6.pdb,2026-10-08,6,96.12,2025-08-01T00:00:00Z,ok,42b7930d47d04727d2334caa0a6b980e19bb1d6a78b122fded85500ee194c37a,54512
P17696,https://alphafold.ebi.ac.uk/files/AF-P17696-F1-model_v6.pdb,2026-10-08,6,89.0,2025-08-01T00:00:00Z,ok,e160c98efb77f1f67cd14bfad2f93679b6523b2b94e75e21697bb2ffb205fb10,56456
P17934,https://alphafold.ebi.ac.uk/files/AF-P17934-F1-model_v6.pdb,2026-10-08,6,87.25,2025-08-01T00:00:00Z,ok,d47b016587b6915f925d527b6c14572a7732397aac6986b7a16eb191a9ce4aea,96146
P17935,https://alphafold.ebi.ac.uk/files/AF-P17935-F1-model_v6.pdb,2026-10-08,6,89.25,2025-08-01T00:00:00Z,ok,8506468d9dcf9d435836a8364e92f71dc151ce01112a59ebc4992232090e9959,92825
P18328,https://alphafold.ebi.ac.uk/files/AF-P18328-F1-model_v6.pdb,2026-10-08,6,88.81,2025-08-01T00:00:00Z,ok,0123d91d02d0f394304fff0088a07727604cb43171482b79f885238760942f78,57023
P18329,https://alphafold.ebi.ac.uk/files/AF-P18329-F1-model_v6.pdb,2026-10-08,6,89.25,2025-08-01T00:00:00Z,ok,933fb44ef3fbdefe4fcef65de660b9495b7bd179ada895c628d0a56d2bb8af3c,54593
P18618,https://alphafold.ebi.ac.uk/files/AF-P18618-F1-model_v6.pdb,2026-10-08,6,89.75,2025-08-01T00:00:00Z,ok,acc38bb0de261c58ec50e38455b29d85461177c6abdfe2709d53fe183d157e76,47384
P18619,https://alphafold.ebi.ac.uk/files/AF-P18619-F1-model_v6.pdb,2026-10-08,6,83.31,2025-08-01T00:00:00Z,ok,1f97cb48fda568780af2398987ae62e48b99f8effef1b74665af5cc055cdd8e2,316061
P18964,https://alphafold.ebi.ac.uk/files/AF-P18964-F1-model_v6.pdb,2026-10-08,6,97.38,2025-08-01T00:00:00Z,ok,26d5e676eba4552befb8d8a612ca9e95293d697d1977b2cad2f3edfaaf709dbb,154223
P18965,https://alphafold.ebi.ac.uk/files/AF-P18965-F1-model_v6.pdb,2026-10-08,6,91.94,2025-08-01T00:00:00Z,ok,b91bb2029bf7287986d6ab7b0f04a393d1f5ab9366fcf2783c1ca94d9b1ee17d,169208
P18997,https://alphafold.ebi.ac.uk/files/AF-P18997-F1-model_v6.pdb,2026-10-08,6,82.38,2025-08-01T00:00:00Z,ok,ecf62a50fd5549b81d71200d09c18d753847576306d9b72767098d6a87143ed2,24947
P18998,https://alphafold.ebi.ac.uk/files/AF-P18998-F1-model_v6.pdb,2026-10-08,6,90.44,2025-08-01T00:00:00Z,ok,7a0cdd6b4e0f912d9d7f6b16d3fc8e5f21c547c0929a2fba86a4f602a25cf9da,90395
P20164,https://alphafold.ebi.ac.uk/files/AF-P20164-F1-model_v6.pdb,2026-10-08,6,82.75,2025-08-01T00:00:00Z,ok,abf69d8a9c02a5b23b05a68204be18c080d6ba9500440b8d3960d29598567cc6,399248
P20258,https://alphafold.ebi.ac.uk/files/AF-P20258-F1-model_v6.pdb,2026-10-08,6,97.5,2025-08-01T00:00:00Z,ok,6826320314d530682f795d65d8c861d481130202d71b35c1e9a95fe8531c57db,78488
P20259,https://alphafold.ebi.ac.uk/files/AF-P20259-F1-model_v6.pdb,2026-10-08,6,97.06,2025-08-01T00:00:00Z,ok,d4dfcb9a560405842d92a41e824522cc3303862c97318cdcfbfac3b6d5fdf95f,77921
P20416,https://alphafold.ebi.ac.uk/files/AF-P20416-F1-model_v6.pdb,2026-10-08,6,88.19,2025-08-01T00:00:00Z,ok,3c6cf72f2465a47105ce5722dfeb0170a9910c2233ae9da60d20a4be95844dcd,23732
P20474,https://alphafold.ebi.ac.uk/files/AF-P20474-F1-model_v6.pdb,2026-10-08,6,90.06,2025-08-01T00:00:00Z,ok,5a824ae9496bce39d1c840179e646a443e40c10058b64738a1f04043fa3d7dd5,93473
P20897,https://alphafold.ebi.ac.uk/files/AF-P20897-F1-model_v6.pdb,2026-10-08,6,97.88,2025-08-01T00:00:00Z,ok,ed35b379a7a9e61016a40be9cd01ac33ecb154b2edbbd9dac253fcc6bad0cc16,137861
P21789,https://alphafold.ebi.ac.uk/files/AF-P21789-F1-model_v6.pdb,2026-10-08,6,95.75,2025-08-01T00:00:00Z,ok,073209883526aff9249318b9dd9e4935abeca8ecf51240a895bd838ee9ef6af5,80999
P21790,https://alphafold.ebi.ac.uk/files/AF-P21790-F1-model_v6.pdb,2026-10-08,6,82.81,2025-08-01T00:00:00Z,ok,38f90e51c6db334468b29a8b443ee3f2d0696c8dda7986de2bc456b95f859fac,22679
P21791,https://alphafold.ebi.ac.uk/files/AF-P21791-F1-model_v6.pdb,2026-10-08,6,77.44,2025-08-01T00:00:00Z,ok,6a0eace0f7b73b80178db25d559890bebf83208c0531183944afe64d40917d15,23165
P21792,https://alphafold.ebi.ac.uk/files/AF-P21792-F1-model_v6.pdb,2026-10-08,6,69.69,2025-08-01T00:00:00Z,ok,31fc8b18719ee404c22480de1dc5b4a8c1c53593cbbd3883fbd5f7340c3fef0b,23327
P21858,https://alphafold.ebi.ac.uk/files/AF-P21858-F1-model_v6.pdb,2026-10-08,6,91.69,2025-08-01T00:00:00Z,ok,9a37266a7b04ebc3d1183b2b37b7b2daccc056a5b91bc017aac10eecdaed99c6,45845
P21859,https://alphafold.ebi.ac.uk/files/AF-P21859-F1-model_v6.pdb,2026-10-08,6,90.31,2025-08-01T00:00:00Z,ok,841a3802450c12ea0caaf342a8e5216da5612467382bbf9dcbd6fa849b3f4c84,46412
P22028,https://alphafold.ebi.ac.uk/files/AF-P22028-F1-model_v6.pdb,2026-10-08,6,94.62,2025-08-01T00:00:00Z,ok,d6ecc7394f06fb6f7b011d0bf4e1905ce82eec2419b40b5344e65ec4ca6a26bf,18872
P22029,https://alphafold.ebi.ac.uk/files/AF-P22029-F1-model_v6.pdb,2026-10-08,6,94.62,2025-08-01T00:00:00Z,ok,91f8e29d8169486b2975d051fa83f1f35211a21ae10bf3497ad30d956d262232,91529
P22030,https://alphafold.ebi.ac.uk/files/AF-P22030-F1-model_v6.pdb,2026-10-08,6,89.56,2025-08-01T00:00:00Z,ok,9139b4ef7bcc6b7b465bcfb5be47a3dbf92f33b5916683ae1653e1be98ebd141,90638
P22640,https://alphafold.ebi.ac.uk/files/AF-P22640-F1-model_v6.pdb,2026-10-08,6,96.38,2025-08-01T00:00:00Z,ok,9e88b192158c30b15be4a4e55e9c99b953811498a4c84b01ee47d3dcc882c4d3,82376
P22796,https://alphafold.ebi.ac.uk/files/AF-P22796-F1-model_v6.pdb,2026-10-08,6,98.19,2025-08-01T00:00:00Z,ok,deb714013aa72077f2c40b96fa8758c59886d1333b7126533ada4e9e6c002768,133649
P22826,https://alphafold.ebi.ac.uk/files/AF-P22826-F1-model_v6.pdb,2026-10-08,6,85.31,2025-08-01T00:00:00Z,ok,86344b39d29dce87924f6c7ccfca18ee74ab1cda57ed96dc79827f5d82db74c8,36854
P22827,https://alphafold.ebi.ac.uk/files/AF-P22827-F1-model_v6.pdb,2026-10-08,6,83.38,2025-08-01T00:00:00Z,ok,fc0dab195aa179db0377b5eca6c84549d40c002237527459ca6d9b299bc27e93,46979
P22947,https://alphafold.ebi.ac.uk/files/AF-P22947-F1-model_v6.pdb,2026-10-08,6,91.69,2025-08-01T00:00:00Z,ok,1ed11a092e0903ea65accdb9de0383dc05eaca267bdf161e214e99ecb061d006,43658
P23026,https://alphafold.ebi.ac.uk/files/AF-P23026-F1-model_v6.pdb,2026-10-08,6,88.38,2025-08-01T00:00:00Z,ok,4b5745e89bd87fc9cf0ecaad81c6eca136cbe52d9ebb48a2dfa1121aa4a6508c,99548
P23027,https://alphafold.ebi.ac.uk/files/AF-P23027-F1-model_v6.pdb,2026-10-08,6,93.88,2025-08-01T00:00:00Z,ok,c3ce38d49bc275552afd70a05efa024ac9e0f6ae07ccc4746d33176c0952e420,82457
P23028,https://alphafold.ebi.ac.uk/files/AF-P23028-F1-model_v6.pdb,2026-10-08,6,85.31,2025-08-01T00:00:00Z,ok,5bd297c3a837a7a27de9df8556b08bc3009fe98df30426661e0dbc918d3c0d47,99629
P23323,https://alphafold.ebi.ac.uk/files/AF-P23323-F1-model_v6.pdb,2026-10-08,6,92.5,2025-08-01T00:00:00Z,ok,31ef78aa628eda63c4fe5027606f1b6d175c6b73fcb35b44b2305841a3795079,50786
P23806,https://alphafold.ebi.ac.uk/files/AF-P23806-F1-model_v6.pdb,2026-10-08,6,85.5,2025-08-01T00:00:00Z,ok,6de87feb39f4ea6cdc0fffa503e65e9c4462a0854d54b70106737e2e51f87957,102950
P23807,https://alphafold.ebi.ac.uk/files/AF-P23807-F1-model_v6.pdb,2026-10-08,6,90.88,2025-08-01T00:00:00Z,ok,000b22b4cc5029b31492c9cbd6cb5f8e9cd411643b03ba557bbb84a56e72f84c,101573
P24027,https://alphafold.ebi.ac.uk/files/AF-P24027-F1-model_v6.pdb,2026-10-08,6,91.19,2025-08-01T00:00:00Z,ok,8f3e47716edbaff823587a24581cf0c7a36da1bafb22cd9720188a563e8b842d,95012
P24330,https://alphafold.ebi.ac.uk/files/AF-P24330-F1-model_v6.pdb,2026-10-08,6,79.69,2025-08-01T00:00:00Z,ok,d63767f7970ab3abc21f067fe7e5c742c3f225f15731529e44d3bb54e1963db8,49814
P24331,https://alphafold.ebi.ac.uk/files/AF-P24331-F1-model_v6.pdb,2026-10-08,6,83.0,2025-08-01T00:00:00Z,ok,26f47056d5cab2940706d2a90e2b78535bfa06558db436a693c8c89a289f1c31,46412
P24332,https://alphafold.ebi.ac.uk/files/AF-P24332-F1-model_v6.pdb,2026-10-08,6,83.12,2025-08-01T00:00:00Z,ok,2d35479f3562495eb2fbc300ef99bd09187dec4c9f38b1731aeb75aea868c94c,45926
P24333,https://alphafold.ebi.ac.uk/files/AF-P24333-F1-model_v6.pdb,2026-10-08,6,82.5,2025-08-01T00:00:00Z,ok,e034df6f020fa8d7bdf1f4191a7ac50229171e7a73cdb5389af0f5466a377c1b,46007
P24334,https://alphafold.ebi.ac.uk/files/AF-P24334-F1-model_v6.pdb,2026-10-08,6,79.31,2025-08-01T00:00:00Z,ok,7e607bf8b1843c7472ca474665487491612012957cc7b2a64a1ca2473f0b23d9,37664
P24541,https://alphafold.ebi.ac.uk/files/AF-P24541-F1-model_v6.pdb,2026-10-08,6,90.75,2025-08-01T00:00:00Z,ok,1636675fc896fdb6a46a89e5fe7a98cb2cf1efcd054253b55adf8db7dd24c2c5,42767
P24605,https://alphafold.ebi.ac.uk/files/AF-P24605-F1-model_v6.pdb,2026-10-08,6,89.5,2025-08-01T00:00:00Z,ok,f0840cd39dcbc4abd7ce73fc0e472435347978019800d7eab5b9c943b01db002,92015
P24644,https://alphafold.ebi.ac.uk/files/AF-P24644-F1-model_v6.pdb,2026-10-08,6,83.94,2025-08-01T00:00:00Z,ok,59f1d7aad1144c1ceac865e256e902a429915a65f79604f2d0acce505e28edb1,27782
P24645,https://alphafold.ebi.ac.uk/files/AF-P24645-F1-model_v6.pdb,2026-10-08,6,84.19,2025-08-01T00:00:00Z,ok,c6bed10ca3ee00e01f826cdf452b8bc2905e8e831e40dba3c4c33fab416a34d2,28187
P24742,https://alphafold.ebi.ac.uk/files/AF-P24742-F1-model_v6.pdb,2026-10-08,6,83.12,2025-08-01T00:00:00Z,ok,35f8eacc87f00df1018c1ea6e4869fd02c803b09c650d2297af5dbfa486ccc7e,30698
P24776,https://alphafold.ebi.ac.uk/files/AF-P24776-F1-model_v6.pdb,2026-10-08,6,94.44,2025-08-01T00:00:00Z,ok,a8f128e8b17fcbe40105f876c34be11a7094b50588a33428acf6df14e467d88e,42119
P24777,https://alphafold.ebi.ac.uk/files/AF-P24777-F1-model_v6.pdb,2026-10-08,6,92.75,2025-08-01T00:00:00Z,ok,943bfc29d8ef2561da4d00799575a671752c6e94cd8ddabd50115927fc8ad878,41957
P24778,https://alphafold.ebi.ac.uk/files/AF-P24778-F1-model_v6.pdb,2026-10-08,6,91.06,2025-08-01T00:00:00Z,ok,8dffc840f9144489c0e5bf0deb57e3979b8074b337a7c370a9f0c835b4d55dcf,44468
P24779,https://alphafold.ebi.ac.uk/files/AF-P24779-F1-model_v6.pdb,2026-10-08,6,96.19,2025-08-01T00:00:00Z,ok,73068f76438ae3583e72e7e3480776d668f540f215a09e1749b3d7826bc95927,41390
P24780,https://alphafold.ebi.ac.uk/files/AF-P24780-F1-model_v6.pdb,2026-10-08,6,94.56,2025-08-01T00:00:00Z,ok,7c55c80c9c4200093a54dbbcf9c7b37e8b0bb3d80e5c23d7e64f7e52c225ecd2,41876
P25497,https://alphafold.ebi.ac.uk/files/AF-P25497-F1-model_v6.pdb,2026-10-08,6,91.44,2025-08-01T00:00:00Z,ok,2393e412f2c6ab8b7118b23a151826ff824386b5337ddd5997e70d28a5b22616,54836
P25517,https://alphafold.ebi.ac.uk/files/AF-P25517-F1-model_v6.pdb,2026-10-08,6,95.69,2025-08-01T00:00:00Z,ok,6c5bed1f4bee52734d7a437a539f222654c4b579900f2a448369af9f5b755cce,42443
P25518,https://alphafold.ebi.ac.uk/files/AF-P25518-F1-model_v6.pdb,2026-10-08,6,92.94,2025-08-01T00:00:00Z,ok,b2bc3a4a7e0efdf9b198fbcd2bf2bd26b2ae09bcc64501924f18ca90800d3496,45602
P25660,https://alphafold.ebi.ac.uk/files/AF-P25660-F1-model_v6.pdb,2026-10-08,6,91.62,2025-08-01T00:00:00Z,ok,f40b06b263a767090362a9ad9e4f49f93a8bd46002d46ded93c3f5ce90cf0020,45683
P25667,https://alphafold.ebi.ac.uk/files/AF-P25667-F1-model_v6.pdb,2026-10-08,6,82.88,2025-08-01T00:00:00Z,ok,288c3705c90c36740b36f92927384714bba392da4a001761b88b537d4e4e6372,48842
P25668,https://alphafold.ebi.ac.uk/files/AF-P25668-F1-model_v6.pdb,2026-10-08,6,89.12,2025-08-01T00:00:00Z,ok,821dc1131b6f251ccd67732c3c86aa50427e8794db498841508a6a18b3198327,48275
P25669,https://alphafold.ebi.ac.uk/files/AF-P25669-F1-model_v6.pdb,2026-10-08,6,89.56,2025-08-01T00:00:00Z,ok,1fb53db4514d26150534af926f4296d1c6e63ff54f36b3441e7fc94fde5b7ce7,48113
P25671,https://alphafold.ebi.ac.uk/files/AF-P25671-F1-model_v6.pdb,2026-10-08,6,89.19,2025-08-01T00:00:00Z,ok,5eda54d53c0b52d5d8b90e243da04eba064a231a7c010719dc68db0488e855af,48194
P25672,https://alphafold.ebi.ac.uk/files/AF-P25672-F1-model_v6.pdb,2026-10-08,6,89.31,2025-08-01T00:00:00Z,ok,13b1fc440da67fc8cceb2f61fc07b7ff96564c6073c1d13a97d86074c2058a98,48518
P25673,https://alphafold.ebi.ac.uk/files/AF-P25673-F1-model_v6.pdb,2026-10-08,6,88.38,2025-08-01T00:00:00Z,ok,557c62127109d73c1adab8b17218194be899e81ccdf4398e612ff0b7b31bb722,48356
P25674,https://alphafold.ebi.ac.uk/files/AF-P25674-F1-model_v6.pdb,2026-10-08,6,88.62,2025-08-01T00:00:00Z,ok,7f2f91a8dac4c9f3f2d1c6b470a9dede50eb68d71ca46f305c7657f3514abdcf,47951
P25675,https://alphafold.ebi.ac.uk/files/AF-P25675-F1-model_v6.pdb,2026-10-08,6,97.06,2025-08-01T00:00:00Z,ok,1c1ecf1c12e1668588e5f6d207c428511d8982fe0213020f5ef4e2588d736873,42767
P25676,https://alphafold.ebi.ac.uk/files/AF-P25676-F1-model_v6.pdb,2026-10-08,6,95.75,2025-08-01T00:00:00Z,ok,8bb5c26a99d51fa2adeb60850debbeb25b8f87a1b58472f744b1416c715a799a,43091
P25677,https://alphafold.ebi.ac.uk/files/AF-P25677-F1-model_v6.pdb,2026-10-08,6,81.5,2025-08-01T00:00:00Z,ok,c1a50eff5107391c5d6683c201b16130e2f07eab456d376114e942ff8c2cbd95,41957
P25678,https://alphafold.ebi.ac.uk/files/AF-P25678-F1-model_v6.pdb,2026-10-08,6,80.31,2025-08-01T00:00:00Z,ok,9e422753d3902ccd1779fbbb6326a3c1007b4d965ef21d15a1fd49dba5829493,42443
P25679,https://alphafold.ebi.ac.uk/files/AF-P25679-F1-model_v6.pdb,2026-10-08,6,89.75,2025-08-01T00:00:00Z,ok,04c22e0a84e3c4857b8efb0e0ce756c1c97848a70fee218601b2df8e0067ea8d,45683
P25680,https://alphafold.ebi.ac.uk/files/AF-P25680-F1-model_v6.pdb,2026-10-08,6,94.19,2025-08-01T00:00:00Z,ok,7e0dc20afb34e7dfc24c14dc2551c8a2b99414c897f6b775d06764d35f37848b,46493
P25681,https://alphafold.ebi.ac.uk/files/AF-P25681-F1-model_v6.pdb,2026-10-08,6,93.0,2025-08-01T00:00:00Z,ok,8dd07bf4c4848673b4ac5af93886cd570d1fc403906e56c5e6af7347e5f32845,42443
P25682,https://alphafold.ebi.ac.uk/files/AF-P25682-F1-model_v6.pdb,2026-10-08,6,96.0,2025-08-01T00:00:00Z,ok,404d2fc264ced2121d6835387bd8f918befd3c336784c7c02da4089d213d1d00,45764
P25683,https://alphafold.ebi.ac.uk/files/AF-P25683-F1-model_v6.pdb,2026-10-08,6,92.5,2025-08-01T00:00:00Z,ok,d74eb941c8674d1dc85a921a10cbece58ee4587d9dc694faab353219756ffab1,43172
P25684,https://alphafold.ebi.ac.uk/files/AF-P25684-F1-model_v6.pdb,2026-10-08,6,93.19,2025-08-01T00:00:00Z,ok,90c9489e7e2cd1c0ee6c387d2d72e5ca3b09e61822bf15d0560cc63fc8c08140,42362
P25687,https://alphafold.ebi.ac.uk/files/AF-P25687-F1-model_v6.pdb,2026-10-08,6,90.31,2025-08-01T00:00:00Z,ok,28226c92c120e5f00061c6da7e4ea6688dd08cb03b5ae1eddc251d06e6482052,52568
P26324,https://alphafold.ebi.ac.uk/files/AF-P26324-F1-model_v6.pdb,2026-10-08,6,94.25,2025-08-01T00:00:00Z,ok,9a7ee2e67f8508398807f50ce780152b8d38ce7b3812e41cea4427c3ec028e71,156086
P28374,https://alphafold.ebi.ac.uk/files/AF-P28374-F1-model_v6.pdb,2026-10-08,6,60.44,2025-08-01T00:00:00Z,ok,83f592a12bd6a385db9828604bd79ff427349f559e4385c161ad8a53dc4ff19f,28025
P28375,https://alphafold.ebi.ac.uk/files/AF-P28375-F1-model_v6.pdb,2026-10-08,6,91.69,2025-08-01T00:00:00Z,ok,ca8fbb54c5fe161d0e200dc63c1fa86d91e067568f52b9e0c95507875346b041,42119
P28891,https://alphafold.ebi.ac.uk/files/AF-P28891-F1-model_v6.pdb,2026-10-08,6,97.38,2025-08-01T00:00:00Z,ok,4356a6c748da1be57b07409fe39d7dadcf40ad38bc30ac71278a7e90df28e917,135350
P29179,https://alphafold.ebi.ac.uk/files/AF-P29179-F1-model_v6.pdb,2026-10-08,6,92.0,2025-08-01T00:00:00Z,ok,eda3c9972bb6dae39d02158094176ea9c6fb4d72ac3f23550a9996350c94c8ec,43010
P29180,https://alphafold.ebi.ac.uk/files/AF-P29180-F1-model_v6.pdb,2026-10-08,6,93.56,2025-08-01T00:00:00Z,ok,4f76cf08e732a36137de32342253884455c2c7adfdc99a82a30995b6caa9440d,46574
P29181,https://alphafold.ebi.ac.uk/files/AF-P29181-F1-model_v6.pdb,2026-10-08,6,93.75,2025-08-01T00:00:00Z,ok,750a34f235abc564c58473f594d5fa853da858f0ba3de63b71f4f4343a680d38,46979
P29182,https://alphafold.ebi.ac.uk/files/AF-P29182-F1-model_v6.pdb,2026-10-08,6,91.19,2025-08-01T00:00:00Z,ok,0a541ef378c3919f29d0aa43df89908667bfcc229c0c4317a7c02291717e92e2,46655
P30403,https://alphafold.ebi.ac.uk/files/AF-P30403-F1-model_v6.pdb,2026-10-08,6,83.38,2025-08-01T00:00:00Z,ok,1e19f21e5a46716cc136480acf7f2aaa61ede85727cf665b616fc088af3092f6,313226
P30431,https://alphafold.ebi.ac.uk/files/AF-P30431-F1-model_v6.pdb,2026-10-08,6,85.56,2025-08-01T00:00:00Z,ok,bcece9dcd070fdeeaaa4fbd7820240a070da15669b2cd5966108ea5b32aeed8d,369602
P30811,https://alphafold.ebi.ac.uk/files/AF-P30811-F1-model_v6.pdb,2026-10-08,6,89.69,2025-08-01T00:00:00Z,ok,ad20b85e4c48b8960e855937210cf91f619ac89d114e809c7ee488da6e3165b1,94283
P30894,https://alphafold.ebi.ac.uk/files/AF-P30894-F1-model_v6.pdb,2026-10-08,6,91.94,2025-08-01T00:00:00Z,ok,e6a5d6dbb3d97f28a4ee2c1bb71d1af588301c46419d72bb30b6ced1954f6797,80027
P31100,https://alphafold.ebi.ac.uk/files/AF-P31100-F1-model_v6.pdb,2026-10-08,6,90.88,2025-08-01T00:00:00Z,ok,7d88fd2acdfa8f1b6f180394b33ba7a681f6e2cf6377bd1305116c2f72dc1201,91610
P31854,https://alphafold.ebi.ac.uk/files/AF-P31854-F1-model_v6.pdb,2026-10-08,6,90.38,2025-08-01T00:00:00Z,ok,508e57815805194c751ecdbf7e8317ace5304e55ed89fdd5ee1390e105184b85,93392
P31981,https://alphafold.ebi.ac.uk/files/AF-P31981-F1-model_v6.pdb,2026-10-08,6,87.44,2025-08-01T00:00:00Z,ok,32974431a0fa27d61d7858dcce0156c8bf53a036e9a23a5ec63f48019ec11526,47141
P31984,https://alphafold.ebi.ac.uk/files/AF-P31984-F1-model_v6.pdb,2026-10-08,6,84.94,2025-08-01T00:00:00Z,ok,3433b88949b85a1826a157714f17a88376991ee436d902677ab45b21fcaa75cf,48113
P31987,https://alphafold.ebi.ac.uk/files/AF-P31987-F1-model_v6.pdb,2026-10-08,6,86.69,2025-08-01T00:00:00Z,ok,22086c41ee9ed73775a02a080ead3644f64bf73e00acea5910f55fa630819324,46736
P31989,https://alphafold.ebi.ac.uk/files/AF-P31989-F1-model_v6.pdb,2026-10-08,6,89.19,2025-08-01T00:00:00Z,ok,0fc2543f3f2983e582b70da136a3e5c32e179fe1cc7cb8d3ba023152461a2569,103274
P31990,https://alphafold.ebi.ac.uk/files/AF-P31990-F1-model_v6.pdb,2026-10-08,6,87.06,2025-08-01T00:00:00Z,ok,f4f89a8ee9912fe0c2e5587b5ae18e9a34e225fe097315cabe2b18e1202ec1ce,47465
P33588,https://alphafold.ebi.ac.uk/files/AF-P33588-F1-model_v6.pdb,2026-10-08,6,87.44,2025-08-01T00:00:00Z,ok,5937fc8b0c1155420433f05bd367ef896b8c9160ba2da846d91ee32b9617f804,16361
P33589,https://alphafold.ebi.ac.uk/files/AF-P33589-F1-model_v6.pdb,2026-10-08,6,94.0,2025-08-01T00:00:00Z,ok,8d538e2a23e480e74c5699e2b866a2ebf69bc572dae151deb0e17ad1965eed93,151145
P34073,https://alphafold.ebi.ac.uk/files/AF-P34073-F1-model_v6.pdb,2026-10-08,6,85.94,2025-08-01T00:00:00Z,ok,73ba7d593d12d602441800d8ccfb3ed87a12ed36e6a566cc6db2275e6c517d9b,51272
P34074,https://alphafold.ebi.ac.uk/files/AF-P34074-F1-model_v6.pdb,2026-10-08,6,89.88,2025-08-01T00:00:00Z,ok,a51bc50ac11ca1b1205c7508dea4c4efab0d62fa33fcb657c0eea836a24d2919,47870
P34075,https://alphafold.ebi.ac.uk/files/AF-P34075-F1-model_v6.pdb,2026-10-08,6,97.06,2025-08-01T00:00:00Z,ok,516ddea20312031255535e3eed672ca57da05230fb2c162aa2831a2c6d9ed479,42605
P34076,https://alphafold.ebi.ac.uk/files/AF-P34076-F1-model_v6.pdb,2026-10-08,6,96.44,2025-08-01T00:00:00Z,ok,c5572769631412743b4c6ff2f6b2000b1c66d4548e12979cfa656faf4f9305f9,42767
P34128,https://alphafold.ebi.ac.uk/files/AF-P34128-F1-model_v6.pdb,2026-10-08,6,70.19,2025-08-01T00:00:00Z,ok,4edbeb85581ece2ebdb9b33f1f58e22aaa44347dccd24a7927c5be26a10efe0b,161999
P34182,https://alphafold.ebi.ac.uk/files/AF-P34182-F1-model_v6.pdb,2026-10-08,6,83.81,2025-08-01T00:00:00Z,ok,fa7ec17258c85570cf6730a849660d4cfbc6c23df2b8f19f42d697014117e33c,310472
P43445,https://alphafold.ebi.ac.uk/files/AF-P43445-F1-model_v6.pdb,2026-10-08,6,84.94,2025-08-01T00:00:00Z,ok,82b3b98efd486c4fd3a9472e589aa5d394f4802fd99be6ea5a8311b835eed4f2,57590
P45881,https://alphafold.ebi.ac.uk/files/AF-P45881-F1-model_v6.pdb,2026-10-08,6,90.56,2025-08-01T00:00:00Z,ok,90a84467b3eeafad8e65c266b4609e941afeed7b0f101e65e62b55a173ed0eb1,93635
P47797,https://alphafold.ebi.ac.uk/files/AF-P47797-F1-model_v6.pdb,2026-10-08,6,88.81,2025-08-01T00:00:00Z,ok,e171b330bc26944b7f7d6d2b6631d45a8878240ce2904b996188c4f7dbf3a421,171152
P49121,https://alphafold.ebi.ac.uk/files/AF-P49121-F1-model_v6.pdb,2026-10-08,6,90.38,2025-08-01T00:00:00Z,ok,b816fb2d48249f38ceb2672cb605264a9fa444db4652f538c23e4110f2eda83f,93635
P49122,https://alphafold.ebi.ac.uk/files/AF-P49122-F1-model_v6.pdb,2026-10-08,6,88.44,2025-08-01T00:00:00Z,ok,eec947d6feb41c691908a75d438333db37a316d5dd084bb8eefe59e2815c9da3,55484
P49123,https://alphafold.ebi.ac.uk/files/AF-P49123-F1-model_v6.pdb,2026-10-08,6,92.62,2025-08-01T00:00:00Z,ok,cc3f7cf26a9fe9192d9dfe169c9c790f63542954dd0de01cc717494e53ed191a,54350
P56742,https://alphafold.ebi.ac.uk/files/AF-P56742-F1-model_v6.pdb,2026-10-08,6,94.19,2025-08-01T00:00:00Z,ok,4932f5be3f8f4901c8dfad3eb3171982220ad07d7df5a8279c86d7a6db5def03,343034
P58370,https://alphafold.ebi.ac.uk/files/AF-P58370-F1-model_v6.pdb,2026-10-08,6,90.94,2025-08-01T00:00:00Z,ok,7e48e1a326c2ad80c875b6016f1a7662b7cb7461b43aae62334f6a8dca57167e,58076
P59018,https://alphafold.ebi.ac.uk/files/AF-P59018-F1-model_v6.pdb,2026-10-08,6,89.06,2025-08-01T00:00:00Z,ok,0392804e54d90aa21cc118e93c3213c7f9bfeb3127b4f19900a27a9ea375ed6a,90962
P59066,https://alphafold.ebi.ac.uk/files/AF-P59066-F1-model_v6.pdb,2026-10-08,6,85.81,2025-08-01T00:00:00Z,ok,32c7ee6a815d8a4330c6780c83ae19954f6f6b69274e1894298265d7d6b6d55a,14417
P59067,https://alphafold.ebi.ac.uk/files/AF-P59067-F1-model_v6.pdb,2026-10-08,6,97.0,2025-08-01T00:00:00Z,ok,343f05728da88d0ae8d7b5693a957df3dfd451210bde5628f146c036a85508a0,44063
P59068,https://alphafold.ebi.ac.uk/files/AF-P59068-F1-model_v6.pdb,2026-10-08,6,96.56,2025-08-01T00:00:00Z,ok,b63ac8e89e06452ea0c7b4191aa7d9442b8bdccec740e1b2d143a274458af035,40904
P59069,https://alphafold.ebi.ac.uk/files/AF-P59069-F1-model_v6.pdb,2026-10-08,6,92.94,2025-08-01T00:00:00Z,ok,e134cbd3a2893d1e60808091d2759c45a7cf7f608b70fde3c4eb8ac2ae682156,32237
P59070,https://alphafold.ebi.ac.uk/files/AF-P59070-F1-model_v6.pdb,2026-10-08,6,96.62,2025-08-01T00:00:00Z,ok,5eb62b94fa524212cd2a422f60998e934eadba70abe691988415af9dc75e4d77,34586
P59071,https://alphafold.ebi.ac.uk/files/AF-P59071-F1-model_v6.pdb,2026-10-08,6,97.0,2025-08-01T00:00:00Z,ok,72d82b41bf2c7f3b2982e2aeaf998a2b85cb49fb582cc0a19865783088fbac0b,81242
P59264,https://alphafold.ebi.ac.uk/files/AF-P59264-F1-model_v6.pdb,2026-10-08,6,95.19,2025-08-01T00:00:00Z,ok,32cb6de74cfe8c1e0bc58b2eda22154e55deeb25fa2fcdc8d53deae578517ebd,83834
P59265,https://alphafold.ebi.ac.uk/files/AF-P59265-F1-model_v6.pdb,2026-10-08,6,95.19,2025-08-01T00:00:00Z,ok,364043600a7f0a68748d4eed7cf58770af18ef2fe8a4797f9d097d3616124ddb,83834
P59275,https://alphafold.ebi.ac.uk/files/AF-P59275-F1-model_v6.pdb,2026-10-08,6,97.44,2025-08-01T00:00:00Z,ok,5a273560339fa824dc07f11916df94c89fc79fe9894a274b9275aca7a0b92c2b,43172
P59276,https://alphafold.ebi.ac.uk/files/AF-P59276-F1-model_v6.pdb,2026-10-08,6,97.75,2025-08-01T00:00:00Z,ok,0ce808a0bc6412ef519751ec333860aedb78caf284e5a535597a166754fcd261,42686
P59359,https://alphafold.ebi.ac.uk/files/AF-P59359-F1-model_v6.pdb,2026-10-08,6,88.5,2025-08-01T00:00:00Z,ok,d87121ed6758dadc4ce6780f89b5adac2742f23a5ab38c0ce52d2fc07b5aa00d,95741
P60234,https://alphafold.ebi.ac.uk/files/AF-P60234-F1-model_v6.pdb,2026-10-08,6,90.81,2025-08-01T00:00:00Z,ok,3cc18aaa86f9db77df25ae3991db97d8cdd1446519dba9fc85f768171926997d,46250
P60235,https://alphafold.ebi.ac.uk/files/AF-P60235-F1-model_v6.pdb,2026-10-08,6,66.88,2025-08-01T00:00:00Z,ok,5309890f32fa247c60f84276d0fc8ca29abc6dca82d9cba8ef260b767653c030,31508
P60236,https://alphafold.ebi.ac.uk/files/AF-P60236-F1-model_v6.pdb,2026-10-08,6,66.44,2025-08-01T00:00:00Z,ok,914cff4195664ac5164363ef320096b45082f572966180ff118f32480becbe32,31508
P60237,https://alphafold.ebi.ac.uk/files/AF-P60237-F1-model_v6.pdb,2026-10-08,6,94.19,2025-08-01T00:00:00Z,ok,79529f94e9039a72be8d81bcbcf1c8f0fca95f360e6a5c55eb8157851c3a650c,43820
P60244,https://alphafold.ebi.ac.uk/files/AF-P60244-F1-model_v6.pdb,2026-10-08,6,96.88,2025-08-01T00:00:00Z,ok,166bb6771f96cc57545b28738d02be02ae1773fef2d7d94f38c6a5e91e42e149,126521
P60301,https://alphafold.ebi.ac.uk/files/AF-P60301-F1-model_v6.pdb,2026-10-08,6,92.06,2025-08-01T00:00:00Z,ok,7f2e5301b0b1e927bba4b6005e808d074193e4386a57af5409bc972b4b4f2f73,54998
P60302,https://alphafold.ebi.ac.uk/files/AF-P60302-F1-model_v6.pdb,2026-10-08,6,92.19,2025-08-01T00:00:00Z,ok,caedff8bad55d78bf6d527302598fa92d0ad802748c26a5bd84c6dfd15e332cb,54998
P60303,https://alphafold.ebi.ac.uk/files/AF-P60303-F1-model_v6.pdb,2026-10-08,6,92.25,2025-08-01T00:00:00Z,ok,ff72213b95459d1af98d59d18a95fc80df08ab56bea3719e0321114804662894,54998
P60304,https://alphafold.ebi.ac.uk/files/AF-P60304-F1-model_v6.pdb,2026-10-08,6,91.62,2025-08-01T00:00:00Z,ok,e98192f13f6ad8fad148887af8e3f6a195bf4185373628aaf3a8de83e0900d52,54512
P60305,https://alphafold.ebi.ac.uk/files/AF-P60305-F1-model_v6.pdb,2026-10-08,6,95.69,2025-08-01T00:00:00Z,ok,77e54a5f3d9c563c5555cf9bea9062706961d28394cbc167a2e8241d08d152f2,41471
P60306,https://alphafold.ebi.ac.uk/files/AF-P60306-F1-model_v6.pdb,2026-10-08,6,95.75,2025-08-01T00:00:00Z,ok,39251e606c162e701c78a46b0fd2ced45e5d93f7f2f7bda5ceddf786aaa8cbdd,42038
P60307,https://alphafold.ebi.ac.uk/files/AF-P60307-F1-model_v6.pdb,2026-10-08,6,96.31,2025-08-01T00:00:00Z,ok,c71180894efd2a1725dbca5b2a1994ad8ea48d83e34fc8f5775724569d3f9951,41552
P60308,https://alphafold.ebi.ac.uk/files/AF-P60308-F1-model_v6.pdb,2026-10-08,6,96.44,2025-08-01T00:00:00Z,ok,e00e72de3f3a6879d87a9546dad112c2fa2a4da2ac5946f962a90716f684a9c9,41957
P60309,https://alphafold.ebi.ac.uk/files/AF-P60309-F1-model_v6.pdb,2026-10-08,6,96.38,2025-08-01T00:00:00Z,ok,f9427a52fde6354f4cd80657c5f3451c4a7ec96f457468b666e7e143fab1f1d3,41390
P60310,https://alphafold.ebi.ac.uk/files/AF-P60310-F1-model_v6.pdb,2026-10-08,6,91.94,2025-08-01T00:00:00Z,ok,01af75ce21ad50f6016c1381439dfa2d07497b608fc143cf23dc1a08eb885599,55079
P60311,https://alphafold.ebi.ac.uk/files/AF-P60311-F1-model_v6.pdb,2026-10-08,6,95.81,2025-08-01T00:00:00Z,ok,67ca6ea0fe4ef5f9a93a7cb8ad030e1cb27000e52026496738c0ed09db04730c,41957
P60615,https://alphafold.ebi.ac.uk/files/AF-P60615-F1-model_v6.pdb,2026-10-08,6,89.94,2025-08-01T00:00:00Z,ok,ffedcf7b241b6650f449ab2af5a31f7c9fb86c604b2e634094e7ca4393e423a6,62045
P60616,https://alphafold.ebi.ac.uk/files/AF-P60616-F1-model_v6.pdb,2026-10-08,6,90.44,2025-08-01T00:00:00Z,ok,c174d0d7715fbd1429b84ca937b999e9cc1c10af454d9eb9d9deedf48075f997,62288
P60623,https://alphafold.ebi.ac.uk/files/AF-P60623-F1-model_v6.pdb,2026-10-08,6,94.81,2025-08-01T00:00:00Z,ok,9b1068c088aaa7ea2d42b47caf5a8668b3bacda5a8b8eb9ec078989a92443077,154304
P60770,https://alphafold.ebi.ac.uk/files/AF-P60770-F1-model_v6.pdb,2026-10-08,6,92.5,2025-08-01T00:00:00Z,ok,aa81575c78188c0fb0d570d826f9c2ecfe85cd3a7e7202266d9a768c45514c80,56294
P60771,https://alphafold.ebi.ac.uk/files/AF-P60771-F1-model_v6.pdb,2026-10-08,6,92.25,2025-08-01T00:00:00Z,ok,ac9cf99e0060eea80b16a554f1ff98d53f3984f9349e6aa10282fceb79377119,56294
P60772,https://alphafold.ebi.ac.uk/files/AF-P60772-F1-model_v6.pdb,2026-10-08,6,97.5,2025-08-01T00:00:00Z,ok,061544bd1656bc95b3ba8f4655b06d5a290e13aa28aeeded0c8969a198acf303,42443
P60773,https://alphafold.ebi.ac.uk/files/AF-P60773-F1-model_v6.pdb,2026-10-08,6,97.69,2025-08-01T00:00:00Z,ok,e2b5fff6825941cc94eefaf0ff14809427d58d382910bf15fbbba63ddfb9cea7,42767
P60774,https://alphafold.ebi.ac.uk/files/AF-P60774-F1-model_v6.pdb,2026-10-08,6,97.69,2025-08-01T00:00:00Z,ok,8303def75d005ff73e9ad9517cab6139fe5926334e9917cd6cbeb5aa592fa548,42443
P60814,https://alphafold.ebi.ac.uk/files/AF-P60814-F1-model_v6.pdb,2026-10-08,6,82.56,2025-08-01T00:00:00Z,ok,c1270740173bbd5aa4827f405c4b149fa60f2d76d0112255d68d79abcd103a3e,59291
P61898,https://alphafold.ebi.ac.uk/files/AF-P61898-F1-model_v6.pdb,2026-10-08,6,92.44,2025-08-01T00:00:00Z,ok,5d5005d8223441e75897f5d94d358779191332a421ef75292dc668a3aa8b3133,78731
P61899,https://alphafold.ebi.ac.uk/files/AF-P61899-F1-model_v6.pdb,2026-10-08,6,92.44,2025-08-01T00:00:00Z,ok,2772e839078f6a4d4ad2c5739b6f124edd430304daec9c414c1a332e9a45f3e2,78731
P62022,https://alphafold.ebi.ac.uk/files/AF-P62022-F1-model_v6.pdb,2026-10-08,6,90.56,2025-08-01T00:00:00Z,ok,7b2fca3d9d9b4d620023b39758a4b9bbf9c0c54c03ebc922f1cd820edcfe7e30,94769
P62023,https://alphafold.ebi.ac.uk/files/AF-P62023-F1-model_v6.pdb,2026-10-08,6,90.5,2025-08-01T00:00:00Z,ok,e0502935b23d8feb5f90c20dedb0917e0cdc977b66daafcc84ab46246c4d86e1,94769
P62375,https://alphafold.ebi.ac.uk/files/AF-P62375-F1-model_v6.pdb,2026-10-08,6,88.88,2025-08-01T00:00:00Z,ok,9e4fbea9b7785a59f5fcbc1fa4dd2bae6ca39b6d3b7b684729a8859963a8e9e9,56780
P62377,https://alphafold.ebi.ac.uk/files/AF-P62377-F1-model_v6.pdb,2026-10-08,6,91.75,2025-08-01T00:00:00Z,ok,e15026e00c0e1d8a542795a79eac2f9af2e87fe0ac931a0ce0eec2a1c8e8c732,43820
P62384,https://alphafold.ebi.ac.uk/files/AF-P62384-F1-model_v6.pdb,2026-10-08,6,87.94,2025-08-01T00:00:00Z,ok,dea2f03c0b89dc67987121cd42f77c914cc31ae4cce2f84a69b01bbf3a44cb57,46250
P62390,https://alphafold.ebi.ac.uk/files/AF-P62390-F1-model_v6.pdb,2026-10-08,6,94.31,2025-08-01T00:00:00Z,ok,bf3499a3bac7019cc6233de828f51ce0c13cde0a1065d4940d5831c80406dbf6,42605
P62394,https://alphafold.ebi.ac.uk/files/AF-P62394-F1-model_v6.pdb,2026-10-08,6,94.38,2025-08-01T00:00:00Z,ok,73940545c298400a300df5cd24da9ce197793b616d9814dd6e4970347a9eae28,42605
P63175,https://alphafold.ebi.ac.uk/files/AF-P63175-F1-model_v6.pdb,2026-10-08,6,90.0,2025-08-01T00:00:00Z,ok,5317c6fb0b7ac3833615963c11f3c581ffa2b8ac15ec91ddb3a2a1ad88d61d6e,33695
P63176,https://alphafold.ebi.ac.uk/files/AF-P63176-F1-model_v6.pdb,2026-10-08,6,89.62,2025-08-01T00:00:00Z,ok,79edfc4f77ccb96a8b9252661c0381216dd284aaac5a744a9889f681991bd524,33290
P63327,https://alphafold.ebi.ac.uk/files/AF-P63327-F1-model_v6.pdb,2026-10-08,6,89.75,2025-08-01T00:00:00Z,ok,aa06a67f58110be10faa0b1b577ddd87766c096d9ed5187706cf7354e52058f1,31670
P67861,https://alphafold.ebi.ac.uk/files/AF-P67861-F1-model_v6.pdb,2026-10-08,6,84.5,2025-08-01T00:00:00Z,ok,dbc91314bfdc6c1696b22c0de422288012896a5efa0040d365552b9e82fcbf3e,96632
P67862,https://alphafold.ebi.ac.uk/files/AF-P67862-F1-model_v6.pdb,2026-10-08,6,84.62,2025-08-01T00:00:00Z,ok,f1cf59486c509179925055c7ae0991331ca5c43c6ccf095eebc17aa97296adbc,96065
P67863,https://alphafold.ebi.ac.uk/files/AF-P67863-F1-model_v6.pdb,2026-10-08,6,85.5,2025-08-01T00:00:00Z,ok,6c5a6d5fa1e0d699d9e79c6407760373484376ab7aa269ae01532b5eebb0827e,97118
P68417,https://alphafold.ebi.ac.uk/files/AF-P68417-F1-model_v6.pdb,2026-10-08,6,97.06,2025-08-01T00:00:00Z,ok,14b56e090ffb73488817fc721a0b53c32404211956c103429c153756387646ed,42524
P68418,https://alphafold.ebi.ac.uk/files/AF-P68418-F1-model_v6.pdb,2026-10-08,6,97.0,2025-08-01T00:00:00Z,ok,476df807219631f27310caef470866a9b0637f0b8ac9d70ca06624247cb07bf5,42524
P68419,https://alphafold.ebi.ac.uk/files/AF-P68419-F1-model_v6.pdb,2026-10-08,6,97.0,2025-08-01T00:00:00Z,ok,31b3060fefd90be622b5228f4211c5baf69cad7f15795be8e81233b3d79b2a58,42524
P68520,https://alphafold.ebi.ac.uk/files/AF-P68520-F1-model_v6.pdb,2026-10-08,6,85.38,2025-08-01T00:00:00Z,ok,20524c17d9fb8adb250a7408dd054786d48d6ffd2904629fefe560cbe99f6adf,46169
P68521,https://alphafold.ebi.ac.uk/files/AF-P68521-F1-model_v6.pdb,2026-10-08,6,85.12,2025-08-01T00:00:00Z,ok,188bc117ed8d165feb9b9f0750db4e9e2e0e02ea4c3ccbeb65874626c8b958dc,46088
P79688,https://alphafold.ebi.ac.uk/files/AF-P79688-F1-model_v6.pdb,2026-10-08,6,83.81,2025-08-01T00:00:00Z,ok,e52518a3ea0a57ee8b6ddabbe7b7bd68575d7cde253aa7ede4d358b9f9688c43,59210
P79799,https://alphafold.ebi.ac.uk/files/AF-P79799-F1-model_v6.pdb,2026-10-08,6,58.12,2025-08-01T00:00:00Z,ok,17df43a52b8a6fd88b8bd3aaa7c8bad54e2aaeeba40e7e31eac45c16e79c7cdf,89180
P79810,https://alphafold.ebi.ac.uk/files/AF-P79810-F1-model_v6.pdb,2026-10-08,6,92.0,2025-08-01T00:00:00Z,ok,f35c1b213920020cf6c6a493f108b5973ff8d2cf6a9cc8431e0042c7e6b229ca,54674
P79845,https://alphafold.ebi.ac.uk/files/AF-P79845-F1-model_v6.pdb,2026-10-08,6,93.62,2025-08-01T00:00:00Z,ok,61709c583bb41ed9e3364da90fd42209e750db93f79d223eabf9b801d2d589c7,156572
P80156,https://alphafold.ebi.ac.uk/files/AF-P80156-F1-model_v6.pdb,2026-10-08,6,88.69,2025-08-01T00:00:00Z,ok,1d57aa0a64ce2cd61dc1d137eaa65e06f4d78335e0365efa279d77653aa69348,49004
P80163,https://alphafold.ebi.ac.uk/files/AF-P80163-F1-model_v6.pdb,2026-10-08,6,83.31,2025-08-01T00:00:00Z,ok,52d917bc2750d994636dc699faee0e58c22748446d718b9d83eb956d235f0d80,17981
P80245,https://alphafold.ebi.ac.uk/files/AF-P80245-F1-model_v6.pdb,2026-10-08,6,92.94,2025-08-01T00:00:00Z,ok,ae940e30be5ad6772a93125ea36e4f5ab436bb69d6415b1b5fb290dc6fce1e18,54674
P80494,https://alphafold.ebi.ac.uk/files/AF-P80494-F1-model_v6.pdb,2026-10-08,6,95.19,2025-08-01T00:00:00Z,ok,de6b75959c344af8ad96510de1a8cb6f2f9db91c1c38f34ed04a608b888ed99a,46898
P80495,https://alphafold.ebi.ac.uk/files/AF-P80495-F1-model_v6.pdb,2026-10-08,6,95.06,2025-08-01T00:00:00Z,ok,c5f6a46986d1d674ac39ef8ceee414a4ba22f4adb435da6dcd650122c5a95132,45602
P80548,https://alphafold.ebi.ac.uk/files/AF-P80548-F1-model_v6.pdb,2026-10-08,6,95.94,2025-08-01T00:00:00Z,ok,54b4ecb3b79338dfd18523d10c09a1a84bd6206fe17922bf4c842584ca8cddaa,41066
P80958,https://alphafold.ebi.ac.uk/files/AF-P80958-F1-model_v6.pdb,2026-10-08,6,92.38,2025-08-01T00:00:00Z,ok,e7fdc7d110bda8fdb2b717c89261afc7eb5ab64cd8f2443cc2484ab6fbd48dff,55646
P80963,https://alphafold.ebi.ac.uk/files/AF-P80963-F1-model_v6.pdb,2026-10-08,6,90.25,2025-08-01T00:00:00Z,ok,c3e60d10cdc08b14678a0b23d4da6c89ce8e67c6fb2e8402e08bba7f41f9cb44,90314
P80965,https://alphafold.ebi.ac.uk/files/AF-P80965-F1-model_v6.pdb,2026-10-08,6,90.31,2025-08-01T00:00:00Z,ok,b96ca8a96f2e81e9ecb50d912afbdf10caaf4ad04fbc6e4142718b16b779764d,49166
P80966,https://alphafold.ebi.ac.uk/files/AF-P80966-F1-model_v6.pdb,2026-10-08,6,87.12,2025-08-01T00:00:00Z,ok,945805bc31fb699a3d121073fbdc2b15ead3357213c1f1eead534c510c4431b5,97442
P81017,https://alphafold.ebi.ac.uk/files/AF-P81017-F1-model_v6.pdb,2026-10-08,6,93.25,2025-08-01T00:00:00Z,ok,3e18f877b8da3ba043d9b182865366cb67971897969f4674c27d342d97b7e516,95255
P81030,https://alphafold.ebi.ac.uk/files/AF-P81030-F1-model_v6.pdb,2026-10-08,6,95.19,2025-08-01T00:00:00Z,ok,5684d60e55b2d95966b6d1f1caab906ac3749ab69d26ed8e94a7dd6d520b6cc2,46655
P81031,https://alphafold.ebi.ac.uk/files/AF-P81031-F1-model_v6.pdb,2026-10-08,6,94.69,2025-08-01T00:00:00Z,ok,49002fa1db2c331aadd07bf52b5e762eeb4e46efff2200b1319df4e9b67743c9,45845
P81112,https://alphafold.ebi.ac.uk/files/AF-P81112-F1-model_v6.pdb,2026-10-08,6,95.06,2025-08-01T00:00:00Z,ok,7758104944180be1732dfe1cb6b47d5ec78352e1a3dec42cd8ec2fc8bce6e94a,93473
P81115,https://alphafold.ebi.ac.uk/files/AF-P81115-F1-model_v6.pdb,2026-10-08,6,88.5,2025-08-01T00:00:00Z,ok,4d5df6861f0b08d117dd6e89e9bf1cb48cbfd1f6a61286616693fbaef78224eb,106919
P81116,https://alphafold.ebi.ac.uk/files/AF-P81116-F1-model_v6.pdb,2026-10-08,6,89.88,2025-08-01T00:00:00Z,ok,27e8c3f7cb1064ee51861fe807df84dc343551d82ed547f441d2c2f2cfbd8e69,101249
P81165,https://alphafold.ebi.ac.uk/files/AF-P81165-F1-model_v6.pdb,2026-10-08,6,97.06,2025-08-01T00:00:00Z,ok,b476a249157b59c4881005594235a8d01ac288aac4a665e7667fa504e1911dd5,81647
P81166,https://alphafold.ebi.ac.uk/files/AF-P81166-F1-model_v6.pdb,2026-10-08,6,95.69,2025-08-01T00:00:00Z,ok,f9baf0639405d82037dfcd651fcb8da5bd786f858842462917638353fffc0008,79460
P81167,https://alphafold.ebi.ac.uk/files/AF-P81167-F1-model_v6.pdb,2026-10-08,6,95.88,2025-08-01T00:00:00Z,ok,0606ebb7545fc466e2ba8bd72fc5ee519a0d92e1bc49a1bf77923303b967bcf6,79298
P81176,https://alphafold.ebi.ac.uk/files/AF-P81176-F1-model_v6.pdb,2026-10-08,6,95.19,2025-08-01T00:00:00Z,ok,9ae6a43550710f123e80c45f1eb61ade0782a56184794ba6a139f859e063430a,155924
P81236,https://alphafold.ebi.ac.uk/files/AF-P81236-F1-model_v6.pdb,2026-10-08,6,94.44,2025-08-01T00:00:00Z,ok,16478d6a0c88933f760b4eaf5098294ababc25dc69825b6e7d2a4b7bbdcf00c5,76949
P81237,https://alphafold.ebi.ac.uk/files/AF-P81237-F1-model_v6.pdb,2026-10-08,6,95.31,2025-08-01T00:00:00Z,ok,843dc4e297645c54fc29db0722bd8b667a94ecbf3f0d44282ea6cc18ae4b96f7,77111
P81243,https://alphafold.ebi.ac.uk/files/AF-P81243-F1-model_v6.pdb,2026-10-08,6,95.56,2025-08-01T00:00:00Z,ok,452f5414d1f6b39a40266dda009a43631d859f19dd4ffdce86fe781fb74e6715,85292
P81382,https://alphafold.ebi.ac.uk/files/AF-P81382-F1-model_v6.pdb,2026-10-08,6,93.94,2025-08-01T00:00:00Z,ok,d1aa473f37ae1affb33cb0d018c850db047a3fc27fbe7bfc3631a3317c991743,340037
P81383,https://alphafold.ebi.ac.uk/files/AF-P81383-F1-model_v6.pdb,2026-10-08,6,93.44,2025-08-01T00:00:00Z,ok,9fdc1759cb3de5b66b934ca6fd3428eb2ddb21a03c7081ec6e29a2dd9e86332b,326915
P81397,https://alphafold.ebi.ac.uk/files/AF-P81397-F1-model_v6.pdb,2026-10-08,6,91.12,2025-08-01T00:00:00Z,ok,5e6d57d160fea735d0c0533d312a636aec71791a213bc5c70a916610f2dd1804,95417
P81398,https://alphafold.ebi.ac.uk/files/AF-P81398-F1-model_v6.pdb,2026-10-08,6,92.12,2025-08-01T00:00:00Z,ok,6c8e58cfc25aca1dfb58970cbae6d376ea8cdfd1ffe2d66a8ced89a5953a44f9,91772
P81428,https://alphafold.ebi.ac.uk/files/AF-P81428-F1-model_v6.pdb,2026-10-08,6,82.0,2025-08-01T00:00:00Z,ok,2c5cb428a6b82f0325820a7cae463f2b4e581ccf08082529c90bf26d5f6ddf54,298403
P81458,https://alphafold.ebi.ac.uk/files/AF-P81458-F1-model_v6.pdb,2026-10-08,6,97.06,2025-08-01T00:00:00Z,ok,ea8e1309454e8d83ef7ea2ad8391744717e3ecdeb21798322f7d8b0810b54d19,81404
P81508,https://alphafold.ebi.ac.uk/files/AF-P81508-F1-model_v6.pdb,2026-10-08,6,86.69,2025-08-01T00:00:00Z,ok,ba764b43712978ee8617b2bfb5c2847f98d05da3a5b32655aed0ef8c2cee3ac4,91124
P81509,https://alphafold.ebi.ac.uk/files/AF-P81509-F1-model_v6.pdb,2026-10-08,6,92.25,2025-08-01T00:00:00Z,ok,82f43d1322b257cd7e805e2134709420e9af12fc9256c4ea748ac70e6a15db10,83834
P81630,https://alphafold.ebi.ac.uk/files/AF-P81630-F1-model_v6.pdb,2026-10-08,6,92.69,2025-08-01T00:00:00Z,ok,0ec7e17e14e16104d0b7e1f32a1c6203ffaa9f12c861cd81f7f1ddb414bb620e,45926
P81631,https://alphafold.ebi.ac.uk/files/AF-P81631-F1-model_v6.pdb,2026-10-08,6,92.75,2025-08-01T00:00:00Z,ok,2fcdc13a095135fe3bf457c2cbcdfce26f6904edb44fd4425c453a135bca340d,45683
P81658,https://alphafold.ebi.ac.uk/files/AF-P81658-F1-model_v6.pdb,2026-10-08,6,96.06,2025-08-01T00:00:00Z,ok,c66eacf34998f056c3c1ec361b4c68effa3b1989e86029875987872a1240acfa,44144
P81661,https://alphafold.ebi.ac.uk/files/AF-P81661-F1-model_v6.pdb,2026-10-08,6,97.19,2025-08-01T00:00:00Z,ok,02d1e81fbae0c4d1efee0448c25cc33cf6b91663afc0548595f7e13d81d415ed,150659
P81742,https://alphafold.ebi.ac.uk/files/AF-P81742-F1-model_v6.pdb,2026-10-08,6,90.69,2025-08-01T00:00:00Z,ok,fe3af855b0a77851b67a72511ef6038ea8add15adadd87768adbf7dbda97af5f,46412
P81743,https://alphafold.ebi.ac.uk/files/AF-P81743-F1-model_v6.pdb,2026-10-08,6,89.44,2025-08-01T00:00:00Z,ok,6e7facdaeaf0b96f928a231317c60c960dae5cb31abf8036487fd9189d415e90,45845
P81782,https://alphafold.ebi.ac.uk/files/AF-P81782-F1-model_v6.pdb,2026-10-08,6,93.25,2025-08-01T00:00:00Z,ok,582d68320acb3026941b697538002947764c0b73d6083c4abb2988370126806c,44954
P81783,https://alphafold.ebi.ac.uk/files/AF-P81783-F1-model_v6.pdb,2026-10-08,6,89.06,2025-08-01T00:00:00Z,ok,fe537318d59e102247afecffe02c281c0bb8aa769fb2cefbee1ebf8738af052f,58238
P81824,https://alphafold.ebi.ac.uk/files/AF-P81824-F1-model_v6.pdb,2026-10-08,6,93.25,2025-08-01T00:00:00Z,ok,2524d05d951b541d40e80d31234562a4122bf22f7e5b0d2824839d401e92b36f,151469
P81882,https://alphafold.ebi.ac.uk/files/AF-P81882-F1-model_v6.pdb,2026-10-08,6,80.75,2025-08-01T00:00:00Z,ok,e2133d109390d615620751add1fbedce640110b421e018c4e472215e14b8b877,16037
P81883,https://alphafold.ebi.ac.uk/files/AF-P81883-F1-model_v6.pdb,2026-10-08,6,64.0,2025-08-01T00:00:00Z,ok,83bdb5874008d7d2043ef18e7667bae4179f0d81c210d43cc29e1b0202d2f5cd,15875
P81884,https://alphafold.ebi.ac.uk/files/AF-P81884-F1-model_v6.pdb,2026-10-08,6,65.44,2025-08-01T00:00:00Z,ok,721d4f0ffb58391573097103cab37d3057d29dd0769a380da41ce2299718590d,15875
P81946,https://alphafold.ebi.ac.uk/files/AF-P81946-F1-model_v6.pdb,2026-10-08,6,93.88,2025-08-01T00:00:00Z,ok,7044937215fec3be051af6b1e505cbeebf8db18f9e38f8994b7f90001463ece1,41471
P81992,https://alphafold.ebi.ac.uk/files/AF-P81992-F1-model_v6.pdb,2026-10-08,6,88.62,2025-08-01T00:00:00Z,ok,45d50d1f5364b0ff766ad3d325aa9aab6fb14f96c3bf564d5bfaf2c1770e0556,22436
P81993,https://alphafold.ebi.ac.uk/files/AF-P81993-F1-model_v6.pdb,2026-10-08,6,94.81,2025-08-01T00:00:00Z,ok,f0a9dc6eaa469b65b241edfc0273bebb0a10e397661d81cdb1dff8e62e3debc4,48437
P81996,https://alphafold.ebi.ac.uk/files/AF-P81996-F1-model_v6.pdb,2026-10-08,6,94.25,2025-08-01T00:00:00Z,ok,b2202464e30cf8850c66b1a5e76e826164c9f1e0dd9cc0f91a3716d187bd41a1,89261
P82114,https://alphafold.ebi.ac.uk/files/AF-P82114-F1-model_v6.pdb,2026-10-08,6,88.31,2025-08-01T00:00:00Z,ok,e30594748bfcf8dcbbd3f11676399eb7f4e45120b3b33e0067492cb6aaa58a6d,92582
P82462,https://alphafold.ebi.ac.uk/files/AF-P82462-F1-model_v6.pdb,2026-10-08,6,93.75,2025-08-01T00:00:00Z,ok,50743c92a44a9d0cedf86e33d4737a88d65e71810e5b5b810eb42bf1656b62e2,45764
P82463,https://alphafold.ebi.ac.uk/files/AF-P82463-F1-model_v6.pdb,2026-10-08,6,94.0,2025-08-01T00:00:00Z,ok,63cbd81d810dd9888616f489fccbdde797d0b61eea7c13b960292b0655121823,45197
P82464,https://alphafold.ebi.ac.uk/files/AF-P82464-F1-model_v6.pdb,2026-10-08,6,91.31,2025-08-01T00:00:00Z,ok,62efe98a03e7e2021986157f677bc9f3149d88e00f680026d582bd755234b8df,47303
P82465,https://alphafold.ebi.ac.uk/files/AF-P82465-F1-model_v6.pdb,2026-10-08,6,76.94,2025-08-01T00:00:00Z,ok,d16b6d2d6f495a782436f9df97576e6a1e0dcc445bd76619c8d1d38a4483d286,75248
P82466,https://alphafold.ebi.ac.uk/files/AF-P82466-F1-model_v6.pdb,2026-10-08,6,90.19,2025-08-01T00:00:00Z,ok,b6f9ac6fdb095a446ff03e8f722be0da756bec0b1203f9037f0a357b1a15c3d8,45116
P82662,https://alphafold.ebi.ac.uk/files/AF-P82662-F1-model_v6.pdb,2026-10-08,6,91.06,2025-08-01T00:00:00Z,ok,914b9725c970e36a2111bf614f8a246b0896a6d3da61e28ed190ea96298c00bc,59615
P82807,https://alphafold.ebi.ac.uk/files/AF-P82807-F1-model_v6.pdb,2026-10-08,6,81.56,2025-08-01T00:00:00Z,ok,5bcae12937e7fdbbe0c81ed43d8237aec75bcc2ba6c9d9f60a74089fb14fc581,298727
P82849,https://alphafold.ebi.ac.uk/files/AF-P82849-F1-model_v6.pdb,2026-10-08,6,95.5,2025-08-01T00:00:00Z,ok,b7b4ef38d17cb51e1ce434fa3c840ff7aeb901b51764de47641e6f5edee92895,42605
P82885,https://alphafold.ebi.ac.uk/files/AF-P82885-F1-model_v6.pdb,2026-10-08,6,91.38,2025-08-01T00:00:00Z,ok,81ec67eb1c13a1a474aa07dc53b93cb91b30df820fdcf20e6a9735f9b03db12e,73790
P82896,https://alphafold.ebi.ac.uk/files/AF-P82896-F1-model_v6.pdb,2026-10-08,6,95.25,2025-08-01T00:00:00Z,ok,e4ae40c7c6995b2f5069731d47d715d10acedb732876501c6f3ccf545da1215c,82619
P82935,https://alphafold.ebi.ac.uk/files/AF-P82935-F1-model_v6.pdb,2026-10-08,6,86.88,2025-08-01T00:00:00Z,ok,a9098d24c62e4e87b8222931ea965c923e13298d5afc28de80a872cbee2800b3,59939
P82942,https://alphafold.ebi.ac.uk/files/AF-P82942-F1-model_v6.pdb,2026-10-08,6,95.62,2025-08-01T00:00:00Z,ok,cc90bc201ad1daa4206a4f95c5a755dc179a9c3fc567119bbf293e925ae2d276,257336
P82972,https://alphafold.ebi.ac.uk/files/AF-P82972-F1-model_v6.pdb,2026-10-08,6,62.38,2025-08-01T00:00:00Z,ok,3ed9a66dc7b4f86a934fc21dc41445dfc2c4999ad0f643b0d935dee439e2e453,26648
P82981,https://alphafold.ebi.ac.uk/files/AF-P82981-F1-model_v6.pdb,2026-10-08,6,96.31,2025-08-01T00:00:00Z,ok,519bc4ab47872eb25806e76731f2d306ad17344787f53ab9f92638f88d6ca8d1,149768
P83041,https://alphafold.ebi.ac.uk/files/AF-P83041-F1-model_v6.pdb,2026-10-08,6,93.75,2025-08-01T00:00:00Z,ok,2e014a961accff7c596f144749eaef032b83ba1afb18a5c41f80dfd668d3ecfa,43982
P83043,https://alphafold.ebi.ac.uk/files/AF-P83043-F1-model_v6.pdb,2026-10-08,6,90.81,2025-08-01T00:00:00Z,ok,5ab0cd2494dee95b124d7d6a8b9c4f6f3ab42a97a298f1b9a149e1b4b30c2fce,43901
P83044,https://alphafold.ebi.ac.uk/files/AF-P83044-F1-model_v6.pdb,2026-10-08,6,92.38,2025-08-01T00:00:00Z,ok,e5287b8f836d9023f25a3e62caf7450f0649ffc77f9cf3aad7ff14eed4bc5580,43577
P83224,https://alphafold.ebi.ac.uk/files/AF-P83224-F1-model_v6.pdb,2026-10-08,6,59.91,2025-08-01T00:00:00Z,ok,4a7c2e7845b8dc07b514a40e96829576bf5729c7a00e693d4f2bc070d865bf6a,24866
P83225,https://alphafold.ebi.ac.uk/files/AF-P83225-F1-model_v6.pdb,2026-10-08,6,62.09,2025-08-01T00:00:00Z,ok,445b268ba6f1ea241e73c74bea7c183afa8249f1932e91b3fc84fa9fecf6bb66,24866
P83226,https://alphafold.ebi.ac.uk/files/AF-P83226-F1-model_v6.pdb,2026-10-08,6,59.0,2025-08-01T00:00:00Z,ok,3497ae9b157d6bac34c98c00807d5d827ce4a7148b95c00bbc01c4b4e3913b8e,24866
P83227,https://alphafold.ebi.ac.uk/files/AF-P83227-F1-model_v6.pdb,2026-10-08,6,56.56,2025-08-01T00:00:00Z,ok,eaa1ca7c2d93cf4bb13d66233af58115ca9bb66dd70e9458d734f3f370005914,24947
P83228,https://alphafold.ebi.ac.uk/files/AF-P83228-F1-model_v6.pdb,2026-10-08,6,59.19,2025-08-01T00:00:00Z,ok,6d8a051c63d2ab0c7977c6af16a70103678564ee2408810b883ce3ba7ba3e60f,68606
P83229,https://alphafold.ebi.ac.uk/files/AF-P83229-F1-model_v6.pdb,2026-10-08,6,59.97,2025-08-01T00:00:00Z,ok,99769b3a574eb722c8a6737b069a6aa19dae7991490502c2a27f931904da49a9,24947
P83230,https://alphafold.ebi.ac.uk/files/AF-P83230-F1-model_v6.pdb,2026-10-08,6,62.72,2025-08-01T00:00:00Z,ok,30d419cb88c5f1de3034026a2162df4eca5cb791ce54fbba518f1c805c52d18a,27458
P83231,https://alphafold.ebi.ac.uk/files/AF-P83231-F1-model_v6.pdb,2026-10-08,6,61.44,2025-08-01T00:00:00Z,ok,29c69c358487fded1bddc9fd0d678b8a1fe492dcf498624a646f68b2f00cdbff,27458
P83234,https://alphafold.ebi.ac.uk/files/AF-P83234-F1-model_v6.pdb,2026-10-08,6,85.69,2025-08-01T00:00:00Z,ok,f61a9f50a0595bb64fa089f481c778a2e5edaf88723490e027d8f41a3773398e,126521
P83302,https://alphafold.ebi.ac.uk/files/AF-P83302-F1-model_v6.pdb,2026-10-08,6,88.25,2025-08-01T00:00:00Z,ok,b1e31621c000777588dff11e9aae0426a99fc8b14983d491d979c270bbdf1019,40661
P83345,https://alphafold.ebi.ac.uk/files/AF-P83345-F1-model_v6.pdb,2026-10-08,6,95.19,2025-08-01T00:00:00Z,ok,a87dd98822fdab8b62d60f94a5bc9286da416da317a4596658925b78e0a2055c,42200
P83346,https://alphafold.ebi.ac.uk/files/AF-P83346-F1-model_v6.pdb,2026-10-08,6,91.56,2025-08-01T00:00:00Z,ok,774d7d67b5e21b50ca751006ba9c6d5b9684b9dfb44d05f43efa2870e6d37029,44711
P83370,https://alphafold.ebi.ac.uk/files/AF-P83370-F1-model_v6.pdb,2026-10-08,6,81.19,2025-08-01T00:00:00Z,ok,e38fbd6730e6eecfc1c24634ff169f4ee45b3c234358335cd314798ca951bb4b,297674
P83469,https://alphafold.ebi.ac.uk/files/AF-P83469-F1-model_v6.pdb,2026-10-08,6,83.25,2025-08-01T00:00:00Z,ok,c3948d1bc68a9d8c7918ff3ea4dcd2ac747451b6a3a27997314c70b8bb5a8ebe,28592
P83512,https://alphafold.ebi.ac.uk/files/AF-P83512-F1-model_v6.pdb,2026-10-08,6,85.25,2025-08-01T00:00:00Z,ok,d7dfd28e18256134501f724b707c3e5e560f33a52445877c9e1a4e761ea3a8e1,268271
P83658,https://alphafold.ebi.ac.uk/files/AF-P83658-F1-model_v6.pdb,2026-10-08,6,93.25,2025-08-01T00:00:00Z,ok,003665d5a8a56b9e304b5d11140ca18b3625d3e6ba020034ea9ce4fa016eb612,43820
P83912,https://alphafold.ebi.ac.uk/files/AF-P83912-F1-model_v6.pdb,2026-10-08,6,83.94,2025-08-01T00:00:00Z,ok,b15cf0645af7c13f7fd2cba87040cc0af566e7316caaa21f57a316eefebf81c8,316385
P83942,https://alphafold.ebi.ac.uk/files/AF-P83942-F1-model_v6.pdb,2026-10-08,6,91.31,2025-08-01T00:00:00Z,ok,4e1dc359f73bdfd2638cf70a4ceeb3b8048c1aa8335e05ff08e5a1b679284656,75329
P84035,https://alphafold.ebi.ac.uk/files/AF-P84035-F1-model_v6.pdb,2026-10-08,6,70.75,2025-08-01T00:00:00Z,ok,ae25802ddff9ca64286abd2b58af64a170dd283c85afb05cea2e349ff8c9b3ce,42848
P84674,https://alphafold.ebi.ac.uk/files/AF-P84674-F1-model_v6.pdb,2026-10-08,6,96.88,2025-08-01T00:00:00Z,ok,b2d3f5dabbb30d02df732180644a0ee6345c084cc6663c9c3a937d43091d60cc,81080
P84776,https://alphafold.ebi.ac.uk/files/AF-P84776-F1-model_v6.pdb,2026-10-08,6,97.06,2025-08-01T00:00:00Z,ok,d9a832137afb008cca0f87651ef91204de2c3a437ceddecb292bd5cdbdc23b65,83348
P84787,https://alphafold.ebi.ac.uk/files/AF-P84787-F1-model_v6.pdb,2026-10-08,6,95.38,2025-08-01T00:00:00Z,ok,d184c92bce7535ff42da064283dc73b53e0837d7b4a065e9ebf0072cf6e15354,150659
P84788,https://alphafold.ebi.ac.uk/files/AF-P84788-F1-model_v6.pdb,2026-10-08,6,95.0,2025-08-01T00:00:00Z,ok,c86a77451a0ae070e45195b384485596a0e113a3174f0abe6a0ad1e3d9b70d0a,149930
P84805,https://alphafold.ebi.ac.uk/files/AF-P84805-F1-model_v6.pdb,2026-10-08,6,93.62,2025-08-01T00:00:00Z,ok,b51704a07d25be0f415516e5922ecf599412a56cba2bfd93263e82ce49a78d73,157625
P84807,https://alphafold.ebi.ac.uk/files/AF-P84807-F1-model_v6.pdb,2026-10-08,6,95.06,2025-08-01T00:00:00Z,ok,1ddfa3262cd96c36bdb430bfd25eb6535f98255370f0b9c0499ad42d62060e65,23732
P84808,https://alphafold.ebi.ac.uk/files/AF-P84808-F1-model_v6.pdb,2026-10-08,6,93.12,2025-08-01T00:00:00Z,ok,0c5af9e3ac685ef56a0691ca8b1cecc15ba09221ebb4fd29579a09127471c548,153899
P84907,https://alphafold.ebi.ac.uk/files/AF-P84907-F1-model_v6.pdb,2026-10-08,6,96.75,2025-08-01T00:00:00Z,ok,437f4a998b11c271a0e8ed7fbcf6e352f4dc156b13486dae3e513bce0a55b541,135836
P85006,https://alphafold.ebi.ac.uk/files/AF-P85006-F1-model_v6.pdb,2026-10-08,6,59.56,2025-08-01T00:00:00Z,ok,12e3db0805d35d10d2b5b0c9e815e1b28db906016eb765bf6ef885b5aba74b84,20735
P85062,https://alphafold.ebi.ac.uk/files/AF-P85062-F1-model_v6.pdb,2026-10-08,6,71.25,2025-08-01T00:00:00Z,ok,057a2050b43e47e9552988035c9c03f2abd129719338a11e249075db3d6237cc,24380
P85092,https://alphafold.ebi.ac.uk/files/AF-P85092-F1-model_v6.pdb,2026-10-08,6,94.31,2025-08-01T00:00:00Z,ok,925051edea908c1e6b245d05f43dc04d58a67056a01836fb59dfc85fb1b6a863,45197
P85109,https://alphafold.ebi.ac.uk/files/AF-P85109-F1-model_v6.pdb,2026-10-08,6,95.75,2025-08-01T00:00:00Z,ok,43285be7c01e2992799dc7c0d2d572ee93274e9488c94fd61b862aee253d67c4,155600
P85140,https://alphafold.ebi.ac.uk/files/AF-P85140-F1-model_v6.pdb,2026-10-08,6,85.81,2025-08-01T00:00:00Z,ok,ad7b1084c60608ec5f207d29737a74757bad82b3119999e98543d5d951896b5f,47708
P85314,https://alphafold.ebi.ac.uk/files/AF-P85314-F1-model_v6.pdb,2026-10-08,6,96.62,2025-08-01T00:00:00Z,ok,004956eb3923f07b804855562247902a0cd670c4c963e5dcf7eea1b829147c3f,137375
P85420,https://alphafold.ebi.ac.uk/files/AF-P85420-F1-model_v6.pdb,2026-10-08,6,96.62,2025-08-01T00:00:00Z,ok,68388248bf9ed174d7df17fa7626db7ce83b54a7a6784bbb76764ea62f49b8bf,134945
P85520,https://alphafold.ebi.ac.uk/files/AF-P85520-F1-model_v6.pdb,2026-10-08,6,94.69,2025-08-01T00:00:00Z,ok,95546dce2bc0559d959c4c6e01e3b6984355383cb5f14863cbe575820d6e95eb,46169
P86092,https://alphafold.ebi.ac.uk/files/AF-P86092-F1-model_v6.pdb,2026-10-08,6,93.94,2025-08-01T00:00:00Z,ok,4b6bdb300311ed14ac4473e5c956bee8ca79bc6b5d31ac409a7ded1796912bda,209465
P86094,https://alphafold.ebi.ac.uk/files/AF-P86094-F1-model_v6.pdb,2026-10-08,6,92.88,2025-08-01T00:00:00Z,ok,0857e31ab8aa124ec028cb374e080bb21e30f5d87da167ec910f3ba829e9ac23,41633
P86095,https://alphafold.ebi.ac.uk/files/AF-P86095-F1-model_v6.pdb,2026-10-08,6,95.19,2025-08-01T00:00:00Z,ok,370abaa74a8ba478e350e73495a82a275112ccf16bbdb8b81075871cc9086816,40823
P86096,https://alphafold.ebi.ac.uk/files/AF-P86096-F1-model_v6.pdb,2026-10-08,6,94.56,2025-08-01T00:00:00Z,ok,93b722e237fe2566a93f6f5619bb4acaf587b1bf1302f33cdd7b5831dfea9779,45035
P86097,https://alphafold.ebi.ac.uk/files/AF-P86097-F1-model_v6.pdb,2026-10-08,6,83.12,2025-08-01T00:00:00Z,ok,c9dceff01f9f3fe5ae27bcf2301524d61e7064ca12bf914cbf94f378ea850277,43010
P86098,https://alphafold.ebi.ac.uk/files/AF-P86098-F1-model_v6.pdb,2026-10-08,6,94.25,2025-08-01T00:00:00Z,ok,fb6ee5db40389503a5e0aadc49c1e86cdd8ed084704fca707c1ebdc7835c250b,45035
P86099,https://alphafold.ebi.ac.uk/files/AF-P86099-F1-model_v6.pdb,2026-10-08,6,93.31,2025-08-01T00:00:00Z,ok,f252bf20d948d4952f621ff8d19cb452064b06de1f1038c6effd1d4b739e82e9,44387
P86169,https://alphafold.ebi.ac.uk/files/AF-P86169-F1-model_v6.pdb,2026-10-08,6,96.56,2025-08-01T00:00:00Z,ok,b379788d5519ce5ed150ecaa490941402299622e3082f47fc3459d87fb799f7f,84968
P86193,https://alphafold.ebi.ac.uk/files/AF-P86193-F1-model_v6.pdb,2026-10-08,6,84.0,2025-08-01T00:00:00Z,ok,4f539e2151cf285f91401d34e42f7b3a0811051716dcfea20ad744ceca7a1084,31670
P86194,https://alphafold.ebi.ac.uk/files/AF-P86194-F1-model_v6.pdb,2026-10-08,6,86.75,2025-08-01T00:00:00Z,ok,08e02a1db6613861913fbf03d3c188955f6e910138f10265c78430446c0438b9,31994
P86348,https://alphafold.ebi.ac.uk/files/AF-P86348-F1-model_v6.pdb,2026-10-08,6,76.81,2025-08-01T00:00:00Z,ok,aa4c6ac2447ffa9151bc81aa77b6050910c0f23d0cdcb80a085034b08a5db277,15308
P86382,https://alphafold.ebi.ac.uk/files/AF-P86382-F1-model_v6.pdb,2026-10-08,6,95.25,2025-08-01T00:00:00Z,ok,2d8e4bdeea4c688a4e6b2111c5234b11e3f0cb697c4db2ea710cce53e4b3299e,42119
P86419,https://alphafold.ebi.ac.uk/files/AF-P86419-F1-model_v6.pdb,2026-10-08,6,94.62,2025-08-01T00:00:00Z,ok,89de2da0fe3c40aebb894fde7fa9dc5b80bfa7a6334953dba617e1032a1e2943,46574
P86453,https://alphafold.ebi.ac.uk/files/AF-P86453-F1-model_v6.pdb,2026-10-08,6,94.25,2025-08-01T00:00:00Z,ok,eb2356c9d13b05531e6fa5274fe6b7ee53638345cc4c2f5806b17a356fe17d71,83024
P86456,https://alphafold.ebi.ac.uk/files/AF-P86456-F1-model_v6.pdb,2026-10-08,6,92.0,2025-08-01T00:00:00Z,ok,633a7b7e55a6c5f36df6ced9601c05000dd8eb55af040bdd197b8471b5403f52,82133
P86497,https://alphafold.ebi.ac.uk/files/AF-P86497-F1-model_v6.pdb,2026-10-08,6,62.16,2025-08-01T00:00:00Z,ok,6bfa40fa5426ea941da0a7bdb29441e6ad6e33652faf35d7f4aaa537f8421541,61154
P86522,https://alphafold.ebi.ac.uk/files/AF-P86522-F1-model_v6.pdb,2026-10-08,6,88.5,2025-08-01T00:00:00Z,ok,2c5fb3bbbdbb763c4b6219d5f968a4dda8060be1870bb65015bfc0f6d4c65189,26972
P86523,https://alphafold.ebi.ac.uk/files/AF-P86523-F1-model_v6.pdb,2026-10-08,6,70.88,2025-08-01T00:00:00Z,ok,8f1f526b665665741062beb78a729e737a03d9a6830db293b0fbcc6d3174a99e,22760
P86524,https://alphafold.ebi.ac.uk/files/AF-P86524-F1-model_v6.pdb,2026-10-08,6,91.44,2025-08-01T00:00:00Z,ok,cada398ba67676bdacd5145f1e568a2ff69c717b598146be14cf8a0f38b10e22,24056
P86525,https://alphafold.ebi.ac.uk/files/AF-P86525-F1-model_v6.pdb,2026-10-08,6,75.81,2025-08-01T00:00:00Z,ok,ff910b8a17b504ea05d6f0ea2ee73a090e29f0a28280e6683ba4e91f2c52685a,16847
P86530,https://alphafold.ebi.ac.uk/files/AF-P86530-F1-model_v6.pdb,2026-10-08,6,86.06,2025-08-01T00:00:00Z,ok,c181386094afd71c7f7f70ca6a3a23969a7658e9298cdf73b8e1576452096f54,13931
P86532,https://alphafold.ebi.ac.uk/files/AF-P86532-F1-model_v6.pdb,2026-10-08,6,82.88,2025-08-01T00:00:00Z,ok,51b45d5f4735ae4fb9946390723f9d44daf021f7d9a0f5f44e2219b41f4add04,14012
P86535,https://alphafold.ebi.ac.uk/files/AF-P86535-F1-model_v6.pdb,2026-10-08,6,67.25,2025-08-01T00:00:00Z,ok,691d02d2386d9aff7711cca5d012c61b26951a321af629c513b9ea01a87e5f09,18548
P86536,https://alphafold.ebi.ac.uk/files/AF-P86536-F1-model_v6.pdb,2026-10-08,6,89.25,2025-08-01T00:00:00Z,ok,cf23ebf7e2ebdbcc2412746de17da5f62350c5c8fc7ec39f03c2da82f7ebb809,16442
P86538,https://alphafold.ebi.ac.uk/files/AF-P86538-F1-model_v6.pdb,2026-10-08,6,96.5,2025-08-01T00:00:00Z,ok,93bd8fae9ca3c4a43518a194cfc78a74c0987f45701d7f38ec8edd22d1d871fc,41633
P86539,https://alphafold.ebi.ac.uk/files/AF-P86539-F1-model_v6.pdb,2026-10-08,6,78.81,2025-08-01T00:00:00Z,ok,3868db21df35db34cd931be0728c5530314b2e82a3c81bfa7d559e71fc5f1e70,23003
P86540,https://alphafold.ebi.ac.uk/files/AF-P86540-F1-model_v6.pdb,2026-10-08,6,96.0,2025-08-01T00:00:00Z,ok,1292bf276593f9ee3aa16b132befca0bb6efc8551f76bb61183059a0fdb76700,42119
P86541,https://alphafold.ebi.ac.uk/files/AF-P86541-F1-model_v6.pdb,2026-10-08,6,96.38,2025-08-01T00:00:00Z,ok,3d417c5c4291812cae3a1b47cafb102c433db04423562e9bf1d5389093ffbf4a,42038
P86543,https://alphafold.ebi.ac.uk/files/AF-P86543-F1-model_v6.pdb,2026-10-08,6,96.62,2025-08-01T00:00:00Z,ok,ff476e36a7ac8c406e27e7175b821beb70b0e1ad32e8c4a434a2ddb4bbcb863e,26486
P86544,https://alphafold.ebi.ac.uk/files/AF-P86544-F1-model_v6.pdb,2026-10-08,6,75.81,2025-08-01T00:00:00Z,ok,839a60f8a980bdafe77033fcc8b5dbaf0cd22d834da05a848962a47adcf7b63a,21869
P86545,https://alphafold.ebi.ac.uk/files/AF-P86545-F1-model_v6.pdb,2026-10-08,6,97.38,2025-08-01T00:00:00Z,ok,5e17907cf24314b64ea34bdb05f58c03e4bccbceb6659a654deecba397639058,27782
P86802,https://alphafold.ebi.ac.uk/files/AF-P86802-F1-model_v6.pdb,2026-10-08,6,85.94,2025-08-01T00:00:00Z,ok,954bb3e48eeceb1f834fe89ae592585ab40fb06af0cc3ae5e99f182f03db650b,160784
P86803,https://alphafold.ebi.ac.uk/files/AF-P86803-F1-model_v6.pdb,2026-10-08,6,91.06,2025-08-01T00:00:00Z,ok,8dbd796b0db5e2bd04f39303477002308b86d99f7c52c3eb6d7a082de7430b2c,82700
P86804,https://alphafold.ebi.ac.uk/files/AF-P86804-F1-model_v6.pdb,2026-10-08,6,91.31,2025-08-01T00:00:00Z,ok,b8cfe9306c9ab90856ccbf9a0b4ec6827be8adf6e18492e0641ead9c7f586fe0,82943
P86805,https://alphafold.ebi.ac.uk/files/AF-P86805-F1-model_v6.pdb,2026-10-08,6,94.69,2025-08-01T00:00:00Z,ok,1d7f8a3339490569f39680133c6a4e0767faf60d775c758bda51ed7ffc89e3ab,84725
P86806,https://alphafold.ebi.ac.uk/files/AF-P86806-F1-model_v6.pdb,2026-10-08,6,95.06,2025-08-01T00:00:00Z,ok,50f5cbe11789cd8ec7b9a7907f40662668a19bfcc83bc8cb3df4c48b16a3c35a,85049
P86907,https://alphafold.ebi.ac.uk/files/AF-P86907-F1-model_v6.pdb,2026-10-08,6,94.69,2025-08-01T00:00:00Z,ok,1e798da3d65369aa2e36070c31ceebb328ad261d761523e3734da9dd12dba07f,82943
P86975,https://alphafold.ebi.ac.uk/files/AF-P86975-F1-model_v6.pdb,2026-10-08,6,96.56,2025-08-01T00:00:00Z,ok,040d24d25656bda8a8229bebd4dc30b7782303e5d0083c1e6dbbc698c1354a95,81890
Q02454,https://alphafold.ebi.ac.uk/files/AF-Q02454-F1-model_v6.pdb,2026-10-08,6,90.25,2025-08-01T00:00:00Z,ok,cf2080a8d37a92123741476581e87d84ace0b107d18fd700be92159b893f834d,55322
Q02471,https://alphafold.ebi.ac.uk/files/AF-Q02471-F1-model_v6.pdb,2026-10-08,6,90.81,2025-08-01T00:00:00Z,ok,5ae8099907e92bb34df5cf9a3026d0bf5d1a3ef8d963f9f0418f0dc4a90535e3,92582
Q02517,https://alphafold.ebi.ac.uk/files/AF-Q02517-F1-model_v6.pdb,2026-10-08,6,90.62,2025-08-01T00:00:00Z,ok,86a389eceee26881f3bc8d868ddd69ee2954ab80170389b09ddbf8d5b4b3a0ad,93311
Q072L5,https://alphafold.ebi.ac.uk/files/AF-Q072L5-F1-model_v6.pdb,2026-10-08,6,84.5,2025-08-01T00:00:00Z,ok,f6567cfbf155a3ed1c87f24aedd6a77e1588def6f7271cd50fbfc275a7df7ec8,310796
Q072L6,https://alphafold.ebi.ac.uk/files/AF-Q072L6-F1-model_v6.pdb,2026-10-08,6,91.31,2025-08-01T00:00:00Z,ok,a2cd2bbec81b1ca3e0195d04b6e0c78ca89ea7c647c178a8bea11216663dd7a0,164429
Q072L7,https://alphafold.ebi.ac.uk/files/AF-Q072L7-F1-model_v6.pdb,2026-10-08,6,90.62,2025-08-01T00:00:00Z,ok,6d844983fc71e3214d9b9696059bb8c5f56ff739e08c071f536cb2404ad3948a,163295
Q076D1,https://alphafold.ebi.ac.uk/files/AF-Q076D1-F1-model_v6.pdb,2026-10-08,6,95.94,2025-08-01T00:00:00Z,ok,26806dbea3023a8dac501982b5a9e38cbcf8f2de4a1e2a995a8ba61232b017c6,268757
Q0NZX5,https://alphafold.ebi.ac.uk/files/AF-Q0NZX5-F1-model_v6.pdb,2026-10-08,6,82.5,2025-08-01T00:00:00Z,ok,ac171703e45f2d3da0d867430615ff675ab63a686af6a8a0b18e34446c7b4c29,309095
Q0NZX6,https://alphafold.ebi.ac.uk/files/AF-Q0NZX6-F1-model_v6.pdb,2026-10-08,6,92.75,2025-08-01T00:00:00Z,ok,6ec96a1582e0404e686c24296788ff935084f0d70de5e33983fa81d294912de8,98981
Q0NZX7,https://alphafold.ebi.ac.uk/files/AF-Q0NZX7-F1-model_v6.pdb,2026-10-08,6,94.25,2025-08-01T00:00:00Z,ok,01d2e857e3f72af6f6bd4f5bb25839d18b01b6b0c5bf7c7312b0eb619259ba3d,63098
Q0NZX8,https://alphafold.ebi.ac.uk/files/AF-Q0NZX8-F1-model_v6.pdb,2026-10-08,6,95.62,2025-08-01T00:00:00Z,ok,d00666288c376eae18bee6c25c1ab4b419ec92fab4371dd805a8a70f285f6313,125468
Q0NZX9,https://alphafold.ebi.ac.uk/files/AF-Q0NZX9-F1-model_v6.pdb,2026-10-08,6,93.75,2025-08-01T00:00:00Z,ok,a5da6468cc5de54ed437052b1e7edd722c211e7b3dabf95858888b78e9add9b1,141344
Q0NZY0,https://alphafold.ebi.ac.uk/files/AF-Q0NZY0-F1-model_v6.pdb,2026-10-08,6,96.69,2025-08-01T00:00:00Z,ok,a4085062d287db7adfc5d695bfa24dda47c3e5e3918c87e15115fa6b02723e37,105380
Q0PL65,https://alphafold.ebi.ac.uk/files/AF-Q0PL65-F1-model_v6.pdb,2026-10-08,6,86.38,2025-08-01T00:00:00Z,ok,51f2f50db1499ed86f6314856e648b8a6a5632d95563d8598af69f9b1481983e,44792
Q0ZZJ6,https://alphafold.ebi.ac.uk/files/AF-Q0ZZJ6-F1-model_v6.pdb,2026-10-08,6,80.81,2025-08-01T00:00:00Z,ok,0d8389869fd23f0ea1537b0fd973bd60e16946c0032641d911ba792d53aad030,1066850
Q10749,https://alphafold.ebi.ac.uk/files/AF-Q10749-F1-model_v6.pdb,2026-10-08,6,82.38,2025-08-01T00:00:00Z,ok,e3d3cc730eb6cf374141b5f0a55eb205642aff928feab35cad79277a6288aa1a,392849
Q10754,https://alphafold.ebi.ac.uk/files/AF-Q10754-F1-model_v6.pdb,2026-10-08,6,91.31,2025-08-01T00:00:00Z,ok,ded391e997e84609f02129842dd3ce272573b1286caea663fb9e1fd0b9058005,91448
Q10755,https://alphafold.ebi.ac.uk/files/AF-Q10755-F1-model_v6.pdb,2026-10-08,6,96.12,2025-08-01T00:00:00Z,ok,01b99318c5d2e8034d0a1ad8918a523b998ab00c219dc312af18585243fcbc07,82943
Q14FJ3,https://alphafold.ebi.ac.uk/files/AF-Q14FJ3-F1-model_v6.pdb,2026-10-08,6,91.06,2022-06-01T00:00:00Z,ok,c5cd37f8735ac234eb30687d91e9b3c3c320c69c00ef21a469109c0ef96b1141,46250
Q14FJ4,https://alphafold.ebi.ac.uk/files/AF-Q14FJ4-F1-model_v6.pdb,2026-10-08,6,79.56,2025-08-01T00:00:00Z,ok,f6430b35735a746bf410aa859fa31c933fcfe0ca40e14f933b733746e72fb015,319706
Q14FJ5,https://alphafold.ebi.ac.uk/files/AF-Q14FJ5-F1-model_v6.pdb,2026-10-08,6,78.69,2022-06-01T00:00:00Z,ok,fc5b220805fcc9c9b613218f31730b368df5031e4d1c33e5f03c0bbb78e5fd49,29726
Q1PBD1,https://alphafold.ebi.ac.uk/files/AF-Q1PBD1-F1-model_v6.pdb,2026-10-08,6,83.19,2025-08-01T00:00:00Z,ok,2c1510575d7b4db7ad043e88e46845dde44e104efc99ba28ab097ce2454e4d88,308123
Q1PHZ4,https://alphafold.ebi.ac.uk/files/AF-Q1PHZ4-F1-model_v6.pdb,2026-10-08,6,82.62,2025-08-01T00:00:00Z,ok,fa806280daf821361751ee254bec61ed5f4da98239ba5cfb5e19e300b0f74230,358667
Q1PS45,https://alphafold.ebi.ac.uk/files/AF-Q1PS45-F1-model_v6.pdb,2026-10-08,6,85.19,2025-08-01T00:00:00Z,ok,77a5e8915c4fa082266d2fce5c41fc4ac9e692a576600a4030c0c2d2136f4438,389123
Q1RP78,https://alphafold.ebi.ac.uk/files/AF-Q1RP78-F1-model_v6.pdb,2026-10-08,6,91.0,2025-08-01T00:00:00Z,ok,acfd48bdc46492bc4c0c60e89a243578b00c5a97c4cea2a66931903ed0da435c,92825
Q1RP79,https://alphafold.ebi.ac.uk/files/AF-Q1RP79-F1-model_v6.pdb,2026-10-08,6,91.06,2025-08-01T00:00:00Z,ok,2b34e779f0b9d73ea12c3fd760e94f7ab47cee763bec11bd789c8faf408f6723,92663
Q1RPS8,https://alphafold.ebi.ac.uk/files/AF-Q1RPS8-F1-model_v6.pdb,2026-10-08,6,85.25,2025-08-01T00:00:00Z,ok,a94f083019a6ea4490547f6d557ca7ad96431fafbfe0166e46a44952b4d8d8d8,56051
Q1RPS9,https://alphafold.ebi.ac.uk/files/AF-Q1RPS9-F1-model_v6.pdb,2026-10-08,6,86.81,2025-08-01T00:00:00Z,ok,e9ca0a0b910b34a605526eee9c763da75b8c96038fc5b3d16451da47e4fb0c1d,56051
Q1RPT0,https://alphafold.ebi.ac.uk/files/AF-Q1RPT0-F1-model_v6.pdb,2026-10-08,6,88.38,2025-08-01T00:00:00Z,ok,6bf688523ccdd3ad6e5f7fd8d3318f86956ebe43956293681c42dd2e9f6a818a,58157
Q1ZY03,https://alphafold.ebi.ac.uk/files/AF-Q1ZY03-F1-model_v6.pdb,2026-10-08,6,90.5,2025-08-01T00:00:00Z,ok,ca72afe70aac9b99e0221f14b5683fa963e6255c03b0734670a180a5c89ce373,94364
Q1ZZ79,https://alphafold.ebi.ac.uk/files/AF-Q1ZZ79-F1-model_v6.pdb,2026-10-08,6,83.31,2022-06-01T00:00:00Z,ok,bbdf0bf02ed83c53b62bcadc193d4c183ecda6e2a053ea03547616af3d886f94,273131
Q27J47,https://alphafold.ebi.ac.uk/files/AF-Q27J47-F1-model_v6.pdb,2026-10-08,6,89.69,2025-08-01T00:00:00Z,ok,507da78001f219317d680b1620fd17ba4a8ee0fccfaa3463d0c862b2c2be405a,164753
Q27J48,https://alphafold.ebi.ac.uk/files/AF-Q27J48-F1-model_v6.pdb,2026-10-08,6,81.75,2025-08-01T00:00:00Z,ok,18846214a7ad98f5b18fbe1f7fad578f492e054ee5a53424f9962911508eef86,144017
Q27J49,https://alphafold.ebi.ac.uk/files/AF-Q27J49-F1-model_v6.pdb,2026-10-08,6,50.72,2025-08-01T00:00:00Z,ok,84431dfda97c02ceb1dcf6a9fa9c510f8d4ac8f755209d8ba9ba4b2bd1d9b9f7,151145
Q2EI26,https://alphafold.ebi.ac.uk/files/AF-Q2EI26-F1-model_v6.pdb,2026-10-08,6,83.62,2025-08-01T00:00:00Z,ok,41d516d36a634fca0706cf5403e2a3c8da3fca7cdefcb648bee2e0edf7293650,272483
Q2LD49,https://alphafold.ebi.ac.uk/files/AF-Q2LD49-F1-model_v6.pdb,2026-10-08,6,84.06,2025-08-01T00:00:00Z,ok,79b4ef395b68bfc2497ed52d21574d275745d5c2225c8cbe056ecd6be54fabe2,396332
Q2PG81,https://alphafold.ebi.ac.uk/files/AF-Q2PG81-F1-model_v6.pdb,2026-10-08,6,89.88,2025-08-01T00:00:00Z,ok,ec8afe6b08e3f9bd2ef01851f95986fc13c186779607e78b090314904502f4b4,91934
Q2PG83,https://alphafold.ebi.ac.uk/files/AF-Q2PG83-F1-model_v6.pdb,2026-10-08,6,90.56,2025-08-01T00:00:00Z,ok,9174e3a37325490de8a09979c84cc63e412b5bc30584f4d81e0d5b15bb494c13,91286
Q2PQJ3,https://alphafold.ebi.ac.uk/files/AF-Q2PQJ3-F1-model_v6.pdb,2026-10-08,6,94.88,2025-08-01T00:00:00Z,ok,8ffa24ba39e3c87d448cafbcbd2cc3c7ea9b42224f2dacbdef9b777db4e31616,148148
Q2PWA3,https://alphafold.ebi.ac.uk/files/AF-Q2PWA3-F1-model_v6.pdb,2026-10-08,6,89.75,2025-08-01T00:00:00Z,ok,87b2ff9c3489fcc5eefe5811e82346942b4cd83a9a72251cf7c81602fdb2823a,91529
Q2QA02,https://alphafold.ebi.ac.uk/files/AF-Q2QA02-F1-model_v6.pdb,2026-10-08,6,85.0,2025-08-01T00:00:00Z,ok,3dc548c956383fe9ea70de817df93e6514a67299aa8a6ce82d8574351ed7872d,393821
Q2QA03,https://alphafold.ebi.ac.uk/files/AF-Q2QA03-F1-model_v6.pdb,2026-10-08,6,81.06,2022-06-01T00:00:00Z,ok,2695b5e1081da7e06072eba3e283ccb833ee3c875c0b9c19d6fc3e567f478d97,309500
Q2QA04,https://alphafold.ebi.ac.uk/files/AF-Q2QA04-F1-model_v6.pdb,2026-10-08,6,90.19,2025-08-01T00:00:00Z,ok,223f2e59edbe4dbed028f69dd427afc03fb636e90ba63011ce3b47a68fee75de,165806
Q2UXQ0,https://alphafold.ebi.ac.uk/files/AF-Q2UXQ0-F1-model_v6.pdb,2026-10-08,6,81.94,2022-06-01T00:00:00Z,ok,9a378d54c8bc1a9fec0f4e1f17ad23bde861a1aad531a372eb85f17fb4a27ff4,402488
Q2UXQ1,https://alphafold.ebi.ac.uk/files/AF-Q2UXQ1-F1-model_v6.pdb,2026-10-08,6,83.25,2022-06-01T00:00:00Z,ok,a87c5b98c3c8019e27b8b761c1807df5c96d53fcbe68e0954da90f026545ace8,378755
Q2UXQ2,https://alphafold.ebi.ac.uk/files/AF-Q2UXQ2-F1-model_v6.pdb,2026-10-08,6,81.06,2022-06-01T00:00:00Z,ok,acedcd67e25f1b015c2aaf44906c4482c0a64d5411c257ec997cc18af0c3081a,402650
Q2UXQ3,https://alphafold.ebi.ac.uk/files/AF-Q2UXQ3-F1-model_v6.pdb,2026-10-08,6,78.69,2022-06-01T00:00:00Z,ok,9cb4bcff899525f5777ed91fa14931ef37c43a6cbf286915de4ceb5a5f9054be,297755
Q2UXQ4,https://alphafold.ebi.ac.uk/files/AF-Q2UXQ4-F1-model_v6.pdb,2026-10-08,6,82.06,2022-06-01T00:00:00Z,ok,07d0e73e3c971909ec699448be5d9b6c5d3ae1541b6932a6b6c4f73cf1a85ef5,401111
Q2UXQ5,https://alphafold.ebi.ac.uk/files/AF-Q2UXQ5-F1-model_v6.pdb,2026-10-08,6,83.12,2025-08-01T00:00:00Z,ok,01fdb1d844d77b05ffe7fdd845f305a223f494e5d78648f9c24f799500183921,401030
Q2UXQ6,https://alphafold.ebi.ac.uk/files/AF-Q2UXQ6-F1-model_v6.pdb,2026-10-08,6,79.5,2022-06-01T00:00:00Z,ok,b0a04a6b818831b56da476a2a7f057eee85d3bccec549b32305457a7fcbb4ad5,401921
Q2UXQ7,https://alphafold.ebi.ac.uk/files/AF-Q2UXQ7-F1-model_v6.pdb,2026-10-08,6,80.0,2022-06-01T00:00:00Z,ok,40a834f957090f4e77ed1b9d60e6bf2a7f8277b2f06c88deff94e9d0f8bf7fe4,399410
Q2UXQ9,https://alphafold.ebi.ac.uk/files/AF-Q2UXQ9-F1-model_v6.pdb,2026-10-08,6,81.44,2022-06-01T00:00:00Z,ok,137f49d88b41be2807fc36b4b1c0207a0e8edb6c5924ab8ffbbd746e8733002e,400949
Q2UXR0,https://alphafold.ebi.ac.uk/files/AF-Q2UXR0-F1-model_v6.pdb,2026-10-08,6,84.12,2025-08-01T00:00:00Z,ok,f328b1c9d4bc73ad2fdeb3473203e65e534116b19979b9a1ef47395b28a8d20c,396656
Q2VBN0,https://alphafold.ebi.ac.uk/files/AF-Q2VBN0-F1-model_v6.pdb,2026-10-08,6,87.12,2025-08-01T00:00:00Z,ok,ac6f62fc0586ae87ce42d7ad0d0fd363d3e2f8f5982538170486c5534cfaa2a0,58967
Q2VBN1,https://alphafold.ebi.ac.uk/files/AF-Q2VBN1-F1-model_v6.pdb,2026-10-08,6,85.5,2025-08-01T00:00:00Z,ok,ccbadeba25ed5f83b67e7fbaaba45d251b97a7ee63098bebf23c6358c3fa18ef,57347
Q2VBN2,https://alphafold.ebi.ac.uk/files/AF-Q2VBN2-F1-model_v6.pdb,2026-10-08,6,88.38,2025-08-01T00:00:00Z,ok,012e5f41a3b2862f5d105fe17e179b3e9fc7c93a266503591d6a682719e0d809,59291
Q2VBN3,https://alphafold.ebi.ac.uk/files/AF-Q2VBN3-F1-model_v6.pdb,2026-10-08,6,92.25,2025-08-01T00:00:00Z,ok,24f4e3c336287b4e5839390a1bbbebf170d60e087a91a43d6e08fb3e71821bea,56537
Q2VBN4,https://alphafold.ebi.ac.uk/files/AF-Q2VBN4-F1-model_v6.pdb,2026-10-08,6,88.62,2025-08-01T00:00:00Z,ok,6ea2047f9bf6e71f8702b072c84d1c44f54536c989c34252123347e1dfb50c76,56375
Q2VBN5,https://alphafold.ebi.ac.uk/files/AF-Q2VBN5-F1-model_v6.pdb,2026-10-08,6,90.12,2025-08-01T00:00:00Z,ok,fa498fa05242d008fca37afe0f26e29dba80f41e11c67b3d5575f7e945f6ff9b,56132
Q2VBN7,https://alphafold.ebi.ac.uk/files/AF-Q2VBN7-F1-model_v6.pdb,2026-10-08,6,89.44,2025-08-01T00:00:00Z,ok,8fb91660b9f003b1a759996c2f6a30170b8726ab0e494e83e0676068975fedd3,56132
Q2VBN8,https://alphafold.ebi.ac.uk/files/AF-Q2VBN8-F1-model_v6.pdb,2026-10-08,6,87.31,2025-08-01T00:00:00Z,ok,2363ee5e12a2492a97170ed9c8bbf25f9dba44128ebd35dd7e41f63d9fef13bb,56861
Q2VBN9,https://alphafold.ebi.ac.uk/files/AF-Q2VBN9-F1-model_v6.pdb,2026-10-08,6,87.62,2025-08-01T00:00:00Z,ok,148a7da33115b4dec25985d206a4307b7e16969ccb5bc54a7b1c858fe03788be,54269
Q2VBP0,https://alphafold.ebi.ac.uk/files/AF-Q2VBP0-F1-model_v6.pdb,2026-10-08,6,86.0,2025-08-01T00:00:00Z,ok,c73c75b67f4fd310a8c254e45535a51cdb753fd8b51aa3f28adee97d0b800324,54350
Q2VBP1,https://alphafold.ebi.ac.uk/files/AF-Q2VBP1-F1-model_v6.pdb,2026-10-08,6,87.81,2025-08-01T00:00:00Z,ok,98611284741dd348304731c087f42c0d2edd0899605fc2f541693fa8def7463f,54512
Q2VBP2,https://alphafold.ebi.ac.uk/files/AF-Q2VBP2-F1-model_v6.pdb,2026-10-08,6,86.38,2025-08-01T00:00:00Z,ok,c51369dab9ef6ebf16737985e31b1203f93a98ed509eb5884acd5818fbf682aa,53864
Q2VBP3,https://alphafold.ebi.ac.uk/files/AF-Q2VBP3-F1-model_v6.pdb,2026-10-08,6,88.25,2025-08-01T00:00:00Z,ok,0fa21d05c472f967b26f33356313edca0c8dca9e37203e609fc3d784ff91d13b,63422
Q2VBP4,https://alphafold.ebi.ac.uk/files/AF-Q2VBP4-F1-model_v6.pdb,2026-10-08,6,90.75,2025-08-01T00:00:00Z,ok,85118d06c4e037abc146d6262b3c16d24f42dd653a34132fa49a0e2b58878e5e,59777
Q2VBP5,https://alphafold.ebi.ac.uk/files/AF-Q2VBP5-F1-model_v6.pdb,2026-10-08,6,88.19,2025-08-01T00:00:00Z,ok,e721fd47d9def307fd3478492d89ba3aa0ec32f68becf6242fc17820ae30b3ac,62855
Q2VBP6,https://alphafold.ebi.ac.uk/files/AF-Q2VBP6-F1-model_v6.pdb,2026-10-08,6,88.38,2025-08-01T00:00:00Z,ok,7faacd0806ae12f36b31421d3e98d035ce27c9d48ef33945c7bf8bbc618211e8,63098
Q2VBP8,https://alphafold.ebi.ac.uk/files/AF-Q2VBP8-F1-model_v6.pdb,2026-10-08,6,88.88,2025-08-01T00:00:00Z,ok,0b9c1c8e07cf4a8442fcc1474606fd07f8cf71530edf9e038212a1dda6c6ad28,63260
Q2XXQ4,https://alphafold.ebi.ac.uk/files/AF-Q2XXQ4-F1-model_v6.pdb,2026-10-08,6,92.81,2025-08-01T00:00:00Z,ok,df713e56b86735aaedc827d125dd03a4dce515c195ef7d4cd156cdbc032b39be,157301
Q2XXQ5,https://alphafold.ebi.ac.uk/files/AF-Q2XXQ5-F1-model_v6.pdb,2026-10-08,6,93.12,2025-08-01T00:00:00Z,ok,c5a117efa54cbffcaa42e041215132a94864b83bd5f152e84e49ec96b4d24af4,156896
Q2XXQ6,https://alphafold.ebi.ac.uk/files/AF-Q2XXQ6-F1-model_v6.pdb,2026-10-08,6,92.69,2025-08-01T00:00:00Z,ok,a8acf7103377be3ce4695dcb1a53e2b4ac9664cab8e8845394a64d38f6cf94e1,156977
Q330K6,https://alphafold.ebi.ac.uk/files/AF-Q330K6-F1-model_v6.pdb,2026-10-08,6,85.81,2025-08-01T00:00:00Z,ok,05c51953cde823ce0f353efea9637ba3340ffd4096a5d44b3892095962b81c40,94607
Q38L02,https://alphafold.ebi.ac.uk/files/AF-Q38L02-F1-model_v6.pdb,2026-10-08,6,88.38,2025-08-01T00:00:00Z,ok,5a8fe04ff719cfe3012070ea7aaaec0c42121ac98c071d13edc67fbb12a67367,104894
Q3BER1,https://alphafold.ebi.ac.uk/files/AF-Q3BER1-F1-model_v6.pdb,2026-10-08,6,71.69,2025-08-01T00:00:00Z,ok,03bb1517136b9e7f76ef619ffdb6a0345d68eba8915c7bf42a90f93f0cb0af46,83753
Q3BER2,https://alphafold.ebi.ac.uk/files/AF-Q3BER2-F1-model_v6.pdb,2026-10-08,6,77.62,2025-08-01T00:00:00Z,ok,2f063e66a4b452c7ac3faac38a554946d6ef5db8eccb3e99c1b0c90a3924751f,73061
Q3BER3,https://alphafold.ebi.ac.uk/files/AF-Q3BER3-F1-model_v6.pdb,2026-10-08,6,73.12,2025-08-01T00:00:00Z,ok,55500cedb0f0e08de9f4b9107cc32f718040864c8481a8facca115df77d86f27,83024
Q3BER4,https://alphafold.ebi.ac.uk/files/AF-Q3BER4-F1-model_v6.pdb,2026-10-08,6,76.56,2025-08-01T00:00:00Z,ok,c97f9fe961de431d671f39eba60151f9c629b6653211b7a82885a8758fb5f91c,74438
Q3HLQ4,https://alphafold.ebi.ac.uk/files/AF-Q3HLQ4-F1-model_v6.pdb,2026-10-08,6,89.31,2025-08-01T00:00:00Z,ok,45a90b6005e304117f05720375ed8b89dbe6a281f671d7b1b5e1f39f0e1e6a95,92663
Q3HTN1,https://alphafold.ebi.ac.uk/files/AF-Q3HTN1-F1-model_v6.pdb,2026-10-08,6,82.94,2025-08-01T00:00:00Z,ok,338232f3f60b359ba22487883b60b8a5fb99314edd1b4340ca28af004a9909df,391391
Q3HTN2,https://alphafold.ebi.ac.uk/files/AF-Q3HTN2-F1-model_v6.pdb,2026-10-08,6,83.62,2025-08-01T00:00:00Z,ok,e455a55e9b43c1f58026ca036139ccbfbfd8b2618cd94c2aad30dbdb526fb47b,390905
Q3HXX4,https://alphafold.ebi.ac.uk/files/AF-Q3HXX4-F1-model_v6.pdb,2026-10-08,6,70.19,2025-08-01T00:00:00Z,ok,7be36764475b39f4e2f32eaa4e88d89340c98a8c5176b41b5071d298f2f81823,162242
Q3HXX5,https://alphafold.ebi.ac.uk/files/AF-Q3HXX5-F1-model_v6.pdb,2026-10-08,6,68.62,2025-08-01T00:00:00Z,ok,f45ba4289e01fbf77b73c283cbb2c1a3111160c00de6a004e8a124585f0e8e43,162485
Q3HXX6,https://alphafold.ebi.ac.uk/files/AF-Q3HXX6-F1-model_v6.pdb,2026-10-08,6,70.88,2025-08-01T00:00:00Z,ok,78d95a4dd10f23ee07c425e6481f6c6fa673bee2042a36330d05a5680f83b06c,161513
Q3HXX7,https://alphafold.ebi.ac.uk/files/AF-Q3HXX7-F1-model_v6.pdb,2026-10-08,6,69.62,2025-08-01T00:00:00Z,ok,31ed6df9f26f655f5f8135e1fd23d9050b9803d786c685ff188f889b1f4cc7ee,162728
Q3HXX8,https://alphafold.ebi.ac.uk/files/AF-Q3HXX8-F1-model_v6.pdb,2026-10-08,6,69.94,2025-08-01T00:00:00Z,ok,cd8d1bb1c96bd250813eaae91519de1998b1a9cffc6dbbaf71d7f90c05af6515,162485
Q3HXX9,https://alphafold.ebi.ac.uk/files/AF-Q3HXX9-F1-model_v6.pdb,2026-10-08,6,69.69,2025-08-01T00:00:00Z,ok,36e1a6b6c23b21643f4b8ac71cfc26800ef132f80ecab18cf53f31beadbf98c2,163214
Q3HXY0,https://alphafold.ebi.ac.uk/files/AF-Q3HXY0-F1-model_v6.pdb,2026-10-08,6,70.19,2025-08-01T00:00:00Z,ok,ea6ef5eb44076b0add5e4e5040b754efe1e96944cd06242b27e77d924b8581f3,161756
Q3HXY1,https://alphafold.ebi.ac.uk/files/AF-Q3HXY1-F1-model_v6.pdb,2026-10-08,6,70.38,2025-08-01T00:00:00Z,ok,a9404e505d195ec2ba1523f4edabb0c685543425137a0788c4d368a5bcaa8676,159731
Q3HXY2,https://alphafold.ebi.ac.uk/files/AF-Q3HXY2-F1-model_v6.pdb,2026-10-08,6,70.0,2025-08-01T00:00:00Z,ok,a977f5586f900c205a57274b90b716278e5a9fa88839ab721fd783f663e60f7f,160136
Q3HXY3,https://alphafold.ebi.ac.uk/files/AF-Q3HXY3-F1-model_v6.pdb,2026-10-08,6,70.25,2025-08-01T00:00:00Z,ok,2283c5e596308acae38bfaeecc5b209a63d33760b767af42f9888af38992caea,159812
Q3HXY4,https://alphafold.ebi.ac.uk/files/AF-Q3HXY4-F1-model_v6.pdb,2026-10-08,6,70.56,2025-08-01T00:00:00Z,ok,5ed1d7cf9bafdda713ccc0ac18ff65f6cf25e6fa0ea4f005560abf732c8ac666,157544
Q3HXY5,https://alphafold.ebi.ac.uk/files/AF-Q3HXY5-F1-model_v6.pdb,2026-10-08,6,69.5,2025-08-01T00:00:00Z,ok,5fdabb74a6e35ff0cbf4f49b69e00d50a21245011f573e5a9f92e9476a537e90,163295
Q3HXY6,https://alphafold.ebi.ac.uk/files/AF-Q3HXY6-F1-model_v6.pdb,2026-10-08,6,69.44,2025-08-01T00:00:00Z,ok,d4bbb228fca9c57368d8944000e537d2bc865c1f5387aa6b8af347866e51f108,163457
Q3HXY7,https://alphafold.ebi.ac.uk/files/AF-Q3HXY7-F1-model_v6.pdb,2026-10-08,6,68.5,2025-08-01T00:00:00Z,ok,66637f0cf3fa17215f7989308653f3e7349abb8ccb486c8744d8c1ebec1a0a6e,163214
Q3HXY8,https://alphafold.ebi.ac.uk/files/AF-Q3HXY8-F1-model_v6.pdb,2026-10-08,6,71.5,2025-08-01T00:00:00Z,ok,c41eb13855781cda5a0e356ce2c5cb1c3ceb2dc46fc5678fbcf9d00291b0913d,161756
Q3HXY9,https://alphafold.ebi.ac.uk/files/AF-Q3HXY9-F1-model_v6.pdb,2026-10-08,6,71.56,2025-08-01T00:00:00Z,ok,ac8c1a7f845204cd332086ba2f79e471b28aca8899f5a6df2164318b7a054c3d,161918
Q3HXZ0,https://alphafold.ebi.ac.uk/files/AF-Q3HXZ0-F1-model_v6.pdb,2026-10-08,6,70.38,2025-08-01T00:00:00Z,ok,eb785d0fbb841b3d258a42efc1d6d3e8236f10c33d8152392208f2b8f55eac30,160865
Q3HXZ1,https://alphafold.ebi.ac.uk/files/AF-Q3HXZ1-F1-model_v6.pdb,2026-10-08,6,71.19,2025-08-01T00:00:00Z,ok,fc59fa3cb6621ec2182a017804419a2dc17f661a0637b9eb87e9c44dcaaaf5c7,160946
Q3I5F4,https://alphafold.ebi.ac.uk/files/AF-Q3I5F4-F1-model_v6.pdb,2026-10-08,6,70.44,2025-08-01T00:00:00Z,ok,c2b3b59242afb6f48ef90d86c20d425c896095785432ea64a5f641bebfbaa4ff,161108
Q3SAE5,https://alphafold.ebi.ac.uk/files/AF-Q3SAE5-F1-model_v6.pdb,2026-10-08,6,56.12,2025-08-01T00:00:00Z,ok,241e22b5886100ce155f452b134aa1b3001df40abaa71de3bab75c4ce7144c56,27053
Q3SAE6,https://alphafold.ebi.ac.uk/files/AF-Q3SAE6-F1-model_v6.pdb,2026-10-08,6,57.56,2025-08-01T00:00:00Z,ok,add89c71451f0dd7744bea589b85cacb0c3963482ada83bac9895c977167b595,24947
Q3SAE7,https://alphafold.ebi.ac.uk/files/AF-Q3SAE7-F1-model_v6.pdb,2026-10-08,6,58.94,2025-08-01T00:00:00Z,ok,e32a3714de51b234392025a0ca3202b9c469bfa23b013c54c4786fe24ee4c2e6,24866
Q3SAE8,https://alphafold.ebi.ac.uk/files/AF-Q3SAE8-F1-model_v6.pdb,2026-10-08,6,61.66,2025-08-01T00:00:00Z,ok,ee1b5a790820e7247a397513bacc5fd099e51db8407e14eea6d44bd8b4a9fe6f,25271
Q3SAE9,https://alphafold.ebi.ac.uk/files/AF-Q3SAE9-F1-model_v6.pdb,2026-10-08,6,57.5,2025-08-01T00:00:00Z,ok,0ff9481a00100f3891ef1d61fb22da1ea71342c91fb4da50f8ef8a86b047ceac,24704
Q3SAF0,https://alphafold.ebi.ac.uk/files/AF-Q3SAF0-F1-model_v6.pdb,2026-10-08,6,55.47,2025-08-01T00:00:00Z,ok,71662a27cc47991d2b96333d57059e7d4247c200ef23060202e26b630e78045a,26405
Q3SAF1,https://alphafold.ebi.ac.uk/files/AF-Q3SAF1-F1-model_v6.pdb,2026-10-08,6,53.47,2025-08-01T00:00:00Z,ok,0d1471123b58d65bad640d671e91d6952b51a197ef50a84a4d422106a01ed678,25595
Q3SAF2,https://alphafold.ebi.ac.uk/files/AF-Q3SAF2-F1-model_v6.pdb,2026-10-08,6,54.62,2025-08-01T00:00:00Z,ok,0359ae498f807f2f442df24742bbb8fce84f73070fd94b5fe2a10ff615d75156,25514
Q3SAF3,https://alphafold.ebi.ac.uk/files/AF-Q3SAF3-F1-model_v6.pdb,2026-10-08,6,57.38,2025-08-01T00:00:00Z,ok,eaeaac2c2e841caafb73dc0053789bf2a14ffabe75b0533a530f209816251fba,26081
Q3SAF4,https://alphafold.ebi.ac.uk/files/AF-Q3SAF4-F1-model_v6.pdb,2026-10-08,6,60.47,2025-08-01T00:00:00Z,ok,1fbc7d621b91f9c6a25ff7c6c6b8dfcadc4730c7850e2b70b6082ec6930ed4b7,27296
Q3SAF5,https://alphafold.ebi.ac.uk/files/AF-Q3SAF5-F1-model_v6.pdb,2026-10-08,6,62.94,2025-08-01T00:00:00Z,ok,906c7154e343f8c12a7e1f656ddd81920cd60af53a4d0d2518d098f92208de41,27620
Q3SAF6,https://alphafold.ebi.ac.uk/files/AF-Q3SAF6-F1-model_v6.pdb,2026-10-08,6,58.28,2025-08-01T00:00:00Z,ok,d048a8386414339899e5d583a077df49320a257934ae8408e30d160121a9d3c0,27134
Q3SAF7,https://alphafold.ebi.ac.uk/files/AF-Q3SAF7-F1-model_v6.pdb,2026-10-08,6,59.16,2025-08-01T00:00:00Z,ok,e13ccf033c6b585ae2dda5a4950120ecdc3d20eeb503135240076f5909e763c8,27296
Q3SAF8,https://alphafold.ebi.ac.uk/files/AF-Q3SAF8-F1-model_v6.pdb,2026-10-08,6,61.66,2025-08-01T00:00:00Z,ok,e4b7f845a2acd96673c0d827c9c6742ee44aa03828dddd9deb5c6efaab7d5624,27620
Q3SAX8,https://alphafold.ebi.ac.uk/files/AF-Q3SAX8-F1-model_v6.pdb,2026-10-08,6,59.22,2025-08-01T00:00:00Z,ok,a27fd3236b16b04b1c2329fb0fecfeb4f9862bd0b17fdaf85c4abf7742c84b7f,29969
Q3SB03,https://alphafold.ebi.ac.uk/files/AF-Q3SB03-F1-model_v6.pdb,2026-10-08,6,91.81,2025-08-01T00:00:00Z,ok,9d955a3b05c9a562e1144fbc65bb0ac2629548e126f2dcdaa33cd6a2f8a42c96,154547
Q3SB04,https://alphafold.ebi.ac.uk/files/AF-Q3SB04-F1-model_v6.pdb,2026-10-08,6,91.62,2025-08-01T00:00:00Z,ok,c017efc027aba6b7bdce8c05dbc0feed520431e7383d29cac369b73246d9a8ba,154709
Q3SB05,https://alphafold.ebi.ac.uk/files/AF-Q3SB05-F1-model_v6.pdb,2026-10-08,6,91.56,2025-08-01T00:00:00Z,ok,ca66585dda7f461fab4d237fd41d309e7f1f9d01afc17ab1103e94be969f3dd8,155195
Q3SB06,https://alphafold.ebi.ac.uk/files/AF-Q3SB06-F1-model_v6.pdb,2026-10-08,6,90.94,2025-08-01T00:00:00Z,ok,ce50893223a56b70d1d44f30584abfc96046b20eb9163458d6cb20279e3fc206,155114
Q3SB07,https://alphafold.ebi.ac.uk/files/AF-Q3SB07-F1-model_v6.pdb,2026-10-08,6,90.75,2025-08-01T00:00:00Z,ok,4e67e20ae78d03bdcf61d01949caf1955627cdc2a048c4a100c1fd94e6cd41a1,155114
Q3YK52,https://alphafold.ebi.ac.uk/files/AF-Q3YK52-F1-model_v6.pdb,2026-10-08,6,95.94,2022-06-01T00:00:00Z,ok,5c9c924914b39943996fa3c4ffb836e5f6591f3956c2429ab500b6f57dc17f4f,19196
Q3YK53,https://alphafold.ebi.ac.uk/files/AF-Q3YK53-F1-model_v6.pdb,2026-10-08,6,97.06,2022-06-01T00:00:00Z,ok,2141eef6dc1eaa3657444ab1f9803d88db3d1fc71c6028af0a3445052b88993e,19115
Q3YK54,https://alphafold.ebi.ac.uk/files/AF-Q3YK54-F1-model_v6.pdb,2026-10-08,6,97.19,2022-06-01T00:00:00Z,ok,9d78826b1ed880c9bc5854afec260e6ff943abb8dc0e0cbc099755378ba24d7a,19034
Q3YK55,https://alphafold.ebi.ac.uk/files/AF-Q3YK55-F1-model_v6.pdb,2026-10-08,6,96.5,2022-06-01T00:00:00Z,ok,0198382948c6c5f74b6d8374b79250271bfae3f0ded5282b7121e8cd78422ce5,19520
Q3YL39,https://alphafold.ebi.ac.uk/files/AF-Q3YL39-F1-model_v6.pdb,2026-10-08,6,94.75,2022-06-01T00:00:00Z,ok,5fcbff0efa3eab3de3ac09e7a6268db97dea3f5ef8d920e3df65c72613df9055,18872
Q3YL43,https://alphafold.ebi.ac.uk/files/AF-Q3YL43-F1-model_v6.pdb,2026-10-08,6,92.19,2022-06-01T00:00:00Z,ok,5597795715dc66d3b20ea191b468e6ecdc86f6fd85915423c7f8dad8853a4f2d,19115
Q3YL44,https://alphafold.ebi.ac.uk/files/AF-Q3YL44-F1-model_v6.pdb,2026-10-08,6,96.69,2022-06-01T00:00:00Z,ok,3fdc35f2c0ee6e2302e1dc0c90e6fb886bf9b9a4239dff0edfd755f65c327bf3,18629
Q3YL47,https://alphafold.ebi.ac.uk/files/AF-Q3YL47-F1-model_v6.pdb,2026-10-08,6,96.94,2022-06-01T00:00:00Z,ok,0433ba89fa354dfdd3a4f617d9398418f7fc2d187c1c8846658274e06cf7d55e,18305
Q3YL48,https://alphafold.ebi.ac.uk/files/AF-Q3YL48-F1-model_v6.pdb,2026-10-08,6,96.94,2022-06-01T00:00:00Z,ok,4f11ff9c05491ed5406959d53dd310560bff0f2b29b5e347a799b2d9190b637b,18629
Q3YL49,https://alphafold.ebi.ac.uk/files/AF-Q3YL49-F1-model_v6.pdb,2026-10-08,6,95.69,2022-06-01T00:00:00Z,ok,07a53526180f2595b9e8237e37d39b912caf01fd98bff2bf91adb58621190e5d,18629
Q3YL50,https://alphafold.ebi.ac.uk/files/AF-Q3YL50-F1-model_v6.pdb,2026-10-08,6,97.0,2022-06-01T00:00:00Z,ok,4c675cc0a96b824db04a814689b6057600c9bf24826ddf855d6125ce60712a0b,18224
Q3YL51,https://alphafold.ebi.ac.uk/files/AF-Q3YL51-F1-model_v6.pdb,2026-10-08,6,96.06,2022-06-01T00:00:00Z,ok,755050c823e3b6ae431a35f7ce8cc1cd653b30541499ed6e9818120582c77676,18953
Q3YL52,https://alphafold.ebi.ac.uk/files/AF-Q3YL52-F1-model_v6.pdb,2026-10-08,6,96.62,2022-06-01T00:00:00Z,ok,1f6ca93d7239ff21c04f166d15b58a0d6105e58bc95091a161ff176adbf43d62,18710
Q3YL53,https://alphafold.ebi.ac.uk/files/AF-Q3YL53-F1-model_v6.pdb,2026-10-08,6,96.75,2022-06-01T00:00:00Z,ok,ff634cea6f0c211ce485d5b0eef972e83e8e602cb7e6fc92320c8afd8fb30b6f,18143
Q3YL54,https://alphafold.ebi.ac.uk/files/AF-Q3YL54-F1-model_v6.pdb,2026-10-08,6,96.69,2022-06-01T00:00:00Z,ok,d31129b456c7845816f885b1716b4537c66a70efe944aeb46c286dab1aaa28cf,18305
Q45Z11,https://alphafold.ebi.ac.uk/files/AF-Q45Z11-F1-model_v6.pdb,2026-10-08,6,92.44,2025-08-01T00:00:00Z,ok,2dc82413fe03b09a9918944df11c23ef68beffa99a3c839f1acdaeab792049b1,54755
Q45Z25,https://alphafold.ebi.ac.uk/files/AF-Q45Z25-F1-model_v6.pdb,2026-10-08,6,89.88,2025-08-01T00:00:00Z,ok,d3552199de3e62b417abc95350cc474747a96cfb1fa6a45d4611016e470adc60,100439
Q45Z26,https://alphafold.ebi.ac.uk/files/AF-Q45Z26-F1-model_v6.pdb,2026-10-08,6,89.5,2025-08-01T00:00:00Z,ok,49a18e3eba71b29b7c9674cc726f7d52e2e058e215572a6f0e8e7c9098321e95,99872
Q45Z27,https://alphafold.ebi.ac.uk/files/AF-Q45Z27-F1-model_v6.pdb,2026-10-08,6,89.5,2025-08-01T00:00:00Z,ok,c01663b52b77e837841e96679f1cdc808fb2a6c0a88b26f229413535ddb01ed4,99629
Q45Z28,https://alphafold.ebi.ac.uk/files/AF-Q45Z28-F1-model_v6.pdb,2026-10-08,6,89.62,2025-08-01T00:00:00Z,ok,9d37b1b7951b88a5bccabdea0ab0ec1389d69c3908e08de8884e5a6ac59f7ad3,100115
Q45Z29,https://alphafold.ebi.ac.uk/files/AF-Q45Z29-F1-model_v6.pdb,2026-10-08,6,89.31,2025-08-01T00:00:00Z,ok,3af8afdf283f03f5ad760b20665133b2f13674c111b00ce3617af50299a93277,99872
Q45Z30,https://alphafold.ebi.ac.uk/files/AF-Q45Z30-F1-model_v6.pdb,2026-10-08,6,89.44,2025-08-01T00:00:00Z,ok,9d9b5a7fe1b438291a1f68e238a6717ca29a672456d741e5ba17551bb265aad6,100034
Q45Z42,https://alphafold.ebi.ac.uk/files/AF-Q45Z42-F1-model_v6.pdb,2026-10-08,6,90.12,2025-08-01T00:00:00Z,ok,489e0ffcb522e0d10459df6d7425104feace23a3d54e517c6ce2d241867b708d,97037
Q45Z47,https://alphafold.ebi.ac.uk/files/AF-Q45Z47-F1-model_v6.pdb,2026-10-08,6,90.25,2025-08-01T00:00:00Z,ok,e1ad5c018ac24742cf82f495a0c3206b78bdfacaf78027d03d48abc58fad846e,95579
Q4F867,https://alphafold.ebi.ac.uk/files/AF-Q4F867-F1-model_v6.pdb,2026-10-08,6,96.75,2025-08-01T00:00:00Z,ok,c1c7a138c3c593eb75b52aac745c43d0cee56214f126ae71af0ae680a8c1b4a5,271754
Q4JCR9,https://alphafold.ebi.ac.uk/files/AF-Q4JCR9-F1-model_v6.pdb,2026-10-08,6,92.88,2022-06-01T00:00:00Z,ok,3a89232187065d2fa5e3fe2890f679d1b182edad6ca3f36f6cebea58e28f7639,71684
Q4JCS0,https://alphafold.ebi.ac.uk/files/AF-Q4JCS0-F1-model_v6.pdb,2026-10-08,6,96.25,2025-08-01T00:00:00Z,ok,189185118c08e7a1e5e2efcb67fc3adbbc4675886a7d04939ea26a5a71a921b8,54917
Q4JCS1,https://alphafold.ebi.ac.uk/files/AF-Q4JCS1-F1-model_v6.pdb,2026-10-08,6,96.25,2025-08-01T00:00:00Z,ok,8b755e0b2940d97521a0ba7a2f7512d3f7a8d70af35e040393104873aa6fefa9,55403
Q4JHE1,https://alphafold.ebi.ac.uk/files/AF-Q4JHE1-F1-model_v6.pdb,2026-10-08,6,93.69,2025-08-01T00:00:00Z,ok,89d6b84b3b762bef1ff26ccf30e94274f98b8a44d572ab01380747428ba6b26b,343115
Q4JHE2,https://alphafold.ebi.ac.uk/files/AF-Q4JHE2-F1-model_v6.pdb,2026-10-08,6,93.25,2025-08-01T00:00:00Z,ok,a5f88f6f821ea0f0330a99e768ab14caa83827a73851aea647a4ece9c280bc07,344816
Q4JHE3,https://alphafold.ebi.ac.uk/files/AF-Q4JHE3-F1-model_v6.pdb,2026-10-08,6,93.94,2025-08-01T00:00:00Z,ok,ee7def1a58c911a872290db4267f568905e5d440a5dbba1299d588f89cae1f05,344978
Q4PRC6,https://alphafold.ebi.ac.uk/files/AF-Q4PRC6-F1-model_v6.pdb,2026-10-08,6,87.94,2025-08-01T00:00:00Z,ok,be81a08235ae1339ca51dbef8015ad9b43750c5e6afe25421ec612b4208b4a2e,108215
Q4PRC7,https://alphafold.ebi.ac.uk/files/AF-Q4PRC7-F1-model_v6.pdb,2026-10-08,6,88.44,2025-08-01T00:00:00Z,ok,2463c29df8fb1852579527fed8b8a9cf132ca6c93ced30678e3dd5bfab1aade4,99062
Q4PRC8,https://alphafold.ebi.ac.uk/files/AF-Q4PRC8-F1-model_v6.pdb,2026-10-08,6,87.31,2025-08-01T00:00:00Z,ok,523af1b51a323cbb87dbbed911676518de5a0c68685e221fec34bd8d4385c1a7,102464
Q4PRC9,https://alphafold.ebi.ac.uk/files/AF-Q4PRC9-F1-model_v6.pdb,2026-10-08,6,88.69,2025-08-01T00:00:00Z,ok,a072ab69aa6e4b420637bb7f22434b659172d14ea8f861aa3fd3caed35cf2606,100196
Q4PRD0,https://alphafold.ebi.ac.uk/files/AF-Q4PRD0-F1-model_v6.pdb,2026-10-08,6,88.31,2025-08-01T00:00:00Z,ok,b42c46f63b4bd76fe72979926dea27874f9e336ae0fd58f8271d87a5d7b15bb6,101087
Q4PRD1,https://alphafold.ebi.ac.uk/files/AF-Q4PRD1-F1-model_v6.pdb,2026-10-08,6,88.56,2025-08-01T00:00:00Z,ok,7a798d2f07aec16d2193e48ff6d404cb3a034ea6e10e6010f5908e70f962a8b2,100763
Q4PRD2,https://alphafold.ebi.ac.uk/files/AF-Q4PRD2-F1-model_v6.pdb,2026-10-08,6,88.06,2025-08-01T00:00:00Z,ok,b2c261d51d1471a7dffa6a19b20efb5d47816aa9d78ac2c00d6d476f4733f8bf,109349
Q4QT06,https://alphafold.ebi.ac.uk/files/AF-Q4QT06-F1-model_v6.pdb,2026-10-08,6,84.06,2022-06-01T00:00:00Z,ok,4b88b3cddd6fdf2a1998eb4be306dc9779736d09f29c9c5a42b4336af59ded59,331451
Q4QXT9,https://alphafold.ebi.ac.uk/files/AF-Q4QXT9-F1-model_v6.pdb,2026-10-08,6,78.56,2025-08-01T00:00:00Z,ok,f066d4b8671c3f23cae417893f0baba1ea6d2081b0fe9c279866ac0888c9d990,312902
Q4VRI0,https://alphafold.ebi.ac.uk/files/AF-Q4VRI0-F1-model_v6.pdb,2026-10-08,6,85.81,2025-08-01T00:00:00Z,ok,e6e8e35ad3c6ad7c7463314a20f1678db41886bbec6fd7b3f7b15c6b69a684a8,54026
Q53B46,https://alphafold.ebi.ac.uk/files/AF-Q53B46-F1-model_v6.pdb,2026-10-08,6,88.56,2025-08-01T00:00:00Z,ok,e3cc35749433a5ac1d3b0278c37c96ec28b2b2082355289770f0089dbc52165e,56699
Q53B47,https://alphafold.ebi.ac.uk/files/AF-Q53B47-F1-model_v6.pdb,2026-10-08,6,87.38,2025-08-01T00:00:00Z,ok,07956f624461fd8ff47f180f5c0608328034b404ce8367cace109b2145d6563c,54512
Q53B48,https://alphafold.ebi.ac.uk/files/AF-Q53B48-F1-model_v6.pdb,2026-10-08,6,86.5,2025-08-01T00:00:00Z,ok,d87745afe7bef5eb63066f66a5a4dd91298f329606dd112c0bc7969b0349d7a4,54188
Q53B49,https://alphafold.ebi.ac.uk/files/AF-Q53B49-F1-model_v6.pdb,2026-10-08,6,88.38,2025-08-01T00:00:00Z,ok,423efd761cd0e0b7d8047c7d90c1f1eeab6a0fe242f162ed21f7c26d5dba1aea,58076
Q53B50,https://alphafold.ebi.ac.uk/files/AF-Q53B50-F1-model_v6.pdb,2026-10-08,6,87.0,2025-08-01T00:00:00Z,ok,21e26fb682d1b6fdb527445598c3dbee02d2980ace498ce2b45d51ab8768d576,52487
Q53B52,https://alphafold.ebi.ac.uk/files/AF-Q53B52-F1-model_v6.pdb,2026-10-08,6,88.38,2025-08-01T00:00:00Z,ok,f2c7ea428a62e73c529022a1f3625c42561a71b3b9a6a1e35c81b46dd56352ad,53378
Q53B53,https://alphafold.ebi.ac.uk/files/AF-Q53B53-F1-model_v6.pdb,2026-10-08,6,89.81,2025-08-01T00:00:00Z,ok,136efa76fbeb85560e42de5cd6cdb0850227b39fef91cde5287991ea9f9bb06f,59777
Q53B54,https://alphafold.ebi.ac.uk/files/AF-Q53B54-F1-model_v6.pdb,2026-10-08,6,86.44,2025-08-01T00:00:00Z,ok,0544e06e179032edd773e2fc5a13badde10697a4f021a17b19a414811246b9b4,49409
Q53B55,https://alphafold.ebi.ac.uk/files/AF-Q53B55-F1-model_v6.pdb,2026-10-08,6,58.06,2025-08-01T00:00:00Z,ok,12a4be31660b5ad1e201be909809699a534b1a31b11b29f59c6177bacf488f4c,61640
Q53B56,https://alphafold.ebi.ac.uk/files/AF-Q53B56-F1-model_v6.pdb,2026-10-08,6,90.56,2025-08-01T00:00:00Z,ok,1a29d45f3ef2fb8a632ffdb3027ea6bbcd9a85ad4062f6a54778c45cdcd04d1f,60830
Q53B57,https://alphafold.ebi.ac.uk/files/AF-Q53B57-F1-model_v6.pdb,2026-10-08,6,89.56,2025-08-01T00:00:00Z,ok,fceaf128ca9043a106a726ad1573483d2f382454b21cf172a4c07925cfc9ff18,59858
Q53B58,https://alphafold.ebi.ac.uk/files/AF-Q53B58-F1-model_v6.pdb,2026-10-08,6,89.88,2025-08-01T00:00:00Z,ok,586d398a908b98f21887d5aa3991b6a0ef2de5a4f66ec7e0573581d2c43492d2,61721
Q53B59,https://alphafold.ebi.ac.uk/files/AF-Q53B59-F1-model_v6.pdb,2026-10-08,6,91.38,2025-08-01T00:00:00Z,ok,17f0b7cab2a94837bfc5d8e9690775f547399abd05fb3edbdfa40d59bf9da7cf,59615
Q53B61,https://alphafold.ebi.ac.uk/files/AF-Q53B61-F1-model_v6.pdb,2026-10-08,6,89.0,2025-08-01T00:00:00Z,ok,b08a307769e5dfdce00a9871596007fd83ec1de4a5b02fdc0777d616ce00c8a7,55241
Q56EB0,https://alphafold.ebi.ac.uk/files/AF-Q56EB0-F1-model_v6.pdb,2026-10-08,6,86.94,2025-08-01T00:00:00Z,ok,e0fa34211311abd00c801566861a34893dd30679c013f12a4916ea3110bf98ea,103679
Q56EB1,https://alphafold.ebi.ac.uk/files/AF-Q56EB1-F1-model_v6.pdb,2026-10-08,6,91.44,2025-08-01T00:00:00Z,ok,fb490a552cac260d1436ee04c337f471ad4878fc7de372dc6a38efe4f15122d8,105218
Q56VR3,https://alphafold.ebi.ac.uk/files/AF-Q56VR3-F1-model_v6.pdb,2026-10-08,6,83.31,2025-08-01T00:00:00Z,ok,29643d96eb24b0e913b7e5bfe4ee681f8f5c2b06cbfe1faf86e7e5481bcccb18,303101
Q58G94,https://alphafold.ebi.ac.uk/files/AF-Q58G94-F1-model_v6.pdb,2026-10-08,6,94.75,2025-08-01T00:00:00Z,ok,4840d5f1c57a84e3dfe514c823ebb1736151ea63b461fbd5bf2e71ce924bce5c,156896
Q58L90,https://alphafold.ebi.ac.uk/files/AF-Q58L90-F1-model_v6.pdb,2026-10-08,6,83.12,2025-08-01T00:00:00Z,ok,ce0e9b52c3a02e651fe53a08f0de7711d996c569e34b5d6982428c5e1869e8ab,962603
Q58L91,https://alphafold.ebi.ac.uk/files/AF-Q58L91-F1-model_v6.pdb,2026-10-08,6,83.06,2025-08-01T00:00:00Z,ok,360c3696592ee059c9e9fcc55b9d468323bbab32a07768c449731a7a4831afdb,963494
Q58L93,https://alphafold.ebi.ac.uk/files/AF-Q58L93-F1-model_v6.pdb,2026-10-08,6,81.75,2025-08-01T00:00:00Z,ok,5d3dc63816d557d0b964b90f75df72031883bff4b3ed2e85236dbc1245d2866d,295001
Q58L94,https://alphafold.ebi.ac.uk/files/AF-Q58L94-F1-model_v6.pdb,2026-10-08,6,82.12,2025-08-01T00:00:00Z,ok,bbd9857939c0b8d82d99acef3166cc93505737a864140874617c7e271628930a,295325
Q58L95,https://alphafold.ebi.ac.uk/files/AF-Q58L95-F1-model_v6.pdb,2026-10-08,6,82.62,2025-08-01T00:00:00Z,ok,e0271632e7d995d9940144517ae9927a22bb1e3cd821ee320e5a7ac1c519f8e1,304640
Q58L96,https://alphafold.ebi.ac.uk/files/AF-Q58L96-F1-model_v6.pdb,2026-10-08,6,82.06,2025-08-01T00:00:00Z,ok,42eee02d51413f4a81c373e9fcfc03cee67e38408cc0e113340e4825719a479b,304397
Q593B6,https://alphafold.ebi.ac.uk/files/AF-Q593B6-F1-model_v6.pdb,2026-10-08,6,83.38,2025-08-01T00:00:00Z,ok,7dbd36d24e462824cc80e34bea59bb1c3f73d62f8e4ca9b0a94955a986e77d43,963332
Q5EE07,https://alphafold.ebi.ac.uk/files/AF-Q5EE07-F1-model_v6.pdb,2026-10-08,6,94.94,2025-08-01T00:00:00Z,ok,6890416784a2b91ff0fe804cab5e3ebdf160d9e1658f6c603fdf136f18da1dbd,43982
Q5FZI5,https://alphafold.ebi.ac.uk/files/AF-Q5FZI5-F1-model_v6.pdb,2026-10-08,6,91.0,2025-08-01T00:00:00Z,ok,faaf78b9dbbd43769768c53861b774bed6225e0b9bf956761d9dcfb37f927bd8,99629
Q5FZI6,https://alphafold.ebi.ac.uk/files/AF-Q5FZI6-F1-model_v6.pdb,2026-10-08,6,88.81,2025-08-01T00:00:00Z,ok,2be573e5deedec0ed2bc130d02a17f4c098ff07050c97767bf0894c7a64666d7,109268
Q5I2B6,https://alphafold.ebi.ac.uk/files/AF-Q5I2B6-F1-model_v6.pdb,2026-10-08,6,91.06,2022-06-01T00:00:00Z,ok,152a2feefde6caee3844f16ca4ea8a7df492142d0b3a576902659daa1dbbc7dc,171557
Q5I2C5,https://alphafold.ebi.ac.uk/files/AF-Q5I2C5-F1-model_v6.pdb,2026-10-08,6,90.94,2022-06-01T00:00:00Z,ok,17bb8a2f3a0614d6f2582974e5e70d0f988457bcc7fff3795c2180b4f78e6e59,170747
Q5W958,https://alphafold.ebi.ac.uk/files/AF-Q5W958-F1-model_v6.pdb,2026-10-08,6,88.56,2025-08-01T00:00:00Z,ok,7b325a8f2c313af833a5e5d464ab63e564605bbeb5df68b551602cbffc007627,163376
Q5W959,https://alphafold.ebi.ac.uk/files/AF-Q5W959-F1-model_v6.pdb,2026-10-08,6,91.25,2025-08-01T00:00:00Z,ok,89fdf09a5226dc47f45777938a80fb4342da01e8463d687b23601ffe114dbdde,163457
Q5W960,https://alphafold.ebi.ac.uk/files/AF-Q5W960-F1-model_v6.pdb,2026-10-08,6,91.69,2025-08-01T00:00:00Z,ok,7edf6481eff80d2af72470ca22c56d52122a265fe25881db3a41ec66a0560a84,164591
Q5YF89,https://alphafold.ebi.ac.uk/files/AF-Q5YF89-F1-model_v6.pdb,2026-10-08,6,70.38,2025-08-01T00:00:00Z,ok,8023ab699b53e108fe30380dbe16bdc317248a95ea05d3a2c452ee533ac7c24d,159002
Q5YF90,https://alphafold.ebi.ac.uk/files/AF-Q5YF90-F1-model_v6.pdb,2026-10-08,6,70.12,2025-08-01T00:00:00Z,ok,0e69c3fb0cae2dc244c7828c23d746b4d9911379a7e5a9c8b48c5f3bc2e307ab,162242
Q5ZPJ7,https://alphafold.ebi.ac.uk/files/AF-Q5ZPJ7-F1-model_v6.pdb,2026-10-08,6,92.19,2025-08-01T00:00:00Z,ok,fd4773110c49476a0977c094d755f6338cfcab98fbf424638230e3841a432249,54512
Q698K8,https://alphafold.ebi.ac.uk/files/AF-Q698K8-F1-model_v6.pdb,2026-10-08,6,84.75,2025-08-01T00:00:00Z,ok,065905a38339c261213b63f629a43f3ef195d39130f82dac548bf6bb3c660e51,205253
Q69CJ8,https://alphafold.ebi.ac.uk/files/AF-Q69CJ8-F1-model_v6.pdb,2026-10-08,6,88.75,2025-08-01T00:00:00Z,ok,4e3734cbd8ae4e92946faeb0a00ab01b575ee07cb52473418b8130446c0ca4bd,57185
Q69CK0,https://alphafold.ebi.ac.uk/files/AF-Q69CK0-F1-model_v6.pdb,2026-10-08,6,89.25,2025-08-01T00:00:00Z,ok,a2db93c327275b62ae32f9e59b0a382a59860e1888ef69639e203f71e12ac8b4,56456
Q6A336,https://alphafold.ebi.ac.uk/files/AF-Q6A336-F1-model_v6.pdb,2026-10-08,6,90.19,2022-06-01T00:00:00Z,ok,0885639d36832c6a3de4f34bc8646b98f8920923dedfb4ceff14a4dbce246420,93230
Q6A337,https://alphafold.ebi.ac.uk/files/AF-Q6A337-F1-model_v6.pdb,2026-10-08,6,90.31,2022-06-01T00:00:00Z,ok,16da565f5b58e5ab978a5b1c28fed1e7e23b01865052207e9c9fed7a63cf8a76,92744
Q6A338,https://alphafold.ebi.ac.uk/files/AF-Q6A338-F1-model_v6.pdb,2026-10-08,6,90.31,2022-06-01T00:00:00Z,ok,91ddc0a380c68ac117b45739964b396769fed0ce37c5f081b461f9d76ad2b9d4,93068
Q6A339,https://alphafold.ebi.ac.uk/files/AF-Q6A339-F1-model_v6.pdb,2026-10-08,6,90.06,2022-06-01T00:00:00Z,ok,a53a0a004330e205d2ba750f88b37ecbe2ef620d8f019483f1f7b772354783d6,92987
Q6A342,https://alphafold.ebi.ac.uk/files/AF-Q6A342-F1-model_v6.pdb,2026-10-08,6,90.25,2022-06-01T00:00:00Z,ok,756d7eb45cc62a1d4119762a1b7f2610b19d8549f510562709b9cc6c458a6f85,93716
Q6A346,https://alphafold.ebi.ac.uk/files/AF-Q6A346-F1-model_v6.pdb,2026-10-08,6,90.31,2022-06-01T00:00:00Z,ok,8be5293830ebb936dfb011b81ecdb200dce456c8c674a3b141014238aec0f3df,92744
Q6A349,https://alphafold.ebi.ac.uk/files/AF-Q6A349-F1-model_v6.pdb,2026-10-08,6,90.19,2022-06-01T00:00:00Z,ok,32774258364b7d038b48ac5116ecb88def17828b57d90cbaada01595950b6767,92906
Q6A351,https://alphafold.ebi.ac.uk/files/AF-Q6A351-F1-model_v6.pdb,2026-10-08,6,90.12,2022-06-01T00:00:00Z,ok,772cf3568caac187c9fd866ddc92fd15565db2ad759559735296d2ef855e9a6d,93068
Q6A352,https://alphafold.ebi.ac.uk/files/AF-Q6A352-F1-model_v6.pdb,2026-10-08,6,90.12,2022-06-01T00:00:00Z,ok,dcde8e79b4bd5cc99bca50921a1f86e6c13e6e593dba48569ca4d6084020380a,92663
Q6A356,https://alphafold.ebi.ac.uk/files/AF-Q6A356-F1-model_v6.pdb,2026-10-08,6,90.25,2022-06-01T00:00:00Z,ok,8e38716f556cba1c804a70740e3f5b02ca26a7577c8eb2ff74e11de9cc7208ae,92744
Q6A359,https://alphafold.ebi.ac.uk/files/AF-Q6A359-F1-model_v6.pdb,2026-10-08,6,89.38,2022-06-01T00:00:00Z,ok,bf75e2867e0c68ca6b739b33fda7852e59370372a19290d9f4a89fe7550f18c6,92420
Q6A360,https://alphafold.ebi.ac.uk/files/AF-Q6A360-F1-model_v6.pdb,2026-10-08,6,89.38,2022-06-01T00:00:00Z,ok,bf065b98d44df4bd7007d86c8244b86717299241423935ccb981f2d496d9c030,92177
Q6A361,https://alphafold.ebi.ac.uk/files/AF-Q6A361-F1-model_v6.pdb,2026-10-08,6,90.44,2022-06-01T00:00:00Z,ok,e6df88c9626f7d86f839c3b3c2923e5226ba23b3ef3a5e167e0013116e9a62f9,91772
Q6A362,https://alphafold.ebi.ac.uk/files/AF-Q6A362-F1-model_v6.pdb,2026-10-08,6,89.31,2022-06-01T00:00:00Z,ok,bb471c934e4a67f695f0a9eba9b0274846783164accd611c19d2d3a953bc5d16,92015
Q6A363,https://alphafold.ebi.ac.uk/files/AF-Q6A363-F1-model_v6.pdb,2026-10-08,6,89.38,2022-06-01T00:00:00Z,ok,103f8a5fb0ca26b495b869bcae6dc36d5501ca220074e5b118b2f49a22d9027c,91124
Q6A364,https://alphafold.ebi.ac.uk/files/AF-Q6A364-F1-model_v6.pdb,2026-10-08,6,89.44,2022-06-01T00:00:00Z,ok,5f8712f92715343065833fc28ce60602f6c86c7aad7aa125224875ca96cf8573,91610
Q6A367,https://alphafold.ebi.ac.uk/files/AF-Q6A367-F1-model_v6.pdb,2026-10-08,6,88.31,2022-06-01T00:00:00Z,ok,76f736ba8db2989980b06360d1a60e1f6dec46dd1c152d02e61965c2990f5591,92258
Q6A368,https://alphafold.ebi.ac.uk/files/AF-Q6A368-F1-model_v6.pdb,2026-10-08,6,88.31,2022-06-01T00:00:00Z,ok,828e46d66f90a7a424b2261f6e215e0444ec12f8b1b1c07f9a038d3f3627caef,92744
Q6A369,https://alphafold.ebi.ac.uk/files/AF-Q6A369-F1-model_v6.pdb,2026-10-08,6,88.44,2022-06-01T00:00:00Z,ok,5d65bfa924574ed404c00e1856c9a4ceffce683629b0809b1ef258ee8564ccb5,92501
Q6A370,https://alphafold.ebi.ac.uk/files/AF-Q6A370-F1-model_v6.pdb,2026-10-08,6,87.5,2022-06-01T00:00:00Z,ok,f63e67c463ee6e7aec555c71ab1d2f3a8af6b8fd7379dad2049785d0ff9b3ee6,92582
Q6A371,https://alphafold.ebi.ac.uk/files/AF-Q6A371-F1-model_v6.pdb,2026-10-08,6,88.31,2022-06-01T00:00:00Z,ok,5f11fcec28f106248bc74c2184c335fa3eb2440c37647611dec07bebc1afba65,92582
Q6A373,https://alphafold.ebi.ac.uk/files/AF-Q6A373-F1-model_v6.pdb,2026-10-08,6,88.44,2022-06-01T00:00:00Z,ok,4878cb14be91efcd7c90427ab9c6f6f41f91c31549fca24bb2fb196b93104f48,92258
Q6A374,https://alphafold.ebi.ac.uk/files/AF-Q6A374-F1-model_v6.pdb,2026-10-08,6,88.5,2022-06-01T00:00:00Z,ok,35816e17adb5980dbec9eb18649c49c5c5dcb98327ba495249c986b094b916ad,92258
Q6A376,https://alphafold.ebi.ac.uk/files/AF-Q6A376-F1-model_v6.pdb,2026-10-08,6,88.62,2022-06-01T00:00:00Z,ok,27cbd3f4430ee7323d67c82a15c43e17aedcac77853ee1428137974fe6c15d03,92663
Q6A378,https://alphafold.ebi.ac.uk/files/AF-Q6A378-F1-model_v6.pdb,2026-10-08,6,88.31,2022-06-01T00:00:00Z,ok,557341ed10c07d099d5f55e4ed96be2146b0e550a60787e03af4d4f46cc1f890,92663
Q6A380,https://alphafold.ebi.ac.uk/files/AF-Q6A380-F1-model_v6.pdb,2026-10-08,6,88.5,2022-06-01T00:00:00Z,ok,c8ab4de9e1f3d3874390e6470de37df5141b0b130c2cd26447823bcbf8b1f48b,92420
Q6A381,https://alphafold.ebi.ac.uk/files/AF-Q6A381-F1-model_v6.pdb,2026-10-08,6,88.06,2022-06-01T00:00:00Z,ok,9e49b29002f6dac86c66b818aa5621d0aadd0038d53979b2192e0a29f741f62a,92501
Q6A382,https://alphafold.ebi.ac.uk/files/AF-Q6A382-F1-model_v6.pdb,2026-10-08,6,88.12,2022-06-01T00:00:00Z,ok,df092556e9bb0a0b3fac1117fb12fcbc0c5e7f76b8caa6041a24eaeca8b989a0,92501
Q6A383,https://alphafold.ebi.ac.uk/files/AF-Q6A383-F1-model_v6.pdb,2026-10-08,6,88.38,2022-06-01T00:00:00Z,ok,c7c40188b8cc862da5c53b6c668469a92916c26f8ccd31836f31d095ef403bc9,92825
Q6A385,https://alphafold.ebi.ac.uk/files/AF-Q6A385-F1-model_v6.pdb,2026-10-08,6,88.62,2022-06-01T00:00:00Z,ok,ba3805e8f46c464549092f7a8c8a3b26806a51555a4c72130106792d816af057,92906
Q6A386,https://alphafold.ebi.ac.uk/files/AF-Q6A386-F1-model_v6.pdb,2026-10-08,6,88.44,2022-06-01T00:00:00Z,ok,7e0db000507b20d277334ca70558c507eafe90bf6572b91e3174c614774050cb,92825
Q6A387,https://alphafold.ebi.ac.uk/files/AF-Q6A387-F1-model_v6.pdb,2026-10-08,6,88.44,2022-06-01T00:00:00Z,ok,4b1b045e4bedf42e32f4d16628e9d440435b4dfe64434efb42cdaae74efd5fbb,92663
Q6A388,https://alphafold.ebi.ac.uk/files/AF-Q6A388-F1-model_v6.pdb,2026-10-08,6,88.69,2022-06-01T00:00:00Z,ok,3e744292e34b77c822ddc01da3555f9e154a414c7d14be7cfd1e31ecab3394b2,92258
Q6A389,https://alphafold.ebi.ac.uk/files/AF-Q6A389-F1-model_v6.pdb,2026-10-08,6,87.69,2022-06-01T00:00:00Z,ok,594a4b0857147884bef1c245e08161b3213b1ad474a9a5a8f2f71036cada166b,92663
Q6A390,https://alphafold.ebi.ac.uk/files/AF-Q6A390-F1-model_v6.pdb,2026-10-08,6,88.81,2022-06-01T00:00:00Z,ok,8ad8981cd05984f642a003bbeda29110374d6e404c897bfe6e78e711b443fda3,92177
Q6A391,https://alphafold.ebi.ac.uk/files/AF-Q6A391-F1-model_v6.pdb,2026-10-08,6,88.19,2022-06-01T00:00:00Z,ok,4e14325038a935a05d9b08026d35237e603e873dfad47e4d2dd97b2c2522184f,91772
Q6A392,https://alphafold.ebi.ac.uk/files/AF-Q6A392-F1-model_v6.pdb,2026-10-08,6,88.88,2022-06-01T00:00:00Z,ok,b00c5d519d36a838c16523e7f027d88016a34de247d34c8e99b145fb9164a040,92420
Q6A394,https://alphafold.ebi.ac.uk/files/AF-Q6A394-F1-model_v6.pdb,2026-10-08,6,88.62,2022-06-01T00:00:00Z,ok,6a3cf7cf66412ec9ae151d1085ec20730f85719dc40d66069b9eb75fa00a3031,92258
Q6A3B8,https://alphafold.ebi.ac.uk/files/AF-Q6A3B8-F1-model_v6.pdb,2026-10-08,6,89.06,2022-06-01T00:00:00Z,ok,08a8b7820375ad3023b5d3cdbf94e56b29f18b56a39ecb13b64fa8514e7926c8,90557
Q6A3C3,https://alphafold.ebi.ac.uk/files/AF-Q6A3C3-F1-model_v6.pdb,2026-10-08,6,88.31,2022-06-01T00:00:00Z,ok,59939b05819d8bf80c553279a7fa49d6cd14a6f32c871c07b2ce3a71133b76d7,90719
Q6A3M8,https://alphafold.ebi.ac.uk/files/AF-Q6A3M8-F1-model_v6.pdb,2026-10-08,6,87.31,2022-06-01T00:00:00Z,ok,e7e8e10a2833a5902c91dd700d73c80aee9a56217027dacc384252e8b6e69106,92015
Q6A3M9,https://alphafold.ebi.ac.uk/files/AF-Q6A3M9-F1-model_v6.pdb,2026-10-08,6,85.5,2022-06-01T00:00:00Z,ok,92611164f35b6d61bc92d93d39f4f1a47b15b4f5697221f10d490372c935a679,91772
Q6A3N1,https://alphafold.ebi.ac.uk/files/AF-Q6A3N1-F1-model_v6.pdb,2026-10-08,6,80.94,2022-06-01T00:00:00Z,ok,6383f5478124654f3983398b654b231be7776a713bd148381bfd9d9109e6ece9,84806
Q6A3N2,https://alphafold.ebi.ac.uk/files/AF-Q6A3N2-F1-model_v6.pdb,2026-10-08,6,81.94,2022-06-01T00:00:00Z,ok,363c6b91f880615abd9a96993a3a1ee0ab731c9cec51fc02f611bfbad86c98d4,85211
Q6A3N6,https://alphafold.ebi.ac.uk/files/AF-Q6A3N6-F1-model_v6.pdb,2026-10-08,6,88.44,2022-06-01T00:00:00Z,ok,6a280662a5427cd0a183ed7b0316f2e74895f77bbd8015a33193256aa845fe54,91529
Q6A3N9,https://alphafold.ebi.ac.uk/files/AF-Q6A3N9-F1-model_v6.pdb,2026-10-08,6,88.06,2022-06-01T00:00:00Z,ok,5b5ec38adaf20d12360746283e6c782bee333022f443b8d888589e298a8cd9de,91853
Q6A3P1,https://alphafold.ebi.ac.uk/files/AF-Q6A3P1-F1-model_v6.pdb,2026-10-08,6,90.19,2022-06-01T00:00:00Z,ok,b20a17837ea9aa9af6ace5de07033b84f9bcff1fbb0bfac7738a78d4a7ba558e,91043
Q6EER4,https://alphafold.ebi.ac.uk/files/AF-Q6EER4-F1-model_v6.pdb,2026-10-08,6,91.12,2025-08-01T00:00:00Z,ok,faa965313bb468ae35c3a1d2dd5389957ee2d0a0e293ddcc1800a8a97a2555a0,92339
Q6EER5,https://alphafold.ebi.ac.uk/files/AF-Q6EER5-F1-model_v6.pdb,2026-10-08,6,96.81,2025-08-01T00:00:00Z,ok,cc6614d11a96d17df1b2f2b88a7f5187f4e480cab7c61676f5e7a214c1a79aea,83672
Q6EER6,https://alphafold.ebi.ac.uk/files/AF-Q6EER6-F1-model_v6.pdb,2026-10-08,6,96.81,2025-08-01T00:00:00Z,ok,d2aae54162484f2113a0a9125480c3fccd8a324aabe597d7793b8af16dbef4c9,82943
Q6H3C5,https://alphafold.ebi.ac.uk/files/AF-Q6H3C5-F1-model_v6.pdb,2026-10-08,6,96.88,2025-08-01T00:00:00Z,ok,5df2a9bca2309ea19babbb43c485e0dc2d28199677078e64dd062fa836ac726a,82700
Q6H3C6,https://alphafold.ebi.ac.uk/files/AF-Q6H3C6-F1-model_v6.pdb,2026-10-08,6,96.31,2025-08-01T00:00:00Z,ok,4065d13f580436aef2786a7ec070788820ed656311360b67af858b0c9bfcfa04,82295
Q6H3C7,https://alphafold.ebi.ac.uk/files/AF-Q6H3C7-F1-model_v6.pdb,2026-10-08,6,90.94,2025-08-01T00:00:00Z,ok,3fcd91fa6ceda64bf414fbd11fb734b30a159a5d9efab714a0edd2e1ee6b2e88,93149
Q6H3C8,https://alphafold.ebi.ac.uk/files/AF-Q6H3C8-F1-model_v6.pdb,2026-10-08,6,90.19,2025-08-01T00:00:00Z,ok,2d8a8c45bdd42fe7d248bb4c92d3ff48b8e4ad83ff947349f3d74d74c1172240,93230
Q6H3C9,https://alphafold.ebi.ac.uk/files/AF-Q6H3C9-F1-model_v6.pdb,2026-10-08,6,91.25,2025-08-01T00:00:00Z,ok,0729dc484acada802b7762b9a6cd7b29a1a748c25973118bb937aed2e320217d,92258
Q6H3D0,https://alphafold.ebi.ac.uk/files/AF-Q6H3D0-F1-model_v6.pdb,2026-10-08,6,90.56,2025-08-01T00:00:00Z,ok,7a11004889818b39b3af53902e0bc856f22155d59bc36fe839d7106b4ce133e2,92339
Q6H3D1,https://alphafold.ebi.ac.uk/files/AF-Q6H3D1-F1-model_v6.pdb,2026-10-08,6,96.75,2025-08-01T00:00:00Z,ok,7049f912ceffd0d533d9373111dcb42abd24df2c31e512ef49181b8f4ce51d54,82052
Q6H3D2,https://alphafold.ebi.ac.uk/files/AF-Q6H3D2-F1-model_v6.pdb,2026-10-08,6,87.81,2025-08-01T00:00:00Z,ok,9832a43f16287b0c9c0736792e47d528fd9a4f5499824c2ba49e125d7d97e275,92906
Q6H3D3,https://alphafold.ebi.ac.uk/files/AF-Q6H3D3-F1-model_v6.pdb,2026-10-08,6,88.56,2025-08-01T00:00:00Z,ok,4d2748d200ffaddb177d41e83b3db02751611f51326e719c9cd74d79564ee0f0,92825
Q6H3D4,https://alphafold.ebi.ac.uk/files/AF-Q6H3D4-F1-model_v6.pdb,2026-10-08,6,88.62,2025-08-01T00:00:00Z,ok,e638aa90048a3b19bb9c5c25d61e5c3bd78cc36ce6f79c08061350ebfb3ff5c9,92906
Q6H3D5,https://alphafold.ebi.ac.uk/files/AF-Q6H3D5-F1-model_v6.pdb,2026-10-08,6,89.94,2025-08-01T00:00:00Z,ok,671ff9d8916c063eba8fb3b6ebe674b81a74e58d0718f1b6bb608e52174e0f0d,92663
Q6H3D6,https://alphafold.ebi.ac.uk/files/AF-Q6H3D6-F1-model_v6.pdb,2026-10-08,6,89.0,2025-08-01T00:00:00Z,ok,bba1e2238ae44026bac6bca787c3f71ea79b7474f9c41ff84e9bc2d410e55641,91691
Q6H3D7,https://alphafold.ebi.ac.uk/files/AF-Q6H3D7-F1-model_v6.pdb,2026-10-08,6,89.81,2025-08-01T00:00:00Z,ok,e063bbb400db622eae6b59a55e8a1d638d2b59c10ecf012cdd93a2369d232ab7,90476
Q6ITB0,https://alphafold.ebi.ac.uk/files/AF-Q6ITB0-F1-model_v6.pdb,2026-10-08,6,89.06,2025-08-01T00:00:00Z,ok,d6a37344423cd25dc8cdd4d679bb5f0a864d8b2874b3a0795098ad4e854337d4,57185
Q6ITB1,https://alphafold.ebi.ac.uk/files/AF-Q6ITB1-F1-model_v6.pdb,2026-10-08,6,89.12,2025-08-01T00:00:00Z,ok,6de80070d3bbd370c78365cd29d4ae02549e588dfec2771bc7be12c97ec1a96d,57185
Q6ITB8,https://alphafold.ebi.ac.uk/files/AF-Q6ITB8-F1-model_v6.pdb,2026-10-08,6,88.56,2025-08-01T00:00:00Z,ok,b31d7ab90ce6893f8dedb193d7b0c5dd97f8412ade8081425770f59d15d830cb,56375
Q6ITB9,https://alphafold.ebi.ac.uk/files/AF-Q6ITB9-F1-model_v6.pdb,2026-10-08,6,88.75,2025-08-01T00:00:00Z,ok,147b9ac6e9994b21a87556d507924208d1891225c01fc9227dd64eb7bfaf6cb0,56051
Q6ITC0,https://alphafold.ebi.ac.uk/files/AF-Q6ITC0-F1-model_v6.pdb,2026-10-08,6,89.56,2025-08-01T00:00:00Z,ok,f43ef6d3886d4db2d94baa9758d86d9ace4afd4fb0969f0999b7f3ec97bd7f52,56780
Q6ITC1,https://alphafold.ebi.ac.uk/files/AF-Q6ITC1-F1-model_v6.pdb,2026-10-08,6,90.38,2025-08-01T00:00:00Z,ok,9a2df02ebd0b0f80c8584efa91157a171d1c9e07daef0de6e4d63ae5a42f2d1b,56699
Q6IWF1,https://alphafold.ebi.ac.uk/files/AF-Q6IWF1-F1-model_v6.pdb,2026-10-08,6,95.19,2025-08-01T00:00:00Z,ok,bc0855d27552300d770b6c47930658f9c29b6e72264a3c6c72f91f36d713894c,150902
Q6IZ95,https://alphafold.ebi.ac.uk/files/AF-Q6IZ95-F1-model_v6.pdb,2026-10-08,6,89.19,2025-08-01T00:00:00Z,ok,6441fbd608a57d59fdd36563caa200a8342ea7cd2e362708398c2e3266496e4e,58886
Q6JK69,https://alphafold.ebi.ac.uk/files/AF-Q6JK69-F1-model_v6.pdb,2026-10-08,6,88.75,2025-08-01T00:00:00Z,ok,7b60f4c8eaf060d0c48e0a6378e43cfd52f0590c12f96c97bc4d0b7618509947,92258
Q6LEM5,https://alphafold.ebi.ac.uk/files/AF-Q6LEM5-F1-model_v6.pdb,2026-10-08,6,46.91,2025-08-01T00:00:00Z,ok,5d62eb95122dc1af6a4b55799e9c73c79a49e7a92c441dde84afcab6384e10ac,159083
Q6SLM0,https://alphafold.ebi.ac.uk/files/AF-Q6SLM0-F1-model_v6.pdb,2026-10-08,6,90.31,2025-08-01T00:00:00Z,ok,76e65b95610a4be3352158a4c02adb0dee6360f8bded6f370f144cbfb3b60d36,88127
Q6SLM1,https://alphafold.ebi.ac.uk/files/AF-Q6SLM1-F1-model_v6.pdb,2026-10-08,6,89.81,2025-08-01T00:00:00Z,ok,3b18a8ac33df612bfa4c645999f2c0f2a71781d7084f2e7a12dde83baa5d2416,88127
Q6SLM2,https://alphafold.ebi.ac.uk/files/AF-Q6SLM2-F1-model_v6.pdb,2026-10-08,6,89.69,2025-08-01T00:00:00Z,ok,06e4832bbe3a57759c53db92de4f979fde687e3dde17a21f95754b71259ee311,89261
Q6STF1,https://alphafold.ebi.ac.uk/files/AF-Q6STF1-F1-model_v6.pdb,2026-10-08,6,95.44,2025-08-01T00:00:00Z,ok,e982147e4bbd5d59b8ec8f08861f3b3d41d553595d92af059832cc5171e36f94,333233
Q6T179,https://alphafold.ebi.ac.uk/files/AF-Q6T179-F1-model_v6.pdb,2026-10-08,6,93.5,2025-08-01T00:00:00Z,ok,11e28fab15009fa6d83ecdfcaa39f20f1a8f74bd8c141a95e0fb40d1df9f78a8,84644
Q6T270,https://alphafold.ebi.ac.uk/files/AF-Q6T270-F1-model_v6.pdb,2026-10-08,6,91.56,2022-06-01T00:00:00Z,ok,8b534499452875c362ce5ff40c5882ad1e7d64cb4cd27a2d066038b4708c4561,143288
Q6T271,https://alphafold.ebi.ac.uk/files/AF-Q6T271-F1-model_v6.pdb,2026-10-08,6,82.88,2025-08-01T00:00:00Z,ok,93339c438003d13b4ca008ac4ff79cc83dc2a3e1d0cb9cf13c104448d31f43be,213515
Q6T627,https://alphafold.ebi.ac.uk/files/AF-Q6T627-F1-model_v6.pdb,2026-10-08,6,97.25,2025-08-01T00:00:00Z,ok,ced1b81d5f36b9addeffc70f9e49a885907d88f2064f856bee1aad0f495d7008,46331
Q6T6S7,https://alphafold.ebi.ac.uk/files/AF-Q6T6S7-F1-model_v6.pdb,2026-10-08,6,88.44,2025-08-01T00:00:00Z,ok,696147d0d5eba8e2bb47bc86d7dfb5f638e0b380f98d5f3accf6bf6413c7a896,170180
Q6T6T1,https://alphafold.ebi.ac.uk/files/AF-Q6T6T1-F1-model_v6.pdb,2026-10-08,6,93.81,2022-06-01T00:00:00Z,ok,37e621a1350502030ad826ebb55ddf449f1add8d35ef5dc6793a56e2b5f7f5e1,30050
Q6T6T2,https://alphafold.ebi.ac.uk/files/AF-Q6T6T2-F1-model_v6.pdb,2026-10-08,6,72.38,2025-08-01T00:00:00Z,ok,a8f31f5d85d86b41401e65e048658560ca7f327cd25ebc17c22cd0723dac5995,82052
Q6T6T3,https://alphafold.ebi.ac.uk/files/AF-Q6T6T3-F1-model_v6.pdb,2026-10-08,6,72.75,2025-08-01T00:00:00Z,ok,aea541d19b9dc56703bec103dadcb926358f68899101d9df7f39e8c36c24f262,82214
Q6T7B5,https://alphafold.ebi.ac.uk/files/AF-Q6T7B5-F1-model_v6.pdb,2026-10-08,6,88.06,2025-08-01T00:00:00Z,ok,f826d68b6dafb735299bfa7979a59011a1ccd51d210c00692d6fa3f5b7fb2c39,108296
Q6T7B6,https://alphafold.ebi.ac.uk/files/AF-Q6T7B6-F1-model_v6.pdb,2026-10-08,6,88.06,2025-08-01T00:00:00Z,ok,09815bdc7a0a6e90adeccd482694fe66127837ed6ef693e08d184164ffe33e6d,108377
Q6TAR6,https://alphafold.ebi.ac.uk/files/AF-Q6TAR6-F1-model_v6.pdb,2026-10-08,6,94.12,2022-06-01T00:00:00Z,ok,0dda61cc041f46b2171b7b58a2ffedf86b0ccac53b8fecd54dfd9b20a2ff3eea,26486
Q6TAR7,https://alphafold.ebi.ac.uk/files/AF-Q6TAR7-F1-model_v6.pdb,2026-10-08,6,86.56,2022-06-01T00:00:00Z,ok,4ea5e43f5bcd9cc4e19c4c0c5a40fd10b2adea5d3f0ee6d4c987c74a5cf2c47d,88613
Q6TGQ8,https://alphafold.ebi.ac.uk/files/AF-Q6TGQ8-F1-model_v6.pdb,2026-10-08,6,95.75,2025-08-01T00:00:00Z,ok,51cd84329d65971c54318f063f63541c773dc4f2f3a5103ffec97a934f6119fa,331775
Q6TGQ9,https://alphafold.ebi.ac.uk/files/AF-Q6TGQ9-F1-model_v6.pdb,2026-10-08,6,95.06,2025-08-01T00:00:00Z,ok,6394f672ef3fb22d46486e2632143f46facf9a1cae3c1d6d11cd40114fbe23d4,328616
Q6TPG9,https://alphafold.ebi.ac.uk/files/AF-Q6TPG9-F1-model_v6.pdb,2026-10-08,6,89.81,2025-08-01T00:00:00Z,ok,30cb520ecba2ee6c2ede565ae12aafab8b372d15d36b3c8f9ab9ea7a1a982704,101735
Q6TPH0,https://alphafold.ebi.ac.uk/files/AF-Q6TPH0-F1-model_v6.pdb,2026-10-08,6,90.5,2025-08-01T00:00:00Z,ok,1d6273758a46910118aeb218c9c8227bec6aa926fe89881f201e1e522eccda40,108458
Q6WP39,https://alphafold.ebi.ac.uk/files/AF-Q6WP39-F1-model_v6.pdb,2026-10-08,6,93.94,2025-08-01T00:00:00Z,ok,b4249781c8c8417d3d74fdd07c95849b98dbb407cd3279577aa358edd6498784,341738
Q6X1T6,https://alphafold.ebi.ac.uk/files/AF-Q6X1T6-F1-model_v6.pdb,2026-10-08,6,89.06,2025-08-01T00:00:00Z,ok,b1ceb5c3b3504d23f81bf67eb55d4b13ebc08e52dcbd7edd32371606250d6cdf,332909
Q6X5S0,https://alphafold.ebi.ac.uk/files/AF-Q6X5S0-F1-model_v6.pdb,2026-10-08,6,86.75,2025-08-01T00:00:00Z,ok,78b9606f08229cb7d4490c00051be8a9277e3364dc76bed196823cade617cae5,103193
Q6X5S1,https://alphafold.ebi.ac.uk/files/AF-Q6X5S1-F1-model_v6.pdb,2026-10-08,6,86.56,2025-08-01T00:00:00Z,ok,78d8a712640f6c74ceaa3d870d6595388666987145b417b6d60c8e82f95dc14e,100520
Q6X5S2,https://alphafold.ebi.ac.uk/files/AF-Q6X5S2-F1-model_v6.pdb,2026-10-08,6,71.38,2025-08-01T00:00:00Z,ok,05fd42938be4421cb4cc4cabe6af713c123718b369d68c13a9bcb82aa03ebfac,101573
Q6X5S3,https://alphafold.ebi.ac.uk/files/AF-Q6X5S3-F1-model_v6.pdb,2026-10-08,6,85.75,2025-08-01T00:00:00Z,ok,a56e06c9e08293693354246dc29e5e66e562ce417000bce353f83eb74f8592e7,99872
Q6X5S4,https://alphafold.ebi.ac.uk/files/AF-Q6X5S4-F1-model_v6.pdb,2026-10-08,6,87.25,2025-08-01T00:00:00Z,ok,89b04d2ac08d26c98780b87991627b57cf6cba7ff30a4a194dfd19ae2a163e9a,100520
Q6X5S5,https://alphafold.ebi.ac.uk/files/AF-Q6X5S5-F1-model_v6.pdb,2026-10-08,6,85.56,2025-08-01T00:00:00Z,ok,491b829fb0bc8a252a4a33cc62987fba2349a963a345c221543ee663d960ef9c,101897
Q6X5S6,https://alphafold.ebi.ac.uk/files/AF-Q6X5S6-F1-model_v6.pdb,2026-10-08,6,69.19,2025-08-01T00:00:00Z,ok,ed3d410d5a8f844cbe216d595e3c4347c97de56342899c754e3977d1ca77b589,101330
Q6X5S7,https://alphafold.ebi.ac.uk/files/AF-Q6X5S7-F1-model_v6.pdb,2026-10-08,6,85.62,2025-08-01T00:00:00Z,ok,22684a1d9694b58887ffc18c798ee05bf8c054aa1402a5cc0f7c8f7d01f1f004,99872
Q6X5S8,https://alphafold.ebi.ac.uk/files/AF-Q6X5S8-F1-model_v6.pdb,2026-10-08,6,84.94,2025-08-01T00:00:00Z,ok,4746ac798d23abf25e6f9daceb536ba3365f757d71319829cc916bc10bdd485e,98333
Q6X5S9,https://alphafold.ebi.ac.uk/files/AF-Q6X5S9-F1-model_v6.pdb,2026-10-08,6,85.44,2025-08-01T00:00:00Z,ok,fd12f302c40f8fa594a71679684fbc037c770c412333c27858f0e38502549a9f,99872
Q6X5T0,https://alphafold.ebi.ac.uk/files/AF-Q6X5T0-F1-model_v6.pdb,2026-10-08,6,86.06,2025-08-01T00:00:00Z,ok,08fe0676e372cbb0b30ef66b31fe41add41cf332e1c3d7b8e21b9f416b1d3d19,99386
Q6X5T1,https://alphafold.ebi.ac.uk/files/AF-Q6X5T1-F1-model_v6.pdb,2026-10-08,6,85.56,2025-08-01T00:00:00Z,ok,627e20b90028e1d49d2fb0ba5d65c285617bbb730185ab57fe144c1c43df2c1c,99872
Q6X5T2,https://alphafold.ebi.ac.uk/files/AF-Q6X5T2-F1-model_v6.pdb,2026-10-08,6,85.12,2025-08-01T00:00:00Z,ok,9bc15db858c5b626cc5ddc5f6ab484d2514d9b7be5a51581d592d174039786bb,99062
Q6X5T3,https://alphafold.ebi.ac.uk/files/AF-Q6X5T3-F1-model_v6.pdb,2026-10-08,6,83.69,2025-08-01T00:00:00Z,ok,169297cfe1448caadf753d8708d35fc6e14f2e5a4dc43e038b12f3f5ca40033a,103193
Q6X5T4,https://alphafold.ebi.ac.uk/files/AF-Q6X5T4-F1-model_v6.pdb,2026-10-08,6,85.75,2025-08-01T00:00:00Z,ok,80ded9f7a22edf50dc90c5117ee8bc87c133886194c9b2155667112256421b07,103598
Q6X5T5,https://alphafold.ebi.ac.uk/files/AF-Q6X5T5-F1-model_v6.pdb,2026-10-08,6,85.81,2025-08-01T00:00:00Z,ok,444f8b7201f272a390f710d54073e77cd55d64e7bc66fdf5973eb2400dbbe06d,100034
Q6YCP0,https://alphafold.ebi.ac.uk/files/AF-Q6YCP0-F1-model_v6.pdb,2026-10-08,6,90.25,2022-06-01T00:00:00Z,ok,dc09b34e434d302d3bd12a7dcb6c4a48ac9e67118cda024189ad8b64dcbaedcc,92825
Q6YCP1,https://alphafold.ebi.ac.uk/files/AF-Q6YCP1-F1-model_v6.pdb,2026-10-08,6,90.19,2022-06-01T00:00:00Z,ok,f8b1f6212398e57bb1861ba43d0ca47fba4301ed8843e889f9181a75a87f0cf1,92825
Q6YIJ3,https://alphafold.ebi.ac.uk/files/AF-Q6YIJ3-F1-model_v6.pdb,2026-10-08,6,89.94,2025-08-01T00:00:00Z,ok,66898fcaaac8128c6c7dd1cc01fe0da389f5c4010d3a69f4e33f8ab372538c80,89666
Q6YNQ0,https://alphafold.ebi.ac.uk/files/AF-Q6YNQ0-F1-model_v6.pdb,2026-10-08,6,89.25,2025-08-01T00:00:00Z,ok,48e65f2ace013ce6b038b010dcb745d618b3a9944da5271394169352dff90589,89828
Q70WS8,https://alphafold.ebi.ac.uk/files/AF-Q70WS8-F1-model_v6.pdb,2026-10-08,6,89.44,2025-08-01T00:00:00Z,ok,174d83aa5b87f69b4acddc1d87c41687195a6a1e57d4d1c12cc8bca0aed365dc,57752
Q715Z8,https://alphafold.ebi.ac.uk/files/AF-Q715Z8-F1-model_v6.pdb,2026-10-08,6,90.19,2022-06-01T00:00:00Z,ok,ed46a93235a9e4207da22e5de84eea4ac70edd908294d2dab74cc3f5859dad79,91367
Q719L8,https://alphafold.ebi.ac.uk/files/AF-Q719L8-F1-model_v6.pdb,2026-10-08,6,89.5,2025-08-01T00:00:00Z,ok,821c15446e2e6dcae555090eb0d806b152e9a4a96ae05b5a3d59dd51557cd440,99953
Q719L9,https://alphafold.ebi.ac.uk/files/AF-Q719L9-F1-model_v6.pdb,2026-10-08,6,90.12,2025-08-01T00:00:00Z,ok,1149f4c1e720c641af99350443a2f48c22d94e164a2e970c039d98e323f0d54d,108944
Q71QE8,https://alphafold.ebi.ac.uk/files/AF-Q71QE8-F1-model_v6.pdb,2026-10-08,6,90.69,2025-08-01T00:00:00Z,ok,a31fd173ebc7bec15af81d6647cb41c055981f50588febd1783ed3d7bf274a50,95012
Q71QH5,https://alphafold.ebi.ac.uk/files/AF-Q71QH5-F1-model_v6.pdb,2026-10-08,6,89.44,2025-08-01T00:00:00Z,ok,e8579e3970da19639a255a5335a3816262a767ce01eec3d526ce79781db3fa42,165482
Q71QH6,https://alphafold.ebi.ac.uk/files/AF-Q71QH6-F1-model_v6.pdb,2026-10-08,6,88.5,2025-08-01T00:00:00Z,ok,b7db7138ea7492c9c7a5ffcf98eb57a209979b1e71b3577ad076e1083cfa61bb,167021
Q71QH7,https://alphafold.ebi.ac.uk/files/AF-Q71QH7-F1-model_v6.pdb,2026-10-08,6,90.69,2025-08-01T00:00:00Z,ok,490c836bac2fba89a50ac7db01a3a3ba8e1e43c980f79c7a2932c3f24a2478a0,164186
Q71QH8,https://alphafold.ebi.ac.uk/files/AF-Q71QH8-F1-model_v6.pdb,2026-10-08,6,88.81,2022-06-01T00:00:00Z,ok,378a3501c704b99b421b2207960481acf81441c294624717692ea126c2cc71d2,169937
Q71QH9,https://alphafold.ebi.ac.uk/files/AF-Q71QH9-F1-model_v6.pdb,2026-10-08,6,88.5,2025-08-01T00:00:00Z,ok,2e3120fecff61c215e39376d736187a0b7e19661d8a53b3ee9aa476df55e5bb8,167345
Q71QI0,https://alphafold.ebi.ac.uk/files/AF-Q71QI0-F1-model_v6.pdb,2026-10-08,6,88.38,2025-08-01T00:00:00Z,ok,c03a284580a85c5c655d304f89bcb1b14fff1e4ab871270ffee0207f91061df0,168641
Q71QI1,https://alphafold.ebi.ac.uk/files/AF-Q71QI1-F1-model_v6.pdb,2026-10-08,6,90.06,2025-08-01T00:00:00Z,ok,7b4797350d2cda6dc0940b6cb3c568a96c06fa3ff5c6d4479603f72310989085,167021
Q71QI2,https://alphafold.ebi.ac.uk/files/AF-Q71QI2-F1-model_v6.pdb,2026-10-08,6,89.06,2025-08-01T00:00:00Z,ok,cb3f20b68c94363ef1db17379487b4036530a284081439e27ffc2f5645560cd2,163295
Q71QI3,https://alphafold.ebi.ac.uk/files/AF-Q71QI3-F1-model_v6.pdb,2026-10-08,6,90.06,2025-08-01T00:00:00Z,ok,d3b5ee7e8840d81afbff9038f6a042fa2b87cf7eff500613662fb838f11588f2,170423
Q71QI4,https://alphafold.ebi.ac.uk/files/AF-Q71QI4-F1-model_v6.pdb,2026-10-08,6,88.69,2025-08-01T00:00:00Z,ok,1302171ae7eee05a312118879ac74afc3a878014b3ec29111fdbae0f11436c62,167345
Q71QI5,https://alphafold.ebi.ac.uk/files/AF-Q71QI5-F1-model_v6.pdb,2026-10-08,6,89.25,2025-08-01T00:00:00Z,ok,0ed783c93e0d00bc9d812e80b0615d013186bcdf2022bb6fe2ef62506eaf149d,165158
Q71QI6,https://alphafold.ebi.ac.uk/files/AF-Q71QI6-F1-model_v6.pdb,2026-10-08,6,90.5,2022-06-01T00:00:00Z,ok,8d620cc32e3c947114cad914637b965fcf940f3145dd8374bd7b73d75bce4511,166130
Q71QI7,https://alphafold.ebi.ac.uk/files/AF-Q71QI7-F1-model_v6.pdb,2026-10-08,6,89.38,2025-08-01T00:00:00Z,ok,587786c5befe30261745296f3b5c67fc183e1c925621b8a75816997b3a8c272e,164915
Q71QI8,https://alphafold.ebi.ac.uk/files/AF-Q71QI8-F1-model_v6.pdb,2026-10-08,6,89.56,2025-08-01T00:00:00Z,ok,f686427f533641bfc081d6dcd55a69118a43779c98571202a8db81d246389cab,165239
Q71QI9,https://alphafold.ebi.ac.uk/files/AF-Q71QI9-F1-model_v6.pdb,2026-10-08,6,90.31,2022-06-01T00:00:00Z,ok,fb4736fe2f72198c7f3b446f0920346a1d42121e065326d50318fa0613e72ec5,170018
Q71QJ0,https://alphafold.ebi.ac.uk/files/AF-Q71QJ0-F1-model_v6.pdb,2026-10-08,6,89.38,2025-08-01T00:00:00Z,ok,a6b324ed22a99a096b7fdd72d7f580b72147e77f41926e7c323f7165ca9f9a9e,164915
Q71QJ1,https://alphafold.ebi.ac.uk/files/AF-Q71QJ1-F1-model_v6.pdb,2026-10-08,6,90.44,2025-08-01T00:00:00Z,ok,54ad6bfff0500fb3649cc5d21cc677e3171cc2618fed490aa619f2c7fd46043b,165401
Q71QJ2,https://alphafold.ebi.ac.uk/files/AF-Q71QJ2-F1-model_v6.pdb,2026-10-08,6,88.44,2025-08-01T00:00:00Z,ok,cf4f4c248e8cba1ae471002cacaf3cfae5a28a66e8fcb30b91d02bafc5123261,167507
Q71QJ3,https://alphafold.ebi.ac.uk/files/AF-Q71QJ3-F1-model_v6.pdb,2026-10-08,6,90.12,2025-08-01T00:00:00Z,ok,722743f764a814d70d7830d27cb6b50a80dbedd8a682066077e354266d50a900,165239
Q71QJ4,https://alphafold.ebi.ac.uk/files/AF-Q71QJ4-F1-model_v6.pdb,2026-10-08,6,88.81,2025-08-01T00:00:00Z,ok,402d9a0b2c0e1fbe366dfddc92409498619349473235c1a5d368364a18cf0e72,168641
Q71RP8,https://alphafold.ebi.ac.uk/files/AF-Q71RP8-F1-model_v6.pdb,2026-10-08,6,90.25,2025-08-01T00:00:00Z,ok,97a4fdc14dbfb76331b0e953d97aa549b462961694935a6dd8e5672c83a23822,101654
Q71RP9,https://alphafold.ebi.ac.uk/files/AF-Q71RP9-F1-model_v6.pdb,2026-10-08,6,89.75,2025-08-01T00:00:00Z,ok,75e4de61e08d5213d46884dff9c602224bbf3a8cdefdb49f28ce8bdefe0f9d81,101492
Q71RQ0,https://alphafold.ebi.ac.uk/files/AF-Q71RQ0-F1-model_v6.pdb,2026-10-08,6,90.5,2025-08-01T00:00:00Z,ok,c757edaf722040351bdb825a7368f987a67ad501dd292417a932e6b87ef6a3a7,102059
Q71RQ1,https://alphafold.ebi.ac.uk/files/AF-Q71RQ1-F1-model_v6.pdb,2026-10-08,6,85.75,2025-08-01T00:00:00Z,ok,7bc482b489a1b24d6f5a33253d958b5326185d2f9b30f6e1e28885b61e57efd0,107972
Q71RQ7,https://alphafold.ebi.ac.uk/files/AF-Q71RQ7-F1-model_v6.pdb,2026-10-08,6,89.06,2025-08-01T00:00:00Z,ok,b180808e1dcd7a94a8751db33d587232685e08657151d9553b37f78bc5e7e2a6,107000
Q71RQ8,https://alphafold.ebi.ac.uk/files/AF-Q71RQ8-F1-model_v6.pdb,2026-10-08,6,89.06,2025-08-01T00:00:00Z,ok,f435fc79c809a976f90098aff47fd5406742138b81b940c6bba197d3d6f93880,101249
Q71RQ9,https://alphafold.ebi.ac.uk/files/AF-Q71RQ9-F1-model_v6.pdb,2026-10-08,6,90.12,2025-08-01T00:00:00Z,ok,ee13fdee367eed7eb4c86314542dc20e1529abc91935054d01b335f2fdaab523,101006
Q71RR0,https://alphafold.ebi.ac.uk/files/AF-Q71RR0-F1-model_v6.pdb,2026-10-08,6,92.75,2025-08-01T00:00:00Z,ok,06f5087e196707c8778bed8d7868f17add62f71acc3f5daad85c1a8f732f8558,90476
Q71RR1,https://alphafold.ebi.ac.uk/files/AF-Q71RR1-F1-model_v6.pdb,2026-10-08,6,90.25,2025-08-01T00:00:00Z,ok,e73cd6d2cd8948175ef873288a2fecec6f3e0abd4cb1ff2074b7bb37367e3c90,101168
Q71RR2,https://alphafold.ebi.ac.uk/files/AF-Q71RR2-F1-model_v6.pdb,2026-10-08,6,89.81,2025-08-01T00:00:00Z,ok,0be3e3c66a1f864f085a5f93353c211f72658ae78d5be43bc96e1564d9550fdf,100358
Q71RR4,https://alphafold.ebi.ac.uk/files/AF-Q71RR4-F1-model_v6.pdb,2026-10-08,6,88.44,2025-08-01T00:00:00Z,ok,cee2de9508a66fae050fc2890d41a1c02cb5bda0726397f94824005c3c0da877,102302
Q75S49,https://alphafold.ebi.ac.uk/files/AF-Q75S49-F1-model_v6.pdb,2026-10-08,6,91.5,2025-08-01T00:00:00Z,ok,9fcfea3cddd6b9d8d6c7457c9a8f99df2f851cc478fc712ddd41ae0c8162a92b,57671
Q75S50,https://alphafold.ebi.ac.uk/files/AF-Q75S50-F1-model_v6.pdb,2026-10-08,6,88.0,2025-08-01T00:00:00Z,ok,3ff8a94731d6241eb1ec5c7b8a36688cd5754eb29d052c30820600a95f66617e,59777
Q75S51,https://alphafold.ebi.ac.uk/files/AF-Q75S51-F1-model_v6.pdb,2026-10-08,6,87.81,2025-08-01T00:00:00Z,ok,1edeeb00d56c5ea773fd6d08f33933bb80cc3a25e2687de69a8970506437d6ed,97037
Q7LZ61,https://alphafold.ebi.ac.uk/files/AF-Q7LZ61-F1-model_v6.pdb,2026-10-08,6,85.44,2025-08-01T00:00:00Z,ok,812597c6c76a286df8e6e1e066530c33e443789a593b03dd0a831f38a925c23c,401273
Q7LZ71,https://alphafold.ebi.ac.uk/files/AF-Q7LZ71-F1-model_v6.pdb,2026-10-08,6,93.81,2025-08-01T00:00:00Z,ok,62e3616852ad191c6bb3789b25b9ae8c1c18b97e73913713fe0d552dda953f38,88208
Q7LZF5,https://alphafold.ebi.ac.uk/files/AF-Q7LZF5-F1-model_v6.pdb,2026-10-08,6,78.31,2025-08-01T00:00:00Z,ok,5c8a02b08e8abe84fb36198e4e3ae0c1fa0eef4fe069bcfb3caf41271ae24ce6,47222
Q7LZF6,https://alphafold.ebi.ac.uk/files/AF-Q7LZF6-F1-model_v6.pdb,2026-10-08,6,71.31,2025-08-01T00:00:00Z,ok,83f176d0a1c96b25c7f6b947a4cfacee21698ba2bf3e276cc88f6e6df3180a53,20573
Q7LZG2,https://alphafold.ebi.ac.uk/files/AF-Q7LZG2-F1-model_v6.pdb,2026-10-08,6,88.69,2025-08-01T00:00:00Z,ok,fde0494ec88dece9dfb66ff78fd61914ac87d5976eef04256e265d3859f198db,20573
Q7LZG3,https://alphafold.ebi.ac.uk/files/AF-Q7LZG3-F1-model_v6.pdb,2026-10-08,6,82.75,2025-08-01T00:00:00Z,ok,ce571ed54e9d45fd94480f557fbb65763781589b8aee2b8b002c42e46b54d642,26729
Q7LZI5,https://alphafold.ebi.ac.uk/files/AF-Q7LZI5-F1-model_v6.pdb,2026-10-08,6,85.0,2025-08-01T00:00:00Z,ok,9728302b7208bf7641da87ae329a9a31ec90de38947891852f843004ca5f84ba,45926
Q7LZK0,https://alphafold.ebi.ac.uk/files/AF-Q7LZK0-F1-model_v6.pdb,2026-10-08,6,88.19,2025-08-01T00:00:00Z,ok,3ba98842ada5d9ac93a97f20685ad83428e77316a54ee26fec60c914fb246001,34424
Q7LZK1,https://alphafold.ebi.ac.uk/files/AF-Q7LZK1-F1-model_v6.pdb,2026-10-08,6,87.81,2025-08-01T00:00:00Z,ok,40b872343497868fa374fb8bbd3050ee26162cd904496b90a0ccd79138c40481,35153
Q7LZK5,https://alphafold.ebi.ac.uk/files/AF-Q7LZK5-F1-model_v6.pdb,2026-10-08,6,90.12,2025-08-01T00:00:00Z,ok,5399b971a998eaabe6ece5765d584f5d338ae6f23328d0a6c2164fac082d1a93,89990
Q7LZK8,https://alphafold.ebi.ac.uk/files/AF-Q7LZK8-F1-model_v6.pdb,2026-10-08,6,91.06,2025-08-01T00:00:00Z,ok,619281ca10061de90a8a741127cb40d6edd88974b86aae0b1ae39373768f1697,89180
Q7LZQ4,https://alphafold.ebi.ac.uk/files/AF-Q7LZQ4-F1-model_v6.pdb,2026-10-08,6,97.0,2025-08-01T00:00:00Z,ok,1594b3124ba62b3e8b7c7e9cd98c10268c4f91ec62820df34b0afdd97a104688,83348
Q7LZQ5,https://alphafold.ebi.ac.uk/files/AF-Q7LZQ5-F1-model_v6.pdb,2026-10-08,6,94.38,2022-06-01T00:00:00Z,ok,c00b99093bf118928ee1508f5c84450f04fb035be5b8d6e5f815432883911881,37259
Q7LZQ6,https://alphafold.ebi.ac.uk/files/AF-Q7LZQ6-F1-model_v6.pdb,2026-10-08,6,75.62,2025-08-01T00:00:00Z,ok,6536fa11679a415ef7a514d9a3c949969d4ba0e872e59cb317980d1f6f1fea57,25433
Q7LZS9,https://alphafold.ebi.ac.uk/files/AF-Q7LZS9-F1-model_v6.pdb,2026-10-08,6,93.25,2025-08-01T00:00:00Z,ok,b9b4709577f44c439265f474f7bbc3f666a9113e05d69ed55e1bd3ee91e45afa,135593
Q7LZT4,https://alphafold.ebi.ac.uk/files/AF-Q7LZT4-F1-model_v6.pdb,2026-10-08,6,90.44,2025-08-01T00:00:00Z,ok,5998ce3f96c4e652b2f318e96269a802481d8a5b0cbf0f50b1c0bb9059be5876,45764
Q7SID6,https://alphafold.ebi.ac.uk/files/AF-Q7SID6-F1-model_v6.pdb,2026-10-08,6,96.88,2025-08-01T00:00:00Z,ok,c16a54c441250738ae188cbf3cd9d0b8492b34d9138bc6bd4a65f22f1d520853,83672
Q7SYF1,https://alphafold.ebi.ac.uk/files/AF-Q7SYF1-F1-model_v6.pdb,2026-10-08,6,89.81,2025-08-01T00:00:00Z,ok,e7914e4caec0f20487edca9a259b48ae45737fdded974ad0d265ee367220b665,164267
Q7SZD9,https://alphafold.ebi.ac.uk/files/AF-Q7SZD9-F1-model_v6.pdb,2026-10-08,6,83.81,2025-08-01T00:00:00Z,ok,a472d16ffd0d61f95f466d5b2aee9400b92564da65930b4411cb9883cd25573b,310067
Q7SZE0,https://alphafold.ebi.ac.uk/files/AF-Q7SZE0-F1-model_v6.pdb,2026-10-08,6,83.94,2025-08-01T00:00:00Z,ok,a4e8117f7a78e6aae82388df0f08400cc687f3a5a409d0829b7c3f58030139f2,313307
Q7SZE1,https://alphafold.ebi.ac.uk/files/AF-Q7SZE1-F1-model_v6.pdb,2026-10-08,6,90.5,2025-08-01T00:00:00Z,ok,36fbb210bb3401c837f3077b3aca97aeda4fe15aaa33adb2829dd0a37d16b489,165482
Q7SZE2,https://alphafold.ebi.ac.uk/files/AF-Q7SZE2-F1-model_v6.pdb,2026-10-08,6,96.5,2025-08-01T00:00:00Z,ok,08088b9cde4fc6d254dc58fbf8f00d2d3b26dbd0b47cbb739a81cd49494ca38e,149201
Q7SZN0,https://alphafold.ebi.ac.uk/files/AF-Q7SZN0-F1-model_v6.pdb,2026-10-08,6,83.56,2025-08-01T00:00:00Z,ok,dbe0559f3565fb0d90400972b1d181eb665ffff891372fada40a04da0eb24aab,961793
Q7SZV0,https://alphafold.ebi.ac.uk/files/AF-Q7SZV0-F1-model_v6.pdb,2026-10-08,6,94.38,2025-08-01T00:00:00Z,ok,950d7526a3e6a09ab4a1397e609e4385d370f4013f698bba72c76059ed4e59ed,83996
Q7T1C6,https://alphafold.ebi.ac.uk/files/AF-Q7T1C6-F1-model_v6.pdb,2026-10-08,6,90.12,2022-06-01T00:00:00Z,ok,7bdaa5f62455409e74262d105fe7ed16980d0f40923eea91de1c04baabb82030,92420
Q7T1K6,https://alphafold.ebi.ac.uk/files/AF-Q7T1K6-F1-model_v6.pdb,2026-10-08,6,93.75,2025-08-01T00:00:00Z,ok,3ca9370369581b83fff758f024ecf2af51a71502ad5f01f8b3ff7a55bf8940d1,157868
Q7T1M3,https://alphafold.ebi.ac.uk/files/AF-Q7T1M3-F1-model_v6.pdb,2026-10-08,6,46.44,2025-08-01T00:00:00Z,ok,d781245ff749f71adfbd540337bb82796b9e25269d6d4c13c13f37a9cfc7b599,97280
Q7T1M4,https://alphafold.ebi.ac.uk/files/AF-Q7T1M4-F1-model_v6.pdb,2026-10-08,6,51.19,2022-06-01T00:00:00Z,ok,6ea336864c7a377fccdb489ebc30401537b9fe5987a98d8167f89320ac766cc9,132515
Q7T1R0,https://alphafold.ebi.ac.uk/files/AF-Q7T1R0-F1-model_v6.pdb,2026-10-08,6,89.62,2025-08-01T00:00:00Z,ok,f361aa247bf88cb59bd41249ceaa144e989f16e01ec74ff7bfd8785bccd199cc,97199
Q7T1R1,https://alphafold.ebi.ac.uk/files/AF-Q7T1R1-F1-model_v6.pdb,2026-10-08,6,88.94,2025-08-01T00:00:00Z,ok,e538f2b0d02f1e1d3d9cb15e941873ce5f407693cd0697869a97301859469c6a,96065
Q7T1S0,https://alphafold.ebi.ac.uk/files/AF-Q7T1S0-F1-model_v6.pdb,2026-10-08,6,81.0,2022-06-01T00:00:00Z,ok,df320554467bc3ed4710c8ba9a165b13e4cf3d115c2ea098977053595a2fcb95,48032
Q7T1T3,https://alphafold.ebi.ac.uk/files/AF-Q7T1T3-F1-model_v6.pdb,2026-10-08,6,86.31,2022-06-01T00:00:00Z,ok,b5f38eb107661ff45014e88788ee5c895408079388f9288fea63345aa6060b55,156896
Q7T1T4,https://alphafold.ebi.ac.uk/files/AF-Q7T1T4-F1-model_v6.pdb,2026-10-08,6,87.0,2025-08-01T00:00:00Z,ok,e91bd313c9d7bb62452ba82218f48b0dfcb1f50e9671552438aa196489a08ec7,244862
Q7T1T5,https://alphafold.ebi.ac.uk/files/AF-Q7T1T5-F1-model_v6.pdb,2026-10-08,6,92.88,2022-06-01T00:00:00Z,ok,f844f57e9967d89f8ba415feb39933ca88fd507ab428a5e9f8419838f2711068,207359
Q7T229,https://alphafold.ebi.ac.uk/files/AF-Q7T229-F1-model_v6.pdb,2026-10-08,6,88.75,2025-08-01T00:00:00Z,ok,d437b8a080ec97a6dcd8b31d51e5396cf7117a36943e52986c0374a3c09ee797,168155
Q7T247,https://alphafold.ebi.ac.uk/files/AF-Q7T247-F1-model_v6.pdb,2026-10-08,6,87.19,2025-08-01T00:00:00Z,ok,f9adc31b81147d15dc5627ea2dad0d987dbddb071246f7e854d514e22e7a4980,103355
Q7T248,https://alphafold.ebi.ac.uk/files/AF-Q7T248-F1-model_v6.pdb,2026-10-08,6,82.0,2025-08-01T00:00:00Z,ok,cc2c252742583f9cf53ae55b604ca67f3a6d9b61ffaf1b391b3ac7008e6e7a69,94283
Q7T2Q6,https://alphafold.ebi.ac.uk/files/AF-Q7T2Q6-F1-model_v6.pdb,2026-10-08,6,90.81,2025-08-01T00:00:00Z,ok,ff6c26ae160700337c7858f8b48ff7146a796c8fd92e7f6ffb54b94f93361103,57266
Q7T2R1,https://alphafold.ebi.ac.uk/files/AF-Q7T2R1-F1-model_v6.pdb,2026-10-08,6,90.69,2025-08-01T00:00:00Z,ok,adf5dcfb732acb8483364a78f05e93eb59a9ff1c36519e2edd9fb58897f1908e,91205
Q7T3J2,https://alphafold.ebi.ac.uk/files/AF-Q7T3J2-F1-model_v6.pdb,2026-10-08,6,90.31,2025-08-01T00:00:00Z,ok,8347cb63ae4140d0a5a9de6a1cf2fbfa4744bc8a64a41fa9255c0f5d67679831,62126
Q7T3S7,https://alphafold.ebi.ac.uk/files/AF-Q7T3S7-F1-model_v6.pdb,2026-10-08,6,89.62,2025-08-01T00:00:00Z,ok,433fc95c9cd6029dfbfd6bc01d8540994c394eb8434cfaf10d8f7d7f784c2249,92258
Q7T3T5,https://alphafold.ebi.ac.uk/files/AF-Q7T3T5-F1-model_v6.pdb,2026-10-08,6,91.69,2025-08-01T00:00:00Z,ok,76ebed41ae408dc1198692f2cff83d22773b371454b49ca435d40ba147ec1297,88208
Q7ZT13,https://alphafold.ebi.ac.uk/files/AF-Q7ZT13-F1-model_v6.pdb,2026-10-08,6,87.19,2025-08-01T00:00:00Z,ok,0e820b2171e28063de42b85c8629cfa211a4da347fee0012df980eab38c1e81b,59534
Q7ZT98,https://alphafold.ebi.ac.uk/files/AF-Q7ZT98-F1-model_v6.pdb,2026-10-08,6,93.31,2025-08-01T00:00:00Z,ok,d0e1475836a366c583d93a9cc8ed94419f1088217b52689400327f8652b1062c,157706
Q7ZT99,https://alphafold.ebi.ac.uk/files/AF-Q7ZT99-F1-model_v6.pdb,2026-10-08,6,93.94,2025-08-01T00:00:00Z,ok,4d94bdb28816b6015cd4de996ffdfbd07b1e77c068fe909131b3c8a9fd41fecd,156491
Q7ZTA0,https://alphafold.ebi.ac.uk/files/AF-Q7ZTA0-F1-model_v6.pdb,2026-10-08,6,93.81,2025-08-01T00:00:00Z,ok,5848bdc5c59b7b7554aab8b78198e9c72f528a6023dc4668a3dc93252c5d01d0,156653
Q7ZTA6,https://alphafold.ebi.ac.uk/files/AF-Q7ZTA6-F1-model_v6.pdb,2026-10-08,6,90.81,2025-08-01T00:00:00Z,ok,0e77723ff4a809572aa38e6c50283e18a3517897b6c00dfe95e161e1c3e9d645,91853
Q7ZTA8,https://alphafold.ebi.ac.uk/files/AF-Q7ZTA8-F1-model_v6.pdb,2026-10-08,6,90.5,2025-08-01T00:00:00Z,ok,a12efe75af64690e514618eeb60eb3d9e1a3e8e2687076879a334bea50a1678b,91691
Q7ZZM2,https://alphafold.ebi.ac.uk/files/AF-Q7ZZM2-F1-model_v6.pdb,2026-10-08,6,65.12,2025-08-01T00:00:00Z,ok,87f82334980b6203ce70ec0a6e7bfe9e21aa25f64a4666e6437eec4b6ac576dc,71360
Q7ZZN8,https://alphafold.ebi.ac.uk/files/AF-Q7ZZN8-F1-model_v6.pdb,2026-10-08,6,93.06,2025-08-01T00:00:00Z,ok,84f96456fed9ac6953b2530437126ef22f9680a5a3ee4ef72b1286a46e5f9d6f,154061
Q7ZZN9,https://alphafold.ebi.ac.uk/files/AF-Q7ZZN9-F1-model_v6.pdb,2026-10-08,6,93.94,2025-08-01T00:00:00Z,ok,16e88805aedecc5425f550e671ea9dc7ccfb8473d7082463786e72df24680535,157544
Q7ZZS9,https://alphafold.ebi.ac.uk/files/AF-Q7ZZS9-F1-model_v6.pdb,2026-10-08,6,82.06,2025-08-01T00:00:00Z,ok,57a1f860bf36feff15b76ce802afaa7056d6ee8d79b932a602268b9d1eb562e3,311201
Q800C1,https://alphafold.ebi.ac.uk/files/AF-Q800C1-F1-model_v6.pdb,2026-10-08,6,90.25,2025-08-01T00:00:00Z,ok,c5b44717aeb73fc5b86da71d8f6b0171ba29b456fc27ce514fbdc86eb78a0e6a,92501
Q800C2,https://alphafold.ebi.ac.uk/files/AF-Q800C2-F1-model_v6.pdb,2026-10-08,6,90.38,2025-08-01T00:00:00Z,ok,1205c8f5c1d9594d14bca8a9fff96a93cf611b0c60cad516f5841b9e228c49d9,92501
Q800C3,https://alphafold.ebi.ac.uk/files/AF-Q800C3-F1-model_v6.pdb,2026-10-08,6,90.75,2025-08-01T00:00:00Z,ok,3ed805dc39a060d46b37f15be22e53ca5ddfea276e90d1a97f6b658bd9f9f36d,92987
Q800C4,https://alphafold.ebi.ac.uk/files/AF-Q800C4-F1-model_v6.pdb,2026-10-08,6,90.56,2025-08-01T00:00:00Z,ok,1b40cb14751d3dfe67a736592700004c9358f5df746acedc9e2774d8208a36e5,90800
Q800Y3,https://alphafold.ebi.ac.uk/files/AF-Q800Y3-F1-model_v6.pdb,2026-10-08,6,84.88,2025-08-01T00:00:00Z,ok,947c54775e20b1348ff90f357ff9058da5d5172d1abfc178150478902c680394,59453
Q801Z4,https://alphafold.ebi.ac.uk/files/AF-Q801Z4-F1-model_v6.pdb,2026-10-08,6,87.75,2025-08-01T00:00:00Z,ok,a3a49d1dfd36019476b292d355711e251798bd0f2d79bec7f593c7d6b597d4a7,49976
Q802B2,https://alphafold.ebi.ac.uk/files/AF-Q802B2-F1-model_v6.pdb,2026-10-08,6,90.06,2025-08-01T00:00:00Z,ok,40c7ff56371892f68109575c92d1d331c43413749e28541d7e1985de277dd15a,60020
Q802B3,https://alphafold.ebi.ac.uk/files/AF-Q802B3-F1-model_v6.pdb,2026-10-08,6,85.88,2025-08-01T00:00:00Z,ok,bb3003f860eb4c12c78956b62fef84f840dc47fa2c41bba8cdba46f78e22bd08,59048
Q802F0,https://alphafold.ebi.ac.uk/files/AF-Q802F0-F1-model_v6.pdb,2026-10-08,6,90.25,2025-08-01T00:00:00Z,ok,3aaf27f3c2447a2c456b163703c5338c0bc7c353728e829844caf980541ea77d,166049
Q805A2,https://alphafold.ebi.ac.uk/files/AF-Q805A2-F1-model_v6.pdb,2026-10-08,6,90.75,2025-08-01T00:00:00Z,ok,27740e73fbe8e3626014cb66ce086accd6bb46593fc1e8907666ebc6f7745461,93878
Q805F4,https://alphafold.ebi.ac.uk/files/AF-Q805F4-F1-model_v6.pdb,2026-10-08,6,82.38,2025-08-01T00:00:00Z,ok,c9216b0dc9661079e10e0506d9b7d525c1da3de72d5cb80de4dae83ca1d36af7,313793
Q805F5,https://alphafold.ebi.ac.uk/files/AF-Q805F5-F1-model_v6.pdb,2026-10-08,6,77.5,2025-08-01T00:00:00Z,ok,40f3d8915db67be4fb746df28b5a5c1ed01cb093998c431361fbc6463badf14e,72899
Q805F6,https://alphafold.ebi.ac.uk/files/AF-Q805F6-F1-model_v6.pdb,2026-10-08,6,83.12,2025-08-01T00:00:00Z,ok,39a4023d0c74a977b0f696e5b68d9b5d3a57e58543f57bcb41998fd22a0ed991,313388
Q805F7,https://alphafold.ebi.ac.uk/files/AF-Q805F7-F1-model_v6.pdb,2026-10-08,6,77.81,2025-08-01T00:00:00Z,ok,3848f9ba72cf0cc7ff79e31d63270d9f8b4ce88dabf5e1cda05adb1b9a903a1c,72737
Q8AV97,https://alphafold.ebi.ac.uk/files/AF-Q8AV97-F1-model_v6.pdb,2026-10-08,6,90.38,2025-08-01T00:00:00Z,ok,cef8bdfddda3dcfba1620d96d22606367fc6fcacacff78fed8bbffbc84482bab,108053
Q8AV98,https://alphafold.ebi.ac.uk/files/AF-Q8AV98-F1-model_v6.pdb,2026-10-08,6,90.94,2025-08-01T00:00:00Z,ok,f115f920db177d286ac9422f2f084ebc40d09f12f20ee23307c68e907787929e,101411
Q8AVA3,https://alphafold.ebi.ac.uk/files/AF-Q8AVA3-F1-model_v6.pdb,2026-10-08,6,91.12,2025-08-01T00:00:00Z,ok,97c4299e6902fd853529ffc130df23598180c036b930f20685c94530f3d150bf,155438
Q8AVA4,https://alphafold.ebi.ac.uk/files/AF-Q8AVA4-F1-model_v6.pdb,2026-10-08,6,91.0,2025-08-01T00:00:00Z,ok,d7c25c128c9b0cc926ff60c581a475d738fa4e6897b6fe9d1dcc391e4bc14ea6,155519
Q8AWI5,https://alphafold.ebi.ac.uk/files/AF-Q8AWI5-F1-model_v6.pdb,2026-10-08,6,85.69,2025-08-01T00:00:00Z,ok,39daaaf5297d81cbc0b71e6fe051080feda1bbd4fba0a974bf03f19d795f0f2e,389933
Q8AWX7,https://alphafold.ebi.ac.uk/files/AF-Q8AWX7-F1-model_v6.pdb,2026-10-08,6,82.81,2025-08-01T00:00:00Z,ok,351495e9938ff4bb3fb973f051aeb218739c37983672ac1295b557a6aa562b3d,317762
Q8AXW2,https://alphafold.ebi.ac.uk/files/AF-Q8AXW2-F1-model_v6.pdb,2026-10-08,6,85.88,2022-06-01T00:00:00Z,ok,35b42fadb780dae941b7231fc38499fa14f642125d8c979afbcd341ab555204f,95660
Q8AXW7,https://alphafold.ebi.ac.uk/files/AF-Q8AXW7-F1-model_v6.pdb,2026-10-08,6,88.5,2025-08-01T00:00:00Z,ok,b4bfb77a888db8ad41bd3a5f25bdc9231f5cd0ead934021c1e0003a96e6c73ad,94526
Q8AXY1,https://alphafold.ebi.ac.uk/files/AF-Q8AXY1-F1-model_v6.pdb,2026-10-08,6,90.94,2025-08-01T00:00:00Z,ok,e3920fd88b62d26278988a70b4fd01d89adf57c22cf201578ef700239ca1999d,91772
Q8AY44,https://alphafold.ebi.ac.uk/files/AF-Q8AY44-F1-model_v6.pdb,2026-10-08,6,88.5,2025-08-01T00:00:00Z,ok,20cd00c3af6e03aecf99957cd096acc82a0b18e08d10a06e4b78c344b5b82550,59777
Q8AY45,https://alphafold.ebi.ac.uk/files/AF-Q8AY45-F1-model_v6.pdb,2026-10-08,6,88.62,2025-08-01T00:00:00Z,ok,c3c36318f0ed39f76796c6e9d62b4c3d7ea7d26c423228bfeb2ffc018365c114,58886
Q8AY46,https://alphafold.ebi.ac.uk/files/AF-Q8AY46-F1-model_v6.pdb,2026-10-08,6,88.81,2025-08-01T00:00:00Z,ok,b024a530c13c571b987a466be51465e4438d27e3ea438a7fc9a06e55b1eccd4e,58238
Q8AY47,https://alphafold.ebi.ac.uk/files/AF-Q8AY47-F1-model_v6.pdb,2026-10-08,6,59.25,2025-08-01T00:00:00Z,ok,a83e8d56a0c9aa731565f9f1dcb5dd25fa7d64b0a94ef3af512241a7aa36cf5a,91448
Q8AY48,https://alphafold.ebi.ac.uk/files/AF-Q8AY48-F1-model_v6.pdb,2026-10-08,6,90.12,2025-08-01T00:00:00Z,ok,4930807aaa54442651284f55ade8e266f7187b1babdfb4da7417bce11d68d484,90800
Q8AY49,https://alphafold.ebi.ac.uk/files/AF-Q8AY49-F1-model_v6.pdb,2026-10-08,6,87.88,2025-08-01T00:00:00Z,ok,e6c286d48a7514c0147ab9cf2982c3c33c28f7eccf0b19007b8a98df6ba2efe5,58967
Q8AY50,https://alphafold.ebi.ac.uk/files/AF-Q8AY50-F1-model_v6.pdb,2026-10-08,6,87.56,2025-08-01T00:00:00Z,ok,a255c0538c0a5c919ec9bcfbabe4783dbbf1539c8c3f6da25b0f13fdba74a1d7,58319
Q8AY51,https://alphafold.ebi.ac.uk/files/AF-Q8AY51-F1-model_v6.pdb,2026-10-08,6,88.31,2025-08-01T00:00:00Z,ok,d77445f4240fe2fff08b187e9dab7fdc4afed6494b86d45555091b78a4aeb20a,58724
Q8AY52,https://alphafold.ebi.ac.uk/files/AF-Q8AY52-F1-model_v6.pdb,2026-10-08,6,86.75,2025-08-01T00:00:00Z,ok,891be71e0ee466bad3d58907ad6ebc428edbf7eb8a13523f1f67391cda9797a9,59291
Q8AY53,https://alphafold.ebi.ac.uk/files/AF-Q8AY53-F1-model_v6.pdb,2026-10-08,6,89.12,2025-08-01T00:00:00Z,ok,4eb70547af4037d2acec6fbadb93836068aa38d67206c4d068a8d4b8ecf7cfbe,59291
Q8AY55,https://alphafold.ebi.ac.uk/files/AF-Q8AY55-F1-model_v6.pdb,2026-10-08,6,89.19,2025-08-01T00:00:00Z,ok,2fe0e993af88973d5e5bbf8ae622ee9bc817c941b1c9a10a27e63857463a5545,57671
Q8AY56,https://alphafold.ebi.ac.uk/files/AF-Q8AY56-F1-model_v6.pdb,2026-10-08,6,89.12,2025-08-01T00:00:00Z,ok,6a0233c4151e09d651f2a14090174d8a3d833ef6917d43d50e5b2d46018da6fc,57995
Q8AY78,https://alphafold.ebi.ac.uk/files/AF-Q8AY78-F1-model_v6.pdb,2026-10-08,6,88.81,2025-08-01T00:00:00Z,ok,f0906babb5e3d8ffc498004e186eda5aa393f880b9b00341d06732538024ee31,165482
Q8AY79,https://alphafold.ebi.ac.uk/files/AF-Q8AY79-F1-model_v6.pdb,2026-10-08,6,90.69,2025-08-01T00:00:00Z,ok,d44e567681e61a467f33a0071c427a12de751bcaec809097fd149e0aaf80d65f,164591
Q8AY80,https://alphafold.ebi.ac.uk/files/AF-Q8AY80-F1-model_v6.pdb,2026-10-08,6,89.19,2025-08-01T00:00:00Z,ok,88a02c3fb1bb1e37d83f902b1426da6eba89e8d3ed5b8f4128801124574474ef,166697
Q8AY81,https://alphafold.ebi.ac.uk/files/AF-Q8AY81-F1-model_v6.pdb,2026-10-08,6,90.31,2025-08-01T00:00:00Z,ok,57c94079a2aedc7f3f510e7a49f5237ee7ed2368d26578140d0de78dc9a3647d,172367
Q8AY82,https://alphafold.ebi.ac.uk/files/AF-Q8AY82-F1-model_v6.pdb,2026-10-08,6,88.56,2025-08-01T00:00:00Z,ok,89e406ffdf7505564e2646fb1f51787bec60642da9566cffb94e05c63b8ccdde,168560
Q8AYA3,https://alphafold.ebi.ac.uk/files/AF-Q8AYA3-F1-model_v6.pdb,2026-10-08,6,89.75,2025-08-01T00:00:00Z,ok,c5c5a7a81a24935893c30b46e707f2c0e6416b31701a0d2ed1ee18ee84264aec,103031
Q8AYA4,https://alphafold.ebi.ac.uk/files/AF-Q8AYA4-F1-model_v6.pdb,2026-10-08,6,89.44,2025-08-01T00:00:00Z,ok,842919f4e6f12752ebe804a2b8a3da77707411a14024cc1361c13ef32e26bffd,100439
Q8AYA5,https://alphafold.ebi.ac.uk/files/AF-Q8AYA5-F1-model_v6.pdb,2026-10-08,6,88.69,2025-08-01T00:00:00Z,ok,6161d4a19f8e68c0b2e36d62b3c8a3a41d461c5db701aeee51b8e76b9fc7a8ab,107405
Q8JFG0,https://alphafold.ebi.ac.uk/files/AF-Q8JFG0-F1-model_v6.pdb,2026-10-08,6,90.94,2025-08-01T00:00:00Z,ok,e8339ae0698b942893dd8c9726fe825c348553676c309ac7ac9a1ff423b6f7b7,92906
Q8JFG1,https://alphafold.ebi.ac.uk/files/AF-Q8JFG1-F1-model_v6.pdb,2026-10-08,6,90.88,2025-08-01T00:00:00Z,ok,924cbf3aabc63fdd6563ef00d9b16b8e890d0243e8069e5c0cc714ed09a00662,91448
Q8JFX7,https://alphafold.ebi.ac.uk/files/AF-Q8JFX7-F1-model_v6.pdb,2026-10-08,6,70.25,2025-08-01T00:00:00Z,ok,f3d1adf08504f2de8fe850b71dc3b17959bdaf7fac8237bc474c333462376fb4,68282
Q8JGT6,https://alphafold.ebi.ac.uk/files/AF-Q8JGT6-F1-model_v6.pdb,2026-10-08,6,90.0,2025-08-01T00:00:00Z,ok,3094d334cbd4795abe0479150d14651430c17f9035e3d3701b93948c08e9370d,100439
Q8JGT7,https://alphafold.ebi.ac.uk/files/AF-Q8JGT7-F1-model_v6.pdb,2026-10-08,6,90.31,2025-08-01T00:00:00Z,ok,baeec15bad238aa661249c4fb5fae8c0e2d913f7f9e747e0bb0a56889c708593,108296
Q8JI39,https://alphafold.ebi.ac.uk/files/AF-Q8JI39-F1-model_v6.pdb,2026-10-08,6,93.25,2025-08-01T00:00:00Z,ok,9396a3ea0b4b22e2c5204c87bdf475829ea0e8a5278dd0746d83baa2c76cfd82,157058
Q8JI40,https://alphafold.ebi.ac.uk/files/AF-Q8JI40-F1-model_v6.pdb,2026-10-08,6,93.88,2025-08-01T00:00:00Z,ok,615fbece450805699c8d525f3bc87502a0b9031a1018a2bed51686c736bcb330,157949
Q8JIG0,https://alphafold.ebi.ac.uk/files/AF-Q8JIG0-F1-model_v6.pdb,2026-10-08,6,90.56,2025-08-01T00:00:00Z,ok,1993f908f60e1405491955867a6b12cddbcc4f5feeea9c5e0759578cb189d7c3,93230
Q8JIR2,https://alphafold.ebi.ac.uk/files/AF-Q8JIR2-F1-model_v6.pdb,2026-10-08,6,82.19,2025-08-01T00:00:00Z,ok,b3c48764b2da66747289e39145b65b2e581973093fcf7c0afbb1ff723e190a35,397142
Q8JIV8,https://alphafold.ebi.ac.uk/files/AF-Q8JIV8-F1-model_v6.pdb,2026-10-08,6,87.88,2025-08-01T00:00:00Z,ok,cb53c9af7680ec711e8f61ce7612d95c114630a1482ca23331cda35a00c0de86,107162
Q8JIV9,https://alphafold.ebi.ac.uk/files/AF-Q8JIV9-F1-model_v6.pdb,2026-10-08,6,91.06,2025-08-01T00:00:00Z,ok,07ce89a94af1f5cacdd72910d9d63597bb998ee72cf73b243c7ce0138b6f0f11,103679
Q8JIW0,https://alphafold.ebi.ac.uk/files/AF-Q8JIW0-F1-model_v6.pdb,2026-10-08,6,84.44,2022-06-01T00:00:00Z,ok,c75d43155187d96a514438c8b47d41f760730c388c93157d17b0e758e5df6fac,102464
Q8JIW1,https://alphafold.ebi.ac.uk/files/AF-Q8JIW1-F1-model_v6.pdb,2026-10-08,6,89.56,2025-08-01T00:00:00Z,ok,8911b4c3084aefd72f60b1c00973d4944bb2dd55a7252479b809427dff9706f2,100358
Q8JIY9,https://alphafold.ebi.ac.uk/files/AF-Q8JIY9-F1-model_v6.pdb,2026-10-08,6,90.38,2025-08-01T00:00:00Z,ok,1c2d5c232b85721e07440c30f17601c66cd2c6938e6f783a218c3a5ca4a8e7ef,92906
Q8JJ49,https://alphafold.ebi.ac.uk/files/AF-Q8JJ49-F1-model_v6.pdb,2026-10-08,6,82.5,2022-06-01T00:00:00Z,ok,c4ffedf27fabe15c892bb7325f6b0d80c9dc42aa73f908204851ba73fccb4c38,271835
Q8JJ50,https://alphafold.ebi.ac.uk/files/AF-Q8JJ50-F1-model_v6.pdb,2026-10-08,6,82.62,2022-06-01T00:00:00Z,ok,a8ae7d861505023a6902e7df6c135cff3f10c4be1cabdf7bcf3609e4c3facfda,273212
Q8JJ51,https://alphafold.ebi.ac.uk/files/AF-Q8JJ51-F1-model_v6.pdb,2026-10-08,6,83.75,2025-08-01T00:00:00Z,ok,be3110fdb505c2c71c47f0ee545b94e408221d82f72f7f99d3a302f545b4e2e9,273455
Q8JJ52,https://alphafold.ebi.ac.uk/files/AF-Q8JJ52-F1-model_v6.pdb,2026-10-08,6,82.38,2022-06-01T00:00:00Z,ok,e8ca1ffec573e20cd0075f8fee011e03cf47dbee03c4b2a821eb39f476b44ace,276047
Q8QFW3,https://alphafold.ebi.ac.uk/files/AF-Q8QFW3-F1-model_v6.pdb,2026-10-08,6,87.75,2025-08-01T00:00:00Z,ok,3c9a1f557b14b3c6076381018adc993651f094c3299fb3bab938acf2d746b83d,95660
Q8QFW4,https://alphafold.ebi.ac.uk/files/AF-Q8QFW4-F1-model_v6.pdb,2026-10-08,6,87.94,2025-08-01T00:00:00Z,ok,fb12de30960b2ab03319a44d0b93df2b9018fe0690ec3bd3772d25e1a2c7ecee,97118
Q8QGP7,https://alphafold.ebi.ac.uk/files/AF-Q8QGP7-F1-model_v6.pdb,2026-10-08,6,60.84,2025-08-01T00:00:00Z,ok,a5f689c6c68306827d4f744c97cab6f993532133c5f18607b38c5d2138633153,37988
Q8QGR0,https://alphafold.ebi.ac.uk/files/AF-Q8QGR0-F1-model_v6.pdb,2026-10-08,6,90.88,2025-08-01T00:00:00Z,ok,1208c0b2eac4eb27b110cbcdff00361905844b0a5f6b3e9ad10fe950b5dac318,59372
Q8QHK2,https://alphafold.ebi.ac.uk/files/AF-Q8QHK2-F1-model_v6.pdb,2026-10-08,6,91.25,2025-08-01T00:00:00Z,ok,098333d2536a51975c7ab4ca091a0b42fb175e5cc792c598f29527fc10f7fa86,163943
Q8QHK3,https://alphafold.ebi.ac.uk/files/AF-Q8QHK3-F1-model_v6.pdb,2026-10-08,6,87.94,2025-08-01T00:00:00Z,ok,9a2b128ac2d7c1b4c15e73209544e502e0e09c30df073e3f87e5d46876d34305,168236
Q8UUJ1,https://alphafold.ebi.ac.uk/files/AF-Q8UUJ1-F1-model_v6.pdb,2026-10-08,6,94.56,2025-08-01T00:00:00Z,ok,8f487d35794e9951560a04ab3d2aab916d2da6b52eb8285b7a1462f09cdb7196,153170
Q8UUJ2,https://alphafold.ebi.ac.uk/files/AF-Q8UUJ2-F1-model_v6.pdb,2026-10-08,6,94.25,2025-08-01T00:00:00Z,ok,9000905e2016f04952f2d402f341fe1d3ad3d95878411286590bd508c36d80e9,154142
Q8UUK0,https://alphafold.ebi.ac.uk/files/AF-Q8UUK0-F1-model_v6.pdb,2026-10-08,6,89.56,2025-08-01T00:00:00Z,ok,a793e8e90a6d199b9d0fbb76a78fb7893cfe08082430c77ddb1e200fa77e8aea,54350
Q8UUK2,https://alphafold.ebi.ac.uk/files/AF-Q8UUK2-F1-model_v6.pdb,2026-10-08,6,88.75,2025-08-01T00:00:00Z,ok,1cdaf00de8b99a3b4ba7f094c38730372621c3a188f44113f01341ac6869e24d,166292
Q8UVU7,https://alphafold.ebi.ac.uk/files/AF-Q8UVU7-F1-model_v6.pdb,2026-10-08,6,89.69,2025-08-01T00:00:00Z,ok,73bd397bb1e2f2551621ba35d954c6173c13e133120dfba4bc7d52f3a5669185,91934
Q8UVX1,https://alphafold.ebi.ac.uk/files/AF-Q8UVX1-F1-model_v6.pdb,2026-10-08,6,89.25,2025-08-01T00:00:00Z,ok,df08e4347831155ba8d0c19302b29f24ee4ac6cd3de4194dae2dab0e6064f1fa,167426
Q8UVZ7,https://alphafold.ebi.ac.uk/files/AF-Q8UVZ7-F1-model_v6.pdb,2026-10-08,6,89.88,2025-08-01T00:00:00Z,ok,f305a3c0162a7b0b547067e1ea40430b730edb76aa87e7cdfa2c458989d09afa,92339
Q90220,https://alphafold.ebi.ac.uk/files/AF-Q90220-F1-model_v6.pdb,2026-10-08,6,81.19,2025-08-01T00:00:00Z,ok,6c61e0a5babee2561a2e0e232b33aa0142f96cc70a55cec28bc9f74291fca912,310229
Q90221,https://alphafold.ebi.ac.uk/files/AF-Q90221-F1-model_v6.pdb,2026-10-08,6,88.56,2025-08-01T00:00:00Z,ok,2f5982002cc24cc53419b4fe6c9492e6b39dfe5c74f441c4885199847d4f2b4d,75491
Q90249,https://alphafold.ebi.ac.uk/files/AF-Q90249-F1-model_v6.pdb,2026-10-08,6,89.06,2025-08-01T00:00:00Z,ok,fcc9708cfc50f399644c31b35f306881b45dcd8eb9d2908ba512c4503a1776f0,92015
Q90251,https://alphafold.ebi.ac.uk/files/AF-Q90251-F1-model_v6.pdb,2026-10-08,6,89.19,2025-08-01T00:00:00Z,ok,230890d31039f9dc28425e436dac9ffa77b4da67b5222e926911af3cd8b32b5c,89990
Q90282,https://alphafold.ebi.ac.uk/files/AF-Q90282-F1-model_v6.pdb,2026-10-08,6,83.56,2025-08-01T00:00:00Z,ok,51f8499a134c6dd8ef535bc6b48ccc8f92b7c0078da6c688dc1f48b04c85965b,393659
Q90391,https://alphafold.ebi.ac.uk/files/AF-Q90391-F1-model_v6.pdb,2026-10-08,6,84.56,2025-08-01T00:00:00Z,ok,79fd8242db3d43fb7684647cc38bb575f9a76e654bdb82dbe038807cd38b4a26,272969
Q90392,https://alphafold.ebi.ac.uk/files/AF-Q90392-F1-model_v6.pdb,2026-10-08,6,84.19,2025-08-01T00:00:00Z,ok,21cc4a97e147b196465eb54f2f99a9f0b95e8d6a28ae676585581dfa5d1088e2,272645
Q90495,https://alphafold.ebi.ac.uk/files/AF-Q90495-F1-model_v6.pdb,2026-10-08,6,85.94,2025-08-01T00:00:00Z,ok,603a863041e642e2389398d9c73b2513e259938dbe8518fcee93cb5702fb2bab,400949
Q90499,https://alphafold.ebi.ac.uk/files/AF-Q90499-F1-model_v6.pdb,2026-10-08,6,77.5,2022-06-01T00:00:00Z,ok,f22170b84a8dbc2c5d39837a80a2106e763c45842671972c26e274ade9b95d3a,399734
Q90500,https://alphafold.ebi.ac.uk/files/AF-Q90500-F1-model_v6.pdb,2026-10-08,6,76.25,2022-06-01T00:00:00Z,ok,1641e7da9388c278b1946e4d66e3b17c573f1d04032e78926f3a06e74ee5abf6,357695
Q90W38,https://alphafold.ebi.ac.uk/files/AF-Q90W38-F1-model_v6.pdb,2026-10-08,6,70.44,2025-08-01T00:00:00Z,ok,e0796e0631ce113ec4a23c710d2678beaa6799ccbea696a0b16944738e5c59c1,159893
Q90W39,https://alphafold.ebi.ac.uk/files/AF-Q90W39-F1-model_v6.pdb,2026-10-08,6,90.94,2025-08-01T00:00:00Z,ok,2642511e16aca22a48091bd7e1f128f87f43fa9b35e48648ea9141abf6b4b9e3,93068
Q90W54,https://alphafold.ebi.ac.uk/files/AF-Q90W54-F1-model_v6.pdb,2026-10-08,6,95.44,2025-08-01T00:00:00Z,ok,cd8e5f5b61e9b3d807e19f61221a63de1443aa6ff6b1bb2ac2b4b3e6adb910d2,333071
Q90WA1,https://alphafold.ebi.ac.uk/files/AF-Q90WA1-F1-model_v6.pdb,2026-10-08,6,89.88,2025-08-01T00:00:00Z,ok,4c6457e32922d37ed5c44fea61eaa1543cc9761703bb412a10cd5cda3968a231,56456
Q90WA7,https://alphafold.ebi.ac.uk/files/AF-Q90WA7-F1-model_v6.pdb,2026-10-08,6,88.94,2025-08-01T00:00:00Z,ok,91250429197cef735bbdd8b72d45385ff12c336464921c2aad25f880f56e1790,94283
Q90WA8,https://alphafold.ebi.ac.uk/files/AF-Q90WA8-F1-model_v6.pdb,2026-10-08,6,89.62,2025-08-01T00:00:00Z,ok,a468de2aaf5dd28794844bed62b07f7c474ce8bea1cc76d0ee88d82e75b33747,93635
Q90WC0,https://alphafold.ebi.ac.uk/files/AF-Q90WC0-F1-model_v6.pdb,2026-10-08,6,84.94,2025-08-01T00:00:00Z,ok,073aaa16bc431816b1571695865168ee1c62198ab651d9fce78b4d4a1cc4cdff,204200
Q90WL9,https://alphafold.ebi.ac.uk/files/AF-Q90WL9-F1-model_v6.pdb,2026-10-08,6,94.0,2022-06-01T00:00:00Z,ok,d700547bac490cf82a9a15f5bdd18aec85154ab41836b0ff2118d5931de7fbe1,88046
Q90X23,https://alphafold.ebi.ac.uk/files/AF-Q90X23-F1-model_v6.pdb,2026-10-08,6,84.75,2025-08-01T00:00:00Z,ok,cd8d4e8098c3770295cea5ad1913fc3a37c39ad5c5eecc2d740e294f3144623e,97361
Q90Y12,https://alphafold.ebi.ac.uk/files/AF-Q90Y12-F1-model_v6.pdb,2026-10-08,6,57.66,2025-08-01T00:00:00Z,ok,1413b4464e28efa2cee97e540f678de7544abeb552d82c5a98de9f6f74e1f545,110726
Q90Y44,https://alphafold.ebi.ac.uk/files/AF-Q90Y44-F1-model_v6.pdb,2026-10-08,6,96.88,2025-08-01T00:00:00Z,ok,d0404837160bdd56a50f4f37c0e33425d3eea0a4bdf3043a41329a6e0de30d80,134378
Q90Y77,https://alphafold.ebi.ac.uk/files/AF-Q90Y77-F1-model_v6.pdb,2026-10-08,6,90.94,2025-08-01T00:00:00Z,ok,8c04db4688607189dfc24e6e6abdcbfaccb7ab37e2c1216482804bad9b41f137,93311
Q90YA6,https://alphafold.ebi.ac.uk/files/AF-Q90YA6-F1-model_v6.pdb,2026-10-08,6,82.75,2025-08-01T00:00:00Z,ok,87072eb97006023479560d021ba36e142142e632a4d5598a091f57074b7d02df,313874
Q90ZI3,https://alphafold.ebi.ac.uk/files/AF-Q90ZI3-F1-model_v6.pdb,2026-10-08,6,84.12,2025-08-01T00:00:00Z,ok,ddf2dffb9eed59bd7abd349ee08d4df044b0d3629d906334a18276ba4465a7ec,393092
Q91053,https://alphafold.ebi.ac.uk/files/AF-Q91053-F1-model_v6.pdb,2026-10-08,6,89.56,2025-08-01T00:00:00Z,ok,371e9c2397b37aea85487dd0d633d6bf2b79a8e7fcd2efa8b1864e870933faf8,169856
Q91124,https://alphafold.ebi.ac.uk/files/AF-Q91124-F1-model_v6.pdb,2026-10-08,6,92.25,2025-08-01T00:00:00Z,ok,ac0e17f3f6f5f271160fa7c9bf9190f026cef15e2013881b1d1ee2e9eda92ed6,54107
Q91126,https://alphafold.ebi.ac.uk/files/AF-Q91126-F1-model_v6.pdb,2026-10-08,6,87.56,2025-08-01T00:00:00Z,ok,b723fa254afed88620970945d8a214ab0a3ba71c50b09cb65a2dbc443da97ebd,56861
Q91132,https://alphafold.ebi.ac.uk/files/AF-Q91132-F1-model_v6.pdb,2026-10-08,6,80.19,2025-08-01T00:00:00Z,ok,eea50569325836ef992af7e5bcceabe7557e9c1e8b4b0f0f33767068989a3164,1065473
Q91135,https://alphafold.ebi.ac.uk/files/AF-Q91135-F1-model_v6.pdb,2026-10-08,6,90.19,2025-08-01T00:00:00Z,ok,32b09b0419cdb2a6508a5e43afb5ce26b8ad0e9568160081608d6b54d5077fdc,53945
Q91136,https://alphafold.ebi.ac.uk/files/AF-Q91136-F1-model_v6.pdb,2026-10-08,6,91.5,2025-08-01T00:00:00Z,ok,e5ebf9dd8fe7a9fff87517c4af3b288dd1ad3a3d8e31302b0976ff2ef52863f0,54512
Q91137,https://alphafold.ebi.ac.uk/files/AF-Q91137-F1-model_v6.pdb,2026-10-08,6,88.38,2025-08-01T00:00:00Z,ok,52b83c89244dff00865274e11c339c2740d6a8b55413d5dc3a175d9b7321a3dc,56699
Q91507,https://alphafold.ebi.ac.uk/files/AF-Q91507-F1-model_v6.pdb,2026-10-08,6,89.19,2025-08-01T00:00:00Z,ok,0d73b08c153b272c2e36b7ca6d99d8e9fac8bdb1611136f138a6eca0405532b1,164996
Q91508,https://alphafold.ebi.ac.uk/files/AF-Q91508-F1-model_v6.pdb,2026-10-08,6,89.19,2025-08-01T00:00:00Z,ok,6022f1a34430a704262f23b3cc862bd07820bc43f21e69e161725deb386cada9,165401
Q91509,https://alphafold.ebi.ac.uk/files/AF-Q91509-F1-model_v6.pdb,2026-10-08,6,89.75,2025-08-01T00:00:00Z,ok,2efe80b78a4b70113861ec5f15f1f3415923a11f6e6fda1ea6075e30a966aa34,165482
Q91510,https://alphafold.ebi.ac.uk/files/AF-Q91510-F1-model_v6.pdb,2026-10-08,6,89.06,2025-08-01T00:00:00Z,ok,798d3eac1abc2a67e0e540d6db458e78717b0008f3cbd0e9f9229e3d67eadb4c,166130
Q91511,https://alphafold.ebi.ac.uk/files/AF-Q91511-F1-model_v6.pdb,2026-10-08,6,89.0,2025-08-01T00:00:00Z,ok,13e3b5877e23291214de327addfd9d2410d01ac6cd2b8f46da55ec6af5057fc5,165401
Q91516,https://alphafold.ebi.ac.uk/files/AF-Q91516-F1-model_v6.pdb,2026-10-08,6,92.0,2025-08-01T00:00:00Z,ok,70416528b96f3110e7729de774804e07d1c5bc086a8bb423e3678ba5e045e2cb,166616
Q91996,https://alphafold.ebi.ac.uk/files/AF-Q91996-F1-model_v6.pdb,2026-10-08,6,88.94,2025-08-01T00:00:00Z,ok,0c18e4fc487e10a5c947790d28564ff615782723a5d1a4c6a23f9c0da9fb795a,56780
Q92031,https://alphafold.ebi.ac.uk/files/AF-Q92031-F1-model_v6.pdb,2026-10-08,6,86.0,2025-08-01T00:00:00Z,ok,23159ec57b24306e26d0632ce3ba1c96fa54950e2de4bb87f271be318237bc7e,269729
Q92032,https://alphafold.ebi.ac.uk/files/AF-Q92032-F1-model_v6.pdb,2026-10-08,6,84.88,2025-08-01T00:00:00Z,ok,e081397a22fcb78018f7f94e1ca712f33b10dbddb1c1080f188db5a9dd5a1a7e,268676
Q92035,https://alphafold.ebi.ac.uk/files/AF-Q92035-F1-model_v6.pdb,2026-10-08,6,92.62,2025-08-01T00:00:00Z,ok,152f71a3b9241cd657378cbec4cc4b4cb9d281e6a5f8b9940d729fd18d90edc6,397142
Q92043,https://alphafold.ebi.ac.uk/files/AF-Q92043-F1-model_v6.pdb,2026-10-08,6,93.94,2025-08-01T00:00:00Z,ok,a7e35a8524eff137aa39dc8c44552a38564ed9d9147bc0c47e7661d86ec8844b,271025
Q92084,https://alphafold.ebi.ac.uk/files/AF-Q92084-F1-model_v6.pdb,2026-10-08,6,88.75,2025-08-01T00:00:00Z,ok,ebbf36a649422325645a2b1f267b870b5c6133578a4c6307b3cb8bee1e4a2974,96146
Q92085,https://alphafold.ebi.ac.uk/files/AF-Q92085-F1-model_v6.pdb,2026-10-08,6,88.94,2025-08-01T00:00:00Z,ok,cc5947b34fefa4116788d96e66e0391703369492b75161ed5f7c0b0243d91db6,96065
Q92086,https://alphafold.ebi.ac.uk/files/AF-Q92086-F1-model_v6.pdb,2026-10-08,6,88.56,2025-08-01T00:00:00Z,ok,a75d90275f17c8e9e483d4d8fab57fdc6dad1cc7cd61c91d84515771bb478ffd,95498
Q92147,https://alphafold.ebi.ac.uk/files/AF-Q92147-F1-model_v6.pdb,2026-10-08,6,89.62,2025-08-01T00:00:00Z,ok,d1c8b850811f8b9e162dec4e2c4d06eb168d9e091b362ed8a8d1f2ee96ee8797,93230
Q98956,https://alphafold.ebi.ac.uk/files/AF-Q98956-F1-model_v6.pdb,2026-10-08,6,91.69,2025-08-01T00:00:00Z,ok,0174830ef6372d888567582c89fa943db602ec6abaac2ffa4af2c5072597a990,53945
Q98957,https://alphafold.ebi.ac.uk/files/AF-Q98957-F1-model_v6.pdb,2026-10-08,6,91.94,2025-08-01T00:00:00Z,ok,3fcab517da2c23fdfa3ed8aff59f31a0c49b7eef99c253ea5eba29c64ca948b3,54431
Q98958,https://alphafold.ebi.ac.uk/files/AF-Q98958-F1-model_v6.pdb,2026-10-08,6,91.38,2025-08-01T00:00:00Z,ok,65a238487f9dca4ccaa8590f5411c59762a158a8e578e16e7452d39340972fa1,54512
Q98959,https://alphafold.ebi.ac.uk/files/AF-Q98959-F1-model_v6.pdb,2026-10-08,6,92.38,2025-08-01T00:00:00Z,ok,9256e8ab39076f4d1b43798b3e463f0098bba9808dc4da32ffc24221888fa1fb,55160
Q98960,https://alphafold.ebi.ac.uk/files/AF-Q98960-F1-model_v6.pdb,2026-10-08,6,91.81,2025-08-01T00:00:00Z,ok,cfda3be264607220f4c1766144086af49d2b1a571ba86eff1848e9e6d993172c,54917
Q98961,https://alphafold.ebi.ac.uk/files/AF-Q98961-F1-model_v6.pdb,2026-10-08,6,91.94,2025-08-01T00:00:00Z,ok,8784ad45e8a3ec64172c0496103c0887c03f601e90c463bfaf1cec5312557996,55160
Q98962,https://alphafold.ebi.ac.uk/files/AF-Q98962-F1-model_v6.pdb,2026-10-08,6,92.06,2025-08-01T00:00:00Z,ok,936ba81f7f581b64ae1ba8b49bf5c38f7785e7582b393071da5d5386adf8de2c,54269
Q98965,https://alphafold.ebi.ac.uk/files/AF-Q98965-F1-model_v6.pdb,2026-10-08,6,91.94,2025-08-01T00:00:00Z,ok,b92911262c70eb6590cfbbef256c2bebb1ce9440975cbfb06bf42e1886181137,55970
Q98996,https://alphafold.ebi.ac.uk/files/AF-Q98996-F1-model_v6.pdb,2026-10-08,6,88.44,2025-08-01T00:00:00Z,ok,eb337f41079a6d41b62d33e0c6ee7b8080a2c50dd0c68a1083807197a303dbe5,91367
Q98SP2,https://alphafold.ebi.ac.uk/files/AF-Q98SP2-F1-model_v6.pdb,2026-10-08,6,83.19,2025-08-01T00:00:00Z,ok,df279f6ddbf99ff95486814b0a3e6cd549572f4983da83d76fe464b22891b509,309581
Q98UF9,https://alphafold.ebi.ac.uk/files/AF-Q98UF9-F1-model_v6.pdb,2026-10-08,6,83.69,2025-08-01T00:00:00Z,ok,97b5949f1ce5c04380a27fbb57be068dbd18d5d5f4567d7a3dd53e4bd0e04300,390824
Q9DEA1,https://alphafold.ebi.ac.uk/files/AF-Q9DEA1-F1-model_v6.pdb,2026-10-08,6,89.69,2025-08-01T00:00:00Z,ok,efd793ea5735b97f9bd5bedadc5c656a0a441b243985a1329e7645b082ebebe8,100034
Q9DEA2,https://alphafold.ebi.ac.uk/files/AF-Q9DEA2-F1-model_v6.pdb,2026-10-08,6,87.56,2025-08-01T00:00:00Z,ok,465c323cec2f54745bf247c95b0c857aefb7e0edab5b62f5fecca6ef75fda16c,106595
Q9DEF8,https://alphafold.ebi.ac.uk/files/AF-Q9DEF8-F1-model_v6.pdb,2026-10-08,6,90.88,2025-08-01T00:00:00Z,ok,10ac17bde9b6c0fdc2f75d67a06dbdf5089d2cd4d4a347f3ddadfafcaf0751a1,102059
Q9DEF9,https://alphafold.ebi.ac.uk/files/AF-Q9DEF9-F1-model_v6.pdb,2026-10-08,6,89.31,2025-08-01T00:00:00Z,ok,affd467c7eae4dc6173e3397fd63eaacaeac8ab1f81d7a3d1cf11019b5ee9379,102626
Q9DEQ3,https://alphafold.ebi.ac.uk/files/AF-Q9DEQ3-F1-model_v6.pdb,2026-10-08,6,85.62,2025-08-01T00:00:00Z,ok,29ba4affe2524e9bc4d0cbc596748d0716c3c0011bfbeaaa04bece0381a4ce8d,60344
Q9DEZ9,https://alphafold.ebi.ac.uk/files/AF-Q9DEZ9-F1-model_v6.pdb,2026-10-08,6,70.62,2025-08-01T00:00:00Z,ok,a55cb65d7b9b820f5a759bd78dd9381eb730c60563822bb031afb60c019396a1,159731
Q9DF33,https://alphafold.ebi.ac.uk/files/AF-Q9DF33-F1-model_v6.pdb,2026-10-08,6,88.94,2025-08-01T00:00:00Z,ok,ae75eb5cc5b7258e0745d23f90bc71d1f3baa1656c049cfd9839f8d57ef70473,94364
Q9DF52,https://alphafold.ebi.ac.uk/files/AF-Q9DF52-F1-model_v6.pdb,2026-10-08,6,88.12,2025-08-01T00:00:00Z,ok,cb37514f13aa15e20769349983e09975a75f491259b5dcdb6700d6d81d96c2b9,93473
Q9DF56,https://alphafold.ebi.ac.uk/files/AF-Q9DF56-F1-model_v6.pdb,2026-10-08,6,87.06,2025-08-01T00:00:00Z,ok,e409f172ae4f5bed3e5949d2b153973a507a70d1729b229da7cf02bf20994a74,98333
Q9DF66,https://alphafold.ebi.ac.uk/files/AF-Q9DF66-F1-model_v6.pdb,2026-10-08,6,90.88,2025-08-01T00:00:00Z,ok,b2b970e423e38685192789401b408e39396b9ae43bb167cfa2bbc201be027c6a,164591
Q9DF67,https://alphafold.ebi.ac.uk/files/AF-Q9DF67-F1-model_v6.pdb,2026-10-08,6,91.81,2025-08-01T00:00:00Z,ok,e0ae88a0e6bcbd081780e38407a87d5d7fed27d32ed3bf76790429594d63ce18,165158
Q9DF68,https://alphafold.ebi.ac.uk/files/AF-Q9DF68-F1-model_v6.pdb,2026-10-08,6,88.56,2025-08-01T00:00:00Z,ok,72cacdf1bca364b17e9e1fa1a85578693fb0807161426d5045bc442b44ab6794,167831
Q9DG31,https://alphafold.ebi.ac.uk/files/AF-Q9DG31-F1-model_v6.pdb,2026-10-08,6,90.44,2025-08-01T00:00:00Z,ok,4ca08f0b56f68845407c7af99495f7ca01d158427d4a0b4885b3fe2a2e244fcf,101411
Q9DG39,https://alphafold.ebi.ac.uk/files/AF-Q9DG39-F1-model_v6.pdb,2026-10-08,6,85.31,2025-08-01T00:00:00Z,ok,4dd210894f9bc52e23e3d8bac519224412cbc772ba6832004af44c74ddc114a8,104651
Q9DG83,https://alphafold.ebi.ac.uk/files/AF-Q9DG83-F1-model_v6.pdb,2026-10-08,6,89.75,2025-08-01T00:00:00Z,ok,77645af8bcb85f011053f949205ccc146e23b3ecf602614ad6a14540d8646c28,168803
Q9DG84,https://alphafold.ebi.ac.uk/files/AF-Q9DG84-F1-model_v6.pdb,2026-10-08,6,89.25,2025-08-01T00:00:00Z,ok,049772006231391f1e93bbb2e3f1a7e5b6bbca3fa4dd97243f1d47c4f201dbbb,166292
Q9DGB9,https://alphafold.ebi.ac.uk/files/AF-Q9DGB9-F1-model_v6.pdb,2026-10-08,6,86.06,2025-08-01T00:00:00Z,ok,4980ff4ea9805acbb602a402f6892b73d020aa1ac333cd4a7a5ccdcedb345ac9,391877
Q9DGH6,https://alphafold.ebi.ac.uk/files/AF-Q9DGH6-F1-model_v6.pdb,2026-10-08,6,89.75,2025-08-01T00:00:00Z,ok,24820bd3a5d7d3cfe25633346b019e01eaca63b947a02deb8caef74c30720fed,46979
Q9DGH9,https://alphafold.ebi.ac.uk/files/AF-Q9DGH9-F1-model_v6.pdb,2026-10-08,6,91.81,2025-08-01T00:00:00Z,ok,3e909068d2af0744be6753542a18658ad705abb03c0da97bc3900f51a636aeb0,54917
Q9I834,https://alphafold.ebi.ac.uk/files/AF-Q9I834-F1-model_v6.pdb,2026-10-08,6,94.94,2025-08-01T00:00:00Z,ok,ef073be8f48db57842fa46f19ec427766b7c8668d87bff5c5d8a2acb310670ab,82862
Q9I840,https://alphafold.ebi.ac.uk/files/AF-Q9I840-F1-model_v6.pdb,2026-10-08,6,88.88,2025-08-01T00:00:00Z,ok,e7984821fe23ee7c74943567004e1a4063283a55da14db291ab68fd8aebe6ae0,100601
Q9I841,https://alphafold.ebi.ac.uk/files/AF-Q9I841-F1-model_v6.pdb,2026-10-08,6,94.88,2025-08-01T00:00:00Z,ok,e8476ff7dd4e03a2986f7142fc86c28a2a8dc70b7633e4e57878836928342ba0,94931
Q9I8W9,https://alphafold.ebi.ac.uk/files/AF-Q9I8W9-F1-model_v6.pdb,2026-10-08,6,91.25,2025-08-01T00:00:00Z,ok,61e95f0063c79fd3b5618a215f226ac36eda0a1f21913a2f8ec527659d588686,171800
Q9I8X0,https://alphafold.ebi.ac.uk/files/AF-Q9I8X0-F1-model_v6.pdb,2026-10-08,6,89.38,2025-08-01T00:00:00Z,ok,f6fddef69cd8b66bb535659c758132e0648b4a3e60cb70531b0eddfdde5edb86,166697
Q9I8X1,https://alphafold.ebi.ac.uk/files/AF-Q9I8X1-F1-model_v6.pdb,2026-10-08,6,90.56,2025-08-01T00:00:00Z,ok,5a13845b5c1e24045a757e1306e9d317b49e474be75a49ba724a5f31592227c5,164753
Q9I8X2,https://alphafold.ebi.ac.uk/files/AF-Q9I8X2-F1-model_v6.pdb,2026-10-08,6,89.38,2025-08-01T00:00:00Z,ok,2f10ee68ecf315fcc685780c15d3b10f7c9dc173b3f4c3409b3a6e6a8cb5a5da,168884
Q9I900,https://alphafold.ebi.ac.uk/files/AF-Q9I900-F1-model_v6.pdb,2026-10-08,6,88.62,2025-08-01T00:00:00Z,ok,0d05c7a55cd2dac02e4c34875f6767ac8fe5fdc611b0abbac748bd63d34a3145,95579
Q9I968,https://alphafold.ebi.ac.uk/files/AF-Q9I968-F1-model_v6.pdb,2026-10-08,6,90.88,2025-08-01T00:00:00Z,ok,e1f750425368a1c59c74fcd92d9cba6e1ebb250d2fd06b5d2e99ca26537a24b2,93473
Q9IAB0,https://alphafold.ebi.ac.uk/files/AF-Q9IAB0-F1-model_v6.pdb,2026-10-08,6,82.44,2025-08-01T00:00:00Z,ok,6cbdef15a0699a98827a7f1a1f9ad558b68bc51ac4240d115cceb540bf22f8a7,312902
Q9IAM1,https://alphafold.ebi.ac.uk/files/AF-Q9IAM1-F1-model_v6.pdb,2026-10-08,6,87.5,2025-08-01T00:00:00Z,ok,b12b0f30a6afcf95d76377d822ca0fe73facef100aa30a049071e3a9f7d75030,102545
Q9IAX6,https://alphafold.ebi.ac.uk/files/AF-Q9IAX6-F1-model_v6.pdb,2026-10-08,6,82.5,2025-08-01T00:00:00Z,ok,151ae2fc1fb70b960d99f68aea2488f49f0a7b222afd65a3ff368c1f6e51d509,305045
Q9IAY0,https://alphafold.ebi.ac.uk/files/AF-Q9IAY0-F1-model_v6.pdb,2026-10-08,6,85.69,2025-08-01T00:00:00Z,ok,9408d7d5bc9a9f0f94f9e65a769dee3bb7bdf33566ec186d830964fce36d5bad,264221
Q9IAY1,https://alphafold.ebi.ac.uk/files/AF-Q9IAY1-F1-model_v6.pdb,2026-10-08,6,84.94,2025-08-01T00:00:00Z,ok,3188ac56575e28b9c11f8acf9a934014b753862d8fe9627f4ce1d4d249fce26d,264464
Q9IAY3,https://alphafold.ebi.ac.uk/files/AF-Q9IAY3-F1-model_v6.pdb,2026-10-08,6,84.81,2025-08-01T00:00:00Z,ok,60c287d382913e2144c252524b936f1d8a986440683e0e30a297560299770f2f,264383
Q9IAY4,https://alphafold.ebi.ac.uk/files/AF-Q9IAY4-F1-model_v6.pdb,2026-10-08,6,85.69,2025-08-01T00:00:00Z,ok,a5938ce7bdd4a1bbdecad4bad3fcc42b544159367ee0eb17fc0a738e28ae9fe1,236843
Q9PRG0,https://alphafold.ebi.ac.uk/files/AF-Q9PRG0-F1-model_v6.pdb,2026-10-08,6,89.31,2025-08-01T00:00:00Z,ok,41a9f4125fa7a8c7e4e5b1f0631fcea9167b9b01c9e4d26415d651938e9858cd,96065
Q9PRI1,https://alphafold.ebi.ac.uk/files/AF-Q9PRI1-F1-model_v6.pdb,2026-10-08,6,86.69,2025-08-01T00:00:00Z,ok,1ec4c507ec49d91a456291b4ac8d126ad68082321b9edd72f0ee6b04876d2cf0,51920
Q9PRP4,https://alphafold.ebi.ac.uk/files/AF-Q9PRP4-F1-model_v6.pdb,2026-10-08,6,94.69,2025-08-01T00:00:00Z,ok,5583e40c554f5dfcf50c4dee8e6eb77690bf36cbadfb24d99ed86aa1f84a0a79,22193
Q9PRP7,https://alphafold.ebi.ac.uk/files/AF-Q9PRP7-F1-model_v6.pdb,2026-10-08,6,95.81,2025-08-01T00:00:00Z,ok,99f27682596808ec2e6155e04b22a64a83cc0dceed9be5eed3b7eff3a1f1f23a,25595
Q9PRP8,https://alphafold.ebi.ac.uk/files/AF-Q9PRP8-F1-model_v6.pdb,2026-10-08,6,96.06,2025-08-01T00:00:00Z,ok,b79935c3e8367bf8edd534f295713e9005601d7cb7e48abfbad61556deee9abe,24542
Q9PRQ2,https://alphafold.ebi.ac.uk/files/AF-Q9PRQ2-F1-model_v6.pdb,2026-10-08,6,75.0,2025-08-01T00:00:00Z,ok,722d171b8bd3118c6730a5d68cc2c5cd4b291c3268e6285b383e47d88220dc56,21059
Q9PRQ3,https://alphafold.ebi.ac.uk/files/AF-Q9PRQ3-F1-model_v6.pdb,2026-10-08,6,83.25,2025-08-01T00:00:00Z,ok,1ec6a6131daab6fad88baf6672c46399f096b785f85186de15f29be41d4c3e6d,21950
Q9PRQ4,https://alphafold.ebi.ac.uk/files/AF-Q9PRQ4-F1-model_v6.pdb,2026-10-08,6,87.69,2025-08-01T00:00:00Z,ok,78cff453196a0d620b97a3a81ae8a60984be7a65747d9d7586f61bbcd14a3259,20087
Q9PRT7,https://alphafold.ebi.ac.uk/files/AF-Q9PRT7-F1-model_v6.pdb,2026-10-08,6,81.0,2025-08-01T00:00:00Z,ok,70338ed2e6d516cf69f2738dc78b7a2583931180b21497b9dc377e82c00e7dc3,18386
Q9PRW4,https://alphafold.ebi.ac.uk/files/AF-Q9PRW4-F1-model_v6.pdb,2026-10-08,6,86.5,2025-08-01T00:00:00Z,ok,0b33e48174519694793b52f03d9cb53d0c659eaf671e60512f3f7c6204cd3a1a,17009
Q9PS05,https://alphafold.ebi.ac.uk/files/AF-Q9PS05-F1-model_v6.pdb,2026-10-08,6,94.88,2025-08-01T00:00:00Z,ok,16297be414766f56be7beae2923d575ab7ad8a02c1a4b16a3a703ac65f171469,25352
Q9PS06,https://alphafold.ebi.ac.uk/files/AF-Q9PS06-F1-model_v6.pdb,2026-10-08,6,93.75,2025-08-01T00:00:00Z,ok,1a68950e64b284bc2e08bd313801cd484b01d465e21119fb9924464efab8fb6b,24704
Q9PS08,https://alphafold.ebi.ac.uk/files/AF-Q9PS08-F1-model_v6.pdb,2026-10-08,6,56.88,2025-08-01T00:00:00Z,ok,1a2d08aad176941deb266aa84ca0e128a9d635918dd444b6a76030c7b29966c2,23246
Q9PS09,https://alphafold.ebi.ac.uk/files/AF-Q9PS09-F1-model_v6.pdb,2026-10-08,6,84.12,2025-08-01T00:00:00Z,ok,7d411245bed83cb8351dabb6d470365ba0aef4f94d88ecba5720273b7fb32cc6,23327
Q9PS34,https://alphafold.ebi.ac.uk/files/AF-Q9PS34-F1-model_v6.pdb,2026-10-08,6,96.0,2025-08-01T00:00:00Z,ok,bfc6149cae08c997700cbc3111d49bb91136e5545855e6d249d4999ee65e34a0,41471
Q9PS48,https://alphafold.ebi.ac.uk/files/AF-Q9PS48-F1-model_v6.pdb,2026-10-08,6,86.88,2025-08-01T00:00:00Z,ok,d87adb93d497b569862d3fa798d2d3655ffc49264948a8612c39b3977c455a5c,21302
Q9PSF9,https://alphafold.ebi.ac.uk/files/AF-Q9PSF9-F1-model_v6.pdb,2026-10-08,6,94.88,2025-08-01T00:00:00Z,ok,9a2e6e77c63e76eb682234d4b45ffbce1d5f3f29c3ce21d02fd71cc4dfe8b501,28025
Q9PSM5,https://alphafold.ebi.ac.uk/files/AF-Q9PSM5-F1-model_v6.pdb,2026-10-08,6,95.69,2025-08-01T00:00:00Z,ok,a331d8cea359612036a2e780acef4054d8c6c843fb547de058dde454f0bdd3b5,86507
Q9PSM6,https://alphafold.ebi.ac.uk/files/AF-Q9PSM6-F1-model_v6.pdb,2026-10-08,6,93.62,2025-08-01T00:00:00Z,ok,0ddcf19e2055763efb19ac84203715c7b63212b74ba9969913ee5c4082bfa164,100358
Q9PSM8,https://alphafold.ebi.ac.uk/files/AF-Q9PSM8-F1-model_v6.pdb,2026-10-08,6,91.31,2025-08-01T00:00:00Z,ok,8709340aeaf4815e833997c64cf5f743c1bcc199a705a2aa54c97a36a2c8125a,86993
Q9PSM9,https://alphafold.ebi.ac.uk/files/AF-Q9PSM9-F1-model_v6.pdb,2026-10-08,6,93.56,2025-08-01T00:00:00Z,ok,90ba219b9c5b706b879310a40edf4f0064d827b8f745c84a9c0d548f9026606d,93068
Q9PSN1,https://alphafold.ebi.ac.uk/files/AF-Q9PSN1-F1-model_v6.pdb,2026-10-08,6,96.75,2025-08-01T00:00:00Z,ok,7624b6c374bdc9c5d037b13c070914235acda050e6ffe266b353cdfeb9d1da8b,46574
Q9PSN3,https://alphafold.ebi.ac.uk/files/AF-Q9PSN3-F1-model_v6.pdb,2026-10-08,6,95.94,2025-08-01T00:00:00Z,ok,db3e1079355189d07949456a751362494b39eacf1858624dd3f3a3324f731785,156005
Q9PSN5,https://alphafold.ebi.ac.uk/files/AF-Q9PSN5-F1-model_v6.pdb,2026-10-08,6,97.0,2025-08-01T00:00:00Z,ok,b76bd7b9c2008d316bd8172950f3438687d99bb5a19678d0e0969ed5d6c796b0,84806
Q9PSN6,https://alphafold.ebi.ac.uk/files/AF-Q9PSN6-F1-model_v6.pdb,2026-10-08,6,96.31,2025-08-01T00:00:00Z,ok,b2a1007c1b872d7e37a9bcea66d484831d1afa8528c41891b18253a0d927b94a,43172
Q9PSN7,https://alphafold.ebi.ac.uk/files/AF-Q9PSN7-F1-model_v6.pdb,2026-10-08,6,93.69,2025-08-01T00:00:00Z,ok,8cf8109d0b7b27f112157b042e0f98a61a98564191e38a36d4189c5a385265b9,137375
Q9PST3,https://alphafold.ebi.ac.uk/files/AF-Q9PST3-F1-model_v6.pdb,2026-10-08,6,91.56,2025-08-01T00:00:00Z,ok,68d64d250ae64881fcf9231254d65063927214264e4e9f5823b103438f587a4c,54998
Q9PST4,https://alphafold.ebi.ac.uk/files/AF-Q9PST4-F1-model_v6.pdb,2026-10-08,6,91.75,2025-08-01T00:00:00Z,ok,62d7577bb49c2e9ae149d8b3eb0ad4e06ea5fcd040134a5b7076d64965824d89,55079
Q9PT47,https://alphafold.ebi.ac.uk/files/AF-Q9PT47-F1-model_v6.pdb,2026-10-08,6,93.25,2022-06-01T00:00:00Z,ok,8df9739f8ceb8f4988df4742a357a205778c832a986994f6a8d1aa8d3714e319,258713
Q9PT48,https://alphafold.ebi.ac.uk/files/AF-Q9PT48-F1-model_v6.pdb,2026-10-08,6,81.62,2022-06-01T00:00:00Z,ok,37ae47b4b2196a166073af7f26ec79603a986327726fc8164c8100fa42dabaee,390986
Q9PT49,https://alphafold.ebi.ac.uk/files/AF-Q9PT49-F1-model_v6.pdb,2026-10-08,6,87.88,2022-06-01T00:00:00Z,ok,3ea17c8755ddec1f2532fd9c377c77d0d0418316d27939985c585aed9fc822b8,290222
Q9PT51,https://alphafold.ebi.ac.uk/files/AF-Q9PT51-F1-model_v6.pdb,2026-10-08,6,94.69,2025-08-01T00:00:00Z,ok,c4f4e78ab6fafdaeb553019d8c2aa30e3e3e95829c809a2db22a6b5318fe3941,151469
Q9PTA1,https://alphafold.ebi.ac.uk/files/AF-Q9PTA1-F1-model_v6.pdb,2026-10-08,6,88.75,2025-08-01T00:00:00Z,ok,d077d020f2119cb13e01a1f524e5a773f7bc57eae25349dd0cc433abf31dd156,95660
Q9PTA2,https://alphafold.ebi.ac.uk/files/AF-Q9PTA2-F1-model_v6.pdb,2026-10-08,6,80.31,2025-08-01T00:00:00Z,ok,41c68aba6bac7a1cc940914615025428b79b6ed96f42da93ae1ed07fbdec23c8,20654
Q9PTA5,https://alphafold.ebi.ac.uk/files/AF-Q9PTA5-F1-model_v6.pdb,2026-10-08,6,89.12,2025-08-01T00:00:00Z,ok,df3b17c591a46d138c71a5c9da8eb4daa8a8caef3d0b9ba9632a2193f1fd295d,91205
Q9PTA6,https://alphafold.ebi.ac.uk/files/AF-Q9PTA6-F1-model_v6.pdb,2026-10-08,6,89.81,2025-08-01T00:00:00Z,ok,93e06bc173832a3974b6ca14f728fa32fe818d901156c98786d7a75ea0cef4ba,93878
Q9PTA7,https://alphafold.ebi.ac.uk/files/AF-Q9PTA7-F1-model_v6.pdb,2026-10-08,6,91.88,2025-08-01T00:00:00Z,ok,dbbe045cec7eaa6c87fd58bfc4eb8f2daf8f6817d2dda25e2d12777d8e25c792,89099
Q9PTL3,https://alphafold.ebi.ac.uk/files/AF-Q9PTL3-F1-model_v6.pdb,2026-10-08,6,88.25,2025-08-01T00:00:00Z,ok,24f03942f3ade7b90773435e8fb8e30364ecedbaece5398bd74b2b901fd86122,170099
Q9PTT0,https://alphafold.ebi.ac.uk/files/AF-Q9PTT0-F1-model_v6.pdb,2026-10-08,6,92.38,2025-08-01T00:00:00Z,ok,e3f325b0bba94125d7d94dc985ce689f61f749a513fed702d0d16b1b73041b96,56294
Q9PTU8,https://alphafold.ebi.ac.uk/files/AF-Q9PTU8-F1-model_v6.pdb,2026-10-08,6,90.0,2025-08-01T00:00:00Z,ok,dc1c412b1c49ffcb855ce043c5b088f8717bd3f855f6a29b5407704d76a043f5,164915
Q9PU97,https://alphafold.ebi.ac.uk/files/AF-Q9PU97-F1-model_v6.pdb,2026-10-08,6,88.44,2025-08-01T00:00:00Z,ok,c9b21faf7a6832e9f29a366bb4e72bf3052994779e376a79e3893e2f8224bf3e,89990
Q9PUB7,https://alphafold.ebi.ac.uk/files/AF-Q9PUB7-F1-model_v6.pdb,2026-10-08,6,86.75,2025-08-01T00:00:00Z,ok,fcd0ec8ed1f69ec51a4d5308643a02aa1b5e723e78481b7003e90f31519e605e,52163
Q9PUG7,https://alphafold.ebi.ac.uk/files/AF-Q9PUG7-F1-model_v6.pdb,2026-10-08,6,85.5,2025-08-01T00:00:00Z,ok,8d9970aff67de0aff35713c22365fde3eac2fce442573e69a8c35b7f0041c5a7,98171
Q9PUG8,https://alphafold.ebi.ac.uk/files/AF-Q9PUG8-F1-model_v6.pdb,2026-10-08,6,86.31,2025-08-01T00:00:00Z,ok,ce595a015fd2c671e94cff97d3debbca8681751bfc180368a4f9309e6e9acf7a,98576
Q9PUG9,https://alphafold.ebi.ac.uk/files/AF-Q9PUG9-F1-model_v6.pdb,2026-10-08,6,88.88,2025-08-01T00:00:00Z,ok,3c2c10938a77e816f050ec804a3aeee7941dc3d1277b32c30efbf0d8889d2e22,95498
Q9PUH0,https://alphafold.ebi.ac.uk/files/AF-Q9PUH0-F1-model_v6.pdb,2026-10-08,6,88.69,2025-08-01T00:00:00Z,ok,d4fe17c18c32f4ea48d508abf4fcda3760c320a218c2bcdc458510c70826adef,96389
Q9PUH1,https://alphafold.ebi.ac.uk/files/AF-Q9PUH1-F1-model_v6.pdb,2026-10-08,6,89.12,2025-08-01T00:00:00Z,ok,aa2b5bafbc797daaac6c455db8199b3a2f1fe013c6860ed59bacb3e6cbfbecaa,96794
Q9PUH2,https://alphafold.ebi.ac.uk/files/AF-Q9PUH2-F1-model_v6.pdb,2026-10-08,6,89.06,2025-08-01T00:00:00Z,ok,2d159a4b46569c1ba6a70d9f63c0616242fe9c1710f05e5e07afffb3211bcf82,96713
Q9PUH3,https://alphafold.ebi.ac.uk/files/AF-Q9PUH3-F1-model_v6.pdb,2026-10-08,6,89.0,2025-08-01T00:00:00Z,ok,48d83fcb448cd54f5faf695730c8133bd3e14f0f6180472d8d521e444facceed,97118
Q9PUH4,https://alphafold.ebi.ac.uk/files/AF-Q9PUH4-F1-model_v6.pdb,2026-10-08,6,89.44,2025-08-01T00:00:00Z,ok,bb35068d6543509e4151dd1ba5279871a94c8bcaaa33622e411a27d5e86f699a,97361
Q9PUH5,https://alphafold.ebi.ac.uk/files/AF-Q9PUH5-F1-model_v6.pdb,2026-10-08,6,90.25,2025-08-01T00:00:00Z,ok,8ad543d4e8a84b202c19f60b60928ea87adeec6e24ca0fd8912bf7e94ba561d0,95012
Q9PUH6,https://alphafold.ebi.ac.uk/files/AF-Q9PUH6-F1-model_v6.pdb,2026-10-08,6,90.5,2025-08-01T00:00:00Z,ok,961195180415589cc9ce8bdd622698164663192cdc9101759d596f5ad2b33027,94526
Q9PUH7,https://alphafold.ebi.ac.uk/files/AF-Q9PUH7-F1-model_v6.pdb,2026-10-08,6,89.62,2025-08-01T00:00:00Z,ok,b8cafdcbebf113bd7bae665563808201c93b2231f4ffb4856e5bf987f99d33b1,94121
Q9PUH8,https://alphafold.ebi.ac.uk/files/AF-Q9PUH8-F1-model_v6.pdb,2026-10-08,6,89.88,2025-08-01T00:00:00Z,ok,503635d36d0bf3d1cd6196517b9d6d4efdf34bb104ccd36a1f72e9335b8d7e97,96065
Q9PUH9,https://alphafold.ebi.ac.uk/files/AF-Q9PUH9-F1-model_v6.pdb,2026-10-08,6,89.44,2025-08-01T00:00:00Z,ok,b844b007d3ff8c1273fd5ce5882798ef84cfe8111dce33977b1de5524e25e3cf,97199
Q9PUI0,https://alphafold.ebi.ac.uk/files/AF-Q9PUI0-F1-model_v6.pdb,2026-10-08,6,89.31,2025-08-01T00:00:00Z,ok,be5543c95634d4ba9fd05617fd50c54bead3d219c762ff8a702593668faf673d,97199
Q9PUI1,https://alphafold.ebi.ac.uk/files/AF-Q9PUI1-F1-model_v6.pdb,2026-10-08,6,89.0,2025-08-01T00:00:00Z,ok,c0c55a275c14d1dd9f17e5b624a4e7e56d74dad62676f057ad11ea8a0db9b42b,95579
Q9PVE3,https://alphafold.ebi.ac.uk/files/AF-Q9PVE3-F1-model_v6.pdb,2026-10-08,6,88.38,2025-08-01T00:00:00Z,ok,fb1e1f01915ceb7d91a7dec1f53d73de4cbdcef96bf4ec9039bdd890a2fe5a14,92258
Q9PVE9,https://alphafold.ebi.ac.uk/files/AF-Q9PVE9-F1-model_v6.pdb,2026-10-08,6,90.38,2025-08-01T00:00:00Z,ok,89c26211782f25030857cacb464e8ebec9d309ed5ab77fcd6a2fa7e4aa7a825f,93959
Q9PVF0,https://alphafold.ebi.ac.uk/files/AF-Q9PVF0-F1-model_v6.pdb,2026-10-08,6,93.94,2025-08-01T00:00:00Z,ok,548abc94f23a8f65074ea05dbda7fb18b050df17696fe7e55a86098aa5d8781e,85697
Q9PVF1,https://alphafold.ebi.ac.uk/files/AF-Q9PVF1-F1-model_v6.pdb,2026-10-08,6,94.0,2025-08-01T00:00:00Z,ok,76aa408585a1d28d9d487e58a9dd0ff5310b2e2e564aa7263a5d67f0983ba89d,85697
Q9PVF2,https://alphafold.ebi.ac.uk/files/AF-Q9PVF2-F1-model_v6.pdb,2026-10-08,6,91.06,2025-08-01T00:00:00Z,ok,8c3cf2763375e49e5424dbfd25fd2d30521e3ccc86250e5de39b0d9e625eea48,93230
Q9PVF3,https://alphafold.ebi.ac.uk/files/AF-Q9PVF3-F1-model_v6.pdb,2026-10-08,6,90.88,2025-08-01T00:00:00Z,ok,afa831e44ce3779d33664d1327ff50c37872aac9a82ef633bceeba794df8b206,91772
Q9PVF4,https://alphafold.ebi.ac.uk/files/AF-Q9PVF4-F1-model_v6.pdb,2026-10-08,6,89.38,2025-08-01T00:00:00Z,ok,e8bd3258717942663460600fcc2462583466524a63d47c975ca7542c488b3f4b,91286
Q9PVK7,https://alphafold.ebi.ac.uk/files/AF-Q9PVK7-F1-model_v6.pdb,2026-10-08,6,83.5,2025-08-01T00:00:00Z,ok,ebc0f3c1f2ad78e61fe02cb12b51359a8a1a56f72c9558938416f4cd2f3fc909,389690
Q9PVK9,https://alphafold.ebi.ac.uk/files/AF-Q9PVK9-F1-model_v6.pdb,2026-10-08,6,83.69,2025-08-01T00:00:00Z,ok,bbb1e78f9e47140e53aa71cc8c77bdf492796261472d1615c77057b973302487,309581
Q9PW19,https://alphafold.ebi.ac.uk/files/AF-Q9PW19-F1-model_v6.pdb,2026-10-08,6,71.5,2025-08-01T00:00:00Z,ok,d4ed02b9c18e0b839ab2b82794fafc4c2e969f673d9023df9b9dc8f22267c37e,67958
Q9PW35,https://alphafold.ebi.ac.uk/files/AF-Q9PW35-F1-model_v6.pdb,2026-10-08,6,83.75,2025-08-01T00:00:00Z,ok,a06f1fbaf002c752f31f113dc903b2ae6177e947d93e484aa256aa5f002052d5,271187
Q9PW36,https://alphafold.ebi.ac.uk/files/AF-Q9PW36-F1-model_v6.pdb,2026-10-08,6,81.69,2025-08-01T00:00:00Z,ok,71f2f81023bb57b44f49ce1b0a0d32242b3219e8ff65f85e8fdd4a149811339b,274670
Q9PW56,https://alphafold.ebi.ac.uk/files/AF-Q9PW56-F1-model_v6.pdb,2026-10-08,6,46.75,2025-08-01T00:00:00Z,ok,9043f11c6d7e54d848345d7c6d8fd9ae4379e55f698d31662d4ae80a19df25ad,164672
Q9PWF3,https://alphafold.ebi.ac.uk/files/AF-Q9PWF3-F1-model_v6.pdb,2026-10-08,6,82.31,2025-08-01T00:00:00Z,ok,2831333bd78b67494bd234b3b6190a7f2ebb1ec7eed088a1f52576ae68b3381c,46898
Q9PWJ0,https://alphafold.ebi.ac.uk/files/AF-Q9PWJ0-F1-model_v6.pdb,2026-10-08,6,82.31,2025-08-01T00:00:00Z,ok,eb08855a464e8ffae5b66db87eb3cc3607c5d71b42416e2d5907bd647da12ca4,312659
Q9PWR6,https://alphafold.ebi.ac.uk/files/AF-Q9PWR6-F1-model_v6.pdb,2026-10-08,6,87.94,2025-08-01T00:00:00Z,ok,5224e1840f46e9bd79013886a6c76c92408ce9b2da1886172003f93cf82207d9,90800
Q9W6M5,https://alphafold.ebi.ac.uk/files/AF-Q9W6M5-F1-model_v6.pdb,2026-10-08,6,84.81,2025-08-01T00:00:00Z,ok,20f804e9157bff7648fcbbbdbc515a57293e17d2a59c8e39f952c749f4f13a73,395198
Q9W6W6,https://alphafold.ebi.ac.uk/files/AF-Q9W6W6-F1-model_v6.pdb,2026-10-08,6,91.75,2025-08-01T00:00:00Z,ok,9276078ab005dd5de40cd7ea6d8be0ea18aaf3a4dd8f03c773a506fedce309ef,55403
Q9W6W9,https://alphafold.ebi.ac.uk/files/AF-Q9W6W9-F1-model_v6.pdb,2026-10-08,6,91.19,2025-08-01T00:00:00Z,ok,c89f6fc0740ca4e2120605741db4298180a20b1c85a24410b2e6771691ba2cf1,55322
Q9W717,https://alphafold.ebi.ac.uk/files/AF-Q9W717-F1-model_v6.pdb,2026-10-08,6,87.25,2025-08-01T00:00:00Z,ok,63681df7ade5af1020549e837fd01a00db40305263a4e1f65af3e2d1cb62de98,59129
Q9W727,https://alphafold.ebi.ac.uk/files/AF-Q9W727-F1-model_v6.pdb,2026-10-08,6,85.62,2025-08-01T00:00:00Z,ok,d8885d31e2347c325c00848cb9b8fa750d1f2762cec5e2adf9442d8a626695fc,60263
Q9W728,https://alphafold.ebi.ac.uk/files/AF-Q9W728-F1-model_v6.pdb,2026-10-08,6,90.06,2025-08-01T00:00:00Z,ok,0435123825ed409ea131e4345f288943ca655071c854814fbe189383325d4130,58724
Q9W729,https://alphafold.ebi.ac.uk/files/AF-Q9W729-F1-model_v6.pdb,2026-10-08,6,87.56,2025-08-01T00:00:00Z,ok,ae8476f4b7f99734244d6eba32872cc42ec83db73b6fb648a7881a17b464472d,58400
Q9W7I3,https://alphafold.ebi.ac.uk/files/AF-Q9W7I3-F1-model_v6.pdb,2026-10-08,6,85.75,2025-08-01T00:00:00Z,ok,d8c7fbfb0a5a9f7329c27a7d0c786ce6814481785c0ae814c634e9e9bd624fb3,59210
Q9W7J3,https://alphafold.ebi.ac.uk/files/AF-Q9W7J3-F1-model_v6.pdb,2026-10-08,6,87.38,2025-08-01T00:00:00Z,ok,d9fbb0356cbb86b095d431b3634ee6144fd788d37f45ee81d84188f3bfaf84aa,101654
Q9W7J4,https://alphafold.ebi.ac.uk/files/AF-Q9W7J4-F1-model_v6.pdb,2026-10-08,6,88.0,2025-08-01T00:00:00Z,ok,29f8d4533105cf260cd8e6b0ce1226d2f005c45fd0743d682e5cf80cedfdbf2e,99953
Q9W7J5,https://alphafold.ebi.ac.uk/files/AF-Q9W7J5-F1-model_v6.pdb,2026-10-08,6,86.0,2025-08-01T00:00:00Z,ok,8582a7040bdaeefa067860b03b1c541127b214004cce37f4410ffb4b0c591353,67877
Q9W7J6,https://alphafold.ebi.ac.uk/files/AF-Q9W7J6-F1-model_v6.pdb,2026-10-08,6,90.31,2025-08-01T00:00:00Z,ok,f97def356fa86db235bacaf61276228ce617a112b3758f505cb0e09fc8d48874,54107
Q9W7J7,https://alphafold.ebi.ac.uk/files/AF-Q9W7J7-F1-model_v6.pdb,2026-10-08,6,89.94,2025-08-01T00:00:00Z,ok,6d2e66faea7f97d69f2760e1faa4dceec253d877ac38410ef8247d20fc400578,52163
Q9W7J9,https://alphafold.ebi.ac.uk/files/AF-Q9W7J9-F1-model_v6.pdb,2026-10-08,6,88.88,2025-08-01T00:00:00Z,ok,06cab1b62d249dcdd507fb5a1bc8bd515e68d9da55b52a7c5ee6efcf6526a994,53135
Q9W7K0,https://alphafold.ebi.ac.uk/files/AF-Q9W7K0-F1-model_v6.pdb,2026-10-08,6,89.94,2025-08-01T00:00:00Z,ok,436d172595b2af597a6ab808f6a90531f68d6fae45281ca0edd936f2ec45f331,52406
Q9W7K1,https://alphafold.ebi.ac.uk/files/AF-Q9W7K1-F1-model_v6.pdb,2026-10-08,6,89.06,2025-08-01T00:00:00Z,ok,c48d51843adcf3c73b001633110582727639ef3406685573e371e2c5067debf1,52487
Q9W7K2,https://alphafold.ebi.ac.uk/files/AF-Q9W7K2-F1-model_v6.pdb,2026-10-08,6,89.75,2025-08-01T00:00:00Z,ok,7d7c05b2649b64e92ab6f84fda6e27830a9ac01bf86ab09944843342ba8ef59f,53135
Q9W7S2,https://alphafold.ebi.ac.uk/files/AF-Q9W7S2-F1-model_v6.pdb,2026-10-08,6,83.44,2025-08-01T00:00:00Z,ok,b4960dcc16c29687ca205059c76d255befdd5b1c7d0ba195deee429e73bde30a,275561
Q9YGG9,https://alphafold.ebi.ac.uk/files/AF-Q9YGG9-F1-model_v6.pdb,2026-10-08,6,86.81,2025-08-01T00:00:00Z,ok,206fab076eb4eb39fe21a784ed4807fd535848b9797dd17e754dfacee856e3b2,109349
Q9YGH9,https://alphafold.ebi.ac.uk/files/AF-Q9YGH9-F1-model_v6.pdb,2026-10-08,6,89.06,2025-08-01T00:00:00Z,ok,3dd72760bc23d006d2e7ca2e45b142c42bc0d9fef5f1fbd7e34a1c497d113bd6,59696
Q9YGI0,https://alphafold.ebi.ac.uk/files/AF-Q9YGI0-F1-model_v6.pdb,2026-10-08,6,87.44,2025-08-01T00:00:00Z,ok,b2d86a047c590e0d41c14d9cae97c5861276a5ed560df2920818aedd695de13d,59453
Q9YGI1,https://alphafold.ebi.ac.uk/files/AF-Q9YGI1-F1-model_v6.pdb,2026-10-08,6,88.19,2025-08-01T00:00:00Z,ok,5372c08ce782c4c9ce870db3aaf695423f67e61f4f3d97f4e4857b2f0ef4df62,59048
Q9YGI2,https://alphafold.ebi.ac.uk/files/AF-Q9YGI2-F1-model_v6.pdb,2026-10-08,6,89.31,2025-08-01T00:00:00Z,ok,29c1f2cf05bcacf24a7fd306197d2f1ccdc1169b374aba98eafb521d3c9ea180,59615
Q9YGI4,https://alphafold.ebi.ac.uk/files/AF-Q9YGI4-F1-model_v6.pdb,2026-10-08,6,86.5,2025-08-01T00:00:00Z,ok,7d73f22a90068a14e19d561ac25854f79f274ed27d4f25ffe27c1a023003a4dc,59777
Q9YGI6,https://alphafold.ebi.ac.uk/files/AF-Q9YGI6-F1-model_v6.pdb,2026-10-08,6,89.31,2025-08-01T00:00:00Z,ok,f9aa128d75103001fda972f52a3da52a540d08eade6f681352378ddc5e041988,168236
Q9YGI8,https://alphafold.ebi.ac.uk/files/AF-Q9YGI8-F1-model_v6.pdb,2026-10-08,6,87.38,2025-08-01T00:00:00Z,ok,dce36846c68513c7945559d25ba7746e2d8afd1ddbf5e49100bf415d52cb3f71,57833
Q9YGJ0,https://alphafold.ebi.ac.uk/files/AF-Q9YGJ0-F1-model_v6.pdb,2026-10-08,6,89.38,2025-08-01T00:00:00Z,ok,29b4c4ac11784c936fe7b61be7ee9b3fb858c4739e744a04fc51a613e3ce6315,59291
Q9YGJ2,https://alphafold.ebi.ac.uk/files/AF-Q9YGJ2-F1-model_v6.pdb,2026-10-08,6,89.12,2025-08-01T00:00:00Z,ok,30a40d924c39a8056614fd4bce0659f3d9621fb86956a6609a9733450f48dfff,168155
Q9YGJ5,https://alphafold.ebi.ac.uk/files/AF-Q9YGJ5-F1-model_v6.pdb,2026-10-08,6,92.5,2025-08-01T00:00:00Z,ok,876d1a9fc5b57b27c416a24351591bd3d7b630354c64a4385e6e1e00069f55a5,55889
Q9YGJ6,https://alphafold.ebi.ac.uk/files/AF-Q9YGJ6-F1-model_v6.pdb,2026-10-08,6,92.81,2025-08-01T00:00:00Z,ok,6e9430699dc2edab71be50fbfd83ea9c96bd333ea236a967cf394b1f7a40426c,56051
Q9YGJ7,https://alphafold.ebi.ac.uk/files/AF-Q9YGJ7-F1-model_v6.pdb,2026-10-08,6,90.5,2025-08-01T00:00:00Z,ok,0f3d39df6a3b02ffb24acecc709519aba06bacacea9c1cf9766063f9dea404f7,90881
Q9YGJ8,https://alphafold.ebi.ac.uk/files/AF-Q9YGJ8-F1-model_v6.pdb,2026-10-08,6,91.0,2025-08-01T00:00:00Z,ok,5b78766cca22ffcb675dfcd237c598904ac0c1daccaebe7e883bec3e8f7464a6,163133
Q9YGJ9,https://alphafold.ebi.ac.uk/files/AF-Q9YGJ9-F1-model_v6.pdb,2026-10-08,6,88.12,2025-08-01T00:00:00Z,ok,4c0195310a3ce1244e4cab1ac58d90134088b2d077d2f18be433436e50ab885f,165401
Q9YGN4,https://alphafold.ebi.ac.uk/files/AF-Q9YGN4-F1-model_v6.pdb,2026-10-08,6,89.94,2025-08-01T00:00:00Z,ok,95ade15a23ad422b3511edcbce1025bb81e2ce7e37c9b61394c8256f1c161eef,100844
Q9YGN5,https://alphafold.ebi.ac.uk/files/AF-Q9YGN5-F1-model_v6.pdb,2026-10-08,6,86.19,2025-08-01T00:00:00Z,ok,7705f6f029fa6eeb03d6a9b8e6ce715a885ed88dddb30847a615a530acd5881a,103598
Q9YGS1,https://alphafold.ebi.ac.uk/files/AF-Q9YGS1-F1-model_v6.pdb,2026-10-08,6,93.62,2025-08-01T00:00:00Z,ok,83ffa50d0e24820063b48e9868b9bfc2636f71d050581cd803a82f21748e22db,149525
Q9YH67,https://alphafold.ebi.ac.uk/files/AF-Q9YH67-F1-model_v6.pdb,2026-10-08,6,89.44,2022-06-01T00:00:00Z,ok,789226ac23a6dbfc0c13e0c61a881c3e42c78c181da5606053dda6cc1a05e531,40175
Q9YI19,https://alphafold.ebi.ac.uk/files/AF-Q9YI19-F1-model_v6.pdb,2026-10-08,6,83.88,2025-08-01T00:00:00Z,ok,b597557267f86ecfba4bae584a2647da1f21b72bea75958db82d8686c13aa07e,306098
Q9YI92,https://alphafold.ebi.ac.uk/files/AF-Q9YI92-F1-model_v6.pdb,2026-10-08,6,89.06,2025-08-01T00:00:00Z,ok,5bedf6fabcd4f04d72caa6ee5f45a469e31e2e00771ab1fbed3cd26c9551048a,102140
R4FI70,https://alphafold.ebi.ac.uk/files/AF-R4FI70-F1-model_v6.pdb,2026-10-08,6,84.5,2022-06-01T00:00:00Z,ok,9b5f99ef01fe99de0aaddb5bb2ebda96cc9ef4d186a6d3a0146028351e7fccf1,61802
R4FI75,https://alphafold.ebi.ac.uk/files/AF-R4FI75-F1-model_v6.pdb,2026-10-08,6,88.5,2022-06-01T00:00:00Z,ok,0f2e69ea2d9c610c4f154e59b18d27d74c6804a9d9d5d0bbc11947a3572de088,58400
R4FIK9,https://alphafold.ebi.ac.uk/files/AF-R4FIK9-F1-model_v6.pdb,2026-10-08,6,66.0,2022-06-01T00:00:00Z,ok,3714ad6ee2158b87dbc84255ccbcc9fcb398552acae01ce4579eccf6d785cedb,166049
R4FIL3,https://alphafold.ebi.ac.uk/files/AF-R4FIL3-F1-model_v6.pdb,2026-10-08,6,94.25,2022-06-01T00:00:00Z,ok,54b73e858d5e4d028e132d9bfb91c3494b0af7bb97fc8e840d6bec2c1cdcd265,175121
R4FIL7,https://alphafold.ebi.ac.uk/files/AF-R4FIL7-F1-model_v6.pdb,2026-10-08,6,94.19,2022-06-01T00:00:00Z,ok,4266fd6bd9ba1205c2c1b208468caea2329464e38bf7854625f965102afd31b8,184436
R4FIM1,https://alphafold.ebi.ac.uk/files/AF-R4FIM1-F1-model_v6.pdb,2026-10-08,6,94.0,2022-06-01T00:00:00Z,ok,7550cf7ecf3d3ccc14ed96a05e811aa2d1180976db8cf4d3276dbbc4f293ba5f,239273
R4FIM5,https://alphafold.ebi.ac.uk/files/AF-R4FIM5-F1-model_v6.pdb,2026-10-08,6,88.38,2022-06-01T00:00:00Z,ok,e025ea0f00a8f5ac95a11c7960c8f19b9ff46ea0fd5cd01964b0ba6fdbf3dea4,93554
R4FIN0,https://alphafold.ebi.ac.uk/files/AF-R4FIN0-F1-model_v6.pdb,2026-10-08,6,65.44,2022-06-01T00:00:00Z,ok,15b289a15e9b1daafb4222e66d711b33926ad3604d874ab65d51d6516fc4dcba,161027
R4FIN6,https://alphafold.ebi.ac.uk/files/AF-R4FIN6-F1-model_v6.pdb,2026-10-08,6,55.0,2022-06-01T00:00:00Z,ok,66233eb0bbd338cffce1f1c043fa558077f308a2868376bbec38acef30f7d8c4,75896
R4FJD0,https://alphafold.ebi.ac.uk/files/AF-R4FJD0-F1-model_v6.pdb,2026-10-08,6,97.06,2022-06-01T00:00:00Z,ok,5d5654b6ba44ae2b50f1737fb5b39e0c5af32dbf22855bc4d7a1e5d5a4f4b64a,121013
R4FJY3,https://alphafold.ebi.ac.uk/files/AF-R4FJY3-F1-model_v6.pdb,2026-10-08,6,94.06,2022-06-01T00:00:00Z,ok,9d83ff7debce2ba5e597d379b7f70371021338f316c07e0262af16f8312a22df,173177
R4FJY9,https://alphafold.ebi.ac.uk/files/AF-R4FJY9-F1-model_v6.pdb,2026-10-08,6,92.62,2022-06-01T00:00:00Z,ok,357ccd02193484e89f6bc6b6ae38b98232daa63fdc6ebcf050354e935f9b5136,158354
R4FJZ9,https://alphafold.ebi.ac.uk/files/AF-R4FJZ9-F1-model_v6.pdb,2026-10-08,6,87.25,2022-06-01T00:00:00Z,ok,d71dec0e247b40fa390587a41abe97ef313b78cbcb4cbb11f17ebfa43c621b44,100601
R4FK05,https://alphafold.ebi.ac.uk/files/AF-R4FK05-F1-model_v6.pdb,2026-10-08,6,65.19,2022-06-01T00:00:00Z,ok,e713aa162a02d39a0f61d20dc025bea429d726464431f9a6924e7bce66116908,161675
R4FK10,https://alphafold.ebi.ac.uk/files/AF-R4FK10-F1-model_v6.pdb,2026-10-08,6,55.81,2022-06-01T00:00:00Z,ok,46cd047996dcfffa4c2b57d77ca623312e2055dcc9eac57caa5127e6d68e981e,73871
R4FK16,https://alphafold.ebi.ac.uk/files/AF-R4FK16-F1-model_v6.pdb,2026-10-08,6,91.81,2022-06-01T00:00:00Z,ok,7396d713c55af9412a8cf4be869246fff7bbfa594c9affbe7886fefac0683e83,101006
R4FK22,https://alphafold.ebi.ac.uk/files/AF-R4FK22-F1-model_v6.pdb,2026-10-08,6,73.31,2022-06-01T00:00:00Z,ok,c8a37cd6840cf89c2ee0ccaf5e421cd260b14edf0a2fae24b57b8c85ae682b15,183788
R4G2D3,https://alphafold.ebi.ac.uk/files/AF-R4G2D3-F1-model_v6.pdb,2026-10-08,6,81.31,2022-06-01T00:00:00Z,ok,76cb983a3dac9d65798c7fd9e9f85c9fc89649cc5188b4385b6831bdd69726b9,394874
R4G2D4,https://alphafold.ebi.ac.uk/files/AF-R4G2D4-F1-model_v6.pdb,2026-10-08,6,81.31,2022-06-01T00:00:00Z,ok,c257b66245361b0a7d74a43d0c4e57ca7429ee343920720bfc6f541c7279b0f6,103760
R4G2D5,https://alphafold.ebi.ac.uk/files/AF-R4G2D5-F1-model_v6.pdb,2026-10-08,6,54.78,2022-06-01T00:00:00Z,ok,55949446cf2854a74b5d0d812fb5aa42a93aab0bce28368f318e20652a368792,66014
R4G2D7,https://alphafold.ebi.ac.uk/files/AF-R4G2D7-F1-model_v6.pdb,2026-10-08,6,90.81,2022-06-01T00:00:00Z,ok,3a69fd085ba41ed133000953ce399d2e194aab4a55b0c92ddd4938ce57d89859,56294
R4G2D8,https://alphafold.ebi.ac.uk/files/AF-R4G2D8-F1-model_v6.pdb,2026-10-08,6,84.25,2022-06-01T00:00:00Z,ok,79f6faa00d0fdbf225964376d45e9a57e9ef3448b45de0e47f249c8d7376dd07,66014
R4G2D9,https://alphafold.ebi.ac.uk/files/AF-R4G2D9-F1-model_v6.pdb,2026-10-08,6,86.88,2022-06-01T00:00:00Z,ok,1597779bf5fb4490f85c850ac580d0e676bdc9dda62112f29e6203bd88ff7793,62855
R4G2H9,https://alphafold.ebi.ac.uk/files/AF-R4G2H9-F1-model_v6.pdb,2026-10-08,6,67.31,2022-06-01T00:00:00Z,ok,2e070e264ba3a6c3dcd9a02ba1a47d9745d99f73d3334ec33b9b4f04bd38882c,164753
R4G2I0,https://alphafold.ebi.ac.uk/files/AF-R4G2I0-F1-model_v6.pdb,2026-10-08,6,85.81,2022-06-01T00:00:00Z,ok,08c8e023f0a41a2697816c32ed85606eaf458c97583a2fec3660e2d1f0d42eef,308933
R4G2I2,https://alphafold.ebi.ac.uk/files/AF-R4G2I2-F1-model_v6.pdb,2026-10-08,6,96.94,2022-06-01T00:00:00Z,ok,6f2ebd16b2e4502aa76125f1d2a55272934db6aeb0195e5a8fdb834f4663585c,92177
R4G2I3,https://alphafold.ebi.ac.uk/files/AF-R4G2I3-F1-model_v6.pdb,2026-10-08,6,84.69,2022-06-01T00:00:00Z,ok,c4918599e0b84b4f65ae2c9ce7ced81d115a16f733d647d827c8be9e7dc623c4,96470
R4G2I4,https://alphafold.ebi.ac.uk/files/AF-R4G2I4-F1-model_v6.pdb,2026-10-08,6,67.19,2022-06-01T00:00:00Z,ok,3771dfbfc12be0db81b5f80f73a8a59acd13866aa68794e038bc5c4de344da60,160541
R4G2P2,https://alphafold.ebi.ac.uk/files/AF-R4G2P2-F1-model_v6.pdb,2026-10-08,6,91.12,2022-06-01T00:00:00Z,ok,eb62f744ec09b2fe9116c41b0b2890464ce1720d9a048925dd20c7943272bf94,56537
R4G2P6,https://alphafold.ebi.ac.uk/files/AF-R4G2P6-F1-model_v6.pdb,2026-10-08,6,89.38,2022-06-01T00:00:00Z,ok,d45b1f37b503c2fc1b9f9380bae72e473653c15051227b90be6b42d9924f15db,57914
R4G2Y6,https://alphafold.ebi.ac.uk/files/AF-R4G2Y6-F1-model_v6.pdb,2026-10-08,6,95.56,2022-06-01T00:00:00Z,ok,883eb322db2391747dbbea282a6433edef1bf2b30a5863a44aa8b43552941b8f,157949
R4G2Y9,https://alphafold.ebi.ac.uk/files/AF-R4G2Y9-F1-model_v6.pdb,2026-10-08,6,89.62,2022-06-01T00:00:00Z,ok,608a81422f8cc6071befd082fe9bbe21da468e4b680873e0560cb0af89fad9fb,174230
R4G2Z1,https://alphafold.ebi.ac.uk/files/AF-R4G2Z1-F1-model_v6.pdb,2026-10-08,6,92.06,2022-06-01T00:00:00Z,ok,4edf27b9fede7ded220ae003e108bf30d9887a434eafe95a7929136b10a6dca4,230282
R4G2Z3,https://alphafold.ebi.ac.uk/files/AF-R4G2Z3-F1-model_v6.pdb,2026-10-08,6,87.25,2022-06-01T00:00:00Z,ok,5678dd91813d62b67ddc0447ac0044ee4066a5a97f2e1b9e4731802453aaeeae,95903
R4G2Z5,https://alphafold.ebi.ac.uk/files/AF-R4G2Z5-F1-model_v6.pdb,2026-10-08,6,85.62,2022-06-01T00:00:00Z,ok,afeffa17942c1f2e27239e2eb1fbeb448021456026a5f63e29bca0c3b19ed787,96308
R4G2Z8,https://alphafold.ebi.ac.uk/files/AF-R4G2Z8-F1-model_v6.pdb,2026-10-08,6,55.81,2022-06-01T00:00:00Z,ok,926c02f115fa901250c3fc01fa2c5ed54361ed2019e690a8d7b45f9f94e93acf,74681
R4G7E4,https://alphafold.ebi.ac.uk/files/AF-R4G7E4-F1-model_v6.pdb,2026-10-08,6,55.53,2022-06-01T00:00:00Z,ok,5ce104b06f7ca3c83f0c4e724e65ea79dd5a89ceb56ca52f815f55261fdd63bb,65852
R4G7E6,https://alphafold.ebi.ac.uk/files/AF-R4G7E6-F1-model_v6.pdb,2026-10-08,6,91.31,2022-06-01T00:00:00Z,ok,8216c8b4637164562461c1f2a957e5ff18fa76873e1922a00e2efd6246c8b914,55079
R4G7E7,https://alphafold.ebi.ac.uk/files/AF-R4G7E7-F1-model_v6.pdb,2026-10-08,6,84.75,2022-06-01T00:00:00Z,ok,dbc6761c7e4c72e902fdcbc349e01469fb9a8378b41f9d19d011983df1e16aa4,66176
R4G7E8,https://alphafold.ebi.ac.uk/files/AF-R4G7E8-F1-model_v6.pdb,2026-10-08,6,86.81,2022-06-01T00:00:00Z,ok,de26572b339e25010f7d0d43dd39ec0396460fd6340a43981617a7dfd32e2c54,62936
R4G7I8,https://alphafold.ebi.ac.uk/files/AF-R4G7I8-F1-model_v6.pdb,2026-10-08,6,66.31,2022-06-01T00:00:00Z,ok,f6995b1460b78d231b311e3834666587c5e11bb377ebff9bd88331f2820c6520,165401
R4G7I9,https://alphafold.ebi.ac.uk/files/AF-R4G7I9-F1-model_v6.pdb,2026-10-08,6,94.06,2022-06-01T00:00:00Z,ok,56236bc49d7cb258c37c38b1f443d99342fd8d7281ac441ce98d1058a5625259,183869
R4G7J0,https://alphafold.ebi.ac.uk/files/AF-R4G7J0-F1-model_v6.pdb,2026-10-08,6,93.69,2022-06-01T00:00:00Z,ok,6fcd7d722df148e1d736990935e1a85b07062b1957785b7cba7ce4ae0416b346,156977
R4G7J1,https://alphafold.ebi.ac.uk/files/AF-R4G7J1-F1-model_v6.pdb,2026-10-08,6,93.81,2022-06-01T00:00:00Z,ok,aafda617efa090d63022920716696e90d2b89c2692e6b0912aa12b75591c974d,155843
R4G7J2,https://alphafold.ebi.ac.uk/files/AF-R4G7J2-F1-model_v6.pdb,2026-10-08,6,88.12,2022-06-01T00:00:00Z,ok,d37656a7a4de26d85a1b492e602a636acf95a9640c4fcd8f9313e46762458919,92987
R4G7J3,https://alphafold.ebi.ac.uk/files/AF-R4G7J3-F1-model_v6.pdb,2026-10-08,6,67.12,2022-06-01T00:00:00Z,ok,0076e9b4c1ef2ac12d7b57bbd8139926489bd3196bb4b9476f3a229c1b3d6aeb,160460
R4G7J4,https://alphafold.ebi.ac.uk/files/AF-R4G7J4-F1-model_v6.pdb,2026-10-08,6,54.72,2022-06-01T00:00:00Z,ok,f50cffd149b8429bd6bb1988e4b79f52283f8b8386494408881f0f020003df72,76220
R4NNL0,https://alphafold.ebi.ac.uk/files/AF-R4NNL0-F1-model_v6.pdb,2026-10-08,6,84.56,2025-08-01T00:00:00Z,ok,b2f874f71c5aa91b92795c724c56e2a60d724830418872fb599fc8844a775357,395441
S6BCL7,https://alphafold.ebi.ac.uk/files/AF-S6BCL7-F1-model_v6.pdb,2026-10-08,6,90.06,2022-06-01T00:00:00Z,ok,6b4c71847c512068eab76e4557fc03d77763d8e541a674ee34a7fb1741e5756d,55079
S6CB76,https://alphafold.ebi.ac.uk/files/AF-S6CB76-F1-model_v6.pdb,2026-10-08,6,87.56,2022-06-01T00:00:00Z,ok,98ac35c65f1afd12dc5fb9b96d55135da2d92b91d85cc63d54baf2e5e0ff9488,57752
T1D6N7,https://alphafold.ebi.ac.uk/files/AF-T1D6N7-F1-model_v6.pdb,2026-10-08,6,87.31,2022-06-01T00:00:00Z,ok,4aa61f86a10eb2ea873f1872e0e6b393a9698700c9713b99d90bd64e8e342a5e,92096
T1D6P2,https://alphafold.ebi.ac.uk/files/AF-T1D6P2-F1-model_v6.pdb,2026-10-08,6,88.5,2022-06-01T00:00:00Z,ok,fcac1999d0fdc26ca160f842abc590c161dbd97db6dde200cbb8a3d25a52ac6a,90881
T1D6P7,https://alphafold.ebi.ac.uk/files/AF-T1D6P7-F1-model_v6.pdb,2026-10-08,6,92.5,2022-06-01T00:00:00Z,ok,cfc85c15add645928186652d32738e5285884af8cab3eed2fbed7297f609a513,557765
T1D6Q8,https://alphafold.ebi.ac.uk/files/AF-T1D6Q8-F1-model_v6.pdb,2026-10-08,6,85.69,2022-06-01T00:00:00Z,ok,21ae89de2dfc70168f4fa56d88461af428405e19a544c2be851eb9c91edfd68c,108296
T1D6R8,https://alphafold.ebi.ac.uk/files/AF-T1D6R8-F1-model_v6.pdb,2026-10-08,6,93.25,2022-06-01T00:00:00Z,ok,fe579875cb4a33dfb50eccbc35c87297abf3bc3191a57be620cb7fb3e84358ce,157058
T1DGZ4,https://alphafold.ebi.ac.uk/files/AF-T1DGZ4-F1-model_v6.pdb,2026-10-08,6,82.75,2022-06-01T00:00:00Z,ok,125c0f35360b5f4ddd4e3816f33753f7c8890e9766d2352acd5f100230af31ab,94850
T1DH13,https://alphafold.ebi.ac.uk/files/AF-T1DH13-F1-model_v6.pdb,2026-10-08,6,90.44,2022-06-01T00:00:00Z,ok,5a81aad986261df989d68957be10fc15310f2557c876dbac0c7377553a276329,94850
T1DH17,https://alphafold.ebi.ac.uk/files/AF-T1DH17-F1-model_v6.pdb,2026-10-08,6,88.56,2022-06-01T00:00:00Z,ok,5e1a1526ae22796b257efbd4ad717603d4d031760edd77bbcaf8345701b02a07,92258
T1DH25,https://alphafold.ebi.ac.uk/files/AF-T1DH25-F1-model_v6.pdb,2026-10-08,6,79.0,2022-06-01T00:00:00Z,ok,6de3bef9f35891519630842de01a080871a29ae852e93f64341592449a8cd828,47060
T1DH34,https://alphafold.ebi.ac.uk/files/AF-T1DH34-F1-model_v6.pdb,2026-10-08,6,84.75,2022-06-01T00:00:00Z,ok,789cb5c1b101f23aa8ba025ce730d3dae10dcd49a326f83e349c91b940b8d842,107081
T1DHN3,https://alphafold.ebi.ac.uk/files/AF-T1DHN3-F1-model_v6.pdb,2026-10-08,6,80.44,2022-06-01T00:00:00Z,ok,bf69fa38a3b66043a27e1f4d1a2430f9497fa68e9e35f2161eb6a472749daa15,451574
T1DJT5,https://alphafold.ebi.ac.uk/files/AF-T1DJT5-F1-model_v6.pdb,2026-10-08,6,92.12,2022-06-01T00:00:00Z,ok,2c7ee6204a2213ae09133515ae845bae52176ad17b50e1a069cd3baa92f54a18,543995
T1DJY5,https://alphafold.ebi.ac.uk/files/AF-T1DJY5-F1-model_v6.pdb,2026-10-08,6,80.56,2022-06-01T00:00:00Z,ok,757005592b54920eaa34e8daee2332d848d123b1b93ae02ed11c633b15fc0d35,395117
T1DJY7,https://alphafold.ebi.ac.uk/files/AF-T1DJY7-F1-model_v6.pdb,2026-10-08,6,89.06,2022-06-01T00:00:00Z,ok,04dbd238f3714296e5d8c4942a6d6b03fe3a0101dcc540c80d1cfc2d2aeca2ae,92420
T1DJZ7,https://alphafold.ebi.ac.uk/files/AF-T1DJZ7-F1-model_v6.pdb,2026-10-08,6,84.31,2022-06-01T00:00:00Z,ok,a44f8e94a717bbbb4f4d7b77a8b0302ed61399faba5aefe16de4afa5386a53d8,99143
T1DK00,https://alphafold.ebi.ac.uk/files/AF-T1DK00-F1-model_v6.pdb,2026-10-08,6,87.62,2022-06-01T00:00:00Z,ok,3102724cf84d12c05c1dfb236e7aaa70219ee2a76cd25b18f0e1c000bd376de8,108215
T1DK04,https://alphafold.ebi.ac.uk/files/AF-T1DK04-F1-model_v6.pdb,2026-10-08,6,88.75,2022-06-01T00:00:00Z,ok,579756c8ede5366423d7284740f88c8472d9e27a54cbbd325d4368d97af89578,103193
T1DK06,https://alphafold.ebi.ac.uk/files/AF-T1DK06-F1-model_v6.pdb,2026-10-08,6,54.5,2022-06-01T00:00:00Z,ok,51a4d5c6592b71f4c676570884d77e0a563a06ed4231e9a862cfb6f9c763e6e7,129113
T1DP13,https://alphafold.ebi.ac.uk/files/AF-T1DP13-F1-model_v6.pdb,2026-10-08,6,75.31,2022-06-01T00:00:00Z,ok,c5f572f791d610368bcc6cebbfd556432e3d55bddb55472413168b087632d3e9,491021
T1E3B3,https://alphafold.ebi.ac.uk/files/AF-T1E3B3-F1-model_v6.pdb,2026-10-08,6,80.75,2022-06-01T00:00:00Z,ok,1f2d291b9eb64ec6ad716bcaaa4c4e8fafed5c45b270a96e680bee0598092267,144422
T1E3C5,https://alphafold.ebi.ac.uk/files/AF-T1E3C5-F1-model_v6.pdb,2026-10-08,6,84.75,2022-06-01T00:00:00Z,ok,dec649d105c002b1cb2a920313d53cce67b4debf4a08781d92e8d96cfbeb14fe,269486
T1E3C7,https://alphafold.ebi.ac.uk/files/AF-T1E3C7-F1-model_v6.pdb,2026-10-08,6,89.75,2022-06-01T00:00:00Z,ok,67c53b883b67fa822c6637941b390f2ebd2bb0b74bdd8a16482dda3bcaf7d2eb,93797
T1E3C9,https://alphafold.ebi.ac.uk/files/AF-T1E3C9-F1-model_v6.pdb,2026-10-08,6,89.38,2022-06-01T00:00:00Z,ok,45c507df36b4b6dcc835db109d5b1308e49f671edadc34cf7db5d077df29b05e,91448
T1E3D1,https://alphafold.ebi.ac.uk/files/AF-T1E3D1-F1-model_v6.pdb,2026-10-08,6,68.31,2022-06-01T00:00:00Z,ok,33d41d79a4480af9e7a18d6a53d586d7c66374183883f2b404fa3c001296323a,159893
T1E3D6,https://alphafold.ebi.ac.uk/files/AF-T1E3D6-F1-model_v6.pdb,2026-10-08,6,88.94,2022-06-01T00:00:00Z,ok,fa6cf8ffd1f3aa73172b965564aabdd34b6f732dc88bfea6dc77bdfba0829d07,100844
T1E3D8,https://alphafold.ebi.ac.uk/files/AF-T1E3D8-F1-model_v6.pdb,2026-10-08,6,89.94,2022-06-01T00:00:00Z,ok,b977a9a9c3dfecaea9a947dc7302204f3deeded2fb07ee1c22aaa4def195a8bb,108539
T1E3E0,https://alphafold.ebi.ac.uk/files/AF-T1E3E0-F1-model_v6.pdb,2026-10-08,6,74.88,2022-06-01T00:00:00Z,ok,cb0e5b9f1740361f902a4a7493679a1e8ffe69d32a70900a44cde8bd310a6fd8,104246
T1E3X9,https://alphafold.ebi.ac.uk/files/AF-T1E3X9-F1-model_v6.pdb,2026-10-08,6,83.19,2022-06-01T00:00:00Z,ok,35ffcbca3429d8a182bb5b6c3571ed5bbebdd8fbba6ff26a26b36a3ceeea595b,391553
T1E3Y1,https://alphafold.ebi.ac.uk/files/AF-T1E3Y1-F1-model_v6.pdb,2026-10-08,6,89.12,2022-06-01T00:00:00Z,ok,7cb735f0a6f8082c12dfe232ee5e885355369f4d7175d7d22ca24d2f704ba56c,91286
T1E3Y3,https://alphafold.ebi.ac.uk/files/AF-T1E3Y3-F1-model_v6.pdb,2026-10-08,6,89.5,2022-06-01T00:00:00Z,ok,1aa8086a77a6964d42ab168b7350f3504b59834a0a9ffd217000a5e1f2b5a26e,91529
T1E3Z0,https://alphafold.ebi.ac.uk/files/AF-T1E3Z0-F1-model_v6.pdb,2026-10-08,6,83.5,2022-06-01T00:00:00Z,ok,8bb3f357d630b2dcca1853d94f56946d92896603bd2a8af7332a3a4517071e12,100763
T1E3Z2,https://alphafold.ebi.ac.uk/files/AF-T1E3Z2-F1-model_v6.pdb,2026-10-08,6,88.62,2022-06-01T00:00:00Z,ok,824e26d3449f55f51b4321d4d0a4d5adfb52f1b50f30cee21e299006d3931c02,101168
T1E3Z4,https://alphafold.ebi.ac.uk/files/AF-T1E3Z4-F1-model_v6.pdb,2026-10-08,6,84.56,2022-06-01T00:00:00Z,ok,784369be1531c9b219168683cc209a756d71a59a03cc5465c4f3618db080f32d,98819
T1E3Z6,https://alphafold.ebi.ac.uk/files/AF-T1E3Z6-F1-model_v6.pdb,2026-10-08,6,52.91,2022-06-01T00:00:00Z,ok,504d6dead4563d26c97dabaeecc574c50808df0583caa005ea8bf8ed8d24922d,120122
T1P647,https://alphafold.ebi.ac.uk/files/AF-T1P647-F1-model_v6.pdb,2026-10-08,6,84.06,2022-06-01T00:00:00Z,ok,366f24f84d72eb9279b7c62cbae92f0265632fedb3e8b0253fea4214a2bbb621,109187
T2HP25,https://alphafold.ebi.ac.uk/files/AF-T2HP25-F1-model_v6.pdb,2026-10-08,6,93.25,2022-06-01T00:00:00Z,ok,aedb225e58dcab884e480538d32f94f9b4598f3ab5307f4cb773bae20127d6b7,156977
T2HP30,https://alphafold.ebi.ac.uk/files/AF-T2HP30-F1-model_v6.pdb,2026-10-08,6,86.31,2022-06-01T00:00:00Z,ok,f81f318f1e66e2676d1a2de0541f2302ea36e602ccf5aba144ce3d3e70091687,104003
T2HP35,https://alphafold.ebi.ac.uk/files/AF-T2HP35-F1-model_v6.pdb,2026-10-08,6,93.62,2022-06-01T00:00:00Z,ok,c8a7ab672dc7411cda5e804d2cc561c51f16803e1eed1f45f32e0b6e4d02a349,86345
T2HP42,https://alphafold.ebi.ac.uk/files/AF-T2HP42-F1-model_v6.pdb,2026-10-08,6,92.75,2022-06-01T00:00:00Z,ok,8db6699a653089054e24707ed9a579316bc24cdd2a6ba4fb8985569d42b7e037,105542
T2HP53,https://alphafold.ebi.ac.uk/files/AF-T2HP53-F1-model_v6.pdb,2026-10-08,6,88.88,2022-06-01T00:00:00Z,ok,60957b14e2576500c19ea4f18635dab0a80ea207af542701a8d21f7a175ac4f7,101168
T2HP57,https://alphafold.ebi.ac.uk/files/AF-T2HP57-F1-model_v6.pdb,2026-10-08,6,95.44,2022-06-01T00:00:00Z,ok,8332324369ee16cc79190999c9830fb85a5c21c5f0d4abed70302d9f478ccbe6,77678
T2HP62,https://alphafold.ebi.ac.uk/files/AF-T2HP62-F1-model_v6.pdb,2026-10-08,6,92.44,2022-06-01T00:00:00Z,ok,b609246c38debc6e9ff33a351069d118c3c50a74a26c1c0b0ee18e0067e46280,558818
T2HP78,https://alphafold.ebi.ac.uk/files/AF-T2HP78-F1-model_v6.pdb,2026-10-08,6,91.19,2022-06-01T00:00:00Z,ok,62424db7a949191803b4b8809e98fe21286c07dadcd29ba4bfcaf8c28ffdce14,114776
T2HPA6,https://alphafold.ebi.ac.uk/files/AF-T2HPA6-F1-model_v6.pdb,2026-10-08,6,90.69,2022-06-01T00:00:00Z,ok,8069b6077c426fe78b1eb909f2a7470782bcc04e3e19b8dff5f465ecd3e8eaa6,93392
T2HPB1,https://alphafold.ebi.ac.uk/files/AF-T2HPB1-F1-model_v6.pdb,2026-10-08,6,96.19,2022-06-01T00:00:00Z,ok,da63c435afd7ca4d6f4169122c5f514ce9c843f4779df43cd1c013c13393f614,122876
T2HPC2,https://alphafold.ebi.ac.uk/files/AF-T2HPC2-F1-model_v6.pdb,2026-10-08,6,97.75,2022-06-01T00:00:00Z,ok,ba405000338bfb67b460815f475cca64689da195644b5dd04795bfad804f586c,72737
T2HPD6,https://alphafold.ebi.ac.uk/files/AF-T2HPD6-F1-model_v6.pdb,2026-10-08,6,92.5,2022-06-01T00:00:00Z,ok,d6bb273d052fdb42584d118afb94ac272d9893ec6e89f5be16c6de68b84c4bb1,560276
T2HPF3,https://alphafold.ebi.ac.uk/files/AF-T2HPF3-F1-model_v6.pdb,2026-10-08,6,90.75,2022-06-01T00:00:00Z,ok,1d7e1b0bbb1e37435bad74ac8719bbcfb173a80a5f224f8c7e13f257eb94ef58,110807
T2HPQ3,https://alphafold.ebi.ac.uk/files/AF-T2HPQ3-F1-model_v6.pdb,2026-10-08,6,89.44,2022-06-01T00:00:00Z,ok,0491a52d67cfe4b6686de8a60a5f517e2730e0de4b8ed99c824e5d241b201151,88451
T2HPS7,https://alphafold.ebi.ac.uk/files/AF-T2HPS7-F1-model_v6.pdb,2026-10-08,6,87.25,2022-06-01T00:00:00Z,ok,da2520992467f500bf87fb2a1c94c998c179969bf64633f06f7c4336b9458cdd,104651
T2HQ64,https://alphafold.ebi.ac.uk/files/AF-T2HQ64-F1-model_v6.pdb,2026-10-08,6,87.81,2022-06-01T00:00:00Z,ok,91803966546fc996e01d9cb9294023190d2929e14aa7db44c8637a9a260dc79b,108134
T2HQ68,https://alphafold.ebi.ac.uk/files/AF-T2HQ68-F1-model_v6.pdb,2026-10-08,6,82.06,2022-06-01T00:00:00Z,ok,9c6bf1ba977f5405a998ebe37f46cfcb94e9350381a805f316a20ca83fffed0c,60830
T2HQA0,https://alphafold.ebi.ac.uk/files/AF-T2HQA0-F1-model_v6.pdb,2026-10-08,6,92.44,2022-06-01T00:00:00Z,ok,1c30df4bb7efd97fc5588a3da0bcf6d4117c7ce58df7225b87ceb396af50d328,534275
T2HQA7,https://alphafold.ebi.ac.uk/files/AF-T2HQA7-F1-model_v6.pdb,2026-10-08,6,83.19,2022-06-01T00:00:00Z,ok,02df273f85de70405e9ee6e2e9d4596466fa1929b74c3cbdee29bebf4ad143a1,132029
T2HRR0,https://alphafold.ebi.ac.uk/files/AF-T2HRR0-F1-model_v6.pdb,2026-10-08,6,80.38,2022-06-01T00:00:00Z,ok,a614958b812072c76075bae3de623273a8e10afa959a1a9fcf15b27df9e24db5,214001
T2HRT4,https://alphafold.ebi.ac.uk/files/AF-T2HRT4-F1-model_v6.pdb,2026-10-08,6,92.06,2022-06-01T00:00:00Z,ok,7bbbd625fed34de7b4ab69af4a0e0456e67ccac20f4e7b5e3340e33a639536cb,532817
T2HRT8,https://alphafold.ebi.ac.uk/files/AF-T2HRT8-F1-model_v6.pdb,2026-10-08,6,91.69,2022-06-01T00:00:00Z,ok,92de380a3bbc6904a7c5060ad33f1f3ab6543b2ff9dda0baf81662c03991a046,109349
T2HRU2,https://alphafold.ebi.ac.uk/files/AF-T2HRU2-F1-model_v6.pdb,2026-10-08,6,91.0,2022-06-01T00:00:00Z,ok,a8d1b5f768a9a7b5bf1467a4898f30e1f0e8d02e07a45134e7301c21e7e1708d,166778
U3EPC7,https://alphafold.ebi.ac.uk/files/AF-U3EPC7-F1-model_v6.pdb,2026-10-08,6,79.81,2022-06-01T00:00:00Z,ok,7c03bc39f0a4994c7533b23bb87130a4da620ad6964cf5bb47f2c95be0f9163c,397547
U3EPH5,https://alphafold.ebi.ac.uk/files/AF-U3EPH5-F1-model_v6.pdb,2026-10-08,6,66.75,2022-06-01T00:00:00Z,ok,7c94c316eb3106bf1e2cc9d85684cc3816a011ece436cd575a822168f0fd5fce,159893
U3EPI1,https://alphafold.ebi.ac.uk/files/AF-U3EPI1-F1-model_v6.pdb,2026-10-08,6,86.44,2022-06-01T00:00:00Z,ok,6a59f8798720d3c4947fe83d5da650ffd9a05106a720d4cbca1724e00e37ab38,57752
U3EPI5,https://alphafold.ebi.ac.uk/files/AF-U3EPI5-F1-model_v6.pdb,2026-10-08,6,93.0,2022-06-01T00:00:00Z,ok,8d702fc184dfa1aeb8e63f6cb02b73ddb66e204ffe198018e139e651660352be,343115
U3EPL2,https://alphafold.ebi.ac.uk/files/AF-U3EPL2-F1-model_v6.pdb,2026-10-08,6,85.62,2025-08-01T00:00:00Z,ok,c36f6f5d598ece1dd0365cbeb33daaa975bc72443a97e70c31007e8798f2f225,55565
U3EPM9,https://alphafold.ebi.ac.uk/files/AF-U3EPM9-F1-model_v6.pdb,2026-10-08,6,88.38,2022-06-01T00:00:00Z,ok,ec20c49ffde4e684d991aa9dc9eca838519df58226a911f145a0737f9dddc9a1,58319
U3F5A6,https://alphafold.ebi.ac.uk/files/AF-U3F5A6-F1-model_v6.pdb,2026-10-08,6,66.62,2022-06-01T00:00:00Z,ok,8e0ec635a5d074903844c7d8d2815e0c56c0a13c5c45f7b1914abc66504f93ac,159812
U3F5B1,https://alphafold.ebi.ac.uk/files/AF-U3F5B1-F1-model_v6.pdb,2026-10-08,6,86.69,2022-06-01T00:00:00Z,ok,ef3ea10a16e60a1f06519a10ec18cbd42708abc4d8aee3303d91dec16410bdc0,58076
U3F5B5,https://alphafold.ebi.ac.uk/files/AF-U3F5B5-F1-model_v6.pdb,2026-10-08,6,86.19,2022-06-01T00:00:00Z,ok,77d3e288dab0866bef9db5e517a52f39c3f1948aeda8d072f2d57093c61043e8,56942
U3FAB3,https://alphafold.ebi.ac.uk/files/AF-U3FAB3-F1-model_v6.pdb,2026-10-08,6,92.38,2022-06-01T00:00:00Z,ok,09bd11f82f074bcbab2bbda2bde93506b1f28e3a68f49d2e65e15563528a9b94,561086
U3FAB7,https://alphafold.ebi.ac.uk/files/AF-U3FAB7-F1-model_v6.pdb,2026-10-08,6,84.75,2022-06-01T00:00:00Z,ok,7c55c04aaaa9c66f52ab2492e6bd92ad3521473eaf222c1432b166641bb52558,54755
U3FAC0,https://alphafold.ebi.ac.uk/files/AF-U3FAC0-F1-model_v6.pdb,2026-10-08,6,85.25,2022-06-01T00:00:00Z,ok,87a6e193fb4650c36da3d59f67534a1939b47f6e6ff0e3464b13ddffc7c8b9d3,57833
U3FAE1,https://alphafold.ebi.ac.uk/files/AF-U3FAE1-F1-model_v6.pdb,2026-10-08,6,86.19,2025-08-01T00:00:00Z,ok,c29a705f38ef5a143b1f159187925bcf2b33edc1c8d0b1321e84822f5182dd39,55727
U3FDA1,https://alphafold.ebi.ac.uk/files/AF-U3FDA1-F1-model_v6.pdb,2026-10-08,6,58.25,2022-06-01T00:00:00Z,ok,3ce665f9e9d63e56a903d55fcca16226db0e0c7ba4bb778277f78577d2901368,167831
U3FVG3,https://alphafold.ebi.ac.uk/files/AF-U3FVG3-F1-model_v6.pdb,2026-10-08,6,55.16,2022-06-01T00:00:00Z,ok,66007c1df62e5e6085780054e9d764b148dcdb8e5123c8a7a22b7ed98c23692a,88127
U3FVG5,https://alphafold.ebi.ac.uk/files/AF-U3FVG5-F1-model_v6.pdb,2026-10-08,6,84.12,2022-06-01T00:00:00Z,ok,2b08604d3edac9cb212276f32e6cbc62aef360d58e4f659bb3d45de69c168f04,57347
U3FVG7,https://alphafold.ebi.ac.uk/files/AF-U3FVG7-F1-model_v6.pdb,2026-10-08,6,84.75,2022-06-01T00:00:00Z,ok,83ed786ee9ef0cab1766ae47ec3cbac64368cf0c92ed5208b203618e16e29700,57509
U3FWL3,https://alphafold.ebi.ac.uk/files/AF-U3FWL3-F1-model_v6.pdb,2026-10-08,6,80.0,2022-06-01T00:00:00Z,ok,d75030d8737fce95fac808d9cc702b76b003718f203ce0ec37d5bbac26474206,396494
U3FYQ0,https://alphafold.ebi.ac.uk/files/AF-U3FYQ0-F1-model_v6.pdb,2026-10-08,6,85.69,2022-06-01T00:00:00Z,ok,30df28a5faaebb5cbbff07a3540ab124626336f470cc8df9d937a26e9c9fdb8a,56132
U3FYQ1,https://alphafold.ebi.ac.uk/files/AF-U3FYQ1-F1-model_v6.pdb,2026-10-08,6,85.62,2022-06-01T00:00:00Z,ok,c242573145ae0e093f06ae7ed75788a9ca8f90e301178a186b47401480f24daa,57347
U3FYQ2,https://alphafold.ebi.ac.uk/files/AF-U3FYQ2-F1-model_v6.pdb,2026-10-08,6,92.75,2022-06-01T00:00:00Z,ok,20015574d0b18e4df2f8466260f67f6d39e6d4dbf5005ed34c4e98bdd0765f5d,343196
U3FYV1,https://alphafold.ebi.ac.uk/files/AF-U3FYV1-F1-model_v6.pdb,2026-10-08,6,84.31,2022-06-01T00:00:00Z,ok,74b2494f22f033627da1f8872d371dff562e72d653a81ad82c5a2f6181a607c9,323108
U3FZF7,https://alphafold.ebi.ac.uk/files/AF-U3FZF7-F1-model_v6.pdb,2026-10-08,6,90.81,2022-06-01T00:00:00Z,ok,a83254017c69ea574a5c6e1e16dac3680f842a1bee01c39689da07ac1c1eca55,535571
U3T788,https://alphafold.ebi.ac.uk/files/AF-U3T788-F1-model_v6.pdb,2026-10-08,6,89.19,2022-06-01T00:00:00Z,ok,56fb508debbaad1ab93f5a9861e597289b4af8dbfd6c53d57e3b696a20b29f25,26810
U3TBC0,https://alphafold.ebi.ac.uk/files/AF-U3TBC0-F1-model_v6.pdb,2026-10-08,6,80.94,2022-06-01T00:00:00Z,ok,41bd6ff63688b065c5106423f8c5b648762ad68746504690f7b959b7c7517509,215459
U3TBG7,https://alphafold.ebi.ac.uk/files/AF-U3TBG7-F1-model_v6.pdb,2026-10-08,6,75.31,2022-06-01T00:00:00Z,ok,a74b8feeebda6b64337b55f99274c018525d5cae2b05f3d03177a066d9d167e5,127817
U5PZ28,https://alphafold.ebi.ac.uk/files/AF-U5PZ28-F1-model_v6.pdb,2026-10-08,6,83.19,2025-08-01T00:00:00Z,ok,734ad2b514e3d447adcf7ffb6e9b5f9c77b5d74640e4e409d39ab1222661ef98,314279
U5YCR8,https://alphafold.ebi.ac.uk/files/AF-U5YCR8-F1-model_v6.pdb,2026-10-08,6,90.75,2025-08-01T00:00:00Z,ok,40225998ebd8de1435fad2d45f943f643de41270464a7a4fcbedfda30a05c868,163862
V5TBK6,https://alphafold.ebi.ac.uk/files/AF-V5TBK6-F1-model_v6.pdb,2026-10-08,6,82.12,2025-08-01T00:00:00Z,ok,dd1aed7f3a98eb3d0ba16466854aca874ae49f164f89ab5e17886a33d162b0b3,396089
V5Z141,https://alphafold.ebi.ac.uk/files/AF-V5Z141-F1-model_v6.pdb,2026-10-08,6,81.0,2022-06-01T00:00:00Z,ok,ad6409aa2533c81f66521f8092367cef698b80f6a647f1d9a7aec121827f5a7d,390257
V8N1S9,https://alphafold.ebi.ac.uk/files/AF-V8N1S9-F1-model_v6.pdb,2026-10-08,6,58.25,2022-06-01T00:00:00Z,ok,b72210190528472104e9849b06d8f5fa29f50a1d9f2a557144b79ebbb8d4308a,62045
V8N207,https://alphafold.ebi.ac.uk/files/AF-V8N207-F1-model_v6.pdb,2026-10-08,6,84.19,2022-06-01T00:00:00Z,ok,99f6f3ceb71df80d2139e625129fddd392d6614d612da46b3f86b372dec7e502,103274
V8N2B9,https://alphafold.ebi.ac.uk/files/AF-V8N2B9-F1-model_v6.pdb,2026-10-08,6,94.19,2022-06-01T00:00:00Z,ok,015680f3d66696c3396147f02c43f7044e163f7a71e9db5847b5bd50edf88ddd,86750
V8N2J2,https://alphafold.ebi.ac.uk/files/AF-V8N2J2-F1-model_v6.pdb,2026-10-08,6,54.22,2022-06-01T00:00:00Z,ok,e941393020a564ef37a2be1adbd1a183304bd59a2b62b897040c82dfb583b223,35234
V8N2P3,https://alphafold.ebi.ac.uk/files/AF-V8N2P3-F1-model_v6.pdb,2026-10-08,6,83.62,2022-06-01T00:00:00Z,ok,cbfd12c31c987ee53db4785ac5b4d585c7757b7797229f805b1f3409ca44ba99,81647
V8N2Y4,https://alphafold.ebi.ac.uk/files/AF-V8N2Y4-F1-model_v6.pdb,2026-10-08,6,91.62,2022-06-01T00:00:00Z,ok,f9c35dc561a10d056aabff4e9e04bf8eed4a973ea1f34fd30d3187dec27a26ea,90800
V8N399,https://alphafold.ebi.ac.uk/files/AF-V8N399-F1-model_v6.pdb,2026-10-08,6,90.38,2022-06-01T00:00:00Z,ok,35832d4ad453b0f910827ec14314c47106c216f88b1fec5c513f20968c392058,66338
V8N3A3,https://alphafold.ebi.ac.uk/files/AF-V8N3A3-F1-model_v6.pdb,2026-10-08,6,92.19,2022-06-01T00:00:00Z,ok,c2516031884829c4889a9ab6d6ad710fb0dafb2263d63a6d9ad8e3d907d21969,101249
V8N3F2,https://alphafold.ebi.ac.uk/files/AF-V8N3F2-F1-model_v6.pdb,2026-10-08,6,70.62,2022-06-01T00:00:00Z,ok,39644e916b9c8419b5c1ee2cca77b35088cc232fee839d96fc69f844a9c23c48,57509
V8N3Q9,https://alphafold.ebi.ac.uk/files/AF-V8N3Q9-F1-model_v6.pdb,2026-10-08,6,92.06,2022-06-01T00:00:00Z,ok,bd8dddd0cddd0317769f4a31cdcf53643ce482289bd9bb3116852bba889f35f6,324890
V8N3U4,https://alphafold.ebi.ac.uk/files/AF-V8N3U4-F1-model_v6.pdb,2026-10-08,6,89.5,2022-06-01T00:00:00Z,ok,01f0ccf26430c61664d954ad8519af4a417be3ac51da904d0ddcfb42a48a2175,91043
V8N490,https://alphafold.ebi.ac.uk/files/AF-V8N490-F1-model_v6.pdb,2026-10-08,6,82.5,2022-06-01T00:00:00Z,ok,4d0467764a21765b2e0839a7ca3e046522396f603dc175c27a6720369856834d,145070
V8N4A1,https://alphafold.ebi.ac.uk/files/AF-V8N4A1-F1-model_v6.pdb,2026-10-08,6,80.19,2022-06-01T00:00:00Z,ok,d5164227496469156575660e81187880efea51a524199d595f67716f9358a548,100034
V8N4D8,https://alphafold.ebi.ac.uk/files/AF-V8N4D8-F1-model_v6.pdb,2026-10-08,6,66.0,2022-06-01T00:00:00Z,ok,c6e8a32f5ac26c0bc49ec2e974dbc1e36e338b5ad4feabf912a70270e9d4d05c,152279
V8N4F6,https://alphafold.ebi.ac.uk/files/AF-V8N4F6-F1-model_v6.pdb,2026-10-08,6,86.56,2022-06-01T00:00:00Z,ok,9e73fa2425f161a80760d2b5fb82f65a4f6f303a33ff094b84514e272fdf2671,123929
V8N4Z3,https://alphafold.ebi.ac.uk/files/AF-V8N4Z3-F1-model_v6.pdb,2026-10-08,6,59.28,2022-06-01T00:00:00Z,ok,1b284572b047e74921687e7f54eac593c1fc2234d78dfd98e4dd3aecbecaed91,48032
V8N5Y3,https://alphafold.ebi.ac.uk/files/AF-V8N5Y3-F1-model_v6.pdb,2026-10-08,6,76.81,2022-06-01T00:00:00Z,ok,4b4fec12b81f5cf1c829abed7d2fda4d9301577f12e1a6b2b371d1649d6e055f,222506
V8N647,https://alphafold.ebi.ac.uk/files/AF-V8N647-F1-model_v6.pdb,2026-10-08,6,77.75,2022-06-01T00:00:00Z,ok,4d1640530365c95cf7809738f17592ce994c4ed591ddc3d16b13a335c8933d9a,141992
V8N6C6,https://alphafold.ebi.ac.uk/files/AF-V8N6C6-F1-model_v6.pdb,2026-10-08,6,90.19,2022-06-01T00:00:00Z,ok,307c023da5bca8bc76fc75d67aee33a0e6c5e644eb8cfbcbe2bf6af0388e3155,148229
V8N6D9,https://alphafold.ebi.ac.uk/files/AF-V8N6D9-F1-model_v6.pdb,2026-10-08,6,83.62,2022-06-01T00:00:00Z,ok,80c842927bd593f293f2b1d57f78326bdbcb0c6123fa2db01937f5489420b214,207440
V8N6J1,https://alphafold.ebi.ac.uk/files/AF-V8N6J1-F1-model_v6.pdb,2026-10-08,6,82.88,2022-06-01T00:00:00Z,ok,646f84d7dc9d3ed3f5a7eee76f05b8e2108a260e2af1e9d52d04aefb8db526f7,46169
V8N6T1,https://alphafold.ebi.ac.uk/files/AF-V8N6T1-F1-model_v6.pdb,2026-10-08,6,71.62,2022-06-01T00:00:00Z,ok,c9eacc009f9797c360cae6012953fbd559f71e3e45d9caa5c88aac14d7814d7f,243728
V8N807,https://alphafold.ebi.ac.uk/files/AF-V8N807-F1-model_v6.pdb,2026-10-08,6,75.0,2022-06-01T00:00:00Z,ok,88f7a9a4c7e1524bd5a820e5f896ded3d9a17feeaf2f8d7b0cef014a97e088f6,154466
V8N8J2,https://alphafold.ebi.ac.uk/files/AF-V8N8J2-F1-model_v6.pdb,2026-10-08,6,73.69,2022-06-01T00:00:00Z,ok,36cac23e2742b8ef41a47db7a9889a28f005b66a9728cb75a1425a64026bc78b,298889
V8N8Z0,https://alphafold.ebi.ac.uk/files/AF-V8N8Z0-F1-model_v6.pdb,2026-10-08,6,56.59,2022-06-01T00:00:00Z,ok,7d95dfd47997afceb349e42d708c477fa0c14800c25e7a9e9875727e31796d12,669950
V8N9E2,https://alphafold.ebi.ac.uk/files/AF-V8N9E2-F1-model_v6.pdb,2026-10-08,6,85.25,2022-06-01T00:00:00Z,ok,ace05330894a049b55c74032dd9c0fb603943b253743dfacd9d41268841cb336,322865
V8N9V3,https://alphafold.ebi.ac.uk/files/AF-V8N9V3-F1-model_v6.pdb,2026-10-08,6,86.12,2022-06-01T00:00:00Z,ok,33c9ec67810fb0a7946517613cdd0380ba4e88c8079ddf4e51d6df84d606e972,195371
V8N9Y1,https://alphafold.ebi.ac.uk/files/AF-V8N9Y1-F1-model_v6.pdb,2026-10-08,6,74.06,2022-06-01T00:00:00Z,ok,2cb0931979b49cdf913af49d7b52a5bb37d43ee5cf99c04a5d75e768edc110c2,185327
V8NAU6,https://alphafold.ebi.ac.uk/files/AF-V8NAU6-F1-model_v6.pdb,2026-10-08,6,58.31,2022-06-01T00:00:00Z,ok,06e37e8aa0162ba453fdb3287fe861dbbb8e82a023781fcc59533acf82ece453,655532
V8NB97,https://alphafold.ebi.ac.uk/files/AF-V8NB97-F1-model_v6.pdb,2026-10-08,6,93.06,2022-06-01T00:00:00Z,ok,cdeb78cd7e1f81e671148780e0caef8b80761bd274a77c13c3d6b7fd3071aed2,334529
V8NBD7,https://alphafold.ebi.ac.uk/files/AF-V8NBD7-F1-model_v6.pdb,2026-10-08,6,76.38,2022-06-01T00:00:00Z,ok,dd9279c4fce6845df2686929b61cf126707bf0ddeaa8ded05aa097b1c0638185,351539
V8NC56,https://alphafold.ebi.ac.uk/files/AF-V8NC56-F1-model_v6.pdb,2026-10-08,6,55.0,2022-06-01T00:00:00Z,ok,88e81bc0417d68911c245393cbb004c298b61d38d60f680800dee7719aab286a,257093
V8NE61,https://alphafold.ebi.ac.uk/files/AF-V8NE61-F1-model_v6.pdb,2026-10-08,6,72.88,2022-06-01T00:00:00Z,ok,9463a99df51d270d7a157ea98701949944ce8768de3cf4c3884586c59cf4de39,238139
V8NEA0,https://alphafold.ebi.ac.uk/files/AF-V8NEA0-F1-model_v6.pdb,2026-10-08,6,83.56,2022-06-01T00:00:00Z,ok,98729053bb429bb76c40ab1dfb2b2366cb812aaf12720116bf0ef4f2899f57ff,305207
V8NEU2,https://alphafold.ebi.ac.uk/files/AF-V8NEU2-F1-model_v6.pdb,2026-10-08,6,79.31,2022-06-01T00:00:00Z,ok,408986778ec1bfc9ee101335bff1b23f1278b9823c811833335a2fd7f4c1468e,145556
V8NF90,https://alphafold.ebi.ac.uk/files/AF-V8NF90-F1-model_v6.pdb,2026-10-08,6,67.38,2022-06-01T00:00:00Z,ok,f27cd3cb66e446933936db9ca300cbf82726ae7179b0b5d27504c00565a454cd,214973
V8NFE0,https://alphafold.ebi.ac.uk/files/AF-V8NFE0-F1-model_v6.pdb,2026-10-08,6,68.25,2022-06-01T00:00:00Z,ok,f405ea4e840f913e7357c2803e8e2d35082f019d93a356ccf4d8ce76c843ae04,123200
V8NFQ6,https://alphafold.ebi.ac.uk/files/AF-V8NFQ6-F1-model_v6.pdb,2026-10-08,6,84.19,2022-06-01T00:00:00Z,ok,4c981da3b852fd53ead7ef1c370a3570ddc8338f5bdb6c37425e83c5f7658d3d,75005
V8NGA1,https://alphafold.ebi.ac.uk/files/AF-V8NGA1-F1-model_v6.pdb,2026-10-08,6,65.5,2022-06-01T00:00:00Z,ok,9cfd37854e9884a6dde020c9e8466275419f1dac1f92844760907258ab2e1f52,489563
V8NGM8,https://alphafold.ebi.ac.uk/files/AF-V8NGM8-F1-model_v6.pdb,2026-10-08,6,74.56,2022-06-01T00:00:00Z,ok,af5a1256720cc2a3bb7606b6b4e28d56a69f2d32ca084917a12886cf4febdb40,257660
V8NGZ8,https://alphafold.ebi.ac.uk/files/AF-V8NGZ8-F1-model_v6.pdb,2026-10-08,6,67.88,2022-06-01T00:00:00Z,ok,777d5833df64f99e8afc93f3f82d679a0aba7c96b3c7de1e7b72285c250062b7,167912
V8NH43,https://alphafold.ebi.ac.uk/files/AF-V8NH43-F1-model_v6.pdb,2026-10-08,6,79.0,2022-06-01T00:00:00Z,ok,10c78c73540e87fca7b3fac96fa99f9e7e848aee47d2ebd71a8b6f68d6e5799a,231173
V8NI93,https://alphafold.ebi.ac.uk/files/AF-V8NI93-F1-model_v6.pdb,2026-10-08,6,58.25,2022-06-01T00:00:00Z,ok,cae9fb3055258b7f056d5e437386bea10712105785ac1b25d69ce1a7fb07e680,106595
V8NID4,https://alphafold.ebi.ac.uk/files/AF-V8NID4-F1-model_v6.pdb,2026-10-08,6,78.31,2022-06-01T00:00:00Z,ok,ab7c0313c0cf1a3bb6d0274b8bd3533b6f04eedd661147417625dbd11b5a3279,288521
V8NIH4,https://alphafold.ebi.ac.uk/files/AF-V8NIH4-F1-model_v6.pdb,2026-10-08,6,47.34,2022-06-01T00:00:00Z,ok,a91923548c95f98b532f06f4c2796195e19f3c791819b38fbba87b5438189d5b,118907
V8NJI5,https://alphafold.ebi.ac.uk/files/AF-V8NJI5-F1-model_v6.pdb,2026-10-08,6,66.12,2022-06-01T00:00:00Z,ok,4a16843a82588249f6590a7cc9c407e5919e7c0bc06f247e8eef0c5b26034a8e,662984
V8NJZ8,https://alphafold.ebi.ac.uk/files/AF-V8NJZ8-F1-model_v6.pdb,2026-10-08,6,87.38,2022-06-01T00:00:00Z,ok,c4227ea92147015ddfb3a5e0606c549c2b083b8dcaa21b7323b0c231123fe23a,139562
V8NKD3,https://alphafold.ebi.ac.uk/files/AF-V8NKD3-F1-model_v6.pdb,2026-10-08,6,60.19,2022-06-01T00:00:00Z,ok,e9100992d6dc729dcc0f21f57b24f37ff08d0866b166417f292d06b881beae72,108701
V8NKR8,https://alphafold.ebi.ac.uk/files/AF-V8NKR8-F1-model_v6.pdb,2026-10-08,6,77.19,2022-06-01T00:00:00Z,ok,14c6fb420d1c0bc164e0ca9aa847ed85b84b1b24c80e01227412ded61c11f834,278558
V8NL68,https://alphafold.ebi.ac.uk/files/AF-V8NL68-F1-model_v6.pdb,2026-10-08,6,65.56,2022-06-01T00:00:00Z,ok,3757bdf9cef7671f0858e80997c461ef162a32fe4575dfbf6015f9e9589caccd,457163
V8NL69,https://alphafold.ebi.ac.uk/files/AF-V8NL69-F1-model_v6.pdb,2026-10-08,6,74.69,2022-06-01T00:00:00Z,ok,3f156f27bc130c271b84ae876551abdf375b68826431d313cf4c83a1dbbd8b50,119798
V8NMF9,https://alphafold.ebi.ac.uk/files/AF-V8NMF9-F1-model_v6.pdb,2026-10-08,6,91.38,2022-06-01T00:00:00Z,ok,3f0b366276228d71b165d8314558c9a69c5eec076ab2b0bdcadd2b4b951740e7,139967
V8NP13,https://alphafold.ebi.ac.uk/files/AF-V8NP13-F1-model_v6.pdb,2026-10-08,6,67.75,2022-06-01T00:00:00Z,ok,ad2a0cd40eda9984a5366fa88d2b4551c87015e58e4976530510631a088a092b,161432
V8NQZ9,https://alphafold.ebi.ac.uk/files/AF-V8NQZ9-F1-model_v6.pdb,2026-10-08,6,79.0,2022-06-01T00:00:00Z,ok,289fe9918d7f4407d929eda9a5f9f448eb3e2fb9c175e27dbe1999401c802e58,336068
V8NS25,https://alphafold.ebi.ac.uk/files/AF-V8NS25-F1-model_v6.pdb,2026-10-08,6,57.75,2022-06-01T00:00:00Z,ok,1a996f11cf6e6b8b19e3f2d2a723be4aa576e69d6c205772adc88aa72c6323fa,483245
V8NVY5,https://alphafold.ebi.ac.uk/files/AF-V8NVY5-F1-model_v6.pdb,2026-10-08,6,74.5,2022-06-01T00:00:00Z,ok,1920bbf978cc4ef4f78a7fe34896270dac6d4b2d25cd022f50eb901601257c31,485270
V8NW79,https://alphafold.ebi.ac.uk/files/AF-V8NW79-F1-model_v6.pdb,2026-10-08,6,95.31,2022-06-01T00:00:00Z,ok,55b9cfbb9a7537cf460cf1b907d70067e4e4d2c57b1b52a3698af6fa8c36d5a9,99548
V8NX49,https://alphafold.ebi.ac.uk/files/AF-V8NX49-F1-model_v6.pdb,2026-10-08,6,89.44,2022-06-01T00:00:00Z,ok,0c0d84815b3356702df3c0233f82ad84736ba2bb208fcf2df717cd65e322467f,73628
V8NZZ2,https://alphafold.ebi.ac.uk/files/AF-V8NZZ2-F1-model_v6.pdb,2026-10-08,6,72.44,2022-06-01T00:00:00Z,ok,96a9a47222ce7902cda47df3743b1ccde6967340f4efca5c396105368f9ed336,371465
V8P0B6,https://alphafold.ebi.ac.uk/files/AF-V8P0B6-F1-model_v6.pdb,2026-10-08,6,73.06,2022-06-01T00:00:00Z,ok,1242cd01e9f8916a4e46c6cea3dfe4f9372d878a4e4125ac10a56d81080ee933,370655
V8P0N7,https://alphafold.ebi.ac.uk/files/AF-V8P0N7-F1-model_v6.pdb,2026-10-08,6,63.12,2022-06-01T00:00:00Z,ok,2ab2bac4ef3c4504a41ccf700cde852384a061f4f66159664c58e3b5a62c98ce,339308
V8P216,https://alphafold.ebi.ac.uk/files/AF-V8P216-F1-model_v6.pdb,2026-10-08,6,69.06,2022-06-01T00:00:00Z,ok,f8b023062a16fa3388b7a4e9cc8cf563b49275c0bd6ab147ea923af9a94acb85,193103
V8P328,https://alphafold.ebi.ac.uk/files/AF-V8P328-F1-model_v6.pdb,2026-10-08,6,52.0,2022-06-01T00:00:00Z,ok,6bfc7c51768ac232e40a58cf283d2a84e5495a07517e0a08dbd677e44f56ca55,640061
V8P449,https://alphafold.ebi.ac.uk/files/AF-V8P449-F1-model_v6.pdb,2026-10-08,6,81.12,2022-06-01T00:00:00Z,ok,8d56ea8a1fa837a99daff2da4367966398133615fa9b9effb5241929d10dbfc1,237005
V8P5I5,https://alphafold.ebi.ac.uk/files/AF-V8P5I5-F1-model_v6.pdb,2026-10-08,6,69.0,2022-06-01T00:00:00Z,ok,c4a0fd045972a00b6107d73350eb7536e1246e0f080150260d08e645ca101125,467531
V8P5N2,https://alphafold.ebi.ac.uk/files/AF-V8P5N2-F1-model_v6.pdb,2026-10-08,6,71.5,2022-06-01T00:00:00Z,ok,1c6b6b019a0467caf1ea777a39133e2cbf24458fe5eacfaf459feec98366f8ad,410507
V8P682,https://alphafold.ebi.ac.uk/files/AF-V8P682-F1-model_v6.pdb,2026-10-08,6,84.06,2022-06-01T00:00:00Z,ok,2627ce51e8459a07748eeaaf55525e83e196dbf412155ab20366c3a1e7b55384,583766
V8P6Z0,https://alphafold.ebi.ac.uk/files/AF-V8P6Z0-F1-model_v6.pdb,2026-10-08,6,90.81,2022-06-01T00:00:00Z,ok,df88ff92c2dff8cc2bca922aaff8f8d6fcaba8de00aa6b1fbed3b5963c06db7c,482516
V8P9E2,https://alphafold.ebi.ac.uk/files/AF-V8P9E2-F1-model_v6.pdb,2026-10-08,6,81.56,2022-06-01T00:00:00Z,ok,7d779bfdfcbe8bb93e0c6de7ca3c3c7c0a868615a0c332b56397f6efca165297,329102
V8P9I6,https://alphafold.ebi.ac.uk/files/AF-V8P9I6-F1-model_v6.pdb,2026-10-08,6,64.94,2022-06-01T00:00:00Z,ok,3ac0bbc0c48c10004c54b2c0b0512a2c8a15f6c819b704a31e62e2dba1b439e2,438695
V8PAN4,https://alphafold.ebi.ac.uk/files/AF-V8PAN4-F1-model_v6.pdb,2026-10-08,6,72.5,2022-06-01T00:00:00Z,ok,9985914d5d5bc90a76a1fb5cfb61eda6724a6da4fd150d4a17761d0138e81c63,135512
V8PAW3,https://alphafold.ebi.ac.uk/files/AF-V8PAW3-F1-model_v6.pdb,2026-10-08,6,77.0,2022-06-01T00:00:00Z,ok,4fc157820809edef04570c5a59146495277c37edb034678eb5792f8ac8aec53f,325781
V8PB89,https://alphafold.ebi.ac.uk/files/AF-V8PB89-F1-model_v6.pdb,2026-10-08,6,80.94,2022-06-01T00:00:00Z,ok,cde46a88133fc9ca74c0847badd4b57143febdef6a54908e05d33e3fccc376a5,273131
V8PBP5,https://alphafold.ebi.ac.uk/files/AF-V8PBP5-F1-model_v6.pdb,2026-10-08,6,73.56,2022-06-01T00:00:00Z,ok,bba2a71303fcdcf1134f29fc754013459a73a33f9b9cbbc71ef256155daf124b,402164
V8PC90,https://alphafold.ebi.ac.uk/files/AF-V8PC90-F1-model_v6.pdb,2026-10-08,6,77.69,2022-06-01T00:00:00Z,ok,db9580cdef43ed1dd85aff9d3bd5d0a0c243e172186fa9a5a9067b70733dd1b4,481625
V8PCF5,https://alphafold.ebi.ac.uk/files/AF-V8PCF5-F1-model_v6.pdb,2026-10-08,6,92.12,2022-06-01T00:00:00Z,ok,01cc45896edd2027d8cb51670d235c8cea6b5255fb108053e7dc26e306e8557a,230282
V8PCT6,https://alphafold.ebi.ac.uk/files/AF-V8PCT6-F1-model_v6.pdb,2026-10-08,6,86.81,2022-06-01T00:00:00Z,ok,8eebc556af42faa625939a41cb0204d49960099a8403c5eac4f7e4eda205ec3d,170342
V8PFC9,https://alphafold.ebi.ac.uk/files/AF-V8PFC9-F1-model_v6.pdb,2026-10-08,6,76.88,2022-06-01T00:00:00Z,ok,bc2e7405180825bf961b9ed42e0e967eecc60c21f6cc1ea101f5d735ee35fdbd,478466
V8PFL7,https://alphafold.ebi.ac.uk/files/AF-V8PFL7-F1-model_v6.pdb,2026-10-08,6,76.12,2022-06-01T00:00:00Z,ok,2bb8669f714b1aaad1a80fdaad0c21d08332498050a5fb458999fbbfc0f9d1cb,495233
V8PGL7,https://alphafold.ebi.ac.uk/files/AF-V8PGL7-F1-model_v6.pdb,2026-10-08,6,80.88,2022-06-01T00:00:00Z,ok,a12f388356f9f294f8a40bca93739379dc026e63a5bf178f2b04b5cc7531f261,328049
V8PJ30,https://alphafold.ebi.ac.uk/files/AF-V8PJ30-F1-model_v6.pdb,2026-10-08,6,91.75,2022-06-01T00:00:00Z,ok,d50290815110b590b338c2e6f558bda053fc028a96fd5838504e864ea5c5da98,106028
V9I168,https://alphafold.ebi.ac.uk/files/AF-V9I168-F1-model_v6.pdb,2026-10-08,6,67.5,2022-06-01T00:00:00Z,ok,f559f0690de99d8acfe4cd7c2e8c9e96cfa225d2ebd06c1b80dc0492593d2822,160541
V9I1A1,https://alphafold.ebi.ac.uk/files/AF-V9I1A1-F1-model_v6.pdb,2026-10-08,6,67.5,2022-06-01T00:00:00Z,ok,3b5acc7e32f121acf6637dc0d2e730b08cb7ae86789a95dd89a66f56f07657f5,160946
V9I1B5,https://alphafold.ebi.ac.uk/files/AF-V9I1B5-F1-model_v6.pdb,2026-10-08,6,67.44,2022-06-01T00:00:00Z,ok,b8f6a8c4ad2894924b920b06863b0038f18a4b28d4d899bed946f33e38be1020,161189
V9I1F9,https://alphafold.ebi.ac.uk/files/AF-V9I1F9-F1-model_v6.pdb,2026-10-08,6,67.38,2022-06-01T00:00:00Z,ok,6a938451d8c104a582d7609d272b4229049e5a8fc547337563cb33ba745a11be,161027
V9I1K1,https://alphafold.ebi.ac.uk/files/AF-V9I1K1-F1-model_v6.pdb,2026-10-08,6,66.88,2022-06-01T00:00:00Z,ok,f44e56418f82230fd9d32e0623eb65b1617b2be4a3711e7e46460e62b1f05657,161513
X2JCV5,https://alphafold.ebi.ac.uk/files/AF-X2JCV5-F1-model_v6.pdb,2026-10-08,6,93.0,2025-08-01T00:00:00Z,ok,5d1d12cc1b497bea42dbd597cbc82f848c1e2844e49ffa4bcda63a7a36bb6885,342062
X2L4E2,https://alphafold.ebi.ac.uk/files/AF-X2L4E2-F1-model_v6.pdb,2026-10-08,6,96.38,2025-08-01T00:00:00Z,ok,567b1d6b98e70dd19ba495a4d057c8858e6d66ab1857bdd1db81dbfd9e613e90,328859
X5ICI2,https://alphafold.ebi.ac.uk/files/AF-X5ICI2-F1-model_v6.pdb,2026-10-08,6,84.31,2025-08-01T00:00:00Z,ok,6e65155f4251ee96d2933f1db75df5a40f62fafeab3a61cd3132fc931647be66,96146
