accession,baseline_matched_label,original_binomial,current_binomial,current_organism_taxid,assigned_species_taxid,assigned_species_name,status,from_collision_group
A0A0B4U9L8,Vipera ammodytes,Vipera ammodytes,Vipera ammodytes,8705,8704,Vipera ammodytes,direct_original_and_live_match,no
A0A0K2JNB8,Bothrops atrox,Bothrops atrox,Bothrops atrox,8725,8725,Bothrops atrox,direct_original_and_live_match,no
A0A0S4FKT4,Crotalus durissus,Crotalus durissus,Crotalus durissus,8732,8731,Crotalus durissus,direct_original_and_live_match,no
A0A193CHJ5,Crotalus tzabcan,Crotalus tzabcan,Crotalus tzabcan,1043006,1043006,Crotalus tzabcan,direct_original_and_live_match,no
A0A1Z0YU59,Dendroaspis angusticeps,Dendroaspis angusticeps,Dendroaspis angusticeps,8618,8618,Dendroaspis angusticeps,direct_original_and_live_match,no
A0A2D0TC04,Naja atra,Naja atra,Naja atra,8656,8656,Naja atra,direct_original_and_live_match,no
A0A2U8QPE6,Micrurus mipartitus,Micrurus mipartitus,Micrurus mipartitus,430902,430902,Micrurus mipartitus,direct_original_and_live_match,no
A0A411EZW9,Agkistrodon piscivorus,Agkistrodon piscivorus,Agkistrodon piscivorus,459671,8715,Agkistrodon piscivorus,direct_original_and_live_match,no
A0A670XR14,Pseudonaja textilis,Pseudonaja textilis,Pseudonaja textilis,8673,8673,Pseudonaja textilis,direct_original_and_live_match,no
A0A670XY21,Pseudonaja textilis,Pseudonaja textilis,Pseudonaja textilis,8673,8673,Pseudonaja textilis,direct_original_and_live_match,no
A0A670XYJ6,Pseudonaja textilis,Pseudonaja textilis,Pseudonaja textilis,8673,8673,Pseudonaja textilis,direct_original_and_live_match,no
A0A670Y0J1,Pseudonaja textilis,Pseudonaja textilis,Pseudonaja textilis,8673,8673,Pseudonaja textilis,direct_original_and_live_match,no
A0A670YSH0,Pseudonaja textilis,Pseudonaja textilis,Pseudonaja textilis,8673,8673,Pseudonaja textilis,direct_original_and_live_match,no
A0A670YZZ1,Pseudonaja textilis,Pseudonaja textilis,Pseudonaja textilis,8673,8673,Pseudonaja textilis,direct_original_and_live_match,no
A0A670Z6M5,Pseudonaja textilis,Pseudonaja textilis,Pseudonaja textilis,8673,8673,Pseudonaja textilis,direct_original_and_live_match,no
A0A670ZKQ5,Pseudonaja textilis,Pseudonaja textilis,Pseudonaja textilis,8673,8673,Pseudonaja textilis,direct_original_and_live_match,no
A0A6B7FMR5,Vipera ammodytes,Vipera ammodytes,Vipera ammodytes,8705,8704,Vipera ammodytes,direct_original_and_live_match,no
A0A6J1TTB3,Notechis scutatus,Notechis scutatus,Notechis scutatus,8663,8663,Notechis scutatus,direct_original_and_live_match,no
A0A6J1U5V7,Notechis scutatus,Notechis scutatus,Notechis scutatus,8663,8663,Notechis scutatus,direct_original_and_live_match,no
A0A6J1UW97,Notechis scutatus,Notechis scutatus,Notechis scutatus,8663,8663,Notechis scutatus,direct_original_and_live_match,no
A0A6J1VD75,Notechis scutatus,Notechis scutatus,Notechis scutatus,8663,8663,Notechis scutatus,direct_original_and_live_match,no
A0A6J1VNB8,Notechis scutatus,Notechis scutatus,Notechis scutatus,8663,8663,Notechis scutatus,direct_original_and_live_match,no
A0A6P9BXA6,,Pantherophis guttatus,Pantherophis guttatus,94885,,,group_level_or_name_unresolved,no
A0A6P9C1J7,,Pantherophis guttatus,Pantherophis guttatus,94885,,,group_level_or_name_unresolved,no
A0A6P9C1K0,,Pantherophis guttatus,Pantherophis guttatus,94885,,,group_level_or_name_unresolved,no
A0A8C5RFP1,,Laticauda laticaudata,Laticauda laticaudata,8630,,,group_level_or_name_unresolved,no
A0A8C5RUR2,,Laticauda laticaudata,Laticauda laticaudata,8630,,,group_level_or_name_unresolved,no
A0A8C5RYG8,,Laticauda laticaudata,Laticauda laticaudata,8630,,,group_level_or_name_unresolved,no
A0A8C5SIK2,,Laticauda laticaudata,Laticauda laticaudata,8630,,,group_level_or_name_unresolved,no
A0A8C6V2H9,Naja naja,Naja naja,Naja naja,35670,35670,Naja naja,direct_original_and_live_match,no
A0A8C6X6C0,Naja naja,Naja naja,Naja naja,35670,35670,Naja naja,direct_original_and_live_match,no
A0A8C6X6E9,Naja naja,Naja naja,Naja naja,35670,35670,Naja naja,direct_original_and_live_match,no
A0A8C6XSS4,Naja naja,Naja naja,Naja naja,35670,35670,Naja naja,direct_original_and_live_match,no
A0A8C6Y5N2,Naja naja,Naja naja,Naja naja,35670,35670,Naja naja,direct_original_and_live_match,no
A0A8C6Y6U5,Naja naja,Naja naja,Naja naja,35670,35670,Naja naja,direct_original_and_live_match,no
A0A8C6Y8P8,Naja naja,Naja naja,Naja naja,35670,35670,Naja naja,direct_original_and_live_match,no
A0A8C6Y9B7,Naja naja,Naja naja,Naja naja,35670,35670,Naja naja,direct_original_and_live_match,no
A0A8C6YBK4,Naja naja,Naja naja,Naja naja,35670,35670,Naja naja,direct_original_and_live_match,no
A0AAW1BM18,Crotalus adamanteus,Crotalus adamanteus,Crotalus adamanteus,8729,8729,Crotalus adamanteus,direct_original_and_live_match,no
A0ABM3YNY6,,Pantherophis guttatus,Pantherophis guttatus,94885,,,group_level_or_name_unresolved,no
A0ABM3YNZ5,,Pantherophis guttatus,Pantherophis guttatus,94885,,,group_level_or_name_unresolved,no
A0ABM3YP00,,Pantherophis guttatus,Pantherophis guttatus,94885,,,group_level_or_name_unresolved,no
A0S864,,Boiga irregularis,Boiga irregularis,92519,,,group_level_or_name_unresolved,no
A0S865,,Boiga irregularis,Boiga irregularis,92519,,,group_level_or_name_unresolved,no
A3R0T9,Ophiophagus hannah,Ophiophagus hannah,Ophiophagus hannah,8665,8665,Ophiophagus hannah,direct_original_and_live_match,no
A4PBQ9,Crotalus atrox,Crotalus atrox,Crotalus atrox,8730,8730,Crotalus atrox,direct_original_and_live_match,no
A4VBF0,Vipera nikolskii,Vipera nikolskii,Vipera nikolskii,1808362,1808362,Vipera nikolskii,direct_original_and_live_match,no
A8CG78,Daboia siamensis,Daboia siamensis,Daboia siamensis,343250,343250,Daboia siamensis,direct_original_and_live_match,no
A8CG82,Daboia siamensis,Daboia siamensis,Daboia siamensis,343250,343250,Daboia siamensis,direct_original_and_live_match,no
A8CG86,Daboia russelii,Daboia russelii,Daboia russelii,8707,8707,Daboia russelii,direct_original_and_live_match,no
A8E2V8,,Trimeresurus gracilis,Trimeresurus gracilis,109781,,,group_level_or_name_unresolved,no
A8QL52,Bungarus fasciatus,Bungarus fasciatus,Bungarus fasciatus,8613,8613,Bungarus fasciatus,direct_original_and_live_match,no
A8QL56,Ophiophagus hannah,Ophiophagus hannah,Ophiophagus hannah,8665,8665,Ophiophagus hannah,direct_original_and_live_match,no
A8YPR6,Echis ocellatus,Echis ocellatus,Echis ocellatus,99586,99586,Echis ocellatus,direct_original_and_live_match,no
A8YPR9,Cerastes cerastes,Cerastes cerastes,Cerastes cerastes,8697,8697,Cerastes cerastes,direct_original_and_live_match,no
B3A0N3,Bothrops spp,Bothrops marajoensis,Bothrops marajoensis,157554,157554,Bothrops marajoensis,direct_original_and_live_match,yes
B3EWF8,Micrurus mipartitus,Micrurus mipartitus,Micrurus mipartitus,430902,430902,Micrurus mipartitus,direct_original_and_live_match,no
B3EWH2,,Azemiops feae,Azemiops feae,8773,,,group_level_or_name_unresolved,no
B5AR80,,Bothrops pauloensis,Bothrops pauloensis,1042543,,,group_level_or_name_unresolved,no
B6CQR5,,Macrovipera lebetinus,Macrovipera lebetinus,3148341,,,group_level_or_name_unresolved,no
B7S4N9,Oxyuranus scutellatus,Oxyuranus scutellatus,Oxyuranus scutellatus,8667,8668,Oxyuranus scutellatus,direct_original_and_live_match,no
B8K1W0,Daboia russelii,Daboia russelii,Daboia russelii,8707,8707,Daboia russelii,direct_original_and_live_match,no
C0HJD3,,Oxybelis fulgidus,Oxybelis fulgidus,121355,,,group_level_or_name_unresolved,no
C0HJE7,Crotalus durissus,Crotalus durissus,Crotalus durissus,8732,8731,Crotalus durissus,direct_original_and_live_match,no
C0HJL8,Bothriechis spp,Bothriechis nigroviridis,Bothriechis nigroviridis,88079,88079,Bothriechis nigroviridis,direct_original_and_live_match,yes
C0HJU3,,Bothrops pauloensis,Bothrops pauloensis,1042543,,,group_level_or_name_unresolved,no
C0HK05,,Crotalus lutosus,Crotalus lutosus,332626,,,group_level_or_name_unresolved,no
C0HLF0,Porthidium ophryomegas,Porthidium ophryomegas,Porthidium ophryomegas,44717,44717,Porthidium ophryomegas,direct_original_and_live_match,no
C0HLF7,,Ophryacus sphenophrys,Ophryacus sphenophrys,2340898,,,group_level_or_name_unresolved,no
C0HM14,Crotalus durissus,Crotalus durissus,Crotalus durissus,8732,8731,Crotalus durissus,direct_original_and_live_match,no
C0HM96,Crotalus durissus,Crotalus durissus,Crotalus durissus,8732,8731,Crotalus durissus,direct_original_and_live_match,no
C0L2T8,Crotalus durissus,Crotalus durissus,Crotalus durissus,8732,8731,Crotalus durissus,direct_original_and_live_match,no
C3W4R6,,Macrovipera lebetinus,Macrovipera lebetinus,3148341,,,group_level_or_name_unresolved,no
D3TTC1,Naja atra,Naja atra,Naja atra,8656,8656,Naja atra,direct_original_and_live_match,no
D3TTC2,Naja atra,Naja atra,Naja atra,8656,8656,Naja atra,direct_original_and_live_match,no
D6PXE8,Naja atra,Naja atra,Naja atra,8656,8656,Naja atra,direct_original_and_live_match,no
E0Y419,,Macrovipera lebetinus,Macrovipera lebetinus,3148341,,,group_level_or_name_unresolved,no
E0Y421,,Macrovipera lebetinus,Macrovipera lebetinus,3148341,,,group_level_or_name_unresolved,no
F8QN53,Vipera renardi,Vipera renardi,Vipera renardi,927686,927686,Vipera renardi,direct_original_and_live_match,no
F8QN54,Vipera renardi,Vipera renardi,Vipera renardi,927686,927686,Vipera renardi,direct_original_and_live_match,no
G8XQX1,Daboia russelii,Daboia russelii,Daboia russelii,8707,8707,Daboia russelii,direct_original_and_live_match,no
I2C090,Ophiophagus hannah,Ophiophagus hannah,Ophiophagus hannah,8665,8665,Ophiophagus hannah,direct_original_and_live_match,no
I4CHP3,Gloydius halys,Gloydius halys,Gloydius halys,8714,8714,Gloydius halys,direct_original_and_live_match,no
I6L8L6,Bothrops brazili,Bothrops brazili,Bothrops brazili,157546,157546,Bothrops brazili,direct_original_and_live_match,no
J3SCV0,Crotalus adamanteus,Crotalus adamanteus,Crotalus adamanteus,8729,8729,Crotalus adamanteus,direct_original_and_live_match,no
J7H670,Lachesis muta,Lachesis muta,Lachesis muta,8752,8752,Lachesis muta,direct_original_and_live_match,no
K4LLQ2,Bothrops spp,Bothrops barnetti,Bothrops barnetti,1051630,1051630,Bothrops barnetti,direct_original_and_live_match,yes
N0A5N4,Gloydius halys,Gloydius halys,Gloydius halys,8714,8714,Gloydius halys,direct_original_and_live_match,no
O57385,Deinagkistrodon acutus,Deinagkistrodon acutus,Deinagkistrodon acutus,36307,36307,Deinagkistrodon acutus,direct_original_and_live_match,no
O57413,Protobothrops mucrosquamatus,Protobothrops mucrosquamatus,Protobothrops mucrosquamatus,103944,103944,Protobothrops mucrosquamatus,direct_original_and_live_match,no
O93364,Crotalus adamanteus,Crotalus adamanteus,Crotalus adamanteus,8729,8729,Crotalus adamanteus,direct_original_and_live_match,no
O93523,Bothrops jararaca,Bothrops jararaca,Bothrops jararaca,8724,8724,Bothrops jararaca,direct_original_and_live_match,no
P00596,Naja kaouthia,Naja kaouthia,Naja kaouthia,8649,8649,Naja kaouthia,direct_original_and_live_match,no
P00598,Naja atra,Naja atra,Naja atra,8656,8656,Naja atra,direct_original_and_live_match,no
P00608,Notechis scutatus,Notechis scutatus,Notechis scutatus,70142,8663,Notechis scutatus,direct_original_and_live_match,no
P00614,Oxyuranus scutellatus,Oxyuranus scutellatus,Oxyuranus scutellatus,8667,8668,Oxyuranus scutellatus,direct_original_and_live_match,no
P00617,Bungarus multicinctus,Bungarus multicinctus,Bungarus multicinctus,8616,8616,Bungarus multicinctus,direct_original_and_live_match,no
P00618,Bungarus multicinctus,Bungarus multicinctus,Bungarus multicinctus,8616,8616,Bungarus multicinctus,direct_original_and_live_match,no
P00619,Bungarus multicinctus,Bungarus multicinctus,Bungarus multicinctus,8616,8616,Bungarus multicinctus,direct_original_and_live_match,no
P00624,Crotalus atrox,Crotalus atrox,Crotalus atrox,8730,8730,Crotalus atrox,direct_original_and_live_match,no
P00625,,Ovophis okinavensis,Ovophis okinavensis,8769,,,group_level_or_name_unresolved,no
P00626,Vipera ammodytes,Vipera ammodytes,Vipera ammodytes,8705,8704,Vipera ammodytes,direct_original_and_live_match,no
P00627,Bungarus fasciatus,Bungarus fasciatus,Bungarus fasciatus,8613,8613,Bungarus fasciatus,direct_original_and_live_match,no
P00628,Bungarus fasciatus,Bungarus fasciatus,Bungarus fasciatus,8613,8613,Bungarus fasciatus,direct_original_and_live_match,no
P00629,Bungarus fasciatus,Bungarus fasciatus,Bungarus fasciatus,8613,8613,Bungarus fasciatus,direct_original_and_live_match,no
P00981,Dendroaspis polylepis,Dendroaspis polylepis,Dendroaspis polylepis,8620,8624,Dendroaspis polylepis,direct_original_and_live_match,no
P00982,Dendroaspis angusticeps,Dendroaspis angusticeps,Dendroaspis angusticeps,8618,8618,Dendroaspis angusticeps,direct_original_and_live_match,no
P01021,Gloydius blomhoffi,Gloydius blomhoffii,Gloydius blomhoffii,242054,,,group_level_or_name_unresolved,no
P01391,Naja kaouthia,Naja kaouthia,Naja kaouthia,8649,8649,Naja kaouthia,direct_original_and_live_match,no
P01398,Bungarus multicinctus,Bungarus multicinctus,Bungarus multicinctus,8616,8616,Bungarus multicinctus,direct_original_and_live_match,no
P01445,Naja kaouthia,Naja kaouthia,Naja kaouthia,8649,8649,Naja kaouthia,direct_original_and_live_match,no
P01446,Naja kaouthia,Naja kaouthia,Naja kaouthia,8649,8649,Naja kaouthia,direct_original_and_live_match,no
P04084,Vipera ammodytes,Vipera ammodytes,Vipera ammodytes,73841,8704,Vipera ammodytes,direct_original_and_live_match,no
P04361,Agkistrodon piscivorus,Agkistrodon piscivorus,Agkistrodon piscivorus,8716,8715,Agkistrodon piscivorus,direct_original_and_live_match,no
P04971,Bothrops atrox,Bothrops atrox,Bothrops atrox,8725,8725,Bothrops atrox,direct_original_and_live_match,no
P05620,Protobothrops flavoviridis,Protobothrops flavoviridis,Protobothrops flavoviridis,88087,88087,Protobothrops flavoviridis,direct_original_and_live_match,no
P06859,Protobothrops flavoviridis,Protobothrops flavoviridis,Protobothrops flavoviridis,88087,88087,Protobothrops flavoviridis,direct_original_and_live_match,no
P08878,Crotalus durissus,Crotalus durissus,Crotalus durissus,8732,8731,Crotalus durissus,direct_original_and_live_match,no
P09872,Agkistrodon contortrix,Agkistrodon contortrix,Agkistrodon contortrix,8713,8720,Agkistrodon contortrix,direct_original_and_live_match,no
P0C1Z0,Dendroaspis angusticeps,Dendroaspis angusticeps,Dendroaspis angusticeps,8618,8618,Dendroaspis angusticeps,direct_original_and_live_match,no
P0C2D1,,Bothrops pirajai,Bothrops pirajai,113192,,,group_level_or_name_unresolved,no
P0C2D4,Naja kaouthia,Naja kaouthia,Naja kaouthia,8649,8649,Naja kaouthia,direct_original_and_live_match,no
P0C2D7,Vipera berus,Vipera berus,Vipera berus,31156,31155,Vipera berus,direct_original_and_live_match,no
P0C577,Bitis gabonica,Bitis gabonica,Bitis gabonica,8694,8694,Bitis gabonica,direct_original_and_live_match,no
P0C5B4,,Gloydius shedaoensis,Gloydius shedaoensis,88083,,,group_level_or_name_unresolved,no
P0C6E3,Agkistrodon bilineatus,Agkistrodon bilineatus,Agkistrodon bilineatus,8718,8718,Agkistrodon bilineatus,direct_original_and_live_match,no
P0C6E4,Protobothrops jerdonii,Protobothrops jerdonii,Protobothrops jerdonii,242841,242841,Protobothrops jerdonii,direct_original_and_live_match,no
P0C6E8,,Craspedocephalus gramineus,Craspedocephalus gramineus,8767,,,group_level_or_name_unresolved,no
P0C6S4,Eristocophis macmahoni,Eristicophis macmahoni,Eristicophis macmahoni,110227,,,group_level_or_name_unresolved,no
P0C7B0,Gloydius brevicaudus,Gloydius brevicauda,Gloydius brevicauda,3148161,,,group_level_or_name_unresolved,no
P0C7P5,Protobothrops flavoviridis,Protobothrops flavoviridis,Protobothrops flavoviridis,88087,88087,Protobothrops flavoviridis,direct_original_and_live_match,no
P0C8M1,Bothrops moojeni,Bothrops moojeni,Bothrops moojeni,98334,98334,Bothrops moojeni,direct_original_and_live_match,no
P0C942,Lachesis muta,Lachesis muta,Lachesis muta,8753,8752,Lachesis muta,direct_original_and_live_match,no
P0CAR9,Cerastes cerastes,Cerastes cerastes,Cerastes cerastes,8697,8697,Cerastes cerastes,direct_original_and_live_match,no
P0CAS0,Cerastes cerastes,Cerastes cerastes,Cerastes cerastes,8697,8697,Cerastes cerastes,direct_original_and_live_match,no
P0CAS2,Crotalus durissus,Crotalus durissus,Crotalus durissus,8732,8731,Crotalus durissus,direct_original_and_live_match,no
P0CAS5,Crotalus durissus,Crotalus durissus,Crotalus durissus,8732,8731,Crotalus durissus,direct_original_and_live_match,no
P0CAS7,Crotalus durissus,Crotalus durissus,Crotalus durissus,8732,8731,Crotalus durissus,direct_original_and_live_match,no
P0CC16,Agkistrodon contortrix,Agkistrodon contortrix,Agkistrodon contortrix,2782196,8720,Agkistrodon contortrix,direct_original_and_live_match,no
P0CC17,Bothrops atrox,Bothrops atrox,Bothrops atrox,8725,8725,Bothrops atrox,direct_original_and_live_match,no
P0CG03,Bothrops alternatus,Bothrops alternatus,Bothrops alternatus,64174,64174,Bothrops alternatus,direct_original_and_live_match,no
P0CG56,Crotalus durissus,Crotalus durissus,Crotalus durissus,8732,8731,Crotalus durissus,direct_original_and_live_match,no
P0DI88,Bothrops jararaca,Bothrops jararaca,Bothrops jararaca,8724,8724,Bothrops jararaca,direct_original_and_live_match,no
P0DI89,Bothrops leucurus,Bothrops leucurus,Bothrops leucurus,157295,157295,Bothrops leucurus,direct_original_and_live_match,no
P0DI90,Daboia russelii,Daboia russelii,Daboia russelii,8707,8707,Daboia russelii,direct_original_and_live_match,no
P0DJ43,,Micropechis ikaheca,Micropechis ikaheca,66188,,,group_level_or_name_unresolved,no
P0DJ44,Vipera ammodytes,Vipera ammodytes,Vipera ammodytes,8705,8704,Vipera ammodytes,direct_original_and_live_match,no
P0DJ86,Bothrops leucurus,Bothrops leucurus,Bothrops leucurus,157295,157295,Bothrops leucurus,direct_original_and_live_match,no
P0DJE2,Vipera ammodytes,Vipera ammodytes,Vipera ammodytes,8705,8704,Vipera ammodytes,direct_original_and_live_match,no
P0DJE9,Bothrops spp,Bothrops marajoensis,Bothrops marajoensis,157554,157554,Bothrops marajoensis,direct_original_and_live_match,yes
P0DJF0,Bothrops jararacussu,Bothrops jararacussu,Bothrops jararacussu,8726,8726,Bothrops jararacussu,direct_original_and_live_match,no
P0DJG3,,Bothrocophias andianus,Bothrocophias andianus,1144373,,,group_level_or_name_unresolved,no
P0DJG7,Deinagkistrodon acutus,Deinagkistrodon acutus,Deinagkistrodon acutus,36307,36307,Deinagkistrodon acutus,direct_original_and_live_match,no
P0DJH3,Deinagkistrodon acutus,Deinagkistrodon acutus,Deinagkistrodon acutus,36307,36307,Deinagkistrodon acutus,direct_original_and_live_match,no
P0DJJ6,Bothrops leucurus,Bothrops leucurus,Bothrops leucurus,157295,157295,Bothrops leucurus,direct_original_and_live_match,no
P0DJJ9,Protobothrops flavoviridis,Protobothrops flavoviridis,Protobothrops flavoviridis,88087,88087,Protobothrops flavoviridis,direct_original_and_live_match,no
P0DJN6,Crotalus horridus,Crotalus horridus,Crotalus horridus,35024,35024,Crotalus horridus,direct_original_and_live_match,no
P0DJN7,,Crotalus lepidus,Crotalus lepidus,992932,,,group_level_or_name_unresolved,no
P0DKR6,Dendroaspis polylepis,Dendroaspis polylepis,Dendroaspis polylepis,8620,8624,Dendroaspis polylepis,direct_original_and_live_match,no
P0DL26,,Bothrops pirajai,Bothrops pirajai,113192,,,group_level_or_name_unresolved,no
P0DL29,,Bothrops pirajai,Bothrops pirajai,113192,,,group_level_or_name_unresolved,no
P0DM51,,Bothrops pauloensis,Bothrops pauloensis,1042543,,,group_level_or_name_unresolved,no
P0DM89,Gloydius brevicaudus,Gloydius brevicauda,Gloydius brevicauda,3148161,,,group_level_or_name_unresolved,no
P0DM90,Gloydius brevicaudus,Gloydius brevicauda,Gloydius brevicauda,3148161,,,group_level_or_name_unresolved,no
P0DPS3,Vipera ammodytes,Vipera ammodytes,Vipera ammodytes,8705,8704,Vipera ammodytes,direct_original_and_live_match,no
P0DPS4,Cerastes cerastes,Cerastes cerastes,Cerastes cerastes,8697,8697,Cerastes cerastes,direct_original_and_live_match,no
P0DQH9,Cerastes cerastes,Cerastes cerastes,Cerastes cerastes,8697,8697,Cerastes cerastes,direct_original_and_live_match,no
P0DQQ0,Bothrops brazili,Bothrops brazili,Bothrops brazili,157546,157546,Bothrops brazili,direct_original_and_live_match,no
P0DQQ4,Crotalus durissus,Crotalus durissus,Crotalus durissus,8732,8731,Crotalus durissus,direct_original_and_live_match,no
P0DRC8,,Macrovipera lebetinus,Macrovipera lebetinus,384075,,,group_level_or_name_unresolved,no
P0DRJ7,Lachesis muta,Lachesis muta,Lachesis muta,8753,8752,Lachesis muta,direct_original_and_live_match,no
P0DRK3,Bitis arietans,Bitis arietans,Bitis arietans,8692,8692,Bitis arietans,direct_original_and_live_match,no
P0DUN1,Bothrocophias hyoprora,Bothrocophias hyoprora,Bothrocophias hyoprora,230469,230469,Bothrocophias hyoprora,direct_original_and_live_match,no
P0DUN2,Bothrocophias hyoprora,Bothrocophias hyoprora,Bothrocophias hyoprora,230469,230469,Bothrocophias hyoprora,direct_original_and_live_match,no
P0DUN3,Bothrops brazili,Bothrops brazili,Bothrops brazili,157546,157546,Bothrops brazili,direct_original_and_live_match,no
P0DUN4,Bothrops brazili,Bothrops brazili,Bothrops brazili,157546,157546,Bothrops brazili,direct_original_and_live_match,no
P0DUN5,Bothrops bilineatus,Bothrops bilineatus,Bothrops bilineatus,2815652,44724,Bothrops bilineatus,direct_original_and_live_match,no
P0DV78,Bothrops jararacussu,Bothrops jararacussu,Bothrops jararacussu,8726,8726,Bothrops jararacussu,direct_original_and_live_match,no
P0DW98,Protobothrops jerdonii,Protobothrops jerdonii,Protobothrops jerdonii,242841,242841,Protobothrops jerdonii,direct_original_and_live_match,no
P11407,Vipera ammodytes,Vipera ammodytes,Vipera ammodytes,8705,8704,Vipera ammodytes,direct_original_and_live_match,no
P13208,Atractaspis engaddensis,Atractaspis engaddensis,Atractaspis engaddensis,1343144,1343144,Atractaspis engaddensis,direct_original_and_live_match,no
P14418,Gloydius halys,Gloydius halys,Gloydius halys,8714,8714,Gloydius halys,direct_original_and_live_match,no
P14420,Vipera ammodytes,Vipera ammodytes,Vipera ammodytes,73841,8704,Vipera ammodytes,direct_original_and_live_match,no
P14421,Gloydius halys,Gloydius halys,Gloydius halys,8714,8714,Gloydius halys,direct_original_and_live_match,no
P14424,Vipera ammodytes,Vipera ammodytes,Vipera ammodytes,8705,8704,Vipera ammodytes,direct_original_and_live_match,no
P14530,Protobothrops flavoviridis,Protobothrops flavoviridis,Protobothrops flavoviridis,88087,88087,Protobothrops flavoviridis,direct_original_and_live_match,no
P15167,Crotalus atrox,Crotalus atrox,Crotalus atrox,8730,8730,Crotalus atrox,direct_original_and_live_match,no
P17347,Echis carinatus,Echis carinatus,Echis carinatus,124223,40353,Echis carinatus,direct_original_and_live_match,no
P17349,Protobothrops elegans,Protobothrops elegans,Protobothrops elegans,88086,88086,Protobothrops elegans,direct_original_and_live_match,no
P17935,Vipera ammodytes,Vipera ammodytes,Vipera ammodytes,8705,8704,Vipera ammodytes,direct_original_and_live_match,no
P18964,Daboia siamensis,Daboia siamensis,Daboia siamensis,343250,343250,Daboia siamensis,direct_original_and_live_match,no
P18965,Daboia siamensis,Daboia siamensis,Daboia siamensis,343250,343250,Daboia siamensis,direct_original_and_live_match,no
P20005,,Ovophis okinavensis,Ovophis okinavensis,8769,,,group_level_or_name_unresolved,no
P20164,Protobothrops flavoviridis,Protobothrops flavoviridis,Protobothrops flavoviridis,88087,88087,Protobothrops flavoviridis,direct_original_and_live_match,no
P20474,Bothrops asper,Bothrops asper,Bothrops asper,8722,8722,Bothrops asper,direct_original_and_live_match,no
P22796,Lachesis muta,Lachesis muta,Lachesis muta,8753,8752,Lachesis muta,direct_original_and_live_match,no
P22947,Dendroaspis polylepis,Dendroaspis polylepis,Dendroaspis polylepis,8620,8624,Dendroaspis polylepis,direct_original_and_live_match,no
P23026,Pseudonaja textilis,Pseudonaja textilis,Pseudonaja textilis,8673,8673,Pseudonaja textilis,direct_original_and_live_match,no
P23807,Protobothrops flavoviridis,Protobothrops flavoviridis,Protobothrops flavoviridis,88087,88087,Protobothrops flavoviridis,direct_original_and_live_match,no
P24027,Crotalus durissus,Crotalus durissus,Crotalus durissus,8732,8731,Crotalus durissus,direct_original_and_live_match,no
P24335,,Tropidolaemus wagleri,Tropidolaemus wagleri,8770,,,group_level_or_name_unresolved,no
P24605,Bothrops asper,Bothrops asper,Bothrops asper,8722,8722,Bothrops asper,direct_original_and_live_match,no
P25428,,Macrovipera lebetinus,Macrovipera lebetinus,3148341,,,group_level_or_name_unresolved,no
P28375,Dendroaspis jamesoni,Dendroaspis jamesoni,Dendroaspis jamesoni,8619,8623,Dendroaspis jamesoni,direct_original_and_live_match,no
P28891,Agkistrodon contortrix,Agkistrodon contortrix,Agkistrodon contortrix,8713,8720,Agkistrodon contortrix,direct_original_and_live_match,no
P30403,Calloselasma rhodostoma,Calloselasma rhodostoma,Calloselasma rhodostoma,8717,8717,Calloselasma rhodostoma,direct_original_and_live_match,no
P30431,Bothrops jararaca,Bothrops jararaca,Bothrops jararaca,8724,8724,Bothrops jararaca,direct_original_and_live_match,no
P31100,Daboia siamensis,Daboia siamensis,Daboia siamensis,343250,343250,Daboia siamensis,direct_original_and_live_match,no
P33589,Lachesis muta,Lachesis muta,Lachesis muta,8753,8752,Lachesis muta,direct_original_and_live_match,no
P34182,Crotalus atrox,Crotalus atrox,Crotalus atrox,8730,8730,Crotalus atrox,direct_original_and_live_match,no
P45881,Bothrops jararacussu,Bothrops jararacussu,Bothrops jararacussu,8726,8726,Bothrops jararacussu,direct_original_and_live_match,no
P49121,Agkistrodon contortrix,Agkistrodon contortrix,Agkistrodon contortrix,2782196,8720,Agkistrodon contortrix,direct_original_and_live_match,no
P58399,,Bothrops pirajai,Bothrops pirajai,113192,,,group_level_or_name_unresolved,no
P59071,Daboia russelii,Daboia russelii,Daboia russelii,8707,8707,Daboia russelii,direct_original_and_live_match,no
P60244,Deinagkistrodon acutus,Deinagkistrodon acutus,Deinagkistrodon acutus,36307,36307,Deinagkistrodon acutus,direct_original_and_live_match,no
P60305,Naja kaouthia,Naja kaouthia,Naja kaouthia,8649,8649,Naja kaouthia,direct_original_and_live_match,no
P60615,Bungarus multicinctus,Bungarus multicinctus,Bungarus multicinctus,8616,8616,Bungarus multicinctus,direct_original_and_live_match,no
P60770,Naja atra,Naja atra,Naja atra,8656,8656,Naja atra,direct_original_and_live_match,no
P60775,,Laticauda semifasciata,Laticauda semifasciata,8631,,,group_level_or_name_unresolved,no
P61898,Naja atra,Naja atra,Naja atra,8656,8656,Naja atra,direct_original_and_live_match,no
P62022,Crotalus durissus,Crotalus durissus,Crotalus durissus,8732,8731,Crotalus durissus,direct_original_and_live_match,no
P62023,Crotalus scutulatus,Crotalus scutulatus,Crotalus scutulatus,8738,8737,Crotalus scutulatus,direct_original_and_live_match,no
P67861,Daboia russelii,Daboia russelii,Daboia russelii,8707,8707,Daboia russelii,direct_original_and_live_match,no
P67863,Vipera ammodytes,Vipera ammodytes,Vipera ammodytes,8705,8704,Vipera ammodytes,direct_original_and_live_match,no
P68515,,Bothrops insularis,Bothrops insularis,8723,,,group_level_or_name_unresolved,no
P80963,Bothriechis schlegelii,Bothriechis schlegelii,Bothriechis schlegelii,44725,44725,Bothriechis schlegelii,direct_original_and_live_match,no
P80966,Ophiophagus hannah,Ophiophagus hannah,Ophiophagus hannah,8665,8665,Ophiophagus hannah,direct_original_and_live_match,no
P81165,Cerrophidion godmani,Cerrophidion godmani,Cerrophidion godmani,44722,44722,Cerrophidion godmani,direct_original_and_live_match,no
P81375,,Macrovipera lebetinus,Macrovipera lebetinus,3148341,,,group_level_or_name_unresolved,no
P81382,Calloselasma rhodostoma,Calloselasma rhodostoma,Calloselasma rhodostoma,8717,8717,Calloselasma rhodostoma,direct_original_and_live_match,no
P81383,Ophiophagus hannah,Ophiophagus hannah,Ophiophagus hannah,8665,8665,Ophiophagus hannah,direct_original_and_live_match,no
P81428,Tropidechis carinatus,Tropidechis carinatus,Tropidechis carinatus,100989,100989,Tropidechis carinatus,direct_original_and_live_match,no
P81661,Bothrops jararaca,Bothrops jararaca,Bothrops jararaca,8724,8724,Bothrops jararaca,direct_original_and_live_match,no
P82114,Bothrops moojeni,Bothrops moojeni,Bothrops moojeni,98334,98334,Bothrops moojeni,direct_original_and_live_match,no
P82475,,Macrovipera lebetinus,Macrovipera lebetinus,3148341,,,group_level_or_name_unresolved,no
P82807,Notechis scutatus,Notechis scutatus,Notechis scutatus,70142,8663,Notechis scutatus,direct_original_and_live_match,no
P82896,Trimeresurus stejnegeri,Trimeresurus stejnegeri,Trimeresurus stejnegeri,39682,39682,Trimeresurus stejnegeri,direct_original_and_live_match,no
P82935,Naja kaouthia,Naja kaouthia,Naja kaouthia,8649,8649,Naja kaouthia,direct_original_and_live_match,no
P82972,Pseudocerastes persicus,Pseudocerastes persicus,Pseudocerastes persicus,47769,47769,Pseudocerastes persicus,direct_original_and_live_match,no
P82981,Agkistrodon contortrix,Agkistrodon contortrix,Agkistrodon contortrix,8713,8720,Agkistrodon contortrix,direct_original_and_live_match,no
P83253,,Macrovipera lebetinus,Macrovipera lebetinus,3148341,,,group_level_or_name_unresolved,no
P83255,,Macrovipera lebetinus,Macrovipera lebetinus,3148341,,,group_level_or_name_unresolved,no
P83302,Ophiophagus hannah,Ophiophagus hannah,Ophiophagus hannah,8665,8665,Ophiophagus hannah,direct_original_and_live_match,no
P83370,Hoplocephalus spp,Hoplocephalus stephensii,Hoplocephalus stephensii,196418,196418,Hoplocephalus stephensii,direct_original_and_live_match,yes
P83512,Bothrops asper,Bothrops asper,Bothrops asper,8722,8722,Bothrops asper,direct_original_and_live_match,no
P83912,Protobothrops jerdonii,Protobothrops jerdonii,Protobothrops jerdonii,242841,242841,Protobothrops jerdonii,direct_original_and_live_match,no
P83942,Vipera aspis,Vipera aspis,Vipera aspis,194601,8706,Vipera aspis,direct_original_and_live_match,no
P84674,Daboia russelii,Daboia russelii,Daboia russelii,8707,8707,Daboia russelii,direct_original_and_live_match,no
P84776,Protobothrops mangshanensis,Protobothrops mangshanensis,Protobothrops mangshanensis,242058,242058,Protobothrops mangshanensis,direct_original_and_live_match,no
P84787,Protobothrops elegans,Protobothrops elegans,Protobothrops elegans,88086,88086,Protobothrops elegans,direct_original_and_live_match,no
P84907,Bothrops leucurus,Bothrops leucurus,Bothrops leucurus,157295,157295,Bothrops leucurus,direct_original_and_live_match,no
P85092,Dendroaspis angusticeps,Dendroaspis angusticeps,Dendroaspis angusticeps,8618,8618,Dendroaspis angusticeps,direct_original_and_live_match,no
P85109,Gloydius brevicaudus,Gloydius brevicauda,Gloydius brevicauda,3148161,,,group_level_or_name_unresolved,no
P85314,Bothrops moojeni,Bothrops moojeni,Bothrops moojeni,98334,98334,Bothrops moojeni,direct_original_and_live_match,no
P85420,Bothrops atrox,Bothrops atrox,Bothrops atrox,8725,8725,Bothrops atrox,direct_original_and_live_match,no
P86092,Bothrops leucurus,Bothrops leucurus,Bothrops leucurus,157295,157295,Bothrops leucurus,direct_original_and_live_match,no
P86169,Crotalus durissus,Crotalus durissus,Crotalus durissus,221570,8731,Crotalus durissus,direct_original_and_live_match,no
P86453,Bothrops alternatus,Bothrops alternatus,Bothrops alternatus,64174,64174,Bothrops alternatus,direct_original_and_live_match,no
P86535,Daboia russelii,Daboia russelii,Daboia russelii,8707,8707,Daboia russelii,direct_original_and_live_match,no
P86802,Bothrops spp,Bothrops marajoensis,Bothrops marajoensis,157554,157554,Bothrops marajoensis,direct_original_and_live_match,yes
P86803,Bothrops spp,Bothrops marajoensis,Bothrops marajoensis,157554,157554,Bothrops marajoensis,direct_original_and_live_match,yes
P86804,Bothrops spp,Bothrops marajoensis,Bothrops marajoensis,157554,157554,Bothrops marajoensis,direct_original_and_live_match,yes
P86805,Crotalus durissus,Crotalus durissus,Crotalus durissus,184542,8731,Crotalus durissus,direct_original_and_live_match,no
P86806,Crotalus durissus,Crotalus durissus,Crotalus durissus,184542,8731,Crotalus durissus,direct_original_and_live_match,no
P86907,Bothrops ammodytoides,Bothrops ammodytoides,Bothrops ammodytoides,169857,169857,Bothrops ammodytoides,direct_original_and_live_match,no
P86976,Bothrops spp,Bothrops barnetti,Bothrops barnetti,1051630,1051630,Bothrops barnetti,direct_original_and_live_match,yes
Q02471,Daboia siamensis,Daboia siamensis,Daboia siamensis,343250,343250,Daboia siamensis,direct_original_and_live_match,no
Q072L5,Bothrops asper,Bothrops asper,Bothrops asper,8722,8722,Bothrops asper,direct_original_and_live_match,no
Q072L6,Bothrops asper,Bothrops asper,Bothrops asper,8722,8722,Bothrops asper,direct_original_and_live_match,no
Q0NZX5,Bothrops jararaca,Bothrops jararaca,Bothrops jararaca,8724,8724,Bothrops jararaca,direct_original_and_live_match,no
Q10749,Naja mossambica,Naja mossambica,Naja mossambica,8644,8644,Naja mossambica,direct_original_and_live_match,no
Q14FJ4,Echis ocellatus,Echis ocellatus,Echis ocellatus,99586,99586,Echis ocellatus,direct_original_and_live_match,no
Q1PHZ4,Bothrops jararacussu,Bothrops jararacussu,Bothrops jararacussu,8726,8726,Bothrops jararacussu,direct_original_and_live_match,no
Q1RP78,Vipera nikolskii,Vipera nikolskii,Vipera nikolskii,1808362,1808362,Vipera nikolskii,direct_original_and_live_match,no
Q1RP79,Vipera nikolskii,Vipera nikolskii,Vipera nikolskii,1808362,1808362,Vipera nikolskii,direct_original_and_live_match,no
Q27J47,Lachesis muta,Lachesis muta,Lachesis muta,8753,8752,Lachesis muta,direct_original_and_live_match,no
Q27J49,Lachesis muta,Lachesis muta,Lachesis muta,8753,8752,Lachesis muta,direct_original_and_live_match,no
Q2LD49,Trimeresurus stejnegeri,Trimeresurus stejnegeri,Trimeresurus stejnegeri,39682,39682,Trimeresurus stejnegeri,direct_original_and_live_match,no
Q2PQJ3,Bothrops jararacussu,Bothrops jararacussu,Bothrops jararacussu,8726,8726,Bothrops jararacussu,direct_original_and_live_match,no
Q2YHJ2,,Craspedocephalus borneensis,Craspedocephalus borneensis,3147914,,,group_level_or_name_unresolved,no
Q2YHJ3,,Craspedocephalus borneensis,Craspedocephalus borneensis,3147914,,,group_level_or_name_unresolved,no
Q2YHJ6,,Craspedocephalus puniceus,Craspedocephalus puniceus,3147916,,,group_level_or_name_unresolved,no
Q2YHJ7,,Craspedocephalus puniceus,Craspedocephalus puniceus,3147916,,,group_level_or_name_unresolved,no
Q330K6,Protobothrops mucrosquamatus,Protobothrops mucrosquamatus,Protobothrops mucrosquamatus,103944,103944,Protobothrops mucrosquamatus,direct_original_and_live_match,no
Q45Z47,Oxyuranus scutellatus,Oxyuranus scutellatus,Oxyuranus scutellatus,8667,8668,Oxyuranus scutellatus,direct_original_and_live_match,no
Q4F867,Daboia siamensis,Daboia siamensis,Daboia siamensis,343250,343250,Daboia siamensis,direct_original_and_live_match,no
Q4PRD1,Daboia siamensis,Daboia siamensis,Daboia siamensis,343250,343250,Daboia siamensis,direct_original_and_live_match,no
Q4PRD2,Daboia siamensis,Daboia siamensis,Daboia siamensis,343250,343250,Daboia siamensis,direct_original_and_live_match,no
Q4VM07,,Macrovipera lebetinus,Macrovipera lebetinus,3148341,,,group_level_or_name_unresolved,no
Q4VM08,,Macrovipera lebetinus,Macrovipera lebetinus,3148341,,,group_level_or_name_unresolved,no
Q53B58,Ophiophagus hannah,Ophiophagus hannah,Ophiophagus hannah,8665,8665,Ophiophagus hannah,direct_original_and_live_match,no
Q56VR3,Pseudonaja textilis,Pseudonaja textilis,Pseudonaja textilis,8673,8673,Pseudonaja textilis,direct_original_and_live_match,no
Q58L91,Oxyuranus scutellatus,Oxyuranus scutellatus,Oxyuranus scutellatus,8668,8668,Oxyuranus scutellatus,direct_original_and_live_match,no
Q58L94,Notechis scutatus,Notechis scutatus,Notechis scutatus,70142,8663,Notechis scutatus,direct_original_and_live_match,no
Q58L96,Oxyuranus scutellatus,Oxyuranus scutellatus,Oxyuranus scutellatus,8668,8668,Oxyuranus scutellatus,direct_original_and_live_match,no
Q5MCS0,,Hydrophis hardwickii,Hydrophis hardwickii,8781,,,group_level_or_name_unresolved,no
Q5W959,Bothrops jararaca,Bothrops jararaca,Bothrops jararaca,8724,8724,Bothrops jararaca,direct_original_and_live_match,no
Q5XUW8,,Bothrops insularis,Bothrops insularis,8723,,,group_level_or_name_unresolved,no
Q698K8,Gloydius brevicaudus,Gloydius brevicauda,Gloydius brevicauda,3148161,,,group_level_or_name_unresolved,no
Q6EER2,,Sistrurus tergeminus,Sistrurus tergeminus,8757,,,group_level_or_name_unresolved,no
Q6EER4,Bothriechis schlegelii,Bothriechis schlegelii,Bothriechis schlegelii,44725,44725,Bothriechis schlegelii,direct_original_and_live_match,no
Q6H3C8,Trimeresurus stejnegeri,Trimeresurus stejnegeri,Trimeresurus stejnegeri,39682,39682,Trimeresurus stejnegeri,direct_original_and_live_match,no
Q6H3D0,Trimeresurus stejnegeri,Trimeresurus stejnegeri,Trimeresurus stejnegeri,39682,39682,Trimeresurus stejnegeri,direct_original_and_live_match,no
Q6JK69,Bothrops atrox,Bothrops atrox,Bothrops atrox,8725,8725,Bothrops atrox,direct_original_and_live_match,no
Q6LEM5,Bothrops jararaca,Bothrops jararaca,Bothrops jararaca,8724,8724,Bothrops jararaca,direct_original_and_live_match,no
Q6RY98,,Atractaspis microlepidota,Atractaspis microlepidota,172021,,,group_level_or_name_unresolved,no
Q6SLM1,Bungarus caeruleus,Bungarus caeruleus,Bungarus caeruleus,132961,132961,Bungarus caeruleus,direct_original_and_live_match,no
Q6SLM2,Bungarus caeruleus,Bungarus caeruleus,Bungarus caeruleus,132961,132961,Bungarus caeruleus,direct_original_and_live_match,no
Q6STF1,Gloydius halys,Gloydius halys,Gloydius halys,8714,8714,Gloydius halys,direct_original_and_live_match,no
Q6T179,Naja sagittifera,Naja sagittifera,Naja sagittifera,195058,195058,Naja sagittifera,direct_original_and_live_match,no
Q6T271,Bitis gabonica,Bitis gabonica,Bitis gabonica,8694,8694,Bitis gabonica,direct_original_and_live_match,no
Q6TGQ8,Bothrops moojeni,Bothrops moojeni,Bothrops moojeni,98334,98334,Bothrops moojeni,direct_original_and_live_match,no
Q6TGQ9,Bothrops jararacussu,Bothrops jararacussu,Bothrops jararacussu,8726,8726,Bothrops jararacussu,direct_original_and_live_match,no
Q71QE8,Crotalus viridis,Crotalus viridis,Crotalus viridis,8742,8739,Crotalus viridis,direct_original_and_live_match,no
Q7LZ09,,Macrovipera lebetinus,Macrovipera lebetinus,3148341,,,group_level_or_name_unresolved,no
Q7LZ61,Daboia siamensis,Daboia siamensis,Daboia siamensis,343250,343250,Daboia siamensis,direct_original_and_live_match,no
Q7SID6,Deinagkistrodon acutus,Deinagkistrodon acutus,Deinagkistrodon acutus,36307,36307,Deinagkistrodon acutus,direct_original_and_live_match,no
Q7SYF1,Cerastes cerastes,Cerastes cerastes,Cerastes cerastes,8697,8697,Cerastes cerastes,direct_original_and_live_match,no
Q7SZE1,Gloydius intermedius,Gloydius intermedius,Gloydius intermedius,44732,44732,Gloydius intermedius,direct_original_and_live_match,no
Q7SZN0,Pseudonaja textilis,Pseudonaja textilis,Pseudonaja textilis,8673,8673,Pseudonaja textilis,direct_original_and_live_match,no
Q7T046,,Macrovipera lebetinus,Macrovipera lebetinus,3148341,,,group_level_or_name_unresolved,no
Q7T1M3,Bothrops jararacussu,Bothrops jararacussu,Bothrops jararacussu,8726,8726,Bothrops jararacussu,direct_original_and_live_match,no
Q7T2R1,Daboia siamensis,Daboia siamensis,Daboia siamensis,343250,343250,Daboia siamensis,direct_original_and_live_match,no
Q7T3S7,Echis carinatus,Echis carinatus,Echis carinatus,40353,40353,Echis carinatus,direct_original_and_live_match,no
Q7T3T5,Daboia siamensis,Daboia siamensis,Daboia siamensis,343250,343250,Daboia siamensis,direct_original_and_live_match,no
Q7ZTA7,,Crotalus lutosus,Crotalus lutosus,128077,,,group_level_or_name_unresolved,no
Q7ZZS9,Protobothrops jerdonii,Protobothrops jerdonii,Protobothrops jerdonii,242841,242841,Protobothrops jerdonii,direct_original_and_live_match,no
Q800C4,Crotalus viridis,Crotalus viridis,Crotalus viridis,8742,8739,Crotalus viridis,direct_original_and_live_match,no
Q805A2,Protobothrops flavoviridis,Protobothrops flavoviridis,Protobothrops flavoviridis,88087,88087,Protobothrops flavoviridis,direct_original_and_live_match,no
Q805F6,Agkistrodon contortrix,Agkistrodon contortrix,Agkistrodon contortrix,8713,8720,Agkistrodon contortrix,direct_original_and_live_match,no
Q805F7,Agkistrodon contortrix,Agkistrodon contortrix,Agkistrodon contortrix,8713,8720,Agkistrodon contortrix,direct_original_and_live_match,no
Q8AWI5,Gloydius halys,Gloydius halys,Gloydius halys,8714,8714,Gloydius halys,direct_original_and_live_match,no
Q8AXY1,Bothrops jararacussu,Bothrops jararacussu,Bothrops jararacussu,8726,8726,Bothrops jararacussu,direct_original_and_live_match,no
Q8AY79,Trimeresurus stejnegeri,Trimeresurus stejnegeri,Trimeresurus stejnegeri,39682,39682,Trimeresurus stejnegeri,direct_original_and_live_match,no
Q8AY80,Trimeresurus stejnegeri,Trimeresurus stejnegeri,Trimeresurus stejnegeri,39682,39682,Trimeresurus stejnegeri,direct_original_and_live_match,no
Q8AY81,Trimeresurus stejnegeri,Trimeresurus stejnegeri,Trimeresurus stejnegeri,39682,39682,Trimeresurus stejnegeri,direct_original_and_live_match,no
Q8JH85,,Macrovipera lebetinus,Macrovipera lebetinus,3148341,,,group_level_or_name_unresolved,no
Q8JIR2,Protobothrops flavoviridis,Protobothrops flavoviridis,Protobothrops flavoviridis,88087,88087,Protobothrops flavoviridis,direct_original_and_live_match,no
Q8QGR0,Dendroaspis angusticeps,Dendroaspis angusticeps,Dendroaspis angusticeps,8618,8618,Dendroaspis angusticeps,direct_original_and_live_match,no
Q8UVG0,,Bothrops erythromelas,Bothrops erythromelas,44710,,,group_level_or_name_unresolved,no
Q90249,Bothrops jararacussu,Bothrops jararacussu,Bothrops jararacussu,8726,8726,Bothrops jararacussu,direct_original_and_live_match,no
Q90282,Crotalus atrox,Crotalus atrox,Crotalus atrox,8730,8730,Crotalus atrox,direct_original_and_live_match,no
Q90495,Echis carinatus,Echis carinatus,Echis carinatus,40353,40353,Echis carinatus,direct_original_and_live_match,no
Q90W39,Protobothrops mucrosquamatus,Protobothrops mucrosquamatus,Protobothrops mucrosquamatus,103944,103944,Protobothrops mucrosquamatus,direct_original_and_live_match,no
Q90WA8,Bungarus fasciatus,Bungarus fasciatus,Bungarus fasciatus,8613,8613,Bungarus fasciatus,direct_original_and_live_match,no
Q90WC0,Gloydius brevicaudus,Gloydius brevicauda,Gloydius brevicauda,3148161,,,group_level_or_name_unresolved,no
Q90Y12,Crotalus durissus,Crotalus durissus,Crotalus durissus,8732,8731,Crotalus durissus,direct_original_and_live_match,no
Q90YA6,Protobothrops elegans,Protobothrops elegans,Protobothrops elegans,88086,88086,Protobothrops elegans,direct_original_and_live_match,no
Q90ZI3,Protobothrops flavoviridis,Protobothrops flavoviridis,Protobothrops flavoviridis,88087,88087,Protobothrops flavoviridis,direct_original_and_live_match,no
Q91053,Gloydius ussuriensis,Gloydius ussuriensis,Gloydius ussuriensis,35671,35671,Gloydius ussuriensis,direct_original_and_live_match,no
Q91132,Naja kaouthia,Naja kaouthia,Naja kaouthia,8649,8649,Naja kaouthia,direct_original_and_live_match,no
Q91401,Crotalus atrox,Crotalus atrox,Crotalus atrox,8730,8730,Crotalus atrox,direct_original_and_live_match,no
Q91511,Protobothrops mucrosquamatus,Protobothrops mucrosquamatus,Protobothrops mucrosquamatus,103944,103944,Protobothrops mucrosquamatus,direct_original_and_live_match,no
Q91516,Trimeresurus stejnegeri,Trimeresurus stejnegeri,Trimeresurus stejnegeri,39682,39682,Trimeresurus stejnegeri,direct_original_and_live_match,no
Q92035,Bungarus fasciatus,Bungarus fasciatus,Bungarus fasciatus,8613,8613,Bungarus fasciatus,direct_original_and_live_match,no
Q92084,Naja sputatrix,Naja sputatrix,Naja sputatrix,33626,33626,Naja sputatrix,direct_original_and_live_match,no
Q98995,,Macrovipera lebetinus,Macrovipera lebetinus,3148341,,,group_level_or_name_unresolved,no
Q98SP2,Bothrops jararaca,Bothrops jararaca,Bothrops jararaca,8724,8724,Bothrops jararaca,direct_original_and_live_match,no
Q98UF9,Bothrops jararaca,Bothrops jararaca,Bothrops jararaca,8724,8724,Bothrops jararaca,direct_original_and_live_match,no
Q9DF33,Ophiophagus hannah,Ophiophagus hannah,Ophiophagus hannah,8665,8665,Ophiophagus hannah,direct_original_and_live_match,no
Q9DF52,Bungarus caeruleus,Bungarus caeruleus,Bungarus caeruleus,132961,132961,Bungarus caeruleus,direct_original_and_live_match,no
Q9DF67,Protobothrops jerdonii,Protobothrops jerdonii,Protobothrops jerdonii,242841,242841,Protobothrops jerdonii,direct_original_and_live_match,no
Q9DGB9,Crotalus atrox,Crotalus atrox,Crotalus atrox,8730,8730,Crotalus atrox,direct_original_and_live_match,no
Q9I834,Bothrops moojeni,Bothrops moojeni,Bothrops moojeni,98334,98334,Bothrops moojeni,direct_original_and_live_match,no
Q9I8X1,Deinagkistrodon acutus,Deinagkistrodon acutus,Deinagkistrodon acutus,36307,36307,Deinagkistrodon acutus,direct_original_and_live_match,no
Q9IAB0,Agkistrodon contortrix,Agkistrodon contortrix,Agkistrodon contortrix,8713,8720,Agkistrodon contortrix,direct_original_and_live_match,no
Q9IAT9,,Bothrops pauloensis,Bothrops pauloensis,1042543,,,group_level_or_name_unresolved,no
Q9PT41,,Macrovipera lebetinus,Macrovipera lebetinus,3148341,,,group_level_or_name_unresolved,no
Q9PT51,Gloydius blomhoffi,Gloydius blomhoffii,Gloydius blomhoffii,242054,,,group_level_or_name_unresolved,no
Q9PTU8,Bothrops jararaca,Bothrops jararaca,Bothrops jararaca,8724,8724,Bothrops jararaca,direct_original_and_live_match,no
Q9PVF0,Calloselasma rhodostoma,Calloselasma rhodostoma,Calloselasma rhodostoma,8717,8717,Calloselasma rhodostoma,direct_original_and_live_match,no
Q9PVF1,Calloselasma rhodostoma,Calloselasma rhodostoma,Calloselasma rhodostoma,8717,8717,Calloselasma rhodostoma,direct_original_and_live_match,no
Q9PVF2,Calloselasma rhodostoma,Calloselasma rhodostoma,Calloselasma rhodostoma,8717,8717,Calloselasma rhodostoma,direct_original_and_live_match,no
Q9PVF4,Calloselasma rhodostoma,Calloselasma rhodostoma,Calloselasma rhodostoma,8717,8717,Calloselasma rhodostoma,direct_original_and_live_match,no
Q9PW35,Deinagkistrodon acutus,Deinagkistrodon acutus,Deinagkistrodon acutus,36307,36307,Deinagkistrodon acutus,direct_original_and_live_match,no
Q9PW56,Bothrops jararaca,Bothrops jararaca,Bothrops jararaca,8724,8724,Bothrops jararaca,direct_original_and_live_match,no
Q9PWF3,Crotalus durissus,Crotalus durissus,Crotalus durissus,8732,8731,Crotalus durissus,direct_original_and_live_match,no
Q9W6M5,Deinagkistrodon acutus,Deinagkistrodon acutus,Deinagkistrodon acutus,36307,36307,Deinagkistrodon acutus,direct_original_and_live_match,no
Q9W7J3,Pseudonaja textilis,Pseudonaja textilis,Pseudonaja textilis,8673,8673,Pseudonaja textilis,direct_original_and_live_match,no
Q9W7J4,Pseudonaja textilis,Pseudonaja textilis,Pseudonaja textilis,8673,8673,Pseudonaja textilis,direct_original_and_live_match,no
Q9YI19,Gloydius brevicaudus,Gloydius brevicauda,Gloydius brevicauda,3148161,,,group_level_or_name_unresolved,no
R4NNL0,Vipera ammodytes,Vipera ammodytes,Vipera ammodytes,8705,8704,Vipera ammodytes,direct_original_and_live_match,no
U3FAE1,Micrurus fulvius,Micrurus fulvius,Micrurus fulvius,8637,8637,Micrurus fulvius,direct_original_and_live_match,no
U5PZ28,Bothriechis lateralis,Bothriechis lateralis,Bothriechis lateralis,44727,44727,Bothriechis lateralis,direct_original_and_live_match,no
V5TBK6,Vipera ammodytes,Vipera ammodytes,Vipera ammodytes,8705,8704,Vipera ammodytes,direct_original_and_live_match,no
V8P682,Ophiophagus hannah,Ophiophagus hannah,Ophiophagus hannah,8665,8665,Ophiophagus hannah,direct_original_and_live_match,no
V8P6Z0,Ophiophagus hannah,Ophiophagus hannah,Ophiophagus hannah,8665,8665,Ophiophagus hannah,direct_original_and_live_match,no
W8E7D1,,Macrovipera lebetinus,Macrovipera lebetinus,3148341,,,group_level_or_name_unresolved,no
W8EFS0,,Macrovipera lebetinus,Macrovipera lebetinus,3148341,,,group_level_or_name_unresolved,no
X2JCV5,Cerastes cerastes,Cerastes cerastes,Cerastes cerastes,8697,8697,Cerastes cerastes,direct_original_and_live_match,no
X2L4E2,Bothrops pictus,Bothrops pictus,Bothrops pictus,133440,133440,Bothrops pictus,direct_original_and_live_match,no
A0A024AX12,,Micropechis ikaheca,Micropechis ikaheca,66188,,,group_level_or_name_unresolved,no
A0A024AX15,,Micropechis ikaheca,Micropechis ikaheca,66188,,,group_level_or_name_unresolved,no
A0A024AXC7,,Micropechis ikaheca,Micropechis ikaheca,66188,,,group_level_or_name_unresolved,no
A0A024AXF8,,Micropechis ikaheca,Micropechis ikaheca,66188,,,group_level_or_name_unresolved,no
A0A024AXG2,,Micropechis ikaheca,Micropechis ikaheca,66188,,,group_level_or_name_unresolved,no
A0A024AXG5,,Micropechis ikaheca,Micropechis ikaheca,66188,,,group_level_or_name_unresolved,no
A0A024AXW8,,Micropechis ikaheca,Micropechis ikaheca,66188,,,group_level_or_name_unresolved,no
A0A024AXX2,,Micropechis ikaheca,Micropechis ikaheca,66188,,,group_level_or_name_unresolved,no
A0A024AXX4,,Micropechis ikaheca,Micropechis ikaheca,66188,,,group_level_or_name_unresolved,no
A0A024AYB6,,Micropechis ikaheca,Micropechis ikaheca,66188,,,group_level_or_name_unresolved,no
A0A024AYB9,,Micropechis ikaheca,Micropechis ikaheca,66188,,,group_level_or_name_unresolved,no
A0A1I9KNP0,Vipera ammodytes,Vipera ammodytes,Vipera ammodytes,8705,8704,Vipera ammodytes,direct_original_and_live_match,no
A0A346CIA0,,Spilotes sulphureus,Spilotes sulphureus,1899469,,,group_level_or_name_unresolved,no
A0A346CIB2,,Spilotes sulphureus,Spilotes sulphureus,1899469,,,group_level_or_name_unresolved,no
A0A346CIB3,,Spilotes sulphureus,Spilotes sulphureus,1899469,,,group_level_or_name_unresolved,no
A0A670XWV7,Pseudonaja textilis,Pseudonaja textilis,Pseudonaja textilis,8673,8673,Pseudonaja textilis,direct_original_and_live_match,no
A0A670Y2F9,Pseudonaja textilis,Pseudonaja textilis,Pseudonaja textilis,8673,8673,Pseudonaja textilis,direct_original_and_live_match,no
A0A670Y9W8,Pseudonaja textilis,Pseudonaja textilis,Pseudonaja textilis,8673,8673,Pseudonaja textilis,direct_original_and_live_match,no
A0A670YIZ5,Pseudonaja textilis,Pseudonaja textilis,Pseudonaja textilis,8673,8673,Pseudonaja textilis,direct_original_and_live_match,no
A0A670YWQ6,Pseudonaja textilis,Pseudonaja textilis,Pseudonaja textilis,8673,8673,Pseudonaja textilis,direct_original_and_live_match,no
A0A670Z299,Pseudonaja textilis,Pseudonaja textilis,Pseudonaja textilis,8673,8673,Pseudonaja textilis,direct_original_and_live_match,no
A0A6I9YMZ6,,Thamnophis sirtalis,Thamnophis sirtalis,35019,,,group_level_or_name_unresolved,no
A0A6J1U4A8,Notechis scutatus,Notechis scutatus,Notechis scutatus,8663,8663,Notechis scutatus,direct_original_and_live_match,no
A0A6J1UXD9,Notechis scutatus,Notechis scutatus,Notechis scutatus,8663,8663,Notechis scutatus,direct_original_and_live_match,no
A0A6P9D6Y1,,Pantherophis guttatus,Pantherophis guttatus,94885,,,group_level_or_name_unresolved,no
A0A8C5RLT2,,Laticauda laticaudata,Laticauda laticaudata,8630,,,group_level_or_name_unresolved,no
A0A8C5S3D7,,Laticauda laticaudata,Laticauda laticaudata,8630,,,group_level_or_name_unresolved,no
A0A8C5SGI3,,Laticauda laticaudata,Laticauda laticaudata,8630,,,group_level_or_name_unresolved,no
A0A8C5WVZ0,,Laticauda laticaudata,Laticauda laticaudata,8630,,,group_level_or_name_unresolved,no
A0A8C6V5L6,Naja naja,Naja naja,Naja naja,35670,35670,Naja naja,direct_original_and_live_match,no
A0A8C6V7L7,Naja naja,Naja naja,Naja naja,35670,35670,Naja naja,direct_original_and_live_match,no
A0A8C6X6F3,Naja naja,Naja naja,Naja naja,35670,35670,Naja naja,direct_original_and_live_match,no
A0A8C6XEF9,Naja naja,Naja naja,Naja naja,35670,35670,Naja naja,direct_original_and_live_match,no
A0A8C6XSI3,Naja naja,Naja naja,Naja naja,35670,35670,Naja naja,direct_original_and_live_match,no
A0A9F5MT37,,Python bivittatus,Python bivittatus,176946,,,group_level_or_name_unresolved,no
A0AAW1APA3,Crotalus adamanteus,Crotalus adamanteus,Crotalus adamanteus,8729,8729,Crotalus adamanteus,direct_original_and_live_match,no
A0RZC6,Austrelaps spp,Austrelaps superbus,Austrelaps superbus,29156,29156,Austrelaps superbus,direct_original_and_live_match,yes
A1IVR8,Bungarus candidus,Bungarus candidus,Bungarus candidus,92438,92438,Bungarus candidus,direct_original_and_live_match,no
A2TK72,Deinagkistrodon acutus,Deinagkistrodon acutus,Deinagkistrodon acutus,36307,36307,Deinagkistrodon acutus,direct_original_and_live_match,no
A3FM57,,Hydrophis hardwickii,Hydrophis hardwickii,8781,,,group_level_or_name_unresolved,no
A4FS04,Naja atra,Naja atra,Naja atra,8656,8656,Naja atra,direct_original_and_live_match,no
A6MEY4,Bungarus fasciatus,Bungarus fasciatus,Bungarus fasciatus,8613,8613,Bungarus fasciatus,direct_original_and_live_match,no
A6MFK7,,Demansia vestigiata,Demansia vestigiata,412038,,,group_level_or_name_unresolved,no
A6MFK8,,Demansia vestigiata,Demansia vestigiata,412038,,,group_level_or_name_unresolved,no
A6MFL5,,Demansia vestigiata,Demansia vestigiata,412038,,,group_level_or_name_unresolved,no
A6MFL6,,Demansia vestigiata,Demansia vestigiata,412038,,,group_level_or_name_unresolved,no
A6MFL7,,Demansia vestigiata,Demansia vestigiata,412038,,,group_level_or_name_unresolved,no
A8CG89,Daboia russelii,Daboia russelii,Daboia russelii,8707,8707,Daboia russelii,direct_original_and_live_match,no
A8CG90,Daboia russelii,Daboia russelii,Daboia russelii,8707,8707,Daboia russelii,direct_original_and_live_match,no
A8QL48,Bungarus fasciatus,Bungarus fasciatus,Bungarus fasciatus,8613,8613,Bungarus fasciatus,direct_original_and_live_match,no
A8QL49,Bungarus multicinctus,Bungarus multicinctus,Bungarus multicinctus,8616,8616,Bungarus multicinctus,direct_original_and_live_match,no
A8QL58,Naja atra,Naja atra,Naja atra,8656,8656,Naja atra,direct_original_and_live_match,no
A8QL59,Naja atra,Naja atra,Naja atra,8656,8656,Naja atra,direct_original_and_live_match,no
B0FXM1,Crotalus durissus,Crotalus durissus,Crotalus durissus,8732,8731,Crotalus durissus,direct_original_and_live_match,no
B0FXM2,Crotalus durissus,Crotalus durissus,Crotalus durissus,8732,8731,Crotalus durissus,direct_original_and_live_match,no
B0FXM3,Crotalus durissus,Crotalus durissus,Crotalus durissus,8732,8731,Crotalus durissus,direct_original_and_live_match,no
B0VXV8,Sistrurus catenatus,Sistrurus catenatus,Sistrurus catenatus,8762,8756,Sistrurus catenatus,direct_original_and_live_match,no
B0ZT25,Protobothrops jerdonii,Protobothrops jerdonii,Protobothrops jerdonii,242841,242841,Protobothrops jerdonii,direct_original_and_live_match,no
B5G6G5,,Cryptophis nigrescens,Cryptophis nigrescens,292442,,,group_level_or_name_unresolved,no
B5U6Y4,Echis ocellatus,Echis ocellatus,Echis ocellatus,99586,99586,Echis ocellatus,direct_original_and_live_match,no
B5U6Z2,,Macrovipera lebetinus,Macrovipera lebetinus,384075,,,group_level_or_name_unresolved,no
B7U492,Agkistrodon piscivorus,Agkistrodon piscivorus,Agkistrodon piscivorus,459671,8715,Agkistrodon piscivorus,direct_original_and_live_match,no
B8QCG6,Agkistrodon contortrix,Agkistrodon contortrix,Agkistrodon contortrix,8713,8720,Agkistrodon contortrix,direct_original_and_live_match,no
C0HJD7,Dendroaspis polylepis,Dendroaspis polylepis,Dendroaspis polylepis,8620,8624,Dendroaspis polylepis,direct_original_and_live_match,no
C0HJP9,Bothrops diporus,Bothrops diporus,Bothrops diporus,1107943,1107943,Bothrops diporus,direct_original_and_live_match,no
C0HJU2,,Bothrops pauloensis,Bothrops pauloensis,1042543,,,group_level_or_name_unresolved,no
C0HK16,Daboia russelii,Daboia russelii,Daboia russelii,8707,8707,Daboia russelii,direct_original_and_live_match,no
C0HKC1,,Agkistrodon conanti,Agkistrodon conanti,2782195,,,group_level_or_name_unresolved,no
C0HKC2,Agkistrodon piscivorus,Agkistrodon piscivorus,Agkistrodon piscivorus,459671,8715,Agkistrodon piscivorus,direct_original_and_live_match,no
C0HL97,,Crotalus vegrandis,Crotalus vegrandis,184545,,,group_level_or_name_unresolved,no
C0HLA3,Lachesis muta,Lachesis muta,Lachesis muta,60219,8752,Lachesis muta,direct_original_and_live_match,no
C0HLB2,Pseudocerastes persicus,Pseudocerastes persicus,Pseudocerastes persicus,47769,47769,Pseudocerastes persicus,direct_original_and_live_match,no
C0HM67,Lachesis muta,Lachesis muta,Lachesis muta,60219,8752,Lachesis muta,direct_original_and_live_match,no
C0HM79,Agkistrodon piscivorus,Agkistrodon piscivorus,Agkistrodon piscivorus,459671,8715,Agkistrodon piscivorus,direct_original_and_live_match,no
C0K3N1,Bitis arietans,Bitis arietans,Bitis arietans,8692,8692,Bitis arietans,direct_original_and_live_match,no
C0K3N3,Crotalus atrox,Crotalus atrox,Crotalus atrox,8730,8730,Crotalus atrox,direct_original_and_live_match,no
C1IC45,Walterinnesia aegyptia,Walterinnesia aegyptia,Walterinnesia aegyptia,64182,64182,Walterinnesia aegyptia,direct_original_and_live_match,no
C1IC46,Walterinnesia aegyptia,Walterinnesia aegyptia,Walterinnesia aegyptia,64182,64182,Walterinnesia aegyptia,direct_original_and_live_match,no
C1IC47,Walterinnesia aegyptia,Walterinnesia aegyptia,Walterinnesia aegyptia,64182,64182,Walterinnesia aegyptia,direct_original_and_live_match,no
C1IC49,Walterinnesia aegyptia,Walterinnesia aegyptia,Walterinnesia aegyptia,64182,64182,Walterinnesia aegyptia,direct_original_and_live_match,no
C7G1G6,Protobothrops flavoviridis,Protobothrops flavoviridis,Protobothrops flavoviridis,88087,88087,Protobothrops flavoviridis,direct_original_and_live_match,no
C9DPL5,,Bothrops pirajai,Bothrops pirajai,113192,,,group_level_or_name_unresolved,no
C9E1R9,Crotalus viridis,Crotalus viridis,Crotalus viridis,8742,8739,Crotalus viridis,direct_original_and_live_match,no
C9E1S1,Agkistrodon piscivorus,Agkistrodon piscivorus,Agkistrodon piscivorus,459671,8715,Agkistrodon piscivorus,direct_original_and_live_match,no
D0UGJ0,,Bothrops pauloensis,Bothrops pauloensis,1042543,,,group_level_or_name_unresolved,no
D1MGU0,Protobothrops jerdonii,Protobothrops jerdonii,Protobothrops jerdonii,242841,242841,Protobothrops jerdonii,direct_original_and_live_match,no
D1MGU1,Protobothrops jerdonii,Protobothrops jerdonii,Protobothrops jerdonii,242841,242841,Protobothrops jerdonii,direct_original_and_live_match,no
D6MKR0,Crotalus horridus,Crotalus horridus,Crotalus horridus,35024,35024,Crotalus horridus,direct_original_and_live_match,no
D8VNS0,,Cerberus rynchops,Cerberus rynchops,46267,,,group_level_or_name_unresolved,no
D9IX97,Naja atra,Naja atra,Naja atra,8656,8656,Naja atra,direct_original_and_live_match,no
E2ITZ3,Naja atra,Naja atra,Naja atra,8656,8656,Naja atra,direct_original_and_live_match,no
F5CPF0,,Micrurus altirostris,Micrurus altirostris,129457,,,group_level_or_name_unresolved,no
F5CPF1,,Micrurus altirostris,Micrurus altirostris,129457,,,group_level_or_name_unresolved,no
F8QN51,Vipera renardi,Vipera renardi,Vipera renardi,927686,927686,Vipera renardi,direct_original_and_live_match,no
F8RKV9,,Drysdalia coronoides,Drysdalia coronoides,66186,,,group_level_or_name_unresolved,no
F8RKW0,,Drysdalia coronoides,Drysdalia coronoides,66186,,,group_level_or_name_unresolved,no
F8RKW1,,Drysdalia coronoides,Drysdalia coronoides,66186,,,group_level_or_name_unresolved,no
F8RKW5,,Drysdalia coronoides,Drysdalia coronoides,66186,,,group_level_or_name_unresolved,no
F8S114,Crotalus adamanteus,Crotalus adamanteus,Crotalus adamanteus,8729,8729,Crotalus adamanteus,direct_original_and_live_match,no
G3DT18,Bothrops moojeni,Bothrops moojeni,Bothrops moojeni,98334,98334,Bothrops moojeni,direct_original_and_live_match,no
G9I929,Micrurus tener,Micrurus tener,Micrurus tener,1114302,1114301,Micrurus tener,direct_original_and_live_match,no
G9I930,Micrurus tener,Micrurus tener,Micrurus tener,1114302,1114301,Micrurus tener,direct_original_and_live_match,no
H6VC05,Daboia russelii,Daboia russelii,Daboia russelii,8707,8707,Daboia russelii,direct_original_and_live_match,no
H6VC06,Daboia russelii,Daboia russelii,Daboia russelii,8707,8707,Daboia russelii,direct_original_and_live_match,no
J3SBP3,Crotalus adamanteus,Crotalus adamanteus,Crotalus adamanteus,8729,8729,Crotalus adamanteus,direct_original_and_live_match,no
J3SEZ3,Crotalus adamanteus,Crotalus adamanteus,Crotalus adamanteus,8729,8729,Crotalus adamanteus,direct_original_and_live_match,no
J9Z332,Crotalus adamanteus,Crotalus adamanteus,Crotalus adamanteus,8729,8729,Crotalus adamanteus,direct_original_and_live_match,no
K9MCH1,,Micrurus laticollaris,Micrurus laticollaris,1240351,,,group_level_or_name_unresolved,no
O13069,Bothrops jararaca,Bothrops jararaca,Bothrops jararaca,8724,8724,Bothrops jararaca,direct_original_and_live_match,no
O42138,Agkistrodon contortrix,Agkistrodon contortrix,Agkistrodon contortrix,2782196,8720,Agkistrodon contortrix,direct_original_and_live_match,no
O42187,Gloydius halys,Gloydius halys,Gloydius halys,8714,8714,Gloydius halys,direct_original_and_live_match,no
O42207,Gloydius ussuriensis,Gloydius ussuriensis,Gloydius ussuriensis,35671,35671,Gloydius ussuriensis,direct_original_and_live_match,no
O93426,Crotalus durissus,Crotalus durissus,Crotalus durissus,8732,8731,Crotalus durissus,direct_original_and_live_match,no
O93427,Crotalus durissus,Crotalus durissus,Crotalus durissus,8732,8731,Crotalus durissus,direct_original_and_live_match,no
P00595,Hemachatus haemachatus,Hemachatus haemachatus,Hemachatus haemachatus,8626,8626,Hemachatus haemachatus,direct_original_and_live_match,no
P00604,Naja mossambica,Naja mossambica,Naja mossambica,8644,8644,Naja mossambica,direct_original_and_live_match,no
P00605,Naja nigricollis,Naja nigricollis,Naja nigricollis,8654,8654,Naja nigricollis,direct_original_and_live_match,no
P00609,Notechis scutatus,Notechis scutatus,Notechis scutatus,70142,8663,Notechis scutatus,direct_original_and_live_match,no
P00610,,Hydrophis schistosus,Hydrophis schistosus,8682,,,group_level_or_name_unresolved,no
P00622,,Bitis caudalis,Bitis caudalis,8693,,,group_level_or_name_unresolved,no
P00623,Crotalus adamanteus,Crotalus adamanteus,Crotalus adamanteus,8729,8729,Crotalus adamanteus,direct_original_and_live_match,no
P00979,Dendroaspis polylepis,Dendroaspis polylepis,Dendroaspis polylepis,8620,8624,Dendroaspis polylepis,direct_original_and_live_match,no
P00980,Dendroaspis angusticeps,Dendroaspis angusticeps,Dendroaspis angusticeps,8618,8618,Dendroaspis angusticeps,direct_original_and_live_match,no
P00983,Dendroaspis polylepis,Dendroaspis polylepis,Dendroaspis polylepis,8620,8624,Dendroaspis polylepis,direct_original_and_live_match,no
P00987,Bungarus multicinctus,Bungarus multicinctus,Bungarus multicinctus,8616,8616,Bungarus multicinctus,direct_original_and_live_match,no
P00989,Bungarus multicinctus,Bungarus multicinctus,Bungarus multicinctus,8616,8616,Bungarus multicinctus,direct_original_and_live_match,no
P01140,Naja naja,Naja naja,Naja naja,35670,35670,Naja naja,direct_original_and_live_match,no
P01379,,Laticauda semifasciata,Laticauda semifasciata,8631,,,group_level_or_name_unresolved,no
P01404,Dendroaspis angusticeps,Dendroaspis angusticeps,Dendroaspis angusticeps,8618,8618,Dendroaspis angusticeps,direct_original_and_live_match,no
P01442,Naja atra,Naja atra,Naja atra,8656,8656,Naja atra,direct_original_and_live_match,no
P01443,Naja atra,Naja atra,Naja atra,8656,8656,Naja atra,direct_original_and_live_match,no
P01452,Naja mossambica,Naja mossambica,Naja mossambica,8644,8644,Naja mossambica,direct_original_and_live_match,no
P01467,Naja mossambica,Naja mossambica,Naja mossambica,8644,8644,Naja mossambica,direct_original_and_live_match,no
P01469,Naja mossambica,Naja mossambica,Naja mossambica,8644,8644,Naja mossambica,direct_original_and_live_match,no
P01476,Crotalus viridis,Crotalus viridis,Crotalus viridis,8742,8739,Crotalus viridis,direct_original_and_live_match,no
P04417,Gloydius blomhoffi,Gloydius blomhoffii,Gloydius blomhoffii,242054,,,group_level_or_name_unresolved,no
P0C2D3,Eristocophis macmahoni,Eristicophis macmahoni,Eristicophis macmahoni,110227,,,group_level_or_name_unresolved,no
P0C2D5,Protobothrops flavoviridis,Protobothrops flavoviridis,Protobothrops flavoviridis,88087,88087,Protobothrops flavoviridis,direct_original_and_live_match,no
P0C578,,Ovophis okinavensis,Ovophis okinavensis,8769,,,group_level_or_name_unresolved,no
P0C590,Gloydius ussuriensis,Gloydius ussuriensis,Gloydius ussuriensis,35671,35671,Gloydius ussuriensis,direct_original_and_live_match,no
P0C6B6,Trimeresurus albolabris,Trimeresurus albolabris,Trimeresurus albolabris,8765,8765,Trimeresurus albolabris,direct_original_and_live_match,no
P0C6R9,Bothrops alternatus,Bothrops alternatus,Bothrops alternatus,64174,64174,Bothrops alternatus,direct_original_and_live_match,no
P0C6S6,Bothrops jararaca,Bothrops jararaca,Bothrops jararaca,8724,8724,Bothrops jararaca,direct_original_and_live_match,no
P0C7A9,Bothrops jararaca,Bothrops jararaca,Bothrops jararaca,8724,8724,Bothrops jararaca,direct_original_and_live_match,no
P0C7B1,Bothrops alternatus,Bothrops alternatus,Bothrops alternatus,64174,64174,Bothrops alternatus,direct_original_and_live_match,no
P0C7P6,,Craspedocephalus gramineus,Craspedocephalus gramineus,8767,,,group_level_or_name_unresolved,no
P0C7X6,Crotalus horridus,Crotalus horridus,Crotalus horridus,35024,35024,Crotalus horridus,direct_original_and_live_match,no
P0C7X7,Crotalus scutulatus,Crotalus scutulatus,Crotalus scutulatus,8738,8737,Crotalus scutulatus,direct_original_and_live_match,no
P0C932,Lachesis muta,Lachesis muta,Lachesis muta,8753,8752,Lachesis muta,direct_original_and_live_match,no
P0C933,Lachesis muta,Lachesis muta,Lachesis muta,8753,8752,Lachesis muta,direct_original_and_live_match,no
P0C943,Lachesis muta,Lachesis muta,Lachesis muta,8753,8752,Lachesis muta,direct_original_and_live_match,no
P0C944,Naja atra,Naja atra,Naja atra,8656,8656,Naja atra,direct_original_and_live_match,no
P0CAR8,Bothrops jararacussu,Bothrops jararacussu,Bothrops jararacussu,8726,8726,Bothrops jararacussu,direct_original_and_live_match,no
P0CAS1,Crotalus durissus,Crotalus durissus,Crotalus durissus,184542,8731,Crotalus durissus,direct_original_and_live_match,no
P0CAS3,Crotalus durissus,Crotalus durissus,Crotalus durissus,221570,8731,Crotalus durissus,direct_original_and_live_match,no
P0CAS4,Crotalus durissus,Crotalus durissus,Crotalus durissus,221570,8731,Crotalus durissus,direct_original_and_live_match,no
P0CAS6,Crotalus durissus,Crotalus durissus,Crotalus durissus,8732,8731,Crotalus durissus,direct_original_and_live_match,no
P0CB14,Calloselasma rhodostoma,Calloselasma rhodostoma,Calloselasma rhodostoma,8717,8717,Calloselasma rhodostoma,direct_original_and_live_match,no
P0CJ41,Trimeresurus albolabris,Trimeresurus albolabris,Trimeresurus albolabris,8765,8765,Trimeresurus albolabris,direct_original_and_live_match,no
P0CY52,Notechis scutatus,Notechis scutatus,Notechis scutatus,1027870,8663,Notechis scutatus,direct_original_and_live_match,no
P0DI84,Vipera ammodytes,Vipera ammodytes,Vipera ammodytes,8705,8704,Vipera ammodytes,direct_original_and_live_match,no
P0DI86,Bothrops alternatus,Bothrops alternatus,Bothrops alternatus,64174,64174,Bothrops alternatus,direct_original_and_live_match,no
P0DI91,Naja oxiana,Naja oxiana,Naja oxiana,8657,8657,Naja oxiana,direct_original_and_live_match,no
P0DJ42,Crotalus atrox,Crotalus atrox,Crotalus atrox,8730,8730,Crotalus atrox,direct_original_and_live_match,no
P0DJ62,Bothrops leucurus,Bothrops leucurus,Bothrops leucurus,157295,157295,Bothrops leucurus,direct_original_and_live_match,no
P0DJE1,Bothrops atrox,Bothrops atrox,Bothrops atrox,8725,8725,Bothrops atrox,direct_original_and_live_match,no
P0DJF1,,Bothrops pauloensis,Bothrops pauloensis,1042543,,,group_level_or_name_unresolved,no
P0DJF6,Trimeresurus albolabris,Trimeresurus albolabris,Trimeresurus albolabris,8765,8765,Trimeresurus albolabris,direct_original_and_live_match,no
P0DJF7,Trimeresurus purpureomaculatus,Trimeresurus purpureomaculatus,Trimeresurus purpureomaculatus,101163,101163,Trimeresurus purpureomaculatus,direct_original_and_live_match,no
P0DJG5,Gloydius halys,Gloydius halys,Gloydius halys,8714,8714,Gloydius halys,direct_original_and_live_match,no
P0DJH2,Trimeresurus albolabris,Trimeresurus albolabris,Trimeresurus albolabris,8765,8765,Trimeresurus albolabris,direct_original_and_live_match,no
P0DJH4,,Borikenophis portoricensis,Borikenophis portoricensis,1260276,,,group_level_or_name_unresolved,no
P0DJH5,Daboia siamensis,Daboia siamensis,Daboia siamensis,343250,343250,Daboia siamensis,direct_original_and_live_match,no
P0DJJ7,,Ovophis monticola,Ovophis monticola,103941,,,group_level_or_name_unresolved,no
P0DJJ8,Protobothrops flavoviridis,Protobothrops flavoviridis,Protobothrops flavoviridis,88087,88087,Protobothrops flavoviridis,direct_original_and_live_match,no
P0DJK0,Atractaspis irregularis,Atractaspis irregularis,Atractaspis irregularis,512568,512568,Atractaspis irregularis,direct_original_and_live_match,no
P0DJL1,Trimeresurus albolabris,Trimeresurus albolabris,Trimeresurus albolabris,8765,8765,Trimeresurus albolabris,direct_original_and_live_match,no
P0DJN4,,Crotalus mitchellii,Crotalus mitchellii,384067,,,group_level_or_name_unresolved,no
P0DJP4,,Craspedocephalus puniceus,Craspedocephalus puniceus,3147916,,,group_level_or_name_unresolved,no
P0DKR0,Bothrops moojeni,Bothrops moojeni,Bothrops moojeni,98334,98334,Bothrops moojeni,direct_original_and_live_match,no
P0DKR3,Pseudocerastes fieldi,Pseudocerastes fieldi,Pseudocerastes fieldi,1355908,1355908,Pseudocerastes fieldi,direct_original_and_live_match,no
P0DKR5,Pseudocerastes fieldi,Pseudocerastes fieldi,Pseudocerastes fieldi,1355908,1355908,Pseudocerastes fieldi,direct_original_and_live_match,no
P0DKT6,Bitis arietans,Bitis arietans,Bitis arietans,8692,8692,Bitis arietans,direct_original_and_live_match,no
P0DKT7,Oxyuranus scutellatus,Oxyuranus scutellatus,Oxyuranus scutellatus,183720,8668,Oxyuranus scutellatus,direct_original_and_live_match,no
P0DKU1,Gloydius ussuriensis,Gloydius ussuriensis,Gloydius ussuriensis,35671,35671,Gloydius ussuriensis,direct_original_and_live_match,no
P0DKX2,Crotalus durissus,Crotalus durissus,Crotalus durissus,184542,8731,Crotalus durissus,direct_original_and_live_match,no
P0DKX3,Crotalus durissus,Crotalus durissus,Crotalus durissus,184542,8731,Crotalus durissus,direct_original_and_live_match,no
P0DKY5,Crotalus durissus,Crotalus durissus,Crotalus durissus,8732,8731,Crotalus durissus,direct_original_and_live_match,no
P0DL27,,Bothrops pirajai,Bothrops pirajai,113192,,,group_level_or_name_unresolved,no
P0DL42,Daboia siamensis,Daboia siamensis,Daboia siamensis,343250,343250,Daboia siamensis,direct_original_and_live_match,no
P0DM39,Trimeresurus albolabris,Trimeresurus albolabris,Trimeresurus albolabris,8765,8765,Trimeresurus albolabris,direct_original_and_live_match,no
P0DM43,Protobothrops jerdonii,Protobothrops jerdonii,Protobothrops jerdonii,242841,242841,Protobothrops jerdonii,direct_original_and_live_match,no
P0DM49,,Bothrops pauloensis,Bothrops pauloensis,1042543,,,group_level_or_name_unresolved,no
P0DM50,,Bothrops pauloensis,Bothrops pauloensis,1042543,,,group_level_or_name_unresolved,no
P0DM52,,Bothrops pauloensis,Bothrops pauloensis,1042543,,,group_level_or_name_unresolved,no
P0DM87,Trimeresurus stejnegeri,Trimeresurus stejnegeri,Trimeresurus stejnegeri,39682,39682,Trimeresurus stejnegeri,direct_original_and_live_match,no
P0DM88,Protobothrops jerdonii,Protobothrops jerdonii,Protobothrops jerdonii,242841,242841,Protobothrops jerdonii,direct_original_and_live_match,no
P0DM97,Bitis arietans,Bitis arietans,Bitis arietans,8692,8692,Bitis arietans,direct_original_and_live_match,no
P0DMD1,Echis ocellatus,Echis ocellatus,Echis ocellatus,99586,99586,Echis ocellatus,direct_original_and_live_match,no
P0DMJ9,Bothrops mattogrossensis,Bothrops mattogrossensis,Bothrops mattogrossensis,1171125,1171125,Bothrops mattogrossensis,direct_original_and_live_match,no
P0DMK1,Bothrops mattogrossensis,Bothrops mattogrossensis,Bothrops mattogrossensis,1171125,1171125,Bothrops mattogrossensis,direct_original_and_live_match,no
P0DMT1,Echis pyramidum,Echis pyramidum,Echis pyramidum,38415,8700,Echis pyramidum,direct_original_and_live_match,no
P0DMT2,Echis carinatus,Echis carinatus,Echis carinatus,124223,40353,Echis carinatus,direct_original_and_live_match,no
P0DMT3,Echis coloratus,Echis coloratus,Echis coloratus,64175,64175,Echis coloratus,direct_original_and_live_match,no
P0DMU0,Protobothrops jerdonii,Protobothrops jerdonii,Protobothrops jerdonii,242841,242841,Protobothrops jerdonii,direct_original_and_live_match,no
P0DMU1,Protobothrops jerdonii,Protobothrops jerdonii,Protobothrops jerdonii,242841,242841,Protobothrops jerdonii,direct_original_and_live_match,no
P0DQH3,Hemachatus haemachatus,Hemachatus haemachatus,Hemachatus haemachatus,8626,8626,Hemachatus haemachatus,direct_original_and_live_match,no
P0DQH4,Hemachatus haemachatus,Hemachatus haemachatus,Hemachatus haemachatus,8626,8626,Hemachatus haemachatus,direct_original_and_live_match,no
P0DQP2,Dendroaspis jamesoni,Dendroaspis jamesoni,Dendroaspis jamesoni,2032609,8623,Dendroaspis jamesoni,direct_original_and_live_match,no
P0DQP6,Cerrophidion godmani,Cerrophidion godmani,Cerrophidion godmani,44722,44722,Cerrophidion godmani,direct_original_and_live_match,no
P0DQP9,Bothrops brazili,Bothrops brazili,Bothrops brazili,157546,157546,Bothrops brazili,direct_original_and_live_match,no
P0DRJ8,Bitis nasicornis,Bitis nasicornis,Bitis nasicornis,8695,8695,Bitis nasicornis,direct_original_and_live_match,no
P0DRL0,Oxyuranus scutellatus,Oxyuranus scutellatus,Oxyuranus scutellatus,8668,8668,Oxyuranus scutellatus,direct_original_and_live_match,no
P0DRN3,Dendroaspis polylepis,Dendroaspis polylepis,Dendroaspis polylepis,8620,8624,Dendroaspis polylepis,direct_original_and_live_match,no
P0DRO0,Bothrops atrox,Bothrops atrox,Bothrops atrox,8725,8725,Bothrops atrox,direct_original_and_live_match,no
P0DTS8,Bothrops brazili,Bothrops brazili,Bothrops brazili,157546,157546,Bothrops brazili,direct_original_and_live_match,no
P0DUG4,Naja haje,Naja haje,Naja haje,8642,8639,Naja haje,direct_original_and_live_match,no
P0DUN6,Bothrops neuwiedi,Bothrops neuwiedi,Bothrops neuwiedi,157695,95648,Bothrops neuwiedi,direct_original_and_live_match,no
P0DUN7,Lachesis muta,Lachesis muta,Lachesis muta,8753,8752,Lachesis muta,direct_original_and_live_match,no
P0DUP1,Bothrops diporus,Bothrops diporus,Bothrops diporus,1107943,1107943,Bothrops diporus,direct_original_and_live_match,no
P0DUP2,,Crotalus lutosus,Crotalus lutosus,128077,,,group_level_or_name_unresolved,no
P0DUP9,Bothrops spp,Bothrops marajoensis,Bothrops marajoensis,157554,157554,Bothrops marajoensis,direct_original_and_live_match,yes
P0DV82,,Bothrops insularis,Bothrops insularis,8723,,,group_level_or_name_unresolved,no
P0DW97,Daboia palaestinae,Daboia palaestinae,Daboia palaestinae,1170828,1170828,Daboia palaestinae,direct_original_and_live_match,no
P10116,,Laticauda colubrina,Laticauda colubrina,8628,,,group_level_or_name_unresolved,no
P14411,Bungarus fasciatus,Bungarus fasciatus,Bungarus fasciatus,8613,8613,Bungarus fasciatus,direct_original_and_live_match,no
P14556,Naja pallida,Naja pallida,Naja pallida,8658,8658,Naja pallida,direct_original_and_live_match,no
P15503,,Craspedocephalus gramineus,Craspedocephalus gramineus,8767,,,group_level_or_name_unresolved,no
P17497,Bitis arietans,Bitis arietans,Bitis arietans,8692,8692,Bitis arietans,direct_original_and_live_match,no
P17934,Bungarus multicinctus,Bungarus multicinctus,Bungarus multicinctus,8616,8616,Bungarus multicinctus,direct_original_and_live_match,no
P18329,Dendroaspis angusticeps,Dendroaspis angusticeps,Dendroaspis angusticeps,8618,8618,Dendroaspis angusticeps,direct_original_and_live_match,no
P18619,Protobothrops flavoviridis,Protobothrops flavoviridis,Protobothrops flavoviridis,88087,88087,Protobothrops flavoviridis,direct_original_and_live_match,no
P18998,Crotalus scutulatus,Crotalus scutulatus,Crotalus scutulatus,8738,8737,Crotalus scutulatus,direct_original_and_live_match,no
P20258,Pseudechis spp,Pseudechis porphyriacus,Pseudechis porphyriacus,8671,8671,Pseudechis porphyriacus,direct_original_and_live_match,yes
P20259,Pseudechis spp,Pseudechis porphyriacus,Pseudechis porphyriacus,8671,8671,Pseudechis porphyriacus,direct_original_and_live_match,yes
P20897,Crotalus ruber,Crotalus ruber,Crotalus ruber,8736,8735,Crotalus ruber,direct_original_and_live_match,no
P21789,Cerastes cerastes,Cerastes cerastes,Cerastes cerastes,8697,8697,Cerastes cerastes,direct_original_and_live_match,no
P22028,Bothrops jararaca,Bothrops jararaca,Bothrops jararaca,8724,8724,Bothrops jararaca,direct_original_and_live_match,no
P23027,Pseudonaja textilis,Pseudonaja textilis,Pseudonaja textilis,8673,8673,Pseudonaja textilis,direct_original_and_live_match,no
P23028,Pseudonaja textilis,Pseudonaja textilis,Pseudonaja textilis,8673,8673,Pseudonaja textilis,direct_original_and_live_match,no
P23806,Protobothrops flavoviridis,Protobothrops flavoviridis,Protobothrops flavoviridis,88087,88087,Protobothrops flavoviridis,direct_original_and_live_match,no
P25660,Bungarus fasciatus,Bungarus fasciatus,Bungarus fasciatus,8613,8613,Bungarus fasciatus,direct_original_and_live_match,no
P26324,Calloselasma rhodostoma,Calloselasma rhodostoma,Calloselasma rhodostoma,8717,8717,Calloselasma rhodostoma,direct_original_and_live_match,no
P30811,Pseudonaja textilis,Pseudonaja textilis,Pseudonaja textilis,8673,8673,Pseudonaja textilis,direct_original_and_live_match,no
P30894,Daboia russelii,Daboia russelii,Daboia russelii,8707,8707,Daboia russelii,direct_original_and_live_match,no
P31854,Vipera berus,Vipera berus,Vipera berus,31156,31155,Vipera berus,direct_original_and_live_match,no
P31989,Bothrops jararaca,Bothrops jararaca,Bothrops jararaca,8724,8724,Bothrops jararaca,direct_original_and_live_match,no
P34128,Bungarus multicinctus,Bungarus multicinctus,Bungarus multicinctus,8616,8616,Bungarus multicinctus,direct_original_and_live_match,no
P47797,Calloselasma rhodostoma,Calloselasma rhodostoma,Calloselasma rhodostoma,8717,8717,Calloselasma rhodostoma,direct_original_and_live_match,no
P56742,Crotalus atrox,Crotalus atrox,Crotalus atrox,8730,8730,Crotalus atrox,direct_original_and_live_match,no
P58464,,Bothrops pirajai,Bothrops pirajai,113192,,,group_level_or_name_unresolved,no
P59018,Bungarus multicinctus,Bungarus multicinctus,Bungarus multicinctus,8616,8616,Bungarus multicinctus,direct_original_and_live_match,no
P59067,Austrelaps spp,Austrelaps superbus,Austrelaps superbus,29156,29156,Austrelaps superbus,direct_original_and_live_match,yes
P59068,Austrelaps spp,Austrelaps superbus,Austrelaps superbus,29156,29156,Austrelaps superbus,direct_original_and_live_match,yes
P59069,Austrelaps spp,Austrelaps superbus,Austrelaps superbus,29156,29156,Austrelaps superbus,direct_original_and_live_match,yes
P59070,Austrelaps spp,Austrelaps superbus,Austrelaps superbus,29156,29156,Austrelaps superbus,direct_original_and_live_match,yes
P59276,Naja kaouthia,Naja kaouthia,Naja kaouthia,8649,8649,Naja kaouthia,direct_original_and_live_match,no
P60301,Naja atra,Naja atra,Naja atra,8656,8656,Naja atra,direct_original_and_live_match,no
P60304,Naja atra,Naja atra,Naja atra,8656,8656,Naja atra,direct_original_and_live_match,no
P60616,Bungarus multicinctus,Bungarus multicinctus,Bungarus multicinctus,8616,8616,Bungarus multicinctus,direct_original_and_live_match,no
P61899,Naja kaouthia,Naja kaouthia,Naja kaouthia,8649,8649,Naja kaouthia,direct_original_and_live_match,no
P62375,Naja atra,Naja atra,Naja atra,8656,8656,Naja atra,direct_original_and_live_match,no
P67862,Protobothrops flavoviridis,Protobothrops flavoviridis,Protobothrops flavoviridis,88087,88087,Protobothrops flavoviridis,direct_original_and_live_match,no
P68520,Crotalus atrox,Crotalus atrox,Crotalus atrox,8730,8730,Crotalus atrox,direct_original_and_live_match,no
P70090,,Craspedocephalus gramineus,Craspedocephalus gramineus,8767,,,group_level_or_name_unresolved,no
P80245,Naja atra,Naja atra,Naja atra,8656,8656,Naja atra,direct_original_and_live_match,no
P80958,Naja atra,Naja atra,Naja atra,8656,8656,Naja atra,direct_original_and_live_match,no
P81038,Cerastes cerastes,Cerastes cerastes,Cerastes cerastes,8697,8697,Cerastes cerastes,direct_original_and_live_match,no
P81166,Micrurus nigrocinctus,Micrurus nigrocinctus,Micrurus nigrocinctus,8635,8635,Micrurus nigrocinctus,direct_original_and_live_match,no
P81167,Micrurus nigrocinctus,Micrurus nigrocinctus,Micrurus nigrocinctus,8635,8635,Micrurus nigrocinctus,direct_original_and_live_match,no
P81176,Gloydius blomhoffi,Gloydius blomhoffii,Gloydius blomhoffii,242054,,,group_level_or_name_unresolved,no
P81236,Acanthophis antarcticus,Acanthophis antarcticus,Acanthophis antarcticus,8605,8605,Acanthophis antarcticus,direct_original_and_live_match,no
P81237,Acanthophis antarcticus,Acanthophis antarcticus,Acanthophis antarcticus,8605,8605,Acanthophis antarcticus,direct_original_and_live_match,no
P81243,Bothrops jararaca,Bothrops jararaca,Bothrops jararaca,8724,8724,Bothrops jararaca,direct_original_and_live_match,no
P81397,Calloselasma rhodostoma,Calloselasma rhodostoma,Calloselasma rhodostoma,8717,8717,Calloselasma rhodostoma,direct_original_and_live_match,no
P81398,Calloselasma rhodostoma,Calloselasma rhodostoma,Calloselasma rhodostoma,8717,8717,Calloselasma rhodostoma,direct_original_and_live_match,no
P81458,Daboia russelii,Daboia russelii,Daboia russelii,8707,8707,Daboia russelii,direct_original_and_live_match,no
P81743,Eristocophis macmahoni,Eristicophis macmahoni,Eristicophis macmahoni,110227,,,group_level_or_name_unresolved,no
P81783,Bungarus candidus,Bungarus candidus,Bungarus candidus,92438,92438,Bungarus candidus,direct_original_and_live_match,no
P81824,Bothrops jararaca,Bothrops jararaca,Bothrops jararaca,8724,8724,Bothrops jararaca,direct_original_and_live_match,no
P82287,,Bothrops pirajai,Bothrops pirajai,113192,,,group_level_or_name_unresolved,no
P82662,Ophiophagus hannah,Ophiophagus hannah,Ophiophagus hannah,8665,8665,Ophiophagus hannah,direct_original_and_live_match,no
P82893,Trimeresurus stejnegeri,Trimeresurus stejnegeri,Trimeresurus stejnegeri,39682,39682,Trimeresurus stejnegeri,direct_original_and_live_match,no
P82942,Naja kaouthia,Naja kaouthia,Naja kaouthia,8649,8649,Naja kaouthia,direct_original_and_live_match,no
P82950,,Metlapilcoatlus nummifer,Metlapilcoatlus nummifer,3148373,,,group_level_or_name_unresolved,no
P83228,Oxyuranus scutellatus,Oxyuranus scutellatus,Oxyuranus scutellatus,8667,8668,Oxyuranus scutellatus,direct_original_and_live_match,no
P83254,,Macrovipera lebetinus,Macrovipera lebetinus,3148341,,,group_level_or_name_unresolved,no
P84035,Bothrops asper,Bothrops asper,Bothrops asper,8722,8722,Bothrops asper,direct_original_and_live_match,no
P84037,,Macrovipera lebetinus,Macrovipera lebetinus,3148341,,,group_level_or_name_unresolved,no
P84038,,Macrovipera lebetinus,Macrovipera lebetinus,3148341,,,group_level_or_name_unresolved,no
P84397,,Bothrops insularis,Bothrops insularis,8723,,,group_level_or_name_unresolved,no
P84788,Protobothrops elegans,Protobothrops elegans,Protobothrops elegans,88086,88086,Protobothrops elegans,direct_original_and_live_match,no
P85025,Agkistrodon bilineatus,Agkistrodon bilineatus,Agkistrodon bilineatus,8718,8718,Agkistrodon bilineatus,direct_original_and_live_match,no
P85060,,Acanthophis sp.,Acanthophis sp.,412080,,,group_level_or_name_unresolved,no
P85061,,Acanthophis sp.,Acanthophis sp.,412080,,,group_level_or_name_unresolved,no
P85062,Acanthophis rugosus,Acanthophis rugosus,Acanthophis rugosus,239748,239748,Acanthophis rugosus,direct_original_and_live_match,no
P85103,,Philodryas patagoniensis,Philodryas patagoniensis,120310,,,group_level_or_name_unresolved,no
P85162,Bothrops jararaca,Bothrops jararaca,Bothrops jararaca,8724,8724,Bothrops jararaca,direct_original_and_live_match,no
P86193,Crotalus durissus,Crotalus durissus,Crotalus durissus,184542,8731,Crotalus durissus,direct_original_and_live_match,no
P86194,Crotalus durissus,Crotalus durissus,Crotalus durissus,184542,8731,Crotalus durissus,direct_original_and_live_match,no
P86419,Dendroaspis angusticeps,Dendroaspis angusticeps,Dendroaspis angusticeps,8618,8618,Dendroaspis angusticeps,direct_original_and_live_match,no
P86456,Bothrops alternatus,Bothrops alternatus,Bothrops alternatus,64174,64174,Bothrops alternatus,direct_original_and_live_match,no
P86497,Bitis rhinoceros,Bitis rhinoceros,Bitis rhinoceros,715877,715877,Bitis rhinoceros,direct_original_and_live_match,no
P86523,Acanthophis antarcticus,Acanthophis antarcticus,Acanthophis antarcticus,8605,8605,Acanthophis antarcticus,direct_original_and_live_match,no
P86524,Acanthophis antarcticus,Acanthophis antarcticus,Acanthophis antarcticus,8605,8605,Acanthophis antarcticus,direct_original_and_live_match,no
P86525,Acanthophis antarcticus,Acanthophis antarcticus,Acanthophis antarcticus,8605,8605,Acanthophis antarcticus,direct_original_and_live_match,no
P86974,Bothrops leucurus,Bothrops leucurus,Bothrops leucurus,157295,157295,Bothrops leucurus,direct_original_and_live_match,no
Q02517,Protobothrops flavoviridis,Protobothrops flavoviridis,Protobothrops flavoviridis,88087,88087,Protobothrops flavoviridis,direct_original_and_live_match,no
Q06ZW0,,Boiga dendrophila,Boiga dendrophila,46286,,,group_level_or_name_unresolved,no
Q0ZZJ6,Austrelaps spp,Austrelaps superbus,Austrelaps superbus,29156,29156,Austrelaps superbus,direct_original_and_live_match,yes
Q10754,Vipera aspis,Vipera aspis,Vipera aspis,55427,8706,Vipera aspis,direct_original_and_live_match,no
Q10755,Vipera aspis,Vipera aspis,Vipera aspis,55427,8706,Vipera aspis,direct_original_and_live_match,no
Q1W7Q6,,Cryptophis nigrescens,Cryptophis nigrescens,292442,,,group_level_or_name_unresolved,no
Q1ZY03,Deinagkistrodon acutus,Deinagkistrodon acutus,Deinagkistrodon acutus,36307,36307,Deinagkistrodon acutus,direct_original_and_live_match,no
Q2HZ28,,Bothrops erythromelas,Bothrops erythromelas,44710,,,group_level_or_name_unresolved,no
Q2PG81,Protobothrops elegans,Protobothrops elegans,Protobothrops elegans,88086,88086,Protobothrops elegans,direct_original_and_live_match,no
Q2PWA3,Protobothrops mucrosquamatus,Protobothrops mucrosquamatus,Protobothrops mucrosquamatus,103944,103944,Protobothrops mucrosquamatus,direct_original_and_live_match,no
Q2QA02,Crotalus durissus,Crotalus durissus,Crotalus durissus,31150,8731,Crotalus durissus,direct_original_and_live_match,no
Q2UXQ5,Echis ocellatus,Echis ocellatus,Echis ocellatus,99586,99586,Echis ocellatus,direct_original_and_live_match,no
Q2UXR0,Echis ocellatus,Echis ocellatus,Echis ocellatus,99586,99586,Echis ocellatus,direct_original_and_live_match,no
Q2XXL6,,Azemiops feae,Azemiops feae,8773,,,group_level_or_name_unresolved,no
Q2YHJ4,,Craspedocephalus borneensis,Craspedocephalus borneensis,3147914,,,group_level_or_name_unresolved,no
Q2YHJ5,,Craspedocephalus puniceus,Craspedocephalus puniceus,3147916,,,group_level_or_name_unresolved,no
Q2YHJ8,,Craspedocephalus puniceus,Craspedocephalus puniceus,3147916,,,group_level_or_name_unresolved,no
Q2YHJ9,,Craspedocephalus puniceus,Craspedocephalus puniceus,3147916,,,group_level_or_name_unresolved,no
Q3BER1,Echis ocellatus,Echis ocellatus,Echis ocellatus,99586,99586,Echis ocellatus,direct_original_and_live_match,no
Q3BER3,Echis ocellatus,Echis ocellatus,Echis ocellatus,99586,99586,Echis ocellatus,direct_original_and_live_match,no
Q3BK13,,Macrovipera lebetinus,Macrovipera lebetinus,3148341,,,group_level_or_name_unresolved,no
Q3BK14,,Macrovipera lebetinus,Macrovipera lebetinus,3148341,,,group_level_or_name_unresolved,no
Q3HLQ4,Protobothrops mucrosquamatus,Protobothrops mucrosquamatus,Protobothrops mucrosquamatus,103944,103944,Protobothrops mucrosquamatus,direct_original_and_live_match,no
Q3HXX4,Tropidechis carinatus,Tropidechis carinatus,Tropidechis carinatus,100989,100989,Tropidechis carinatus,direct_original_and_live_match,no
Q3HXX5,Tropidechis carinatus,Tropidechis carinatus,Tropidechis carinatus,100989,100989,Tropidechis carinatus,direct_original_and_live_match,no
Q3HXX6,Tropidechis carinatus,Tropidechis carinatus,Tropidechis carinatus,100989,100989,Tropidechis carinatus,direct_original_and_live_match,no
Q3HXX7,Tropidechis carinatus,Tropidechis carinatus,Tropidechis carinatus,100989,100989,Tropidechis carinatus,direct_original_and_live_match,no
Q3HXX8,Tropidechis carinatus,Tropidechis carinatus,Tropidechis carinatus,100989,100989,Tropidechis carinatus,direct_original_and_live_match,no
Q3HXX9,Hoplocephalus spp,Hoplocephalus stephensii,Hoplocephalus stephensii,196418,196418,Hoplocephalus stephensii,direct_original_and_live_match,yes
Q3HXY0,Hoplocephalus spp,Hoplocephalus stephensii,Hoplocephalus stephensii,196418,196418,Hoplocephalus stephensii,direct_original_and_live_match,yes
Q3HXY1,Pseudechis australis,Pseudechis australis,Pseudechis australis,8670,8670,Pseudechis australis,direct_original_and_live_match,no
Q3HXY2,Pseudechis australis,Pseudechis australis,Pseudechis australis,8670,8670,Pseudechis australis,direct_original_and_live_match,no
Q3HXY4,Pseudechis spp,Pseudechis porphyriacus,Pseudechis porphyriacus,8671,8671,Pseudechis porphyriacus,direct_original_and_live_match,yes
Q3HXY5,Notechis scutatus,Notechis scutatus,Notechis scutatus,70142,8663,Notechis scutatus,direct_original_and_live_match,no
Q3HXY6,Notechis scutatus,Notechis scutatus,Notechis scutatus,70142,8663,Notechis scutatus,direct_original_and_live_match,no
Q3HXY7,Notechis scutatus,Notechis scutatus,Notechis scutatus,70142,8663,Notechis scutatus,direct_original_and_live_match,no
Q3HXY8,Pseudonaja textilis,Pseudonaja textilis,Pseudonaja textilis,8673,8673,Pseudonaja textilis,direct_original_and_live_match,no
Q3HXY9,Pseudonaja textilis,Pseudonaja textilis,Pseudonaja textilis,8673,8673,Pseudonaja textilis,direct_original_and_live_match,no
Q3HXZ0,Oxyuranus microlepidotus,Oxyuranus microlepidotus,Oxyuranus microlepidotus,111177,111177,Oxyuranus microlepidotus,direct_original_and_live_match,no
Q3HXZ1,Oxyuranus microlepidotus,Oxyuranus microlepidotus,Oxyuranus microlepidotus,111177,111177,Oxyuranus microlepidotus,direct_original_and_live_match,no
Q3I5F4,Oxyuranus scutellatus,Oxyuranus scutellatus,Oxyuranus scutellatus,8667,8668,Oxyuranus scutellatus,direct_original_and_live_match,no
Q3SAE9,Tropidechis carinatus,Tropidechis carinatus,Tropidechis carinatus,100989,100989,Tropidechis carinatus,direct_original_and_live_match,no
Q45Z11,Oxyuranus scutellatus,Oxyuranus scutellatus,Oxyuranus scutellatus,8667,8668,Oxyuranus scutellatus,direct_original_and_live_match,no
Q45Z25,Tropidechis carinatus,Tropidechis carinatus,Tropidechis carinatus,100989,100989,Tropidechis carinatus,direct_original_and_live_match,no
Q45Z26,Tropidechis carinatus,Tropidechis carinatus,Tropidechis carinatus,100989,100989,Tropidechis carinatus,direct_original_and_live_match,no
Q45Z27,Tropidechis carinatus,Tropidechis carinatus,Tropidechis carinatus,100989,100989,Tropidechis carinatus,direct_original_and_live_match,no
Q45Z28,Tropidechis carinatus,Tropidechis carinatus,Tropidechis carinatus,100989,100989,Tropidechis carinatus,direct_original_and_live_match,no
Q45Z29,Tropidechis carinatus,Tropidechis carinatus,Tropidechis carinatus,100989,100989,Tropidechis carinatus,direct_original_and_live_match,no
Q45Z30,Tropidechis carinatus,Tropidechis carinatus,Tropidechis carinatus,100989,100989,Tropidechis carinatus,direct_original_and_live_match,no
Q45Z42,Oxyuranus microlepidotus,Oxyuranus microlepidotus,Oxyuranus microlepidotus,111177,111177,Oxyuranus microlepidotus,direct_original_and_live_match,no
Q4JHE1,Pseudechis australis,Pseudechis australis,Pseudechis australis,8670,8670,Pseudechis australis,direct_original_and_live_match,no
Q4QXT9,Tropidechis carinatus,Tropidechis carinatus,Tropidechis carinatus,100989,100989,Tropidechis carinatus,direct_original_and_live_match,no
Q56EB0,Bothrops jararaca,Bothrops jararaca,Bothrops jararaca,8724,8724,Bothrops jararaca,direct_original_and_live_match,no
Q56EB1,Bothrops jararaca,Bothrops jararaca,Bothrops jararaca,8724,8724,Bothrops jararaca,direct_original_and_live_match,no
Q58L90,Oxyuranus microlepidotus,Oxyuranus microlepidotus,Oxyuranus microlepidotus,111177,111177,Oxyuranus microlepidotus,direct_original_and_live_match,no
Q58L93,Pseudechis spp,Pseudechis porphyriacus,Pseudechis porphyriacus,8671,8671,Pseudechis porphyriacus,direct_original_and_live_match,yes
Q58L95,Oxyuranus microlepidotus,Oxyuranus microlepidotus,Oxyuranus microlepidotus,111177,111177,Oxyuranus microlepidotus,direct_original_and_live_match,no
Q593B6,Pseudonaja textilis,Pseudonaja textilis,Pseudonaja textilis,8673,8673,Pseudonaja textilis,direct_original_and_live_match,no
Q5YF90,Naja sputatrix,Naja sputatrix,Naja sputatrix,33626,33626,Naja sputatrix,direct_original_and_live_match,no
Q5ZPJ7,Naja atra,Naja atra,Naja atra,8656,8656,Naja atra,direct_original_and_live_match,no
Q69CK0,Ophiophagus hannah,Ophiophagus hannah,Ophiophagus hannah,8665,8665,Ophiophagus hannah,direct_original_and_live_match,no
Q6EER5,Cerrophidion godmani,Cerrophidion godmani,Cerrophidion godmani,44722,44722,Cerrophidion godmani,direct_original_and_live_match,no
Q6EER6,Sistrurus miliarius,Sistrurus miliarius,Sistrurus miliarius,253282,8758,Sistrurus miliarius,direct_original_and_live_match,no
Q6H3C5,Trimeresurus stejnegeri,Trimeresurus stejnegeri,Trimeresurus stejnegeri,39682,39682,Trimeresurus stejnegeri,direct_original_and_live_match,no
Q6H3C6,Trimeresurus stejnegeri,Trimeresurus stejnegeri,Trimeresurus stejnegeri,39682,39682,Trimeresurus stejnegeri,direct_original_and_live_match,no
Q6H3C7,Trimeresurus stejnegeri,Trimeresurus stejnegeri,Trimeresurus stejnegeri,39682,39682,Trimeresurus stejnegeri,direct_original_and_live_match,no
Q6H3C9,Trimeresurus stejnegeri,Trimeresurus stejnegeri,Trimeresurus stejnegeri,39682,39682,Trimeresurus stejnegeri,direct_original_and_live_match,no
Q6H3D1,Trimeresurus stejnegeri,Trimeresurus stejnegeri,Trimeresurus stejnegeri,39682,39682,Trimeresurus stejnegeri,direct_original_and_live_match,no
Q6H3D2,Trimeresurus stejnegeri,Trimeresurus stejnegeri,Trimeresurus stejnegeri,39682,39682,Trimeresurus stejnegeri,direct_original_and_live_match,no
Q6H3D3,Trimeresurus stejnegeri,Trimeresurus stejnegeri,Trimeresurus stejnegeri,39682,39682,Trimeresurus stejnegeri,direct_original_and_live_match,no
Q6H3D4,Trimeresurus stejnegeri,Trimeresurus stejnegeri,Trimeresurus stejnegeri,39682,39682,Trimeresurus stejnegeri,direct_original_and_live_match,no
Q6H3D5,Trimeresurus stejnegeri,Trimeresurus stejnegeri,Trimeresurus stejnegeri,39682,39682,Trimeresurus stejnegeri,direct_original_and_live_match,no
Q6H3D6,Trimeresurus stejnegeri,Trimeresurus stejnegeri,Trimeresurus stejnegeri,39682,39682,Trimeresurus stejnegeri,direct_original_and_live_match,no
Q6H3D7,Trimeresurus stejnegeri,Trimeresurus stejnegeri,Trimeresurus stejnegeri,39682,39682,Trimeresurus stejnegeri,direct_original_and_live_match,no
Q6J936,,Bothrops erythromelas,Bothrops erythromelas,44710,,,group_level_or_name_unresolved,no
Q6SLM0,Bungarus caeruleus,Bungarus caeruleus,Bungarus caeruleus,132961,132961,Bungarus caeruleus,direct_original_and_live_match,no
Q6T5L0,,Gloydius shedaoensis,Gloydius shedaoensis,88083,,,group_level_or_name_unresolved,no
Q6WP39,Trimeresurus stejnegeri,Trimeresurus stejnegeri,Trimeresurus stejnegeri,39682,39682,Trimeresurus stejnegeri,direct_original_and_live_match,no
Q6X1T6,Echis ocellatus,Echis ocellatus,Echis ocellatus,99586,99586,Echis ocellatus,direct_original_and_live_match,no
Q6YIJ3,Bungarus candidus,Bungarus candidus,Bungarus candidus,92438,92438,Bungarus candidus,direct_original_and_live_match,no
Q7LZ71,Protobothrops flavoviridis,Protobothrops flavoviridis,Protobothrops flavoviridis,88087,88087,Protobothrops flavoviridis,direct_original_and_live_match,no
Q7LZG2,Oxyuranus scutellatus,Oxyuranus scutellatus,Oxyuranus scutellatus,8667,8668,Oxyuranus scutellatus,direct_original_and_live_match,no
Q7SZE2,Gloydius ussuriensis,Gloydius ussuriensis,Gloydius ussuriensis,35671,35671,Gloydius ussuriensis,direct_original_and_live_match,no
Q7T045,,Macrovipera lebetinus,Macrovipera lebetinus,3148341,,,group_level_or_name_unresolved,no
Q7T1K6,Naja atra,Naja atra,Naja atra,8656,8656,Naja atra,direct_original_and_live_match,no
Q7T1R0,Bungarus flaviceps,Bungarus flaviceps,Bungarus flaviceps,8615,8614,Bungarus flaviceps,direct_original_and_live_match,no
Q7T1R1,Bungarus flaviceps,Bungarus flaviceps,Bungarus flaviceps,8615,8614,Bungarus flaviceps,direct_original_and_live_match,no
Q7T1T4,Bothrops jararacussu,Bothrops jararacussu,Bothrops jararacussu,8726,8726,Bothrops jararacussu,direct_original_and_live_match,no
Q7T2Q0,,Echis multisquamatus,Echis multisquamatus,93050,,,group_level_or_name_unresolved,no
Q7T2Q1,,Echis multisquamatus,Echis multisquamatus,93050,,,group_level_or_name_unresolved,no
Q7T3J2,Bungarus candidus,Bungarus candidus,Bungarus candidus,92438,92438,Bungarus candidus,direct_original_and_live_match,no
Q7ZT99,Crotalus atrox,Crotalus atrox,Crotalus atrox,8730,8730,Crotalus atrox,direct_original_and_live_match,no
Q7ZTA6,Crotalus viridis,Crotalus viridis,Crotalus viridis,8742,8739,Crotalus viridis,direct_original_and_live_match,no
Q7ZTA8,Crotalus viridis,Crotalus viridis,Crotalus viridis,8742,8739,Crotalus viridis,direct_original_and_live_match,no
Q7ZZM2,Protobothrops jerdonii,Protobothrops jerdonii,Protobothrops jerdonii,242841,242841,Protobothrops jerdonii,direct_original_and_live_match,no
Q800C3,Crotalus viridis,Crotalus viridis,Crotalus viridis,8742,8739,Crotalus viridis,direct_original_and_live_match,no
Q805F4,Agkistrodon piscivorus,Agkistrodon piscivorus,Agkistrodon piscivorus,8716,8715,Agkistrodon piscivorus,direct_original_and_live_match,no
Q8AVA3,Pseudechis spp,Pseudechis porphyriacus,Pseudechis porphyriacus,8671,8671,Pseudechis porphyriacus,direct_original_and_live_match,yes
Q8AVA4,Pseudechis australis,Pseudechis australis,Pseudechis australis,8670,8670,Pseudechis australis,direct_original_and_live_match,no
Q8AWX7,Gloydius halys,Gloydius halys,Gloydius halys,8714,8714,Gloydius halys,direct_original_and_live_match,no
Q8AXW7,Micrurus corallinus,Micrurus corallinus,Micrurus corallinus,54390,54390,Micrurus corallinus,direct_original_and_live_match,no
Q8JFG0,Vipera aspis,Vipera aspis,Vipera aspis,194601,8706,Vipera aspis,direct_original_and_live_match,no
Q8JFX7,Bungarus multicinctus,Bungarus multicinctus,Bungarus multicinctus,8616,8616,Bungarus multicinctus,direct_original_and_live_match,no
Q8JGT6,Protobothrops mucrosquamatus,Protobothrops mucrosquamatus,Protobothrops mucrosquamatus,103944,103944,Protobothrops mucrosquamatus,direct_original_and_live_match,no
Q8JGT7,Protobothrops mucrosquamatus,Protobothrops mucrosquamatus,Protobothrops mucrosquamatus,103944,103944,Protobothrops mucrosquamatus,direct_original_and_live_match,no
Q8JI39,Protobothrops flavoviridis,Protobothrops flavoviridis,Protobothrops flavoviridis,88087,88087,Protobothrops flavoviridis,direct_original_and_live_match,no
Q8JIG0,Protobothrops flavoviridis,Protobothrops flavoviridis,Protobothrops flavoviridis,88087,88087,Protobothrops flavoviridis,direct_original_and_live_match,no
Q8JIY9,Protobothrops jerdonii,Protobothrops jerdonii,Protobothrops jerdonii,242841,242841,Protobothrops jerdonii,direct_original_and_live_match,no
Q8QG87,,Bothrops insularis,Bothrops insularis,8723,,,group_level_or_name_unresolved,no
Q8QHK2,Crotalus atrox,Crotalus atrox,Crotalus atrox,8730,8730,Crotalus atrox,direct_original_and_live_match,no
Q8QHK3,Crotalus atrox,Crotalus atrox,Crotalus atrox,8730,8730,Crotalus atrox,direct_original_and_live_match,no
Q8UVU7,Cerrophidion godmani,Cerrophidion godmani,Cerrophidion godmani,44722,44722,Cerrophidion godmani,direct_original_and_live_match,no
Q8UVZ7,Crotalus atrox,Crotalus atrox,Crotalus atrox,8730,8730,Crotalus atrox,direct_original_and_live_match,no
Q90220,Gloydius halys,Gloydius halys,Gloydius halys,8714,8714,Gloydius halys,direct_original_and_live_match,no
Q90391,Crotalus atrox,Crotalus atrox,Crotalus atrox,8730,8730,Crotalus atrox,direct_original_and_live_match,no
Q90392,Crotalus atrox,Crotalus atrox,Crotalus atrox,8730,8730,Crotalus atrox,direct_original_and_live_match,no
Q90VW1,,Laticauda semifasciata,Laticauda semifasciata,8631,,,group_level_or_name_unresolved,no
Q90W38,Bothrops jararacussu,Bothrops jararacussu,Bothrops jararacussu,8726,8726,Bothrops jararacussu,direct_original_and_live_match,no
Q90W54,Gloydius blomhoffi,Gloydius blomhoffii,Gloydius blomhoffii,242054,,,group_level_or_name_unresolved,no
Q90WA1,Pseudonaja textilis,Pseudonaja textilis,Pseudonaja textilis,169397,8673,Pseudonaja textilis,direct_original_and_live_match,no
Q90WA7,Bungarus fasciatus,Bungarus fasciatus,Bungarus fasciatus,8613,8613,Bungarus fasciatus,direct_original_and_live_match,no
Q90X23,Bothrops jararaca,Bothrops jararaca,Bothrops jararaca,8724,8724,Bothrops jararaca,direct_original_and_live_match,no
Q90X24,,Bothrops insularis,Bothrops insularis,8723,,,group_level_or_name_unresolved,no
Q90Y77,Protobothrops flavoviridis,Protobothrops flavoviridis,Protobothrops flavoviridis,88087,88087,Protobothrops flavoviridis,direct_original_and_live_match,no
Q91507,Protobothrops mucrosquamatus,Protobothrops mucrosquamatus,Protobothrops mucrosquamatus,103944,103944,Protobothrops mucrosquamatus,direct_original_and_live_match,no
Q91508,Protobothrops mucrosquamatus,Protobothrops mucrosquamatus,Protobothrops mucrosquamatus,103944,103944,Protobothrops mucrosquamatus,direct_original_and_live_match,no
Q91509,Protobothrops mucrosquamatus,Protobothrops mucrosquamatus,Protobothrops mucrosquamatus,103944,103944,Protobothrops mucrosquamatus,direct_original_and_live_match,no
Q91510,Protobothrops mucrosquamatus,Protobothrops mucrosquamatus,Protobothrops mucrosquamatus,103944,103944,Protobothrops mucrosquamatus,direct_original_and_live_match,no
Q92031,Agkistrodon contortrix,Agkistrodon contortrix,Agkistrodon contortrix,2782196,8720,Agkistrodon contortrix,direct_original_and_live_match,no
Q92032,Agkistrodon contortrix,Agkistrodon contortrix,Agkistrodon contortrix,2782196,8720,Agkistrodon contortrix,direct_original_and_live_match,no
Q92043,Crotalus atrox,Crotalus atrox,Crotalus atrox,8730,8730,Crotalus atrox,direct_original_and_live_match,no
Q92085,Naja sputatrix,Naja sputatrix,Naja sputatrix,33626,33626,Naja sputatrix,direct_original_and_live_match,no
Q92086,Naja sputatrix,Naja sputatrix,Naja sputatrix,33626,33626,Naja sputatrix,direct_original_and_live_match,no
Q92147,Protobothrops flavoviridis,Protobothrops flavoviridis,Protobothrops flavoviridis,88087,88087,Protobothrops flavoviridis,direct_original_and_live_match,no
Q98996,Daboia palaestinae,Daboia palaestinae,Daboia palaestinae,1170828,1170828,Daboia palaestinae,direct_original_and_live_match,no
Q9DEF9,Deinagkistrodon acutus,Deinagkistrodon acutus,Deinagkistrodon acutus,36307,36307,Deinagkistrodon acutus,direct_original_and_live_match,no
Q9DF56,Ophiophagus hannah,Ophiophagus hannah,Ophiophagus hannah,8665,8665,Ophiophagus hannah,direct_original_and_live_match,no
Q9DGH6,Gloydius halys,Gloydius halys,Gloydius halys,8714,8714,Gloydius halys,direct_original_and_live_match,no
Q9I840,Calloselasma rhodostoma,Calloselasma rhodostoma,Calloselasma rhodostoma,8717,8717,Calloselasma rhodostoma,direct_original_and_live_match,no
Q9I8X2,Deinagkistrodon acutus,Deinagkistrodon acutus,Deinagkistrodon acutus,36307,36307,Deinagkistrodon acutus,direct_original_and_live_match,no
Q9I9R4,,Bothrops pauloensis,Bothrops pauloensis,1042543,,,group_level_or_name_unresolved,no
Q9IAM1,Deinagkistrodon acutus,Deinagkistrodon acutus,Deinagkistrodon acutus,36307,36307,Deinagkistrodon acutus,direct_original_and_live_match,no
Q9PRG0,Austrelaps spp,Austrelaps superbus,Austrelaps superbus,29156,29156,Austrelaps superbus,direct_original_and_live_match,yes
Q9PRM8,Cerastes cerastes,Cerastes cerastes,Cerastes cerastes,8697,8697,Cerastes cerastes,direct_original_and_live_match,no
Q9PRP4,Lachesis muta,Lachesis muta,Lachesis muta,60219,8752,Lachesis muta,direct_original_and_live_match,no
Q9PRW2,Crotalus atrox,Crotalus atrox,Crotalus atrox,8730,8730,Crotalus atrox,direct_original_and_live_match,no
Q9PRW3,Crotalus atrox,Crotalus atrox,Crotalus atrox,8730,8730,Crotalus atrox,direct_original_and_live_match,no
Q9PRW4,Crotalus atrox,Crotalus atrox,Crotalus atrox,8730,8730,Crotalus atrox,direct_original_and_live_match,no
Q9PSN3,Agkistrodon bilineatus,Agkistrodon bilineatus,Agkistrodon bilineatus,8718,8718,Agkistrodon bilineatus,direct_original_and_live_match,no
Q9PSN5,Notechis scutatus,Notechis scutatus,Notechis scutatus,70142,8663,Notechis scutatus,direct_original_and_live_match,no
Q9PTA1,Bungarus multicinctus,Bungarus multicinctus,Bungarus multicinctus,8616,8616,Bungarus multicinctus,direct_original_and_live_match,no
Q9PUG7,Austrelaps spp,Austrelaps superbus,Austrelaps superbus,29156,29156,Austrelaps superbus,direct_original_and_live_match,yes
Q9PUG8,Austrelaps spp,Austrelaps superbus,Austrelaps superbus,29156,29156,Austrelaps superbus,direct_original_and_live_match,yes
Q9PVK7,Naja kaouthia,Naja kaouthia,Naja kaouthia,8649,8649,Naja kaouthia,direct_original_and_live_match,no
Q9PVK9,Gloydius brevicaudus,Gloydius brevicauda,Gloydius brevicauda,3148161,,,group_level_or_name_unresolved,no
Q9PW36,Deinagkistrodon acutus,Deinagkistrodon acutus,Deinagkistrodon acutus,36307,36307,Deinagkistrodon acutus,direct_original_and_live_match,no
Q9PWJ0,Deinagkistrodon acutus,Deinagkistrodon acutus,Deinagkistrodon acutus,36307,36307,Deinagkistrodon acutus,direct_original_and_live_match,no
Q9W7S2,Deinagkistrodon acutus,Deinagkistrodon acutus,Deinagkistrodon acutus,36307,36307,Deinagkistrodon acutus,direct_original_and_live_match,no
Q9YGG9,Gloydius blomhoffi,Gloydius blomhoffii,Gloydius blomhoffii,242054,,,group_level_or_name_unresolved,no
Q9YGJ0,Bungarus multicinctus,Bungarus multicinctus,Bungarus multicinctus,8616,8616,Bungarus multicinctus,direct_original_and_live_match,no
Q9YGJ8,Gloydius brevicaudus,Gloydius brevicauda,Gloydius brevicauda,3148161,,,group_level_or_name_unresolved,no
Q9YGS1,Deinagkistrodon acutus,Deinagkistrodon acutus,Deinagkistrodon acutus,36307,36307,Deinagkistrodon acutus,direct_original_and_live_match,no
Q9YI92,Gloydius blomhoffi,Gloydius blomhoffii,Gloydius blomhoffii,242054,,,group_level_or_name_unresolved,no
R4G2D4,Acanthophis spp,Acanthophis wellsi,Acanthophis wellsi,239747,239747,Acanthophis wellsi,direct_original_and_live_match,yes
W5XDM0,,Macrovipera lebetinus,Macrovipera lebetinus,3148341,,,group_level_or_name_unresolved,no
X5ICI2,Gloydius tsushimaensis,Gloydius tsushimaensis,Gloydius tsushimaensis,1170829,1170829,Gloydius tsushimaensis,direct_original_and_live_match,no
A0A024AXD2,,Micropechis ikaheca,Micropechis ikaheca,66188,,,group_level_or_name_unresolved,no
A0A077L6P3,Protobothrops flavoviridis,Protobothrops flavoviridis,Protobothrops flavoviridis,88087,88087,Protobothrops flavoviridis,direct_original_and_live_match,no
A0A077L7X3,Protobothrops elegans,Protobothrops elegans,Protobothrops elegans,88086,88086,Protobothrops elegans,direct_original_and_live_match,no
A0A077L854,Protobothrops flavoviridis,Protobothrops flavoviridis,Protobothrops flavoviridis,88087,88087,Protobothrops flavoviridis,direct_original_and_live_match,no
A0A077LA46,Protobothrops elegans,Protobothrops elegans,Protobothrops elegans,88086,88086,Protobothrops elegans,direct_original_and_live_match,no
A0A077LCZ4,Protobothrops elegans,Protobothrops elegans,Protobothrops elegans,88086,88086,Protobothrops elegans,direct_original_and_live_match,no
A0A081DUA8,Echis coloratus,Echis coloratus,Echis coloratus,64175,64175,Echis coloratus,direct_original_and_live_match,no
A0A081DUB0,Echis coloratus,Echis coloratus,Echis coloratus,64175,64175,Echis coloratus,direct_original_and_live_match,no
A0A081DUC4,,Python regius,Python regius,51751,,,group_level_or_name_unresolved,no
A0A0F7YZ00,Micrurus fulvius,Micrurus fulvius,Micrurus fulvius,8637,8637,Micrurus fulvius,direct_original_and_live_match,no
A0A0F7Z289,Crotalus adamanteus,Crotalus adamanteus,Crotalus adamanteus,8729,8729,Crotalus adamanteus,direct_original_and_live_match,no
A0A0F7Z394,Micrurus fulvius,Micrurus fulvius,Micrurus fulvius,8637,8637,Micrurus fulvius,direct_original_and_live_match,no
A0A0F7Z7A2,Crotalus adamanteus,Crotalus adamanteus,Crotalus adamanteus,8729,8729,Crotalus adamanteus,direct_original_and_live_match,no
A0A0F7ZEQ7,Crotalus adamanteus,Crotalus adamanteus,Crotalus adamanteus,8729,8729,Crotalus adamanteus,direct_original_and_live_match,no
A0A0K8RYR4,Crotalus horridus,Crotalus horridus,Crotalus horridus,35024,35024,Crotalus horridus,direct_original_and_live_match,no
A0A0M3PMP1,Gloydius intermedius,Gloydius intermedius,Gloydius intermedius,44732,44732,Gloydius intermedius,direct_original_and_live_match,no
A0A0U5AUY6,Naja naja,Naja naja,Naja naja,35670,35670,Naja naja,direct_original_and_live_match,no
A0A193CHI7,Crotalus tzabcan,Crotalus tzabcan,Crotalus tzabcan,1043006,1043006,Crotalus tzabcan,direct_original_and_live_match,no
A0A193CHI9,,Crotalus cerastes,Crotalus cerastes,8746,,,group_level_or_name_unresolved,no
A0A193CHJ1,Crotalus tzabcan,Crotalus tzabcan,Crotalus tzabcan,1043006,1043006,Crotalus tzabcan,direct_original_and_live_match,no
A0A193CHJ3,Crotalus tzabcan,Crotalus tzabcan,Crotalus tzabcan,1043006,1043006,Crotalus tzabcan,direct_original_and_live_match,no
A0A193CHJ6,,Crotalus pricei,Crotalus pricei,35027,,,group_level_or_name_unresolved,no
A0A193CHJ8,Crotalus molossus,Crotalus molossus,Crotalus molossus,8734,8733,Crotalus molossus,direct_original_and_live_match,no
A0A193CHK0,Crotalus molossus,Crotalus molossus,Crotalus molossus,8734,8733,Crotalus molossus,direct_original_and_live_match,no
A0A193CHK1,,Crotalus concolor,Crotalus concolor,8740,,,group_level_or_name_unresolved,no
A0A193CHK2,,Crotalus concolor,Crotalus concolor,8740,,,group_level_or_name_unresolved,no
A0A193CHK3,,Crotalus cerberus,Crotalus cerberus,36309,,,group_level_or_name_unresolved,no
A0A193CHK4,,Crotalus concolor,Crotalus concolor,8740,,,group_level_or_name_unresolved,no
A0A193CHK5,Crotalus molossus,Crotalus molossus,Crotalus molossus,8734,8733,Crotalus molossus,direct_original_and_live_match,no
A0A193CHK6,Crotalus basiliscus,Crotalus basiliscus,Crotalus basiliscus,8744,8744,Crotalus basiliscus,direct_original_and_live_match,no
A0A193CHK7,Crotalus basiliscus,Crotalus basiliscus,Crotalus basiliscus,8744,8744,Crotalus basiliscus,direct_original_and_live_match,no
A0A193CHK8,,Crotalus cerberus,Crotalus cerberus,36309,,,group_level_or_name_unresolved,no
A0A193CHL0,Crotalus basiliscus,Crotalus basiliscus,Crotalus basiliscus,8744,8744,Crotalus basiliscus,direct_original_and_live_match,no
A0A1D8BAW9,Pseudechis papuanus,Pseudechis papuanus,Pseudechis papuanus,61265,61265,Pseudechis papuanus,direct_original_and_live_match,no
A0A1J0R042,Crotalus scutulatus,Crotalus scutulatus,Crotalus scutulatus,8738,8737,Crotalus scutulatus,direct_original_and_live_match,no
A0A1J0R046,Crotalus scutulatus,Crotalus scutulatus,Crotalus scutulatus,8738,8737,Crotalus scutulatus,direct_original_and_live_match,no
A0A1J0R049,Crotalus scutulatus,Crotalus scutulatus,Crotalus scutulatus,8738,8737,Crotalus scutulatus,direct_original_and_live_match,no
A0A1J0R053,Crotalus scutulatus,Crotalus scutulatus,Crotalus scutulatus,8738,8737,Crotalus scutulatus,direct_original_and_live_match,no
A0A1J0R054,Crotalus scutulatus,Crotalus scutulatus,Crotalus scutulatus,8738,8737,Crotalus scutulatus,direct_original_and_live_match,no
A0A1J0R055,Crotalus scutulatus,Crotalus scutulatus,Crotalus scutulatus,8738,8737,Crotalus scutulatus,direct_original_and_live_match,no
A0A1J0R061,Crotalus atrox,Crotalus atrox,Crotalus atrox,8730,8730,Crotalus atrox,direct_original_and_live_match,no
A0A1J0R063,Crotalus atrox,Crotalus atrox,Crotalus atrox,8730,8730,Crotalus atrox,direct_original_and_live_match,no
A0A1J0R065,Crotalus atrox,Crotalus atrox,Crotalus atrox,8730,8730,Crotalus atrox,direct_original_and_live_match,no
A0A1J0R067,Crotalus atrox,Crotalus atrox,Crotalus atrox,8730,8730,Crotalus atrox,direct_original_and_live_match,no
A0A1J0R068,Crotalus atrox,Crotalus atrox,Crotalus atrox,8730,8730,Crotalus atrox,direct_original_and_live_match,no
A0A1J0R072,Crotalus atrox,Crotalus atrox,Crotalus atrox,8730,8730,Crotalus atrox,direct_original_and_live_match,no
A0A1J0R074,Crotalus atrox,Crotalus atrox,Crotalus atrox,8730,8730,Crotalus atrox,direct_original_and_live_match,no
A0A1J0R076,Crotalus atrox,Crotalus atrox,Crotalus atrox,8730,8730,Crotalus atrox,direct_original_and_live_match,no
A0A1J0R079,Crotalus atrox,Crotalus atrox,Crotalus atrox,8730,8730,Crotalus atrox,direct_original_and_live_match,no
A0A1J0R080,Crotalus atrox,Crotalus atrox,Crotalus atrox,8730,8730,Crotalus atrox,direct_original_and_live_match,no
A0A1J0R081,Crotalus atrox,Crotalus atrox,Crotalus atrox,8730,8730,Crotalus atrox,direct_original_and_live_match,no
A0A1J0R087,Crotalus adamanteus,Crotalus adamanteus,Crotalus adamanteus,8729,8729,Crotalus adamanteus,direct_original_and_live_match,no
A0A1J0R091,Crotalus adamanteus,Crotalus adamanteus,Crotalus adamanteus,8729,8729,Crotalus adamanteus,direct_original_and_live_match,no
A0A1J0R094,Crotalus adamanteus,Crotalus adamanteus,Crotalus adamanteus,8729,8729,Crotalus adamanteus,direct_original_and_live_match,no
A0A1L8D5U5,Bothrops atrox,Bothrops atrox,Bothrops atrox,8725,8725,Bothrops atrox,direct_original_and_live_match,no
A0A1L8D5V6,Bothrops atrox,Bothrops atrox,Bothrops atrox,8725,8725,Bothrops atrox,direct_original_and_live_match,no
A0A1L8D608,Bothrops atrox,Bothrops atrox,Bothrops atrox,8725,8725,Bothrops atrox,direct_original_and_live_match,no
A0A1L8D651,Bothrops atrox,Bothrops atrox,Bothrops atrox,8725,8725,Bothrops atrox,direct_original_and_live_match,no
A0A1Y0DIC1,,Azemiops feae,Azemiops feae,8773,,,group_level_or_name_unresolved,no
A0A223PK09,Daboia russelii,Daboia russelii,Daboia russelii,8707,8707,Daboia russelii,direct_original_and_live_match,no
A0A286S0D8,Gloydius intermedius,Gloydius intermedius,Gloydius intermedius,44732,44732,Gloydius intermedius,direct_original_and_live_match,no
A0A286S0E3,Gloydius intermedius,Gloydius intermedius,Gloydius intermedius,44732,44732,Gloydius intermedius,direct_original_and_live_match,no
A0A286S0E4,Gloydius intermedius,Gloydius intermedius,Gloydius intermedius,44732,44732,Gloydius intermedius,direct_original_and_live_match,no
A0A286S0F5,Gloydius intermedius,Gloydius intermedius,Gloydius intermedius,44732,44732,Gloydius intermedius,direct_original_and_live_match,no
A0A2H4N383,Bothrops moojeni,Bothrops moojeni,Bothrops moojeni,98334,98334,Bothrops moojeni,direct_original_and_live_match,no
A0A2H4N385,Bothrops moojeni,Bothrops moojeni,Bothrops moojeni,98334,98334,Bothrops moojeni,direct_original_and_live_match,no
A0A2I7YRZ4,,Crotalus lepidus,Crotalus lepidus,44709,,,group_level_or_name_unresolved,no
A0A2I7YS05,,Crotalus mitchellii,Crotalus mitchellii,384065,,,group_level_or_name_unresolved,no
A0A2I7YS06,,Crotalus mitchellii,Crotalus mitchellii,384065,,,group_level_or_name_unresolved,no
A0A2I7YS07,Crotalus scutulatus,Crotalus scutulatus,Crotalus scutulatus,8737,8737,Crotalus scutulatus,direct_original_and_live_match,no
A0A2I7YS08,,Crotalus tigris,Crotalus tigris,88082,,,group_level_or_name_unresolved,no
A0A2I7YS09,,Crotalus tigris,Crotalus tigris,88082,,,group_level_or_name_unresolved,no
A0A2I7YS12,Crotalus scutulatus,Crotalus scutulatus,Crotalus scutulatus,8737,8737,Crotalus scutulatus,direct_original_and_live_match,no
A0A2I7YS13,Crotalus scutulatus,Crotalus scutulatus,Crotalus scutulatus,8737,8737,Crotalus scutulatus,direct_original_and_live_match,no
A0A2I7YS19,,Crotalus mitchellii,Crotalus mitchellii,384065,,,group_level_or_name_unresolved,no
A0A2I7YS21,,Crotalus mitchellii,Crotalus mitchellii,384065,,,group_level_or_name_unresolved,no
A0A2I7YS22,,Crotalus lepidus,Crotalus lepidus,44709,,,group_level_or_name_unresolved,no
A0A2I7YS29,,Crotalus cerastes,Crotalus cerastes,8746,,,group_level_or_name_unresolved,no
A0A2I7YS76,,Crotalus lepidus,Crotalus lepidus,44709,,,group_level_or_name_unresolved,no
A0A2I7YS92,,Crotalus tigris,Crotalus tigris,88082,,,group_level_or_name_unresolved,no
A0A2I7YSA3,,Crotalus tigris,Crotalus tigris,88082,,,group_level_or_name_unresolved,no
A0A2I7YSA7,Crotalus scutulatus,Crotalus scutulatus,Crotalus scutulatus,8737,8737,Crotalus scutulatus,direct_original_and_live_match,no
A0A2I7YSB8,,Crotalus tigris,Crotalus tigris,88082,,,group_level_or_name_unresolved,no
A0A346CIB0,,Spilotes sulphureus,Spilotes sulphureus,1899469,,,group_level_or_name_unresolved,no
A0A411EZZ3,Crotalus adamanteus,Crotalus adamanteus,Crotalus adamanteus,8729,8729,Crotalus adamanteus,direct_original_and_live_match,no
A0A411EZZ4,Crotalus atrox,Crotalus atrox,Crotalus atrox,8730,8730,Crotalus atrox,direct_original_and_live_match,no
A0A411F000,Crotalus adamanteus,Crotalus adamanteus,Crotalus adamanteus,8729,8729,Crotalus adamanteus,direct_original_and_live_match,no
A0A411F012,Crotalus adamanteus,Crotalus adamanteus,Crotalus adamanteus,8729,8729,Crotalus adamanteus,direct_original_and_live_match,no
A0A4P1LYC9,Dendroaspis polylepis,Dendroaspis polylepis,Dendroaspis polylepis,8620,8624,Dendroaspis polylepis,direct_original_and_live_match,no
A0A670XP77,Pseudonaja textilis,Pseudonaja textilis,Pseudonaja textilis,8673,8673,Pseudonaja textilis,direct_original_and_live_match,no
A0A670XTN8,Pseudonaja textilis,Pseudonaja textilis,Pseudonaja textilis,8673,8673,Pseudonaja textilis,direct_original_and_live_match,no
A0A670XV66,Pseudonaja textilis,Pseudonaja textilis,Pseudonaja textilis,8673,8673,Pseudonaja textilis,direct_original_and_live_match,no
A0A670XZR3,Pseudonaja textilis,Pseudonaja textilis,Pseudonaja textilis,8673,8673,Pseudonaja textilis,direct_original_and_live_match,no
A0A670XZU7,Pseudonaja textilis,Pseudonaja textilis,Pseudonaja textilis,8673,8673,Pseudonaja textilis,direct_original_and_live_match,no
A0A670Y204,Pseudonaja textilis,Pseudonaja textilis,Pseudonaja textilis,8673,8673,Pseudonaja textilis,direct_original_and_live_match,no
A0A670Y351,Pseudonaja textilis,Pseudonaja textilis,Pseudonaja textilis,8673,8673,Pseudonaja textilis,direct_original_and_live_match,no
A0A670Y9H9,Pseudonaja textilis,Pseudonaja textilis,Pseudonaja textilis,8673,8673,Pseudonaja textilis,direct_original_and_live_match,no
A0A670YDQ9,Pseudonaja textilis,Pseudonaja textilis,Pseudonaja textilis,8673,8673,Pseudonaja textilis,direct_original_and_live_match,no
A0A670YGV0,Pseudonaja textilis,Pseudonaja textilis,Pseudonaja textilis,8673,8673,Pseudonaja textilis,direct_original_and_live_match,no
A0A670YIL7,Pseudonaja textilis,Pseudonaja textilis,Pseudonaja textilis,8673,8673,Pseudonaja textilis,direct_original_and_live_match,no
A0A670YQ38,Pseudonaja textilis,Pseudonaja textilis,Pseudonaja textilis,8673,8673,Pseudonaja textilis,direct_original_and_live_match,no
A0A670YQK3,Pseudonaja textilis,Pseudonaja textilis,Pseudonaja textilis,8673,8673,Pseudonaja textilis,direct_original_and_live_match,no
A0A670YQQ3,Pseudonaja textilis,Pseudonaja textilis,Pseudonaja textilis,8673,8673,Pseudonaja textilis,direct_original_and_live_match,no
A0A670YRB1,Pseudonaja textilis,Pseudonaja textilis,Pseudonaja textilis,8673,8673,Pseudonaja textilis,direct_original_and_live_match,no
A0A670YSJ9,Pseudonaja textilis,Pseudonaja textilis,Pseudonaja textilis,8673,8673,Pseudonaja textilis,direct_original_and_live_match,no
A0A670YWR8,Pseudonaja textilis,Pseudonaja textilis,Pseudonaja textilis,8673,8673,Pseudonaja textilis,direct_original_and_live_match,no
A0A670YXZ2,Pseudonaja textilis,Pseudonaja textilis,Pseudonaja textilis,8673,8673,Pseudonaja textilis,direct_original_and_live_match,no
A0A670Z2L9,Pseudonaja textilis,Pseudonaja textilis,Pseudonaja textilis,8673,8673,Pseudonaja textilis,direct_original_and_live_match,no
A0A670Z2N0,Pseudonaja textilis,Pseudonaja textilis,Pseudonaja textilis,8673,8673,Pseudonaja textilis,direct_original_and_live_match,no
A0A670Z3Q1,Pseudonaja textilis,Pseudonaja textilis,Pseudonaja textilis,8673,8673,Pseudonaja textilis,direct_original_and_live_match,no
A0A670Z8Y2,Pseudonaja textilis,Pseudonaja textilis,Pseudonaja textilis,8673,8673,Pseudonaja textilis,direct_original_and_live_match,no
A0A670ZKR5,Pseudonaja textilis,Pseudonaja textilis,Pseudonaja textilis,8673,8673,Pseudonaja textilis,direct_original_and_live_match,no
A0A670ZND5,Pseudonaja textilis,Pseudonaja textilis,Pseudonaja textilis,8673,8673,Pseudonaja textilis,direct_original_and_live_match,no
A0A670ZPK5,Pseudonaja textilis,Pseudonaja textilis,Pseudonaja textilis,8673,8673,Pseudonaja textilis,direct_original_and_live_match,no
A0A6G5ZUH1,,Vipera anatolica,Vipera anatolica,2604287,,,group_level_or_name_unresolved,no
A0A6G5ZVR9,,Vipera anatolica,Vipera anatolica,2604287,,,group_level_or_name_unresolved,no
A0A6I9WXW4,,Thamnophis sirtalis,Thamnophis sirtalis,35019,,,group_level_or_name_unresolved,no
A0A6I9X553,,Thamnophis sirtalis,Thamnophis sirtalis,35019,,,group_level_or_name_unresolved,no
A0A6I9XEX3,,Thamnophis sirtalis,Thamnophis sirtalis,35019,,,group_level_or_name_unresolved,no
A0A6I9XU41,,Thamnophis sirtalis,Thamnophis sirtalis,35019,,,group_level_or_name_unresolved,no
A0A6I9Y832,,Thamnophis sirtalis,Thamnophis sirtalis,35019,,,group_level_or_name_unresolved,no
A0A6I9YJ26,,Thamnophis sirtalis,Thamnophis sirtalis,35019,,,group_level_or_name_unresolved,no
A0A6I9YU98,,Thamnophis sirtalis,Thamnophis sirtalis,35019,,,group_level_or_name_unresolved,no
A0A6I9YWH0,,Thamnophis sirtalis,Thamnophis sirtalis,35019,,,group_level_or_name_unresolved,no
A0A6I9YZI0,,Thamnophis sirtalis,Thamnophis sirtalis,35019,,,group_level_or_name_unresolved,no
A0A6J1TQ15,Notechis scutatus,Notechis scutatus,Notechis scutatus,8663,8663,Notechis scutatus,direct_original_and_live_match,no
A0A6J1TU04,Notechis scutatus,Notechis scutatus,Notechis scutatus,8663,8663,Notechis scutatus,direct_original_and_live_match,no
A0A6J1TUS8,Notechis scutatus,Notechis scutatus,Notechis scutatus,8663,8663,Notechis scutatus,direct_original_and_live_match,no
A0A6J1TVQ2,Notechis scutatus,Notechis scutatus,Notechis scutatus,8663,8663,Notechis scutatus,direct_original_and_live_match,no
A0A6J1TVU9,Notechis scutatus,Notechis scutatus,Notechis scutatus,8663,8663,Notechis scutatus,direct_original_and_live_match,no
A0A6J1U240,Notechis scutatus,Notechis scutatus,Notechis scutatus,8663,8663,Notechis scutatus,direct_original_and_live_match,no
A0A6J1U3G3,Notechis scutatus,Notechis scutatus,Notechis scutatus,8663,8663,Notechis scutatus,direct_original_and_live_match,no
A0A6J1U4A6,Notechis scutatus,Notechis scutatus,Notechis scutatus,8663,8663,Notechis scutatus,direct_original_and_live_match,no
A0A6J1U690,Notechis scutatus,Notechis scutatus,Notechis scutatus,8663,8663,Notechis scutatus,direct_original_and_live_match,no
A0A6J1U7E5,Notechis scutatus,Notechis scutatus,Notechis scutatus,8663,8663,Notechis scutatus,direct_original_and_live_match,no
A0A6J1U832,Notechis scutatus,Notechis scutatus,Notechis scutatus,8663,8663,Notechis scutatus,direct_original_and_live_match,no
A0A6J1U8T7,Notechis scutatus,Notechis scutatus,Notechis scutatus,8663,8663,Notechis scutatus,direct_original_and_live_match,no
A0A6J1U8W7,Notechis scutatus,Notechis scutatus,Notechis scutatus,8663,8663,Notechis scutatus,direct_original_and_live_match,no
A0A6J1U930,Notechis scutatus,Notechis scutatus,Notechis scutatus,8663,8663,Notechis scutatus,direct_original_and_live_match,no
A0A6J1UHX2,Notechis scutatus,Notechis scutatus,Notechis scutatus,8663,8663,Notechis scutatus,direct_original_and_live_match,no
A0A6J1UJH5,Notechis scutatus,Notechis scutatus,Notechis scutatus,8663,8663,Notechis scutatus,direct_original_and_live_match,no
A0A6J1UN68,Notechis scutatus,Notechis scutatus,Notechis scutatus,8663,8663,Notechis scutatus,direct_original_and_live_match,no
A0A6J1UQZ0,Notechis scutatus,Notechis scutatus,Notechis scutatus,8663,8663,Notechis scutatus,direct_original_and_live_match,no
A0A6J1UXR5,Notechis scutatus,Notechis scutatus,Notechis scutatus,8663,8663,Notechis scutatus,direct_original_and_live_match,no
A0A6J1V516,Notechis scutatus,Notechis scutatus,Notechis scutatus,8663,8663,Notechis scutatus,direct_original_and_live_match,no
A0A6J1V7K1,Notechis scutatus,Notechis scutatus,Notechis scutatus,8663,8663,Notechis scutatus,direct_original_and_live_match,no
A0A6J1VCW5,Notechis scutatus,Notechis scutatus,Notechis scutatus,8663,8663,Notechis scutatus,direct_original_and_live_match,no
A0A6J1VI16,Notechis scutatus,Notechis scutatus,Notechis scutatus,8663,8663,Notechis scutatus,direct_original_and_live_match,no
A0A6J1VKD9,Notechis scutatus,Notechis scutatus,Notechis scutatus,8663,8663,Notechis scutatus,direct_original_and_live_match,no
A0A6J1VLY3,Notechis scutatus,Notechis scutatus,Notechis scutatus,8663,8663,Notechis scutatus,direct_original_and_live_match,no
A0A6J1VW41,Notechis scutatus,Notechis scutatus,Notechis scutatus,8663,8663,Notechis scutatus,direct_original_and_live_match,no
A0A6J1VWA9,Notechis scutatus,Notechis scutatus,Notechis scutatus,8663,8663,Notechis scutatus,direct_original_and_live_match,no
A0A6J1VYK5,Notechis scutatus,Notechis scutatus,Notechis scutatus,8663,8663,Notechis scutatus,direct_original_and_live_match,no
A0A6J1W360,Notechis scutatus,Notechis scutatus,Notechis scutatus,8663,8663,Notechis scutatus,direct_original_and_live_match,no
A0A6P9B1Z0,,Pantherophis guttatus,Pantherophis guttatus,94885,,,group_level_or_name_unresolved,no
A0A6P9B2P4,,Pantherophis guttatus,Pantherophis guttatus,94885,,,group_level_or_name_unresolved,no
A0A6P9B6K9,,Pantherophis guttatus,Pantherophis guttatus,94885,,,group_level_or_name_unresolved,no
A0A6P9B9Q5,,Pantherophis guttatus,Pantherophis guttatus,94885,,,group_level_or_name_unresolved,no
A0A6P9BB28,,Pantherophis guttatus,Pantherophis guttatus,94885,,,group_level_or_name_unresolved,no
A0A6P9BBV5,,Pantherophis guttatus,Pantherophis guttatus,94885,,,group_level_or_name_unresolved,no
A0A6P9BFR7,,Pantherophis guttatus,Pantherophis guttatus,94885,,,group_level_or_name_unresolved,no
A0A6P9C052,,Pantherophis guttatus,Pantherophis guttatus,94885,,,group_level_or_name_unresolved,no
A0A6P9C9R4,,Pantherophis guttatus,Pantherophis guttatus,94885,,,group_level_or_name_unresolved,no
A0A6P9CA41,,Pantherophis guttatus,Pantherophis guttatus,94885,,,group_level_or_name_unresolved,no
A0A6P9CFK7,,Pantherophis guttatus,Pantherophis guttatus,94885,,,group_level_or_name_unresolved,no
A0A6P9CJF4,,Pantherophis guttatus,Pantherophis guttatus,94885,,,group_level_or_name_unresolved,no
A0A6P9DSR4,,Pantherophis guttatus,Pantherophis guttatus,94885,,,group_level_or_name_unresolved,no
A0A7T7DMY7,Naja sumatrana,Naja sumatrana,Naja sumatrana,1108807,1108807,Naja sumatrana,direct_original_and_live_match,no
A0A898IKL9,Calliophis bivirgatus,Calliophis bivirgatus,Calliophis bivirgatus,8633,8633,Calliophis bivirgatus,direct_original_and_live_match,no
A0A898ILA7,Calliophis bivirgatus,Calliophis bivirgatus,Calliophis bivirgatus,8633,8633,Calliophis bivirgatus,direct_original_and_live_match,no
A0A898ILG0,Calliophis bivirgatus,Calliophis bivirgatus,Calliophis bivirgatus,8633,8633,Calliophis bivirgatus,direct_original_and_live_match,no
A0A898INF1,Calliophis bivirgatus,Calliophis bivirgatus,Calliophis bivirgatus,8633,8633,Calliophis bivirgatus,direct_original_and_live_match,no
A0A8C5R9C1,,Laticauda laticaudata,Laticauda laticaudata,8630,,,group_level_or_name_unresolved,no
A0A8C5RC26,,Laticauda laticaudata,Laticauda laticaudata,8630,,,group_level_or_name_unresolved,no
A0A8C5RDW9,,Laticauda laticaudata,Laticauda laticaudata,8630,,,group_level_or_name_unresolved,no
A0A8C5RFZ8,,Laticauda laticaudata,Laticauda laticaudata,8630,,,group_level_or_name_unresolved,no
A0A8C5RIM3,,Laticauda laticaudata,Laticauda laticaudata,8630,,,group_level_or_name_unresolved,no
A0A8C5RW07,,Laticauda laticaudata,Laticauda laticaudata,8630,,,group_level_or_name_unresolved,no
A0A8C5S360,,Laticauda laticaudata,Laticauda laticaudata,8630,,,group_level_or_name_unresolved,no
A0A8C5S365,,Laticauda laticaudata,Laticauda laticaudata,8630,,,group_level_or_name_unresolved,no
A0A8C5S5V1,,Laticauda laticaudata,Laticauda laticaudata,8630,,,group_level_or_name_unresolved,no
A0A8C5SGI8,,Laticauda laticaudata,Laticauda laticaudata,8630,,,group_level_or_name_unresolved,no
A0A8C5SWV9,,Laticauda laticaudata,Laticauda laticaudata,8630,,,group_level_or_name_unresolved,no
A0A8C5SY45,,Laticauda laticaudata,Laticauda laticaudata,8630,,,group_level_or_name_unresolved,no
A0A8C5WPI0,,Laticauda laticaudata,Laticauda laticaudata,8630,,,group_level_or_name_unresolved,no
A0A8C5WRH5,,Laticauda laticaudata,Laticauda laticaudata,8630,,,group_level_or_name_unresolved,no
A0A8C5WVQ9,,Laticauda laticaudata,Laticauda laticaudata,8630,,,group_level_or_name_unresolved,no
A0A8C6VA93,Naja naja,Naja naja,Naja naja,35670,35670,Naja naja,direct_original_and_live_match,no
A0A8C6VC02,Naja naja,Naja naja,Naja naja,35670,35670,Naja naja,direct_original_and_live_match,no
A0A8C6VK98,Naja naja,Naja naja,Naja naja,35670,35670,Naja naja,direct_original_and_live_match,no
A0A8C6VNS5,Naja naja,Naja naja,Naja naja,35670,35670,Naja naja,direct_original_and_live_match,no
A0A8C6X1H0,Naja naja,Naja naja,Naja naja,35670,35670,Naja naja,direct_original_and_live_match,no
A0A8C6X2I3,Naja naja,Naja naja,Naja naja,35670,35670,Naja naja,direct_original_and_live_match,no
A0A8C6X322,Naja naja,Naja naja,Naja naja,35670,35670,Naja naja,direct_original_and_live_match,no
A0A8C6X3L6,Naja naja,Naja naja,Naja naja,35670,35670,Naja naja,direct_original_and_live_match,no
A0A8C6X4G2,Naja naja,Naja naja,Naja naja,35670,35670,Naja naja,direct_original_and_live_match,no
A0A8C6X6J2,Naja naja,Naja naja,Naja naja,35670,35670,Naja naja,direct_original_and_live_match,no
A0A8C6X8X2,Naja naja,Naja naja,Naja naja,35670,35670,Naja naja,direct_original_and_live_match,no
A0A8C6XBU7,Naja naja,Naja naja,Naja naja,35670,35670,Naja naja,direct_original_and_live_match,no
A0A8C6XV03,Naja naja,Naja naja,Naja naja,35670,35670,Naja naja,direct_original_and_live_match,no
A0A8C6XVA8,Naja naja,Naja naja,Naja naja,35670,35670,Naja naja,direct_original_and_live_match,no
A0A8C6XVY9,Naja naja,Naja naja,Naja naja,35670,35670,Naja naja,direct_original_and_live_match,no
A0A8C6XW23,Naja naja,Naja naja,Naja naja,35670,35670,Naja naja,direct_original_and_live_match,no
A0A8C6XWE4,Naja naja,Naja naja,Naja naja,35670,35670,Naja naja,direct_original_and_live_match,no
A0A8C6XX99,Naja naja,Naja naja,Naja naja,35670,35670,Naja naja,direct_original_and_live_match,no
A0A8C6Y4C1,Naja naja,Naja naja,Naja naja,35670,35670,Naja naja,direct_original_and_live_match,no
A0A8C6Y837,Naja naja,Naja naja,Naja naja,35670,35670,Naja naja,direct_original_and_live_match,no
A0A8C6YBV3,Naja naja,Naja naja,Naja naja,35670,35670,Naja naja,direct_original_and_live_match,no
A0A8C6YFJ8,Naja naja,Naja naja,Naja naja,35670,35670,Naja naja,direct_original_and_live_match,no
A0A8C6YFV2,Naja naja,Naja naja,Naja naja,35670,35670,Naja naja,direct_original_and_live_match,no
A0A8C6YHE8,Naja naja,Naja naja,Naja naja,35670,35670,Naja naja,direct_original_and_live_match,no
A0A8C6YJR8,Naja naja,Naja naja,Naja naja,35670,35670,Naja naja,direct_original_and_live_match,no
A0A8C7DX43,Naja naja,Naja naja,Naja naja,35670,35670,Naja naja,direct_original_and_live_match,no
A0A8C7E130,Naja naja,Naja naja,Naja naja,35670,35670,Naja naja,direct_original_and_live_match,no
A0A8C7E2Y1,Naja naja,Naja naja,Naja naja,35670,35670,Naja naja,direct_original_and_live_match,no
A0A8C7E2Z0,Naja naja,Naja naja,Naja naja,35670,35670,Naja naja,direct_original_and_live_match,no
A0A8C7E348,Naja naja,Naja naja,Naja naja,35670,35670,Naja naja,direct_original_and_live_match,no
A0A8C7E5Z4,Naja naja,Naja naja,Naja naja,35670,35670,Naja naja,direct_original_and_live_match,no
A0A8T1N336,Bothrops jararaca,Bothrops jararaca,Bothrops jararaca,8724,8724,Bothrops jararaca,direct_original_and_live_match,no
A0A9F2KVJ1,,Python bivittatus,Python bivittatus,176946,,,group_level_or_name_unresolved,no
A0A9F2NCP9,,Python bivittatus,Python bivittatus,176946,,,group_level_or_name_unresolved,no
A0A9F2QYB8,,Python bivittatus,Python bivittatus,176946,,,group_level_or_name_unresolved,no
A0A9F2QZ77,,Python bivittatus,Python bivittatus,176946,,,group_level_or_name_unresolved,no
A0A9F2R0C2,,Python bivittatus,Python bivittatus,176946,,,group_level_or_name_unresolved,no
A0A9F2R0Y3,,Python bivittatus,Python bivittatus,176946,,,group_level_or_name_unresolved,no
A0A9F3QTC6,,Python bivittatus,Python bivittatus,176946,,,group_level_or_name_unresolved,no
A0A9F3QUN9,,Python bivittatus,Python bivittatus,176946,,,group_level_or_name_unresolved,no
A0A9F3QUU7,,Python bivittatus,Python bivittatus,176946,,,group_level_or_name_unresolved,no
A0A9F5INY1,,Python bivittatus,Python bivittatus,176946,,,group_level_or_name_unresolved,no
A0A9F5IQC4,,Python bivittatus,Python bivittatus,176946,,,group_level_or_name_unresolved,no
A0A9F5IU93,,Python bivittatus,Python bivittatus,176946,,,group_level_or_name_unresolved,no
A0A9F5IVV1,,Python bivittatus,Python bivittatus,176946,,,group_level_or_name_unresolved,no
A0A9F5J4G3,,Python bivittatus,Python bivittatus,176946,,,group_level_or_name_unresolved,no
A0A9F5J4W5,,Python bivittatus,Python bivittatus,176946,,,group_level_or_name_unresolved,no
A0A9F5MRD3,,Python bivittatus,Python bivittatus,176946,,,group_level_or_name_unresolved,no
A0AAW1AR40,Crotalus adamanteus,Crotalus adamanteus,Crotalus adamanteus,8729,8729,Crotalus adamanteus,direct_original_and_live_match,no
A0AAW1ARB3,Crotalus adamanteus,Crotalus adamanteus,Crotalus adamanteus,8729,8729,Crotalus adamanteus,direct_original_and_live_match,no
A0AAW1ATK0,Crotalus adamanteus,Crotalus adamanteus,Crotalus adamanteus,8729,8729,Crotalus adamanteus,direct_original_and_live_match,no
A0AAW1AVJ4,Crotalus adamanteus,Crotalus adamanteus,Crotalus adamanteus,8729,8729,Crotalus adamanteus,direct_original_and_live_match,no
A0AAW1AZH2,Crotalus adamanteus,Crotalus adamanteus,Crotalus adamanteus,8729,8729,Crotalus adamanteus,direct_original_and_live_match,no
A0AAW1AZT6,Crotalus adamanteus,Crotalus adamanteus,Crotalus adamanteus,8729,8729,Crotalus adamanteus,direct_original_and_live_match,no
A0AAW1BAV3,Crotalus adamanteus,Crotalus adamanteus,Crotalus adamanteus,8729,8729,Crotalus adamanteus,direct_original_and_live_match,no
A0AAW1BAZ5,Crotalus adamanteus,Crotalus adamanteus,Crotalus adamanteus,8729,8729,Crotalus adamanteus,direct_original_and_live_match,no
A0AAW1BLU2,Crotalus adamanteus,Crotalus adamanteus,Crotalus adamanteus,8729,8729,Crotalus adamanteus,direct_original_and_live_match,no
A0AAW1BV82,Crotalus adamanteus,Crotalus adamanteus,Crotalus adamanteus,8729,8729,Crotalus adamanteus,direct_original_and_live_match,no
A0AAW1C3A6,Crotalus adamanteus,Crotalus adamanteus,Crotalus adamanteus,8729,8729,Crotalus adamanteus,direct_original_and_live_match,no
A0AAW1C4I2,Crotalus adamanteus,Crotalus adamanteus,Crotalus adamanteus,8729,8729,Crotalus adamanteus,direct_original_and_live_match,no
A0AAW1C9S9,Crotalus adamanteus,Crotalus adamanteus,Crotalus adamanteus,8729,8729,Crotalus adamanteus,direct_original_and_live_match,no
A0AAW1CBW0,Crotalus adamanteus,Crotalus adamanteus,Crotalus adamanteus,8729,8729,Crotalus adamanteus,direct_original_and_live_match,no
A0ABM3YXQ2,,Pantherophis guttatus,Pantherophis guttatus,94885,,,group_level_or_name_unresolved,no
A0ABM3YY81,,Pantherophis guttatus,Pantherophis guttatus,94885,,,group_level_or_name_unresolved,no
A0ABM3YY89,,Pantherophis guttatus,Pantherophis guttatus,94885,,,group_level_or_name_unresolved,no
A0ABM3YY90,,Pantherophis guttatus,Pantherophis guttatus,94885,,,group_level_or_name_unresolved,no
A0ABM3YY93,,Pantherophis guttatus,Pantherophis guttatus,94885,,,group_level_or_name_unresolved,no
A0ABM3YYA0,,Pantherophis guttatus,Pantherophis guttatus,94885,,,group_level_or_name_unresolved,no
A0ABM3YYA2,,Pantherophis guttatus,Pantherophis guttatus,94885,,,group_level_or_name_unresolved,no
A0ABM3YYA3,,Pantherophis guttatus,Pantherophis guttatus,94885,,,group_level_or_name_unresolved,no
A0ABM3ZDZ2,,Pantherophis guttatus,Pantherophis guttatus,94885,,,group_level_or_name_unresolved,no
A1IVR9,Bungarus candidus,Bungarus candidus,Bungarus candidus,92438,92438,Bungarus candidus,direct_original_and_live_match,no
A2CJE2,Crotalus scutulatus,Crotalus scutulatus,Crotalus scutulatus,8738,8737,Crotalus scutulatus,direct_original_and_live_match,no
A2CJE3,Crotalus viridis,Crotalus viridis,Crotalus viridis,8742,8739,Crotalus viridis,direct_original_and_live_match,no
A2CJE4,Crotalus atrox,Crotalus atrox,Crotalus atrox,8730,8730,Crotalus atrox,direct_original_and_live_match,no
A2CKF6,Bungarus fasciatus,Bungarus fasciatus,Bungarus fasciatus,8613,8613,Bungarus fasciatus,direct_original_and_live_match,no
A2CKF7,Bungarus fasciatus,Bungarus fasciatus,Bungarus fasciatus,8613,8613,Bungarus fasciatus,direct_original_and_live_match,no
A6MFL0,,Demansia vestigiata,Demansia vestigiata,412038,,,group_level_or_name_unresolved,no
A6MFM0,,Demansia vestigiata,Demansia vestigiata,412038,,,group_level_or_name_unresolved,no
A6MFM1,,Demansia vestigiata,Demansia vestigiata,412038,,,group_level_or_name_unresolved,no
A6MFM2,,Demansia vestigiata,Demansia vestigiata,412038,,,group_level_or_name_unresolved,no
A6MFM3,,Demansia vestigiata,Demansia vestigiata,412038,,,group_level_or_name_unresolved,no
A6MFM4,,Demansia vestigiata,Demansia vestigiata,412038,,,group_level_or_name_unresolved,no
A6MFM5,,Demansia vestigiata,Demansia vestigiata,412038,,,group_level_or_name_unresolved,no
A6MFM6,,Demansia vestigiata,Demansia vestigiata,412038,,,group_level_or_name_unresolved,no
A6MJG3,Hoplocephalus spp,Hoplocephalus stephensii,Hoplocephalus stephensii,196418,196418,Hoplocephalus stephensii,direct_original_and_live_match,yes
A6MJG4,Hoplocephalus spp,Hoplocephalus stephensii,Hoplocephalus stephensii,196418,196418,Hoplocephalus stephensii,direct_original_and_live_match,yes
A6MJG5,Hoplocephalus spp,Hoplocephalus stephensii,Hoplocephalus stephensii,196418,196418,Hoplocephalus stephensii,direct_original_and_live_match,yes
A6MJG6,Hoplocephalus spp,Hoplocephalus stephensii,Hoplocephalus stephensii,196418,196418,Hoplocephalus stephensii,direct_original_and_live_match,yes
A6MJG7,Hoplocephalus spp,Hoplocephalus stephensii,Hoplocephalus stephensii,196418,196418,Hoplocephalus stephensii,direct_original_and_live_match,yes
A6MJG8,Hoplocephalus spp,Hoplocephalus stephensii,Hoplocephalus stephensii,196418,196418,Hoplocephalus stephensii,direct_original_and_live_match,yes
A7LAC6,Trimeresurus albolabris,Trimeresurus albolabris,Trimeresurus albolabris,8765,8765,Trimeresurus albolabris,direct_original_and_live_match,no
A7LAC7,Trimeresurus albolabris,Trimeresurus albolabris,Trimeresurus albolabris,8765,8765,Trimeresurus albolabris,direct_original_and_live_match,no
A8CG84,Daboia siamensis,Daboia siamensis,Daboia siamensis,343250,343250,Daboia siamensis,direct_original_and_live_match,no
A8CG87,Daboia russelii,Daboia russelii,Daboia russelii,8707,8707,Daboia russelii,direct_original_and_live_match,no
A8E2V5,Cerrophidion godmani,Cerrophidion godmani,Cerrophidion godmani,44722,44722,Cerrophidion godmani,direct_original_and_live_match,no
A8E2V6,Cerrophidion godmani,Cerrophidion godmani,Cerrophidion godmani,44722,44722,Cerrophidion godmani,direct_original_and_live_match,no
A8E2V7,Cerrophidion godmani,Cerrophidion godmani,Cerrophidion godmani,44722,44722,Cerrophidion godmani,direct_original_and_live_match,no
A8HDJ4,Pseudechis spp,Pseudechis porphyriacus,Pseudechis porphyriacus,8671,8671,Pseudechis porphyriacus,direct_original_and_live_match,yes
A8N286,Ophiophagus hannah,Ophiophagus hannah,Ophiophagus hannah,8665,8665,Ophiophagus hannah,direct_original_and_live_match,no
A8QL51,Bungarus multicinctus,Bungarus multicinctus,Bungarus multicinctus,8616,8616,Bungarus multicinctus,direct_original_and_live_match,no
A8QL53,Naja atra,Naja atra,Naja atra,8656,8656,Naja atra,direct_original_and_live_match,no
A8QL57,Bungarus multicinctus,Bungarus multicinctus,Bungarus multicinctus,8616,8616,Bungarus multicinctus,direct_original_and_live_match,no
A8S6C2,Austrelaps spp,Austrelaps superbus,Austrelaps superbus,29156,29156,Austrelaps superbus,direct_original_and_live_match,yes
A8S6C5,Austrelaps spp,Austrelaps superbus,Austrelaps superbus,29156,29156,Austrelaps superbus,direct_original_and_live_match,yes
A8S6C8,Austrelaps spp,Austrelaps superbus,Austrelaps superbus,29156,29156,Austrelaps superbus,direct_original_and_live_match,yes
A8Y7N5,Daboia siamensis,Daboia siamensis,Daboia siamensis,343250,343250,Daboia siamensis,direct_original_and_live_match,no
A8Y7P3,Daboia siamensis,Daboia siamensis,Daboia siamensis,343250,343250,Daboia siamensis,direct_original_and_live_match,no
A8Y7P4,Daboia siamensis,Daboia siamensis,Daboia siamensis,343250,343250,Daboia siamensis,direct_original_and_live_match,no
B0VXT6,Sistrurus catenatus,Sistrurus catenatus,Sistrurus catenatus,8762,8756,Sistrurus catenatus,direct_original_and_live_match,no
B0VXU3,Sistrurus catenatus,Sistrurus catenatus,Sistrurus catenatus,8762,8756,Sistrurus catenatus,direct_original_and_live_match,no
B0VXV3,Sistrurus catenatus,Sistrurus catenatus,Sistrurus catenatus,8762,8756,Sistrurus catenatus,direct_original_and_live_match,no
B0VXV4,Sistrurus catenatus,Sistrurus catenatus,Sistrurus catenatus,8762,8756,Sistrurus catenatus,direct_original_and_live_match,no
B0VXV5,Sistrurus catenatus,Sistrurus catenatus,Sistrurus catenatus,8762,8756,Sistrurus catenatus,direct_original_and_live_match,no
B0VXW0,Sistrurus catenatus,Sistrurus catenatus,Sistrurus catenatus,8762,8756,Sistrurus catenatus,direct_original_and_live_match,no
B1Q3K2,Protobothrops flavoviridis,Protobothrops flavoviridis,Protobothrops flavoviridis,88087,88087,Protobothrops flavoviridis,direct_original_and_live_match,no
B2BRQ5,Austrelaps spp,Austrelaps labialis,Austrelaps labialis,471292,471292,Austrelaps labialis,direct_original_and_live_match,yes
B2BRS4,Austrelaps spp,Austrelaps labialis,Austrelaps labialis,471292,471292,Austrelaps labialis,direct_original_and_live_match,yes
B2BRS5,Austrelaps spp,Austrelaps labialis,Austrelaps labialis,471292,471292,Austrelaps labialis,direct_original_and_live_match,yes
B2BRS6,Austrelaps spp,Austrelaps labialis,Austrelaps labialis,471292,471292,Austrelaps labialis,direct_original_and_live_match,yes
B2BRS7,Austrelaps spp,Austrelaps labialis,Austrelaps labialis,471292,471292,Austrelaps labialis,direct_original_and_live_match,yes
B2BRS8,Austrelaps spp,Austrelaps labialis,Austrelaps labialis,471292,471292,Austrelaps labialis,direct_original_and_live_match,yes
B2BRS9,Austrelaps spp,Austrelaps labialis,Austrelaps labialis,471292,471292,Austrelaps labialis,direct_original_and_live_match,yes
B3A0N1,Bothrops atrox,Bothrops atrox,Bothrops atrox,8725,8725,Bothrops atrox,direct_original_and_live_match,no
B3EWG8,Porthidium nasutum,Porthidium nasutum,Porthidium nasutum,74558,74558,Porthidium nasutum,direct_original_and_live_match,no
B3EWH9,Hemachatus haemachatus,Hemachatus haemachatus,Hemachatus haemachatus,8626,8626,Hemachatus haemachatus,direct_original_and_live_match,no
B3EWI9,Bothrops mattogrossensis,Bothrops mattogrossensis,Bothrops mattogrossensis,1171125,1171125,Bothrops mattogrossensis,direct_original_and_live_match,no
B3EWQ8,Bungarus fasciatus,Bungarus fasciatus,Bungarus fasciatus,8613,8613,Bungarus fasciatus,direct_original_and_live_match,no
B3EWR3,Naja naja,Naja naja,Naja naja,35670,35670,Naja naja,direct_original_and_live_match,no
B3EWY2,,Crotalus lutosus,Crotalus lutosus,128077,,,group_level_or_name_unresolved,no
B3EWY3,,Crotalus lutosus,Crotalus lutosus,128077,,,group_level_or_name_unresolved,no
B5G6G1,Tropidechis carinatus,Tropidechis carinatus,Tropidechis carinatus,100989,100989,Tropidechis carinatus,direct_original_and_live_match,no
B5U6Y3,Echis ocellatus,Echis ocellatus,Echis ocellatus,99586,99586,Echis ocellatus,direct_original_and_live_match,no
B5U6Y8,Echis ocellatus,Echis ocellatus,Echis ocellatus,99586,99586,Echis ocellatus,direct_original_and_live_match,no
C0HJB0,Dendroaspis angusticeps,Dendroaspis angusticeps,Dendroaspis angusticeps,8618,8618,Dendroaspis angusticeps,direct_original_and_live_match,no
C0HJI9,Bungarus fasciatus,Bungarus fasciatus,Bungarus fasciatus,8613,8613,Bungarus fasciatus,direct_original_and_live_match,no
C0HJM4,Crotalus simus,Crotalus simus,Crotalus simus,1043007,1043007,Crotalus simus,direct_original_and_live_match,no
C0HJM5,Cerrophidion sasai,Cerrophidion sasai,Cerrophidion sasai,1200835,1200835,Cerrophidion sasai,direct_original_and_live_match,no
C0HJQ0,Bothrops diporus,Bothrops diporus,Bothrops diporus,1107943,1107943,Bothrops diporus,direct_original_and_live_match,no
C0HJR1,Micrurus mipartitus,Micrurus mipartitus,Micrurus mipartitus,430902,430902,Micrurus mipartitus,direct_original_and_live_match,no
C0HJR2,Micrurus mipartitus,Micrurus mipartitus,Micrurus mipartitus,430902,430902,Micrurus mipartitus,direct_original_and_live_match,no
C0HJR6,Crotalus durissus,Crotalus durissus,Crotalus durissus,8732,8731,Crotalus durissus,direct_original_and_live_match,no
C0HJT4,Dendroaspis angusticeps,Dendroaspis angusticeps,Dendroaspis angusticeps,8618,8618,Dendroaspis angusticeps,direct_original_and_live_match,no
C0HJT5,Hemachatus haemachatus,Hemachatus haemachatus,Hemachatus haemachatus,8626,8626,Hemachatus haemachatus,direct_original_and_live_match,no
C0HJW9,Naja kaouthia,Naja kaouthia,Naja kaouthia,8649,8649,Naja kaouthia,direct_original_and_live_match,no
C0HK18,Crotalus durissus,Crotalus durissus,Crotalus durissus,8732,8731,Crotalus durissus,direct_original_and_live_match,no
C0HK19,Crotalus durissus,Crotalus durissus,Crotalus durissus,8732,8731,Crotalus durissus,direct_original_and_live_match,no
C0HKZ6,,Macrovipera lebetinus,Macrovipera lebetinus,3148341,,,group_level_or_name_unresolved,no
C0HKZ7,,Macrovipera lebetinus,Macrovipera lebetinus,3148341,,,group_level_or_name_unresolved,no
C0HKZ8,Walterinnesia aegyptia,Walterinnesia aegyptia,Walterinnesia aegyptia,64182,64182,Walterinnesia aegyptia,direct_original_and_live_match,no
C0HLA5,Dendroaspis viridis,Dendroaspis viridis,Dendroaspis viridis,8621,8621,Dendroaspis viridis,direct_original_and_live_match,no
C0HLA6,Dendroaspis polylepis,Dendroaspis polylepis,Dendroaspis polylepis,8620,8624,Dendroaspis polylepis,direct_original_and_live_match,no
C0HLA7,Dendroaspis viridis,Dendroaspis viridis,Dendroaspis viridis,8621,8621,Dendroaspis viridis,direct_original_and_live_match,no
C0HLA8,Dendroaspis jamesoni,Dendroaspis jamesoni,Dendroaspis jamesoni,8619,8623,Dendroaspis jamesoni,direct_original_and_live_match,no
C0HLA9,Dendroaspis viridis,Dendroaspis viridis,Dendroaspis viridis,8621,8621,Dendroaspis viridis,direct_original_and_live_match,no
C0HLB0,Dendroaspis viridis,Dendroaspis viridis,Dendroaspis viridis,8621,8621,Dendroaspis viridis,direct_original_and_live_match,no
C0HLK3,,Micrurus tschudii,Micrurus tschudii,2527855,,,group_level_or_name_unresolved,no
C0HM08,Naja naja,Naja naja,Naja naja,35670,35670,Naja naja,direct_original_and_live_match,no
C0HM09,Naja naja,Naja naja,Naja naja,35670,35670,Naja naja,direct_original_and_live_match,no
C0HMB6,Bothrops moojeni,Bothrops moojeni,Bothrops moojeni,98334,98334,Bothrops moojeni,direct_original_and_live_match,no
C0HMC4,Protobothrops mucrosquamatus,Protobothrops mucrosquamatus,Protobothrops mucrosquamatus,103944,103944,Protobothrops mucrosquamatus,direct_original_and_live_match,no
C0HME7,Deinagkistrodon acutus,Deinagkistrodon acutus,Deinagkistrodon acutus,36307,36307,Deinagkistrodon acutus,direct_original_and_live_match,no
C0HML9,Protobothrops mucrosquamatus,Protobothrops mucrosquamatus,Protobothrops mucrosquamatus,103944,103944,Protobothrops mucrosquamatus,direct_original_and_live_match,no
C0K3N2,Agkistrodon piscivorus,Agkistrodon piscivorus,Agkistrodon piscivorus,8716,8715,Agkistrodon piscivorus,direct_original_and_live_match,no
C0LZJ5,,Macrovipera lebetinus,Macrovipera lebetinus,384075,,,group_level_or_name_unresolved,no
C1IC48,Walterinnesia aegyptia,Walterinnesia aegyptia,Walterinnesia aegyptia,64182,64182,Walterinnesia aegyptia,direct_original_and_live_match,no
C1IC50,Walterinnesia aegyptia,Walterinnesia aegyptia,Walterinnesia aegyptia,64182,64182,Walterinnesia aegyptia,direct_original_and_live_match,no
C1IC52,Walterinnesia aegyptia,Walterinnesia aegyptia,Walterinnesia aegyptia,64182,64182,Walterinnesia aegyptia,direct_original_and_live_match,no
C1IC53,Walterinnesia aegyptia,Walterinnesia aegyptia,Walterinnesia aegyptia,64182,64182,Walterinnesia aegyptia,direct_original_and_live_match,no
C5H5D2,Bothrops atrox,Bothrops atrox,Bothrops atrox,8725,8725,Bothrops atrox,direct_original_and_live_match,no
C5H5D3,Bothrops atrox,Bothrops atrox,Bothrops atrox,8725,8725,Bothrops atrox,direct_original_and_live_match,no
C5H5D4,Bothrops atrox,Bothrops atrox,Bothrops atrox,8725,8725,Bothrops atrox,direct_original_and_live_match,no
C5H5D5,Lachesis muta,Lachesis muta,Lachesis muta,60219,8752,Lachesis muta,direct_original_and_live_match,no
C5H5D6,Lachesis muta,Lachesis muta,Lachesis muta,60219,8752,Lachesis muta,direct_original_and_live_match,no
C6JUP3,Micrurus corallinus,Micrurus corallinus,Micrurus corallinus,54390,54390,Micrurus corallinus,direct_original_and_live_match,no
C9E1R7,Crotalus atrox,Crotalus atrox,Crotalus atrox,8730,8730,Crotalus atrox,direct_original_and_live_match,no
C9E1R8,Crotalus viridis,Crotalus viridis,Crotalus viridis,8742,8739,Crotalus viridis,direct_original_and_live_match,no
C9E1S0,Agkistrodon piscivorus,Agkistrodon piscivorus,Agkistrodon piscivorus,459671,8715,Agkistrodon piscivorus,direct_original_and_live_match,no
C9E7C4,Crotalus durissus,Crotalus durissus,Crotalus durissus,8732,8731,Crotalus durissus,direct_original_and_live_match,no
D1MZV3,Rhabdophis tigrinus,Rhabdophis tigrinus,Rhabdophis tigrinus,193080,126484,Rhabdophis tigrinus,direct_original_and_live_match,no
D2YW39,Calloselasma rhodostoma,Calloselasma rhodostoma,Calloselasma rhodostoma,8717,8717,Calloselasma rhodostoma,direct_original_and_live_match,no
D2YW40,Calloselasma rhodostoma,Calloselasma rhodostoma,Calloselasma rhodostoma,8717,8717,Calloselasma rhodostoma,direct_original_and_live_match,no
D3YLG9,Echis ocellatus,Echis ocellatus,Echis ocellatus,99586,99586,Echis ocellatus,direct_original_and_live_match,no
D5J9R7,Bungarus flaviceps,Bungarus flaviceps,Bungarus flaviceps,8614,8614,Bungarus flaviceps,direct_original_and_live_match,no
D5J9R8,Bungarus flaviceps,Bungarus flaviceps,Bungarus flaviceps,8614,8614,Bungarus flaviceps,direct_original_and_live_match,no
D5LMJ3,Naja atra,Naja atra,Naja atra,8656,8656,Naja atra,direct_original_and_live_match,no
D8MIA0,Bitis rhinoceros,Bitis rhinoceros,Bitis rhinoceros,715877,715877,Bitis rhinoceros,direct_original_and_live_match,no
D8MIA1,Bitis rhinoceros,Bitis rhinoceros,Bitis rhinoceros,715877,715877,Bitis rhinoceros,direct_original_and_live_match,no
D8MIA2,Bitis rhinoceros,Bitis rhinoceros,Bitis rhinoceros,715877,715877,Bitis rhinoceros,direct_original_and_live_match,no
D8MIA3,Bitis rhinoceros,Bitis rhinoceros,Bitis rhinoceros,715877,715877,Bitis rhinoceros,direct_original_and_live_match,no
D8VNS7,,Cerberus rynchops,Cerberus rynchops,46267,,,group_level_or_name_unresolved,no
D8VNS8,,Cerberus rynchops,Cerberus rynchops,46267,,,group_level_or_name_unresolved,no
D8VNS9,,Cerberus rynchops,Cerberus rynchops,46267,,,group_level_or_name_unresolved,no
D8VNT0,,Cerberus rynchops,Cerberus rynchops,46267,,,group_level_or_name_unresolved,no
E0Y418,,Macrovipera lebetinus,Macrovipera lebetinus,3148341,,,group_level_or_name_unresolved,no
E0Y420,,Macrovipera lebetinus,Macrovipera lebetinus,3148341,,,group_level_or_name_unresolved,no
E2DQZ5,Protobothrops jerdonii,Protobothrops jerdonii,Protobothrops jerdonii,242841,242841,Protobothrops jerdonii,direct_original_and_live_match,no
E2DQZ6,Protobothrops jerdonii,Protobothrops jerdonii,Protobothrops jerdonii,242841,242841,Protobothrops jerdonii,direct_original_and_live_match,no
E5AJX2,Vipera nikolskii,Vipera nikolskii,Vipera nikolskii,1808362,1808362,Vipera nikolskii,direct_original_and_live_match,no
E5L0E3,Daboia siamensis,Daboia siamensis,Daboia siamensis,343250,343250,Daboia siamensis,direct_original_and_live_match,no
E5L0E4,Daboia siamensis,Daboia siamensis,Daboia siamensis,343250,343250,Daboia siamensis,direct_original_and_live_match,no
E5L0E6,Agkistrodon piscivorus,Agkistrodon piscivorus,Agkistrodon piscivorus,459671,8715,Agkistrodon piscivorus,direct_original_and_live_match,no
E7FL11,Pseudechis rossignolii,Pseudechis rossignolii,Pseudechis rossignolii,1489342,1489342,Pseudechis rossignolii,direct_original_and_live_match,no
E7FL12,Pseudechis rossignolii,Pseudechis rossignolii,Pseudechis rossignolii,1489342,1489342,Pseudechis rossignolii,direct_original_and_live_match,no
E7FL13,Pseudechis rossignolii,Pseudechis rossignolii,Pseudechis rossignolii,1489342,1489342,Pseudechis rossignolii,direct_original_and_live_match,no
E9NW26,Protobothrops mucrosquamatus,Protobothrops mucrosquamatus,Protobothrops mucrosquamatus,103944,103944,Protobothrops mucrosquamatus,direct_original_and_live_match,no
E9NW27,Protobothrops mucrosquamatus,Protobothrops mucrosquamatus,Protobothrops mucrosquamatus,103944,103944,Protobothrops mucrosquamatus,direct_original_and_live_match,no
E9NW28,Protobothrops mucrosquamatus,Protobothrops mucrosquamatus,Protobothrops mucrosquamatus,103944,103944,Protobothrops mucrosquamatus,direct_original_and_live_match,no
F5CPD3,,Micrurus altirostris,Micrurus altirostris,129457,,,group_level_or_name_unresolved,no
F5CPD5,,Micrurus altirostris,Micrurus altirostris,129457,,,group_level_or_name_unresolved,no
F5CPD8,,Micrurus altirostris,Micrurus altirostris,129457,,,group_level_or_name_unresolved,no
F5CPE0,,Micrurus altirostris,Micrurus altirostris,129457,,,group_level_or_name_unresolved,no
F5CPE4,,Micrurus altirostris,Micrurus altirostris,129457,,,group_level_or_name_unresolved,no
F8J2D0,,Drysdalia coronoides,Drysdalia coronoides,66186,,,group_level_or_name_unresolved,no
F8J2D1,,Drysdalia coronoides,Drysdalia coronoides,66186,,,group_level_or_name_unresolved,no
F8J2D2,,Drysdalia coronoides,Drysdalia coronoides,66186,,,group_level_or_name_unresolved,no
F8QN50,Vipera renardi,Vipera renardi,Vipera renardi,927686,927686,Vipera renardi,direct_original_and_live_match,no
F8QN52,Vipera renardi,Vipera renardi,Vipera renardi,927686,927686,Vipera renardi,direct_original_and_live_match,no
F8S0Z5,Crotalus adamanteus,Crotalus adamanteus,Crotalus adamanteus,8729,8729,Crotalus adamanteus,direct_original_and_live_match,no
F8S108,Crotalus adamanteus,Crotalus adamanteus,Crotalus adamanteus,8729,8729,Crotalus adamanteus,direct_original_and_live_match,no
F8S116,Crotalus adamanteus,Crotalus adamanteus,Crotalus adamanteus,8729,8729,Crotalus adamanteus,direct_original_and_live_match,no
H6BFA2,,Crotalus helleri,Crotalus helleri,8741,,,group_level_or_name_unresolved,no
H6BFA3,,Crotalus helleri,Crotalus helleri,8741,,,group_level_or_name_unresolved,no
H6BFA4,,Crotalus helleri,Crotalus helleri,8741,,,group_level_or_name_unresolved,no
H8PG96,,Suta nigriceps,Suta nigriceps,687874,,,group_level_or_name_unresolved,no
I1SB18,Vipera ammodytes,Vipera ammodytes,Vipera ammodytes,73841,8704,Vipera ammodytes,direct_original_and_live_match,no
I7ICN3,Bitis rhinoceros,Bitis rhinoceros,Bitis rhinoceros,715877,715877,Bitis rhinoceros,direct_original_and_live_match,no
I7JUQ0,Bitis rhinoceros,Bitis rhinoceros,Bitis rhinoceros,715877,715877,Bitis rhinoceros,direct_original_and_live_match,no
J3RY63,Crotalus adamanteus,Crotalus adamanteus,Crotalus adamanteus,8729,8729,Crotalus adamanteus,direct_original_and_live_match,no
J3RY93,Crotalus adamanteus,Crotalus adamanteus,Crotalus adamanteus,8729,8729,Crotalus adamanteus,direct_original_and_live_match,no
J3RYA3,Crotalus adamanteus,Crotalus adamanteus,Crotalus adamanteus,8729,8729,Crotalus adamanteus,direct_original_and_live_match,no
J3S3V5,Crotalus adamanteus,Crotalus adamanteus,Crotalus adamanteus,8729,8729,Crotalus adamanteus,direct_original_and_live_match,no
J3S3V6,Crotalus adamanteus,Crotalus adamanteus,Crotalus adamanteus,8729,8729,Crotalus adamanteus,direct_original_and_live_match,no
J3S3W5,Crotalus adamanteus,Crotalus adamanteus,Crotalus adamanteus,8729,8729,Crotalus adamanteus,direct_original_and_live_match,no
J3S823,Crotalus adamanteus,Crotalus adamanteus,Crotalus adamanteus,8729,8729,Crotalus adamanteus,direct_original_and_live_match,no
J3S829,Crotalus adamanteus,Crotalus adamanteus,Crotalus adamanteus,8729,8729,Crotalus adamanteus,direct_original_and_live_match,no
J3S830,Crotalus adamanteus,Crotalus adamanteus,Crotalus adamanteus,8729,8729,Crotalus adamanteus,direct_original_and_live_match,no
J3S832,Crotalus adamanteus,Crotalus adamanteus,Crotalus adamanteus,8729,8729,Crotalus adamanteus,direct_original_and_live_match,no
J3S833,Crotalus adamanteus,Crotalus adamanteus,Crotalus adamanteus,8729,8729,Crotalus adamanteus,direct_original_and_live_match,no
J3S835,Crotalus adamanteus,Crotalus adamanteus,Crotalus adamanteus,8729,8729,Crotalus adamanteus,direct_original_and_live_match,no
J3S836,Crotalus adamanteus,Crotalus adamanteus,Crotalus adamanteus,8729,8729,Crotalus adamanteus,direct_original_and_live_match,no
J3SBP4,Crotalus adamanteus,Crotalus adamanteus,Crotalus adamanteus,8729,8729,Crotalus adamanteus,direct_original_and_live_match,no
J3SBP9,Crotalus adamanteus,Crotalus adamanteus,Crotalus adamanteus,8729,8729,Crotalus adamanteus,direct_original_and_live_match,no
J3SBQ3,Crotalus adamanteus,Crotalus adamanteus,Crotalus adamanteus,8729,8729,Crotalus adamanteus,direct_original_and_live_match,no
J3SDK6,Crotalus adamanteus,Crotalus adamanteus,Crotalus adamanteus,8729,8729,Crotalus adamanteus,direct_original_and_live_match,no
J3SDV8,Crotalus adamanteus,Crotalus adamanteus,Crotalus adamanteus,8729,8729,Crotalus adamanteus,direct_original_and_live_match,no
J3SDV9,Crotalus adamanteus,Crotalus adamanteus,Crotalus adamanteus,8729,8729,Crotalus adamanteus,direct_original_and_live_match,no
J3SDW0,Crotalus adamanteus,Crotalus adamanteus,Crotalus adamanteus,8729,8729,Crotalus adamanteus,direct_original_and_live_match,no
J3SDW6,Crotalus adamanteus,Crotalus adamanteus,Crotalus adamanteus,8729,8729,Crotalus adamanteus,direct_original_and_live_match,no
J3SDW8,Crotalus adamanteus,Crotalus adamanteus,Crotalus adamanteus,8729,8729,Crotalus adamanteus,direct_original_and_live_match,no
J3SDW9,Crotalus adamanteus,Crotalus adamanteus,Crotalus adamanteus,8729,8729,Crotalus adamanteus,direct_original_and_live_match,no
J3SDX0,Crotalus adamanteus,Crotalus adamanteus,Crotalus adamanteus,8729,8729,Crotalus adamanteus,direct_original_and_live_match,no
J3SDY6,Crotalus adamanteus,Crotalus adamanteus,Crotalus adamanteus,8729,8729,Crotalus adamanteus,direct_original_and_live_match,no
K0IV83,Gloydius blomhoffi,Gloydius blomhoffii,Gloydius blomhoffii,242054,,,group_level_or_name_unresolved,no
K7RW47,Oxyuranus microlepidotus,Oxyuranus microlepidotus,Oxyuranus microlepidotus,111177,111177,Oxyuranus microlepidotus,direct_original_and_live_match,no
M5BGS2,Atheris squamigera,Atheris squamigera,Atheris squamigera,110225,110225,Atheris squamigera,direct_original_and_live_match,no
M5BGY5,Atheris chlorechis,Atheris chlorechis,Atheris chlorechis,110216,110216,Atheris chlorechis,direct_original_and_live_match,no
M5BHN0,,Atheris nitschei,Atheris nitschei,110224,,,group_level_or_name_unresolved,no
N0AAE6,Gloydius halys,Gloydius halys,Gloydius halys,8714,8714,Gloydius halys,direct_original_and_live_match,no
O13057,Protobothrops flavoviridis,Protobothrops flavoviridis,Protobothrops flavoviridis,88087,88087,Protobothrops flavoviridis,direct_original_and_live_match,no
O13058,Protobothrops flavoviridis,Protobothrops flavoviridis,Protobothrops flavoviridis,88087,88087,Protobothrops flavoviridis,direct_original_and_live_match,no
O13059,,Craspedocephalus gramineus,Craspedocephalus gramineus,8767,,,group_level_or_name_unresolved,no
O13060,,Craspedocephalus gramineus,Craspedocephalus gramineus,8767,,,group_level_or_name_unresolved,no
O13061,,Craspedocephalus gramineus,Craspedocephalus gramineus,8767,,,group_level_or_name_unresolved,no
O13062,,Craspedocephalus gramineus,Craspedocephalus gramineus,8767,,,group_level_or_name_unresolved,no
O13063,,Craspedocephalus gramineus,Craspedocephalus gramineus,8767,,,group_level_or_name_unresolved,no
O42257,Naja sputatrix,Naja sputatrix,Naja sputatrix,33626,33626,Naja sputatrix,direct_original_and_live_match,no
O73795,Gloydius brevicaudus,Gloydius brevicauda,Gloydius brevicauda,3148161,,,group_level_or_name_unresolved,no
O73800,Gloydius halys,Gloydius halys,Gloydius halys,8714,8714,Gloydius halys,direct_original_and_live_match,no
O73856,Naja sputatrix,Naja sputatrix,Naja sputatrix,33626,33626,Naja sputatrix,direct_original_and_live_match,no
O73857,Naja sputatrix,Naja sputatrix,Naja sputatrix,33626,33626,Naja sputatrix,direct_original_and_live_match,no
O93421,Gloydius halys,Gloydius halys,Gloydius halys,8714,8714,Gloydius halys,direct_original_and_live_match,no
O93472,Naja sputatrix,Naja sputatrix,Naja sputatrix,33626,33626,Naja sputatrix,direct_original_and_live_match,no
O93515,Gloydius brevicaudus,Gloydius brevicauda,Gloydius brevicauda,3148161,,,group_level_or_name_unresolved,no
O93516,Gloydius brevicaudus,Gloydius brevicauda,Gloydius brevicauda,3148161,,,group_level_or_name_unresolved,no
O93517,Gloydius brevicaudus,Gloydius brevicauda,Gloydius brevicauda,3148161,,,group_level_or_name_unresolved,no
O93518,Gloydius brevicaudus,Gloydius brevicauda,Gloydius brevicauda,3148161,,,group_level_or_name_unresolved,no
P00602,Naja mossambica,Naja mossambica,Naja mossambica,8644,8644,Naja mossambica,direct_original_and_live_match,no
P00603,Naja mossambica,Naja mossambica,Naja mossambica,8644,8644,Naja mossambica,direct_original_and_live_match,no
P00984,Dendroaspis polylepis,Dendroaspis polylepis,Dendroaspis polylepis,8620,8624,Dendroaspis polylepis,direct_original_and_live_match,no
P01022,Bothrops jararaca,Bothrops jararaca,Bothrops jararaca,8724,8724,Bothrops jararaca,direct_original_and_live_match,no
P01380,,Hydrophis stokesii,Hydrophis stokesii,355677,,,group_level_or_name_unresolved,no
P01381,,Hydrophis stokesii,Hydrophis stokesii,355677,,,group_level_or_name_unresolved,no
P01382,Naja oxiana,Naja oxiana,Naja oxiana,8657,8657,Naja oxiana,direct_original_and_live_match,no
P01384,Notechis scutatus,Notechis scutatus,Notechis scutatus,70142,8663,Notechis scutatus,direct_original_and_live_match,no
P01386,Ophiophagus hannah,Ophiophagus hannah,Ophiophagus hannah,8665,8665,Ophiophagus hannah,direct_original_and_live_match,no
P01388,Naja melanoleuca,Naja melanoleuca,Naja melanoleuca,8643,8643,Naja melanoleuca,direct_original_and_live_match,no
P01389,Naja anchietae,Naja anchietae,Naja anchietae,263737,263737,Naja anchietae,direct_original_and_live_match,no
P01390,Naja nivea,Naja nivea,Naja nivea,8655,8655,Naja nivea,direct_original_and_live_match,no
P01394,Dendroaspis viridis,Dendroaspis viridis,Dendroaspis viridis,8621,8621,Dendroaspis viridis,direct_original_and_live_match,no
P01395,Dendroaspis viridis,Dendroaspis viridis,Dendroaspis viridis,8621,8621,Dendroaspis viridis,direct_original_and_live_match,no
P01396,Dendroaspis polylepis,Dendroaspis polylepis,Dendroaspis polylepis,8620,8624,Dendroaspis polylepis,direct_original_and_live_match,no
P01409,Dendroaspis angusticeps,Dendroaspis angusticeps,Dendroaspis angusticeps,8618,8618,Dendroaspis angusticeps,direct_original_and_live_match,no
P01412,Ophiophagus hannah,Ophiophagus hannah,Ophiophagus hannah,8665,8665,Ophiophagus hannah,direct_original_and_live_match,no
P01414,Dendroaspis polylepis,Dendroaspis polylepis,Dendroaspis polylepis,8620,8624,Dendroaspis polylepis,direct_original_and_live_match,no
P01416,Dendroaspis polylepis,Dendroaspis polylepis,Dendroaspis polylepis,8620,8624,Dendroaspis polylepis,direct_original_and_live_match,no
P01418,Dendroaspis viridis,Dendroaspis viridis,Dendroaspis viridis,8621,8621,Dendroaspis viridis,direct_original_and_live_match,no
P01420,Naja annulifera,Naja annulifera,Naja annulifera,96794,96794,Naja annulifera,direct_original_and_live_match,no
P01421,Naja annulifera,Naja annulifera,Naja annulifera,96794,96794,Naja annulifera,direct_original_and_live_match,no
P01422,Naja annulifera,Naja annulifera,Naja annulifera,96794,96794,Naja annulifera,direct_original_and_live_match,no
P01423,Naja nivea,Naja nivea,Naja nivea,8655,8655,Naja nivea,direct_original_and_live_match,no
P01425,Hemachatus haemachatus,Hemachatus haemachatus,Hemachatus haemachatus,8626,8626,Hemachatus haemachatus,direct_original_and_live_match,no
P01426,Naja pallida,Naja pallida,Naja pallida,8658,8658,Naja pallida,direct_original_and_live_match,no
P01427,Naja oxiana,Naja oxiana,Naja oxiana,8657,8657,Naja oxiana,direct_original_and_live_match,no
P01431,Naja mossambica,Naja mossambica,Naja mossambica,8644,8644,Naja mossambica,direct_original_and_live_match,no
P01432,Naja mossambica,Naja mossambica,Naja mossambica,8644,8644,Naja mossambica,direct_original_and_live_match,no
P01433,Hemachatus haemachatus,Hemachatus haemachatus,Hemachatus haemachatus,8626,8626,Hemachatus haemachatus,direct_original_and_live_match,no
P01434,Acanthophis antarcticus,Acanthophis antarcticus,Acanthophis antarcticus,8605,8605,Acanthophis antarcticus,direct_original_and_live_match,no
P01437,,Hydrophis lapemoides,Hydrophis lapemoides,8684,,,group_level_or_name_unresolved,no
P01440,Naja naja,Naja naja,Naja naja,35670,35670,Naja naja,direct_original_and_live_match,no
P01441,Naja oxiana,Naja oxiana,Naja oxiana,8657,8657,Naja oxiana,direct_original_and_live_match,no
P01447,Naja naja,Naja naja,Naja naja,35670,35670,Naja naja,direct_original_and_live_match,no
P01448,Naja melanoleuca,Naja melanoleuca,Naja melanoleuca,8643,8643,Naja melanoleuca,direct_original_and_live_match,no
P01451,Naja oxiana,Naja oxiana,Naja oxiana,8657,8657,Naja oxiana,direct_original_and_live_match,no
P01453,Naja annulifera,Naja annulifera,Naja annulifera,96794,96794,Naja annulifera,direct_original_and_live_match,no
P01454,Naja annulifera,Naja annulifera,Naja annulifera,96794,96794,Naja annulifera,direct_original_and_live_match,no
P01455,Naja annulifera,Naja annulifera,Naja annulifera,96794,96794,Naja annulifera,direct_original_and_live_match,no
P01456,Naja nivea,Naja nivea,Naja nivea,8655,8655,Naja nivea,direct_original_and_live_match,no
P01457,Naja haje,Naja haje,Naja haje,8642,8639,Naja haje,direct_original_and_live_match,no
P01458,Naja nivea,Naja nivea,Naja nivea,8655,8655,Naja nivea,direct_original_and_live_match,no
P01459,Naja annulifera,Naja annulifera,Naja annulifera,96794,96794,Naja annulifera,direct_original_and_live_match,no
P01460,Naja annulifera,Naja annulifera,Naja annulifera,96794,96794,Naja annulifera,direct_original_and_live_match,no
P01461,Naja annulifera,Naja annulifera,Naja annulifera,96794,96794,Naja annulifera,direct_original_and_live_match,no
P01462,Naja annulifera,Naja annulifera,Naja annulifera,96794,96794,Naja annulifera,direct_original_and_live_match,no
P01463,Naja nivea,Naja nivea,Naja nivea,8655,8655,Naja nivea,direct_original_and_live_match,no
P01464,Naja annulifera,Naja annulifera,Naja annulifera,96794,96794,Naja annulifera,direct_original_and_live_match,no
P01465,Naja annulifera,Naja annulifera,Naja annulifera,96794,96794,Naja annulifera,direct_original_and_live_match,no
P01466,Naja annulifera,Naja annulifera,Naja annulifera,96794,96794,Naja annulifera,direct_original_and_live_match,no
P01468,Naja pallida,Naja pallida,Naja pallida,8658,8658,Naja pallida,direct_original_and_live_match,no
P01470,Naja mossambica,Naja mossambica,Naja mossambica,8644,8644,Naja mossambica,direct_original_and_live_match,no
P01473,Naja melanoleuca,Naja melanoleuca,Naja melanoleuca,8643,8643,Naja melanoleuca,direct_original_and_live_match,no
P01474,Naja melanoleuca,Naja melanoleuca,Naja melanoleuca,8643,8643,Naja melanoleuca,direct_original_and_live_match,no
P01477,,Crotalus helleri,Crotalus helleri,8741,,,group_level_or_name_unresolved,no
P06860,Protobothrops flavoviridis,Protobothrops flavoviridis,Protobothrops flavoviridis,88087,88087,Protobothrops flavoviridis,direct_original_and_live_match,no
P07525,Naja atra,Naja atra,Naja atra,8656,8656,Naja atra,direct_original_and_live_match,no
P0C1Y9,Dendroaspis angusticeps,Dendroaspis angusticeps,Dendroaspis angusticeps,8618,8618,Dendroaspis angusticeps,direct_original_and_live_match,no
P0C2D6,Protobothrops mucrosquamatus,Protobothrops mucrosquamatus,Protobothrops mucrosquamatus,103944,103944,Protobothrops mucrosquamatus,direct_original_and_live_match,no
P0C547,Naja atra,Naja atra,Naja atra,8656,8656,Naja atra,direct_original_and_live_match,no
P0C552,Bungarus fasciatus,Bungarus fasciatus,Bungarus fasciatus,8613,8613,Bungarus fasciatus,direct_original_and_live_match,no
P0C553,Bungarus fasciatus,Bungarus fasciatus,Bungarus fasciatus,8613,8613,Bungarus fasciatus,direct_original_and_live_match,no
P0C554,Bungarus fasciatus,Bungarus fasciatus,Bungarus fasciatus,8613,8613,Bungarus fasciatus,direct_original_and_live_match,no
P0C603,,Boiga dendrophila,Boiga dendrophila,46286,,,group_level_or_name_unresolved,no
P0C616,Bothrops asper,Bothrops asper,Bothrops asper,8722,8722,Bothrops asper,direct_original_and_live_match,no
P0C6A3,,Echis multisquamatus,Echis multisquamatus,93050,,,group_level_or_name_unresolved,no
P0C6A4,Echis ocellatus,Echis ocellatus,Echis ocellatus,99586,99586,Echis ocellatus,direct_original_and_live_match,no
P0C6A5,Vipera ammodytes,Vipera ammodytes,Vipera ammodytes,8705,8704,Vipera ammodytes,direct_original_and_live_match,no
P0C6A6,Vipera berus,Vipera berus,Vipera berus,31156,31155,Vipera berus,direct_original_and_live_match,no
P0C6A7,Vipera berus,Vipera berus,Vipera berus,31156,31155,Vipera berus,direct_original_and_live_match,no
P0C6A8,Macrovipera lebetina,Macrovipera lebetina,Macrovipera lebetina,209528,,,group_level_or_name_unresolved,no
P0C6A9,Macrovipera lebetina,Macrovipera lebetina,Macrovipera lebetina,209528,,,group_level_or_name_unresolved,no
P0C6B0,Macrovipera lebetina,Macrovipera lebetina,Macrovipera lebetina,209528,,,group_level_or_name_unresolved,no
P0C6B4,Echis carinatus,Echis carinatus,Echis carinatus,40353,40353,Echis carinatus,direct_original_and_live_match,no
P0C6B5,Echis carinatus,Echis carinatus,Echis carinatus,40353,40353,Echis carinatus,direct_original_and_live_match,no
P0C6E2,Daboia palaestinae,Daboia palaestinae,Daboia palaestinae,1170828,1170828,Daboia palaestinae,direct_original_and_live_match,no
P0C6S0,,Bothrops pauloensis,Bothrops pauloensis,1042543,,,group_level_or_name_unresolved,no
P0C6S1,,Bothrops pauloensis,Bothrops pauloensis,1042543,,,group_level_or_name_unresolved,no
P0C6S5,Bothrops jararaca,Bothrops jararaca,Bothrops jararaca,8724,8724,Bothrops jararaca,direct_original_and_live_match,no
P0C7N3,Crotalus viridis,Crotalus viridis,Crotalus viridis,8742,8739,Crotalus viridis,direct_original_and_live_match,no
P0C7S4,Bothrops neuwiedi,Bothrops neuwiedi,Bothrops neuwiedi,95648,95648,Bothrops neuwiedi,direct_original_and_live_match,no
P0C7S7,Protobothrops mucrosquamatus,Protobothrops mucrosquamatus,Protobothrops mucrosquamatus,103944,103944,Protobothrops mucrosquamatus,direct_original_and_live_match,no
P0C8I7,Vipera ammodytes,Vipera ammodytes,Vipera ammodytes,8705,8704,Vipera ammodytes,direct_original_and_live_match,no
P0C8I9,Bothrops alternatus,Bothrops alternatus,Bothrops alternatus,64174,64174,Bothrops alternatus,direct_original_and_live_match,no
P0C8J0,Ophiophagus hannah,Ophiophagus hannah,Ophiophagus hannah,8665,8665,Ophiophagus hannah,direct_original_and_live_match,no
P0C8J1,Ophiophagus hannah,Ophiophagus hannah,Ophiophagus hannah,8665,8665,Ophiophagus hannah,direct_original_and_live_match,no
P0C8J2,Vipera ammodytes,Vipera ammodytes,Vipera ammodytes,8705,8704,Vipera ammodytes,direct_original_and_live_match,no
P0C8J3,Vipera ammodytes,Vipera ammodytes,Vipera ammodytes,8705,8704,Vipera ammodytes,direct_original_and_live_match,no
P0C8J4,Vipera ammodytes,Vipera ammodytes,Vipera ammodytes,8705,8704,Vipera ammodytes,direct_original_and_live_match,no
P0C8J5,Vipera ammodytes,Vipera ammodytes,Vipera ammodytes,8705,8704,Vipera ammodytes,direct_original_and_live_match,no
P0C929,,Bothrops insularis,Bothrops insularis,8723,,,group_level_or_name_unresolved,no
P0C930,,Bothrops insularis,Bothrops insularis,8723,,,group_level_or_name_unresolved,no
P0CAS9,,Micrurus pyrrhocryptus,Micrurus pyrrhocryptus,129468,,,group_level_or_name_unresolved,no
P0CB06,Oxyuranus scutellatus,Oxyuranus scutellatus,Oxyuranus scutellatus,8667,8668,Oxyuranus scutellatus,direct_original_and_live_match,no
P0CG02,,Hydrophis torquatus,Hydrophis torquatus,747462,,,group_level_or_name_unresolved,no
P0CH80,Naja kaouthia,Naja kaouthia,Naja kaouthia,8649,8649,Naja kaouthia,direct_original_and_live_match,no
P0CJ33,,Macrovipera lebetinus,Macrovipera lebetinus,3148341,,,group_level_or_name_unresolved,no
P0CJ35,Oxyuranus scutellatus,Oxyuranus scutellatus,Oxyuranus scutellatus,8667,8668,Oxyuranus scutellatus,direct_original_and_live_match,no
P0CJ40,Bothrops spp,Bothrops marajoensis,Bothrops marajoensis,157554,157554,Bothrops marajoensis,direct_original_and_live_match,yes
P0CV87,Crotalus atrox,Crotalus atrox,Crotalus atrox,8730,8730,Crotalus atrox,direct_original_and_live_match,no
P0CV89,Crotalus atrox,Crotalus atrox,Crotalus atrox,8730,8730,Crotalus atrox,direct_original_and_live_match,no
P0DI85,Deinagkistrodon acutus,Deinagkistrodon acutus,Deinagkistrodon acutus,36307,36307,Deinagkistrodon acutus,direct_original_and_live_match,no
P0DI87,,Bothrops insularis,Bothrops insularis,8723,,,group_level_or_name_unresolved,no
P0DI92,Bothrops spp,Bothrops marajoensis,Bothrops marajoensis,157554,157554,Bothrops marajoensis,direct_original_and_live_match,yes
P0DJ87,Bothrops leucurus,Bothrops leucurus,Bothrops leucurus,157295,157295,Bothrops leucurus,direct_original_and_live_match,no
P0DJC8,Bothrops asper,Bothrops asper,Bothrops asper,8722,8722,Bothrops asper,direct_original_and_live_match,no
P0DJC9,Bothrops asper,Bothrops asper,Bothrops asper,8722,8722,Bothrops asper,direct_original_and_live_match,no
P0DJE8,Bothrops jararacussu,Bothrops jararacussu,Bothrops jararacussu,8726,8726,Bothrops jararacussu,direct_original_and_live_match,no
P0DJF4,Trimeresurus albolabris,Trimeresurus albolabris,Trimeresurus albolabris,8765,8765,Trimeresurus albolabris,direct_original_and_live_match,no
P0DJF5,Trimeresurus albolabris,Trimeresurus albolabris,Trimeresurus albolabris,8765,8765,Trimeresurus albolabris,direct_original_and_live_match,no
P0DJG6,Crotalus viridis,Crotalus viridis,Crotalus viridis,8742,8739,Crotalus viridis,direct_original_and_live_match,no
P0DJJ1,Naja atra,Naja atra,Naja atra,8656,8656,Naja atra,direct_original_and_live_match,no
P0DJJ4,Naja oxiana,Naja oxiana,Naja oxiana,8657,8657,Naja oxiana,direct_original_and_live_match,no
P0DJK1,Atractaspis irregularis,Atractaspis irregularis,Atractaspis irregularis,512568,512568,Atractaspis irregularis,direct_original_and_live_match,no
P0DJK2,,Bothrops cotiara,Bothrops cotiara,8727,,,group_level_or_name_unresolved,no
P0DJK3,,Bothrops cotiara,Bothrops cotiara,8727,,,group_level_or_name_unresolved,no
P0DJK4,,Bothrops cotiara,Bothrops cotiara,8727,,,group_level_or_name_unresolved,no
P0DJK5,,Bothrops fonsecai,Bothrops fonsecai,157549,,,group_level_or_name_unresolved,no
P0DJK6,Bothrops jararaca,Bothrops jararaca,Bothrops jararaca,8724,8724,Bothrops jararaca,direct_original_and_live_match,no
P0DJK7,,Bothrops fonsecai,Bothrops fonsecai,157549,,,group_level_or_name_unresolved,no
P0DJL2,Trimeresurus purpureomaculatus,Trimeresurus purpureomaculatus,Trimeresurus purpureomaculatus,101163,101163,Trimeresurus purpureomaculatus,direct_original_and_live_match,no
P0DJL3,Trimeresurus purpureomaculatus,Trimeresurus purpureomaculatus,Trimeresurus purpureomaculatus,101163,101163,Trimeresurus purpureomaculatus,direct_original_and_live_match,no
P0DJL4,Daboia palaestinae,Daboia palaestinae,Daboia palaestinae,1170828,1170828,Daboia palaestinae,direct_original_and_live_match,no
P0DJL5,Daboia palaestinae,Daboia palaestinae,Daboia palaestinae,1170828,1170828,Daboia palaestinae,direct_original_and_live_match,no
P0DJM5,Crotalus viridis,Crotalus viridis,Crotalus viridis,8742,8739,Crotalus viridis,direct_original_and_live_match,no
P0DJM6,Protobothrops mangshanensis,Protobothrops mangshanensis,Protobothrops mangshanensis,242058,242058,Protobothrops mangshanensis,direct_original_and_live_match,no
P0DJM7,,Protobothrops tokarensis,Protobothrops tokarensis,61225,,,group_level_or_name_unresolved,no
P0DJM8,Gloydius intermedius,Gloydius intermedius,Gloydius intermedius,44732,44732,Gloydius intermedius,direct_original_and_live_match,no
P0DJM9,Crotalus basiliscus,Crotalus basiliscus,Crotalus basiliscus,8744,8744,Crotalus basiliscus,direct_original_and_live_match,no
P0DJN0,,Crotalus vegrandis,Crotalus vegrandis,184545,,,group_level_or_name_unresolved,no
P0DJN1,Crotalus durissus,Crotalus durissus,Crotalus durissus,184542,8731,Crotalus durissus,direct_original_and_live_match,no
P0DJN3,Crotalus durissus,Crotalus durissus,Crotalus durissus,184542,8731,Crotalus durissus,direct_original_and_live_match,no
P0DJN5,Crotalus durissus,Crotalus durissus,Crotalus durissus,8732,8731,Crotalus durissus,direct_original_and_live_match,no
P0DJN8,Sistrurus miliarius,Sistrurus miliarius,Sistrurus miliarius,8759,8758,Sistrurus miliarius,direct_original_and_live_match,no
P0DJP5,Daboia siamensis,Daboia siamensis,Daboia siamensis,343250,343250,Daboia siamensis,direct_original_and_live_match,no
P0DJP6,Trimeresurus stejnegeri,Trimeresurus stejnegeri,Trimeresurus stejnegeri,39682,39682,Trimeresurus stejnegeri,direct_original_and_live_match,no
P0DJP7,Trimeresurus stejnegeri,Trimeresurus stejnegeri,Trimeresurus stejnegeri,39682,39682,Trimeresurus stejnegeri,direct_original_and_live_match,no
P0DJP8,Trimeresurus stejnegeri,Trimeresurus stejnegeri,Trimeresurus stejnegeri,39682,39682,Trimeresurus stejnegeri,direct_original_and_live_match,no
P0DJP9,Trimeresurus stejnegeri,Trimeresurus stejnegeri,Trimeresurus stejnegeri,39682,39682,Trimeresurus stejnegeri,direct_original_and_live_match,no
P0DJQ0,Trimeresurus stejnegeri,Trimeresurus stejnegeri,Trimeresurus stejnegeri,39682,39682,Trimeresurus stejnegeri,direct_original_and_live_match,no
P0DJQ2,Trimeresurus stejnegeri,Trimeresurus stejnegeri,Trimeresurus stejnegeri,39682,39682,Trimeresurus stejnegeri,direct_original_and_live_match,no
P0DJR1,Crotalus horridus,Crotalus horridus,Crotalus horridus,35024,35024,Crotalus horridus,direct_original_and_live_match,no
P0DJR2,Crotalus horridus,Crotalus horridus,Crotalus horridus,35024,35024,Crotalus horridus,direct_original_and_live_match,no
P0DKL8,Vipera renardi,Vipera renardi,Vipera renardi,927686,927686,Vipera renardi,direct_original_and_live_match,no
P0DKR4,Pseudocerastes fieldi,Pseudocerastes fieldi,Pseudocerastes fieldi,1355908,1355908,Pseudocerastes fieldi,direct_original_and_live_match,no
P0DKS3,Dendroaspis polylepis,Dendroaspis polylepis,Dendroaspis polylepis,8620,8624,Dendroaspis polylepis,direct_original_and_live_match,no
P0DKU3,Naja nigricollis,Naja nigricollis,Naja nigricollis,8654,8654,Naja nigricollis,direct_original_and_live_match,no
P0DKU4,Naja nigricollis,Naja nigricollis,Naja nigricollis,8654,8654,Naja nigricollis,direct_original_and_live_match,no
P0DKW9,Acanthophis antarcticus,Acanthophis antarcticus,Acanthophis antarcticus,8605,8605,Acanthophis antarcticus,direct_original_and_live_match,no
P0DKX1,Daboia russelii,Daboia russelii,Daboia russelii,8707,8707,Daboia russelii,direct_original_and_live_match,no
P0DKY6,Crotalus durissus,Crotalus durissus,Crotalus durissus,8732,8731,Crotalus durissus,direct_original_and_live_match,no
P0DKZ2,,Bothrops cotiara,Bothrops cotiara,8727,,,group_level_or_name_unresolved,no
P0DKZ3,,Bothrops cotiara,Bothrops cotiara,8727,,,group_level_or_name_unresolved,no
P0DKZ4,,Bothrops cotiara,Bothrops cotiara,8727,,,group_level_or_name_unresolved,no
P0DKZ5,,Bothrops cotiara,Bothrops cotiara,8727,,,group_level_or_name_unresolved,no
P0DKZ6,,Bothrops cotiara,Bothrops cotiara,8727,,,group_level_or_name_unresolved,no
P0DKZ7,,Bothrops fonsecai,Bothrops fonsecai,157549,,,group_level_or_name_unresolved,no
P0DKZ8,,Bothrops fonsecai,Bothrops fonsecai,157549,,,group_level_or_name_unresolved,no
P0DKZ9,,Bothrops fonsecai,Bothrops fonsecai,157549,,,group_level_or_name_unresolved,no
P0DL00,,Bothrops fonsecai,Bothrops fonsecai,157549,,,group_level_or_name_unresolved,no
P0DL01,Bothrops jararaca,Bothrops jararaca,Bothrops jararaca,8724,8724,Bothrops jararaca,direct_original_and_live_match,no
P0DL02,Bothrops jararaca,Bothrops jararaca,Bothrops jararaca,8724,8724,Bothrops jararaca,direct_original_and_live_match,no
P0DL03,Bothrops jararaca,Bothrops jararaca,Bothrops jararaca,8724,8724,Bothrops jararaca,direct_original_and_live_match,no
P0DL82,Calliophis bivirgatus,Calliophis bivirgatus,Calliophis bivirgatus,8633,8633,Calliophis bivirgatus,direct_original_and_live_match,no
P0DM38,Trimeresurus albolabris,Trimeresurus albolabris,Trimeresurus albolabris,8765,8765,Trimeresurus albolabris,direct_original_and_live_match,no
P0DM77,Deinagkistrodon acutus,Deinagkistrodon acutus,Deinagkistrodon acutus,36307,36307,Deinagkistrodon acutus,direct_original_and_live_match,no
P0DMH0,,Bothrops fonsecai,Bothrops fonsecai,157549,,,group_level_or_name_unresolved,no
P0DMJ6,Dendroaspis angusticeps,Dendroaspis angusticeps,Dendroaspis angusticeps,8618,8618,Dendroaspis angusticeps,direct_original_and_live_match,no
P0DMK0,Bothrops mattogrossensis,Bothrops mattogrossensis,Bothrops mattogrossensis,1171125,1171125,Bothrops mattogrossensis,direct_original_and_live_match,no
P0DMM6,,Tropidolaemus wagleri,Tropidolaemus wagleri,8770,,,group_level_or_name_unresolved,no
P0DMM7,,Tropidolaemus wagleri,Tropidolaemus wagleri,8770,,,group_level_or_name_unresolved,no
P0DMV6,Daboia russelii,Daboia russelii,Daboia russelii,8707,8707,Daboia russelii,direct_original_and_live_match,no
P0DQH2,Hemachatus haemachatus,Hemachatus haemachatus,Hemachatus haemachatus,8626,8626,Hemachatus haemachatus,direct_original_and_live_match,no
P0DQQ1,Naja melanoleuca,Naja melanoleuca,Naja melanoleuca,8643,8643,Naja melanoleuca,direct_original_and_live_match,no
P0DQQ2,Naja melanoleuca,Naja melanoleuca,Naja melanoleuca,8643,8643,Naja melanoleuca,direct_original_and_live_match,no
P0DQQ3,Naja melanoleuca,Naja melanoleuca,Naja melanoleuca,8643,8643,Naja melanoleuca,direct_original_and_live_match,no
P0DRJ9,Bitis nasicornis,Bitis nasicornis,Bitis nasicornis,8695,8695,Bitis nasicornis,direct_original_and_live_match,no
P0DRK0,Bitis rhinoceros,Bitis rhinoceros,Bitis rhinoceros,715877,715877,Bitis rhinoceros,direct_original_and_live_match,no
P0DRK1,Bitis gabonica,Bitis gabonica,Bitis gabonica,8694,8694,Bitis gabonica,direct_original_and_live_match,no
P0DRN9,Bothrops moojeni,Bothrops moojeni,Bothrops moojeni,98334,98334,Bothrops moojeni,direct_original_and_live_match,no
P0DSN0,Naja kaouthia,Naja kaouthia,Naja kaouthia,8649,8649,Naja kaouthia,direct_original_and_live_match,no
P0DTB7,Crotalus atrox,Crotalus atrox,Crotalus atrox,8730,8730,Crotalus atrox,direct_original_and_live_match,no
P0DUK7,Naja atra,Naja atra,Naja atra,8656,8656,Naja atra,direct_original_and_live_match,no
P0DUN8,Bothrops mattogrossensis,Bothrops mattogrossensis,Bothrops mattogrossensis,1171125,1171125,Bothrops mattogrossensis,direct_original_and_live_match,no
P0DUP0,Bothrops diporus,Bothrops diporus,Bothrops diporus,1107943,1107943,Bothrops diporus,direct_original_and_live_match,no
P0DW30,,Metlapilcoatlus mexicanus,Metlapilcoatlus mexicanus,2902644,,,group_level_or_name_unresolved,no
P10458,,Laticauda crockeri,Laticauda crockeri,8629,,,group_level_or_name_unresolved,no
P10459,,Laticauda laticaudata,Laticauda laticaudata,8630,,,group_level_or_name_unresolved,no
P10460,,Laticauda laticaudata,Laticauda laticaudata,8630,,,group_level_or_name_unresolved,no
P12029,,Crotalus concolor,Crotalus concolor,8740,,,group_level_or_name_unresolved,no
P13211,Atractaspis engaddensis,Atractaspis engaddensis,Atractaspis engaddensis,1343144,1343144,Atractaspis engaddensis,direct_original_and_live_match,no
P15816,Bungarus multicinctus,Bungarus multicinctus,Bungarus multicinctus,8616,8616,Bungarus multicinctus,direct_original_and_live_match,no
P15817,Bungarus multicinctus,Bungarus multicinctus,Bungarus multicinctus,8616,8616,Bungarus multicinctus,direct_original_and_live_match,no
P15818,Bungarus multicinctus,Bungarus multicinctus,Bungarus multicinctus,8616,8616,Bungarus multicinctus,direct_original_and_live_match,no
P16338,Agkistrodon piscivorus,Agkistrodon piscivorus,Agkistrodon piscivorus,8716,8715,Agkistrodon piscivorus,direct_original_and_live_match,no
P17495,,Craspedocephalus gramineus,Craspedocephalus gramineus,8767,,,group_level_or_name_unresolved,no
P18328,Dendroaspis angusticeps,Dendroaspis angusticeps,Dendroaspis angusticeps,8618,8618,Dendroaspis angusticeps,direct_original_and_live_match,no
P18618,Bothrops atrox,Bothrops atrox,Bothrops atrox,8725,8725,Bothrops atrox,direct_original_and_live_match,no
P18692,,Cerastes vipera,Cerastes vipera,8698,,,group_level_or_name_unresolved,no
P18997,Gloydius halys,Gloydius halys,Gloydius halys,8714,8714,Gloydius halys,direct_original_and_live_match,no
P18999,Daboia siamensis,Daboia siamensis,Daboia siamensis,343250,343250,Daboia siamensis,direct_original_and_live_match,no
P19959,,Aipysurus laevis,Aipysurus laevis,8678,,,group_level_or_name_unresolved,no
P20416,Bothrops jararaca,Bothrops jararaca,Bothrops jararaca,8724,8724,Bothrops jararaca,direct_original_and_live_match,no
P21790,Micrurus nigrocinctus,Micrurus nigrocinctus,Micrurus nigrocinctus,8635,8635,Micrurus nigrocinctus,direct_original_and_live_match,no
P21791,Micrurus nigrocinctus,Micrurus nigrocinctus,Micrurus nigrocinctus,8635,8635,Micrurus nigrocinctus,direct_original_and_live_match,no
P21792,Micrurus nigrocinctus,Micrurus nigrocinctus,Micrurus nigrocinctus,8635,8635,Micrurus nigrocinctus,direct_original_and_live_match,no
P21858,Gloydius blomhoffi,Gloydius blomhoffii,Gloydius blomhoffii,242054,,,group_level_or_name_unresolved,no
P21859,Protobothrops flavoviridis,Protobothrops flavoviridis,Protobothrops flavoviridis,88087,88087,Protobothrops flavoviridis,direct_original_and_live_match,no
P22029,Bothrops jararaca,Bothrops jararaca,Bothrops jararaca,8724,8724,Bothrops jararaca,direct_original_and_live_match,no
P22030,Bothrops jararaca,Bothrops jararaca,Bothrops jararaca,8724,8724,Bothrops jararaca,direct_original_and_live_match,no
P22640,Protobothrops mucrosquamatus,Protobothrops mucrosquamatus,Protobothrops mucrosquamatus,103944,103944,Protobothrops mucrosquamatus,direct_original_and_live_match,no
P22826,Eristocophis macmahoni,Eristicophis macmahoni,Eristicophis macmahoni,110227,,,group_level_or_name_unresolved,no
P22827,Sistrurus miliarius,Sistrurus miliarius,Sistrurus miliarius,8759,8758,Sistrurus miliarius,direct_original_and_live_match,no
P22828,,Sistrurus tergeminus,Sistrurus tergeminus,8757,,,group_level_or_name_unresolved,no
P23323,Protobothrops flavoviridis,Protobothrops flavoviridis,Protobothrops flavoviridis,88087,88087,Protobothrops flavoviridis,direct_original_and_live_match,no
P24330,Crotalus adamanteus,Crotalus adamanteus,Crotalus adamanteus,8729,8729,Crotalus adamanteus,direct_original_and_live_match,no
P24541,Eristocophis macmahoni,Eristicophis macmahoni,Eristicophis macmahoni,110227,,,group_level_or_name_unresolved,no
P24644,Calliophis bivirgatus,Calliophis bivirgatus,Calliophis bivirgatus,8633,8633,Calliophis bivirgatus,direct_original_and_live_match,no
P24645,Calliophis bivirgatus,Calliophis bivirgatus,Calliophis bivirgatus,8633,8633,Calliophis bivirgatus,direct_original_and_live_match,no
P24776,Hemachatus haemachatus,Hemachatus haemachatus,Hemachatus haemachatus,8626,8626,Hemachatus haemachatus,direct_original_and_live_match,no
P24777,Hemachatus haemachatus,Hemachatus haemachatus,Hemachatus haemachatus,8626,8626,Hemachatus haemachatus,direct_original_and_live_match,no
P24778,Hemachatus haemachatus,Hemachatus haemachatus,Hemachatus haemachatus,8626,8626,Hemachatus haemachatus,direct_original_and_live_match,no
P24780,Naja naja,Naja naja,Naja naja,35670,35670,Naja naja,direct_original_and_live_match,no
P25497,Pseudechis australis,Pseudechis australis,Pseudechis australis,8670,8670,Pseudechis australis,direct_original_and_live_match,no
P25517,Naja mossambica,Naja mossambica,Naja mossambica,8644,8644,Naja mossambica,direct_original_and_live_match,no
P25518,Dendroaspis polylepis,Dendroaspis polylepis,Dendroaspis polylepis,8620,8624,Dendroaspis polylepis,direct_original_and_live_match,no
P25671,Naja naja,Naja naja,Naja naja,35670,35670,Naja naja,direct_original_and_live_match,no
P25687,Dendroaspis polylepis,Dendroaspis polylepis,Dendroaspis polylepis,8620,8624,Dendroaspis polylepis,direct_original_and_live_match,no
P30426,,Bothrops insularis,Bothrops insularis,8723,,,group_level_or_name_unresolved,no
P31351,Vipera aspis,Vipera aspis,Vipera aspis,8706,8706,Vipera aspis,direct_original_and_live_match,no
P31981,Crotalus basiliscus,Crotalus basiliscus,Crotalus basiliscus,8744,8744,Crotalus basiliscus,direct_original_and_live_match,no
P31982,,Crotalus cerastes,Crotalus cerastes,31149,,,group_level_or_name_unresolved,no
P31984,Crotalus molossus,Crotalus molossus,Crotalus molossus,31151,8733,Crotalus molossus,direct_original_and_live_match,no
P31985,,Crotalus cerberus,Crotalus cerberus,36309,,,group_level_or_name_unresolved,no
P31986,,Crotalus lutosus,Crotalus lutosus,332626,,,group_level_or_name_unresolved,no
P31987,Crotalus viridis,Crotalus viridis,Crotalus viridis,8742,8739,Crotalus viridis,direct_original_and_live_match,no
P31988,,Bothrops cotiara,Bothrops cotiara,8727,,,group_level_or_name_unresolved,no
P31990,Lachesis muta,Lachesis muta,Lachesis muta,8753,8752,Lachesis muta,direct_original_and_live_match,no
P33588,Agkistrodon bilineatus,Agkistrodon bilineatus,Agkistrodon bilineatus,8718,8718,Agkistrodon bilineatus,direct_original_and_live_match,no
P34074,Naja annulata,Naja annulata,Naja annulata,8610,8609,Naja annulata,direct_original_and_live_match,no
P34076,Naja christyi,Naja christyi,Naja christyi,8611,8611,Naja christyi,direct_original_and_live_match,no
P58930,,Tropidolaemus wagleri,Tropidolaemus wagleri,8770,,,group_level_or_name_unresolved,no
P59072,Pseudonaja textilis,Pseudonaja textilis,Pseudonaja textilis,8673,8673,Pseudonaja textilis,direct_original_and_live_match,no
P59073,Pseudonaja textilis,Pseudonaja textilis,Pseudonaja textilis,8673,8673,Pseudonaja textilis,direct_original_and_live_match,no
P59264,Protobothrops flavoviridis,Protobothrops flavoviridis,Protobothrops flavoviridis,88087,88087,Protobothrops flavoviridis,direct_original_and_live_match,no
P59265,Protobothrops flavoviridis,Protobothrops flavoviridis,Protobothrops flavoviridis,88087,88087,Protobothrops flavoviridis,direct_original_and_live_match,no
P59275,Naja kaouthia,Naja kaouthia,Naja kaouthia,8649,8649,Naja kaouthia,direct_original_and_live_match,no
P59359,Austrelaps spp,Austrelaps superbus,Austrelaps superbus,29156,29156,Austrelaps superbus,direct_original_and_live_match,yes
P60234,Dendroaspis angusticeps,Dendroaspis angusticeps,Dendroaspis angusticeps,8618,8618,Dendroaspis angusticeps,direct_original_and_live_match,no
P60235,Dendroaspis angusticeps,Dendroaspis angusticeps,Dendroaspis angusticeps,8618,8618,Dendroaspis angusticeps,direct_original_and_live_match,no
P60236,Dendroaspis angusticeps,Dendroaspis angusticeps,Dendroaspis angusticeps,8618,8618,Dendroaspis angusticeps,direct_original_and_live_match,no
P60302,Naja sputatrix,Naja sputatrix,Naja sputatrix,33626,33626,Naja sputatrix,direct_original_and_live_match,no
P60303,Naja kaouthia,Naja kaouthia,Naja kaouthia,8649,8649,Naja kaouthia,direct_original_and_live_match,no
P60623,Trimeresurus stejnegeri,Trimeresurus stejnegeri,Trimeresurus stejnegeri,39682,39682,Trimeresurus stejnegeri,direct_original_and_live_match,no
P60771,Naja kaouthia,Naja kaouthia,Naja kaouthia,8649,8649,Naja kaouthia,direct_original_and_live_match,no
P60773,Naja philippinensis,Naja philippinensis,Naja philippinensis,8659,8659,Naja philippinensis,direct_original_and_live_match,no
P62376,,Hydrophis cyanocinctus,Hydrophis cyanocinctus,8686,,,group_level_or_name_unresolved,no
P62377,Naja naja,Naja naja,Naja naja,35670,35670,Naja naja,direct_original_and_live_match,no
P62383,,Craspedocephalus gramineus,Craspedocephalus gramineus,8767,,,group_level_or_name_unresolved,no
P62384,Trimeresurus albolabris,Trimeresurus albolabris,Trimeresurus albolabris,8765,8765,Trimeresurus albolabris,direct_original_and_live_match,no
P62390,Naja annulifera,Naja annulifera,Naja annulifera,96794,96794,Naja annulifera,direct_original_and_live_match,no
P62394,Naja haje,Naja haje,Naja haje,8642,8639,Naja haje,direct_original_and_live_match,no
P63175,Crotalus viridis,Crotalus viridis,Crotalus viridis,8742,8739,Crotalus viridis,direct_original_and_live_match,no
P63176,Crotalus viridis,Crotalus viridis,Crotalus viridis,8742,8739,Crotalus viridis,direct_original_and_live_match,no
P63327,Crotalus durissus,Crotalus durissus,Crotalus durissus,221570,8731,Crotalus durissus,direct_original_and_live_match,no
P68416,,Hydrophis hardwickii,Hydrophis hardwickii,8781,,,group_level_or_name_unresolved,no
P68417,Naja annulifera,Naja annulifera,Naja annulifera,96794,96794,Naja annulifera,direct_original_and_live_match,no
P68418,Naja haje,Naja haje,Naja haje,8642,8639,Naja haje,direct_original_and_live_match,no
P68419,Naja nivea,Naja nivea,Naja nivea,8655,8655,Naja nivea,direct_original_and_live_match,no
P68521,Crotalus durissus,Crotalus durissus,Crotalus durissus,31150,8731,Crotalus durissus,direct_original_and_live_match,no
P79845,Protobothrops mucrosquamatus,Protobothrops mucrosquamatus,Protobothrops mucrosquamatus,103944,103944,Protobothrops mucrosquamatus,direct_original_and_live_match,no
P80494,Dendroaspis polylepis,Dendroaspis polylepis,Dendroaspis polylepis,8620,8624,Dendroaspis polylepis,direct_original_and_live_match,no
P80548,Micrurus nigrocinctus,Micrurus nigrocinctus,Micrurus nigrocinctus,8635,8635,Micrurus nigrocinctus,direct_original_and_live_match,no
P81017,Echis carinatus,Echis carinatus,Echis carinatus,124223,40353,Echis carinatus,direct_original_and_live_match,no
P81030,Dendroaspis angusticeps,Dendroaspis angusticeps,Dendroaspis angusticeps,8618,8618,Dendroaspis angusticeps,direct_original_and_live_match,no
P81111,Trimeresurus albolabris,Trimeresurus albolabris,Trimeresurus albolabris,8765,8765,Trimeresurus albolabris,direct_original_and_live_match,no
P81112,Trimeresurus albolabris,Trimeresurus albolabris,Trimeresurus albolabris,8765,8765,Trimeresurus albolabris,direct_original_and_live_match,no
P81113,Trimeresurus albolabris,Trimeresurus albolabris,Trimeresurus albolabris,8765,8765,Trimeresurus albolabris,direct_original_and_live_match,no
P81114,Trimeresurus albolabris,Trimeresurus albolabris,Trimeresurus albolabris,8765,8765,Trimeresurus albolabris,direct_original_and_live_match,no
P81115,Trimeresurus albolabris,Trimeresurus albolabris,Trimeresurus albolabris,8765,8765,Trimeresurus albolabris,direct_original_and_live_match,no
P81116,Trimeresurus albolabris,Trimeresurus albolabris,Trimeresurus albolabris,8765,8765,Trimeresurus albolabris,direct_original_and_live_match,no
P81508,Crotalus horridus,Crotalus horridus,Crotalus horridus,35024,35024,Crotalus horridus,direct_original_and_live_match,no
P81509,Crotalus horridus,Crotalus horridus,Crotalus horridus,35024,35024,Crotalus horridus,direct_original_and_live_match,no
P81630,Echis carinatus,Echis carinatus,Echis carinatus,40353,40353,Echis carinatus,direct_original_and_live_match,no
P81631,Echis carinatus,Echis carinatus,Echis carinatus,40353,40353,Echis carinatus,direct_original_and_live_match,no
P81658,Dendroaspis angusticeps,Dendroaspis angusticeps,Dendroaspis angusticeps,8618,8618,Dendroaspis angusticeps,direct_original_and_live_match,no
P81742,Eristocophis macmahoni,Eristicophis macmahoni,Eristicophis macmahoni,110227,,,group_level_or_name_unresolved,no
P81782,Bungarus candidus,Bungarus candidus,Bungarus candidus,92438,92438,Bungarus candidus,direct_original_and_live_match,no
P81797,,Echis multisquamatus,Echis multisquamatus,93050,,,group_level_or_name_unresolved,no
P81798,,Echis multisquamatus,Echis multisquamatus,93050,,,group_level_or_name_unresolved,no
P81882,Bothrops jararaca,Bothrops jararaca,Bothrops jararaca,8724,8724,Bothrops jararaca,direct_original_and_live_match,no
P81883,Bothrops jararaca,Bothrops jararaca,Bothrops jararaca,8724,8724,Bothrops jararaca,direct_original_and_live_match,no
P81884,Bothrops jararaca,Bothrops jararaca,Bothrops jararaca,8724,8724,Bothrops jararaca,direct_original_and_live_match,no
P81946,Dendroaspis angusticeps,Dendroaspis angusticeps,Dendroaspis angusticeps,8618,8618,Dendroaspis angusticeps,direct_original_and_live_match,no
P81996,Echis carinatus,Echis carinatus,Echis carinatus,124223,40353,Echis carinatus,direct_original_and_live_match,no
P82462,Naja kaouthia,Naja kaouthia,Naja kaouthia,8649,8649,Naja kaouthia,direct_original_and_live_match,no
P82463,Naja kaouthia,Naja kaouthia,Naja kaouthia,8649,8649,Naja kaouthia,direct_original_and_live_match,no
P82464,Naja kaouthia,Naja kaouthia,Naja kaouthia,8649,8649,Naja kaouthia,direct_original_and_live_match,no
P82465,Echis carinatus,Echis carinatus,Echis carinatus,124223,40353,Echis carinatus,direct_original_and_live_match,no
P82466,Echis carinatus,Echis carinatus,Echis carinatus,124223,40353,Echis carinatus,direct_original_and_live_match,no
P82849,Naja kaouthia,Naja kaouthia,Naja kaouthia,8649,8649,Naja kaouthia,direct_original_and_live_match,no
P83041,Cerastes cerastes,Cerastes cerastes,Cerastes cerastes,8697,8697,Cerastes cerastes,direct_original_and_live_match,no
P83043,Cerastes cerastes,Cerastes cerastes,Cerastes cerastes,8697,8697,Cerastes cerastes,direct_original_and_live_match,no
P83044,Cerastes cerastes,Cerastes cerastes,Cerastes cerastes,8697,8697,Cerastes cerastes,direct_original_and_live_match,no
P83224,Oxyuranus microlepidotus,Oxyuranus microlepidotus,Oxyuranus microlepidotus,111177,111177,Oxyuranus microlepidotus,direct_original_and_live_match,no
P83225,Oxyuranus scutellatus,Oxyuranus scutellatus,Oxyuranus scutellatus,8667,8668,Oxyuranus scutellatus,direct_original_and_live_match,no
P83226,Oxyuranus scutellatus,Oxyuranus scutellatus,Oxyuranus scutellatus,183720,8668,Oxyuranus scutellatus,direct_original_and_live_match,no
P83227,Oxyuranus microlepidotus,Oxyuranus microlepidotus,Oxyuranus microlepidotus,111177,111177,Oxyuranus microlepidotus,direct_original_and_live_match,no
P83229,Oxyuranus scutellatus,Oxyuranus scutellatus,Oxyuranus scutellatus,183720,8668,Oxyuranus scutellatus,direct_original_and_live_match,no
P83230,Oxyuranus microlepidotus,Oxyuranus microlepidotus,Oxyuranus microlepidotus,111177,111177,Oxyuranus microlepidotus,direct_original_and_live_match,no
P83231,Oxyuranus scutellatus,Oxyuranus scutellatus,Oxyuranus scutellatus,183720,8668,Oxyuranus scutellatus,direct_original_and_live_match,no
P83234,Ophiophagus hannah,Ophiophagus hannah,Ophiophagus hannah,8665,8665,Ophiophagus hannah,direct_original_and_live_match,no
P83345,Naja sagittifera,Naja sagittifera,Naja sagittifera,195058,195058,Naja sagittifera,direct_original_and_live_match,no
P83346,Bungarus candidus,Bungarus candidus,Bungarus candidus,92438,92438,Bungarus candidus,direct_original_and_live_match,no
P83469,Macrovipera lebetina,Macrovipera lebetina,Macrovipera lebetina,209528,,,group_level_or_name_unresolved,no
P83490,,Coelognathus radiatus,Coelognathus radiatus,201391,,,group_level_or_name_unresolved,no
P83658,Echis carinatus,Echis carinatus,Echis carinatus,40353,40353,Echis carinatus,direct_original_and_live_match,no
P84026,Bothrops jararaca,Bothrops jararaca,Bothrops jararaca,8724,8724,Bothrops jararaca,direct_original_and_live_match,no
P84470,Bungarus candidus,Bungarus candidus,Bungarus candidus,92438,92438,Bungarus candidus,direct_original_and_live_match,no
P84471,Bungarus candidus,Bungarus candidus,Bungarus candidus,92438,92438,Bungarus candidus,direct_original_and_live_match,no
P84472,Bungarus candidus,Bungarus candidus,Bungarus candidus,92438,92438,Bungarus candidus,direct_original_and_live_match,no
P84473,Bungarus candidus,Bungarus candidus,Bungarus candidus,92438,92438,Bungarus candidus,direct_original_and_live_match,no
P84474,Bungarus candidus,Bungarus candidus,Bungarus candidus,92438,92438,Bungarus candidus,direct_original_and_live_match,no
P84475,Bungarus candidus,Bungarus candidus,Bungarus candidus,92438,92438,Bungarus candidus,direct_original_and_live_match,no
P84745,Bothrops jararacussu,Bothrops jararacussu,Bothrops jararacussu,8726,8726,Bothrops jararacussu,direct_original_and_live_match,no
P84747,Bothrops moojeni,Bothrops moojeni,Bothrops moojeni,98334,98334,Bothrops moojeni,direct_original_and_live_match,no
P84803,Naja kaouthia,Naja kaouthia,Naja kaouthia,8649,8649,Naja kaouthia,direct_original_and_live_match,no
P84804,Naja haje,Naja haje,Naja haje,8642,8639,Naja haje,direct_original_and_live_match,no
P84805,Naja kaouthia,Naja kaouthia,Naja kaouthia,8649,8649,Naja kaouthia,direct_original_and_live_match,no
P84806,Naja haje,Naja haje,Naja haje,8642,8639,Naja haje,direct_original_and_live_match,no
P84807,Naja haje,Naja haje,Naja haje,8642,8639,Naja haje,direct_original_and_live_match,no
P84808,Naja kaouthia,Naja kaouthia,Naja kaouthia,8649,8649,Naja kaouthia,direct_original_and_live_match,no
P85005,Proatheris superciliaris,Proatheris superciliaris,Proatheris superciliaris,110218,110218,Proatheris superciliaris,direct_original_and_live_match,no
P85024,Crotalus viridis,Crotalus viridis,Crotalus viridis,8742,8739,Crotalus viridis,direct_original_and_live_match,no
P85140,Bungarus candidus,Bungarus candidus,Bungarus candidus,92438,92438,Bungarus candidus,direct_original_and_live_match,no
P85160,Bothrops jararaca,Bothrops jararaca,Bothrops jararaca,8724,8724,Bothrops jararaca,direct_original_and_live_match,no
P85161,Bothrops jararaca,Bothrops jararaca,Bothrops jararaca,8724,8724,Bothrops jararaca,direct_original_and_live_match,no
P85163,Bothrops jararaca,Bothrops jararaca,Bothrops jararaca,8724,8724,Bothrops jararaca,direct_original_and_live_match,no
P85168,Bothrops jararaca,Bothrops jararaca,Bothrops jararaca,8724,8724,Bothrops jararaca,direct_original_and_live_match,no
P85169,Bothrops jararaca,Bothrops jararaca,Bothrops jararaca,8724,8724,Bothrops jararaca,direct_original_and_live_match,no
P85429,Naja atra,Naja atra,Naja atra,8656,8656,Naja atra,direct_original_and_live_match,no
P85520,Naja oxiana,Naja oxiana,Naja oxiana,8657,8657,Naja oxiana,direct_original_and_live_match,no
P86094,Micrurus surinamensis,Micrurus surinamensis,Micrurus surinamensis,129470,129470,Micrurus surinamensis,direct_original_and_live_match,no
P86095,Micrurus surinamensis,Micrurus surinamensis,Micrurus surinamensis,129470,129470,Micrurus surinamensis,direct_original_and_live_match,no
P86096,Micrurus surinamensis,Micrurus surinamensis,Micrurus surinamensis,129470,129470,Micrurus surinamensis,direct_original_and_live_match,no
P86097,Micrurus surinamensis,Micrurus surinamensis,Micrurus surinamensis,129470,129470,Micrurus surinamensis,direct_original_and_live_match,no
P86098,Micrurus surinamensis,Micrurus surinamensis,Micrurus surinamensis,129470,129470,Micrurus surinamensis,direct_original_and_live_match,no
P86099,Micrurus surinamensis,Micrurus surinamensis,Micrurus surinamensis,129470,129470,Micrurus surinamensis,direct_original_and_live_match,no
P86382,Naja naja,Naja naja,Naja naja,35670,35670,Naja naja,direct_original_and_live_match,no
P86420,,Micrurus frontalis,Micrurus frontalis,129461,,,group_level_or_name_unresolved,no
P86422,,Micrurus frontalis,Micrurus frontalis,129461,,,group_level_or_name_unresolved,no
P86423,,Micrurus frontalis,Micrurus frontalis,129461,,,group_level_or_name_unresolved,no
P86536,Daboia russelii,Daboia russelii,Daboia russelii,8707,8707,Daboia russelii,direct_original_and_live_match,no
P86538,Naja naja,Naja naja,Naja naja,35670,35670,Naja naja,direct_original_and_live_match,no
P86540,Naja naja,Naja naja,Naja naja,35670,35670,Naja naja,direct_original_and_live_match,no
P86541,Naja naja,Naja naja,Naja naja,35670,35670,Naja naja,direct_original_and_live_match,no
P86545,Naja naja,Naja naja,Naja naja,35670,35670,Naja naja,direct_original_and_live_match,no
P86721,Bothrops atrox,Bothrops atrox,Bothrops atrox,8725,8725,Bothrops atrox,direct_original_and_live_match,no
P86975,Bothrops leucurus,Bothrops leucurus,Bothrops leucurus,157295,157295,Bothrops leucurus,direct_original_and_live_match,no
Q072L7,Lachesis stenophyrs,Lachesis stenophrys,Lachesis stenophrys,88085,,,group_level_or_name_unresolved,no
Q076D1,Crotalus durissus,Crotalus durissus,Crotalus durissus,8732,8731,Crotalus durissus,direct_original_and_live_match,no
Q09GK1,,Philodryas olfersii,Philodryas olfersii,120305,,,group_level_or_name_unresolved,no
Q09GK2,,Philodryas olfersii,Philodryas olfersii,120305,,,group_level_or_name_unresolved,no
Q0NZX6,Bothrops jararaca,Bothrops jararaca,Bothrops jararaca,8724,8724,Bothrops jararaca,direct_original_and_live_match,no
Q0NZX7,Bothrops jararaca,Bothrops jararaca,Bothrops jararaca,8724,8724,Bothrops jararaca,direct_original_and_live_match,no
Q0NZX8,Bothrops jararaca,Bothrops jararaca,Bothrops jararaca,8724,8724,Bothrops jararaca,direct_original_and_live_match,no
Q0NZX9,Bothrops jararaca,Bothrops jararaca,Bothrops jararaca,8724,8724,Bothrops jararaca,direct_original_and_live_match,no
Q0NZY0,Bothrops jararaca,Bothrops jararaca,Bothrops jararaca,8724,8724,Bothrops jararaca,direct_original_and_live_match,no
Q1PBD1,Gloydius halys,Gloydius halys,Gloydius halys,8714,8714,Gloydius halys,direct_original_and_live_match,no
Q1PS45,Deinagkistrodon acutus,Deinagkistrodon acutus,Deinagkistrodon acutus,36307,36307,Deinagkistrodon acutus,direct_original_and_live_match,no
Q2EI26,Deinagkistrodon acutus,Deinagkistrodon acutus,Deinagkistrodon acutus,36307,36307,Deinagkistrodon acutus,direct_original_and_live_match,no
Q2PG83,Protobothrops elegans,Protobothrops elegans,Protobothrops elegans,88086,88086,Protobothrops elegans,direct_original_and_live_match,no
Q2QA04,Crotalus durissus,Crotalus durissus,Crotalus durissus,31150,8731,Crotalus durissus,direct_original_and_live_match,no
Q2VBP8,Ophiophagus hannah,Ophiophagus hannah,Ophiophagus hannah,8665,8665,Ophiophagus hannah,direct_original_and_live_match,no
Q38L02,Daboia siamensis,Daboia siamensis,Daboia siamensis,343250,343250,Daboia siamensis,direct_original_and_live_match,no
Q3BER4,Echis ocellatus,Echis ocellatus,Echis ocellatus,99586,99586,Echis ocellatus,direct_original_and_live_match,no
Q3HTN1,Trimeresurus stejnegeri,Trimeresurus stejnegeri,Trimeresurus stejnegeri,39682,39682,Trimeresurus stejnegeri,direct_original_and_live_match,no
Q3HTN2,Trimeresurus stejnegeri,Trimeresurus stejnegeri,Trimeresurus stejnegeri,39682,39682,Trimeresurus stejnegeri,direct_original_and_live_match,no
Q3HXY3,Pseudechis australis,Pseudechis australis,Pseudechis australis,8670,8670,Pseudechis australis,direct_original_and_live_match,no
Q3ZD74,,Macrovipera lebetinus,Macrovipera lebetinus,3148341,,,group_level_or_name_unresolved,no
Q4JHE2,Notechis scutatus,Notechis scutatus,Notechis scutatus,70142,8663,Notechis scutatus,direct_original_and_live_match,no
Q4JHE3,Oxyuranus scutellatus,Oxyuranus scutellatus,Oxyuranus scutellatus,8667,8668,Oxyuranus scutellatus,direct_original_and_live_match,no
Q53B47,Ophiophagus hannah,Ophiophagus hannah,Ophiophagus hannah,8665,8665,Ophiophagus hannah,direct_original_and_live_match,no
Q53B52,Ophiophagus hannah,Ophiophagus hannah,Ophiophagus hannah,8665,8665,Ophiophagus hannah,direct_original_and_live_match,no
Q53B53,Ophiophagus hannah,Ophiophagus hannah,Ophiophagus hannah,8665,8665,Ophiophagus hannah,direct_original_and_live_match,no
Q53B59,Ophiophagus hannah,Ophiophagus hannah,Ophiophagus hannah,8665,8665,Ophiophagus hannah,direct_original_and_live_match,no
Q58G94,Crotalus durissus,Crotalus durissus,Crotalus durissus,8732,8731,Crotalus durissus,direct_original_and_live_match,no
Q5FZI5,Protobothrops mucrosquamatus,Protobothrops mucrosquamatus,Protobothrops mucrosquamatus,103944,103944,Protobothrops mucrosquamatus,direct_original_and_live_match,no
Q5FZI6,Protobothrops mucrosquamatus,Protobothrops mucrosquamatus,Protobothrops mucrosquamatus,103944,103944,Protobothrops mucrosquamatus,direct_original_and_live_match,no
Q5UFR8,,Hydrophis peronii,Hydrophis peronii,8676,,,group_level_or_name_unresolved,no
Q5W958,Bothrops jararaca,Bothrops jararaca,Bothrops jararaca,8724,8724,Bothrops jararaca,direct_original_and_live_match,no
Q5W960,Bothrops jararaca,Bothrops jararaca,Bothrops jararaca,8724,8724,Bothrops jararaca,direct_original_and_live_match,no
Q5YF89,Naja sputatrix,Naja sputatrix,Naja sputatrix,33626,33626,Naja sputatrix,direct_original_and_live_match,no
Q696W1,,Macrovipera lebetinus,Macrovipera lebetinus,3148341,,,group_level_or_name_unresolved,no
Q6A336,Vipera aspis,Vipera aspis,Vipera aspis,55427,8706,Vipera aspis,direct_original_and_live_match,no
Q6A337,Vipera aspis,Vipera aspis,Vipera aspis,55427,8706,Vipera aspis,direct_original_and_live_match,no
Q6A338,Vipera aspis,Vipera aspis,Vipera aspis,55427,8706,Vipera aspis,direct_original_and_live_match,no
Q6A339,Vipera aspis,Vipera aspis,Vipera aspis,55427,8706,Vipera aspis,direct_original_and_live_match,no
Q6A342,Vipera aspis,Vipera aspis,Vipera aspis,55427,8706,Vipera aspis,direct_original_and_live_match,no
Q6A346,Vipera aspis,Vipera aspis,Vipera aspis,55427,8706,Vipera aspis,direct_original_and_live_match,no
Q6A349,Vipera aspis,Vipera aspis,Vipera aspis,55427,8706,Vipera aspis,direct_original_and_live_match,no
Q6A351,Vipera aspis,Vipera aspis,Vipera aspis,55427,8706,Vipera aspis,direct_original_and_live_match,no
Q6A352,Vipera aspis,Vipera aspis,Vipera aspis,194601,8706,Vipera aspis,direct_original_and_live_match,no
Q6A356,Vipera aspis,Vipera aspis,Vipera aspis,194601,8706,Vipera aspis,direct_original_and_live_match,no
Q6A359,Vipera aspis,Vipera aspis,Vipera aspis,194601,8706,Vipera aspis,direct_original_and_live_match,no
Q6A360,Vipera aspis,Vipera aspis,Vipera aspis,194601,8706,Vipera aspis,direct_original_and_live_match,no
Q6A361,Vipera aspis,Vipera aspis,Vipera aspis,194601,8706,Vipera aspis,direct_original_and_live_match,no
Q6A362,Vipera aspis,Vipera aspis,Vipera aspis,194601,8706,Vipera aspis,direct_original_and_live_match,no
Q6A363,Vipera aspis,Vipera aspis,Vipera aspis,194601,8706,Vipera aspis,direct_original_and_live_match,no
Q6A364,Vipera aspis,Vipera aspis,Vipera aspis,194601,8706,Vipera aspis,direct_original_and_live_match,no
Q6A367,Vipera ammodytes,Vipera ammodytes,Vipera ammodytes,235554,8704,Vipera ammodytes,direct_original_and_live_match,no
Q6A368,Vipera ammodytes,Vipera ammodytes,Vipera ammodytes,235554,8704,Vipera ammodytes,direct_original_and_live_match,no
Q6A369,Vipera ammodytes,Vipera ammodytes,Vipera ammodytes,235554,8704,Vipera ammodytes,direct_original_and_live_match,no
Q6A370,Vipera ammodytes,Vipera ammodytes,Vipera ammodytes,235554,8704,Vipera ammodytes,direct_original_and_live_match,no
Q6A371,Vipera ammodytes,Vipera ammodytes,Vipera ammodytes,235554,8704,Vipera ammodytes,direct_original_and_live_match,no
Q6A373,Vipera ammodytes,Vipera ammodytes,Vipera ammodytes,8705,8704,Vipera ammodytes,direct_original_and_live_match,no
Q6A374,Vipera ammodytes,Vipera ammodytes,Vipera ammodytes,8705,8704,Vipera ammodytes,direct_original_and_live_match,no
Q6A376,Vipera ammodytes,Vipera ammodytes,Vipera ammodytes,8705,8704,Vipera ammodytes,direct_original_and_live_match,no
Q6A378,Vipera ammodytes,Vipera ammodytes,Vipera ammodytes,8705,8704,Vipera ammodytes,direct_original_and_live_match,no
Q6A380,Vipera ammodytes,Vipera ammodytes,Vipera ammodytes,8705,8704,Vipera ammodytes,direct_original_and_live_match,no
Q6A381,Vipera ammodytes,Vipera ammodytes,Vipera ammodytes,8705,8704,Vipera ammodytes,direct_original_and_live_match,no
Q6A382,Vipera ammodytes,Vipera ammodytes,Vipera ammodytes,8705,8704,Vipera ammodytes,direct_original_and_live_match,no
Q6A383,Vipera ammodytes,Vipera ammodytes,Vipera ammodytes,8705,8704,Vipera ammodytes,direct_original_and_live_match,no
Q6A385,Vipera berus,Vipera berus,Vipera berus,31156,31155,Vipera berus,direct_original_and_live_match,no
Q6A386,Vipera ammodytes,Vipera ammodytes,Vipera ammodytes,246549,8704,Vipera ammodytes,direct_original_and_live_match,no
Q6A387,Vipera ammodytes,Vipera ammodytes,Vipera ammodytes,246549,8704,Vipera ammodytes,direct_original_and_live_match,no
Q6A388,Vipera berus,Vipera berus,Vipera berus,31156,31155,Vipera berus,direct_original_and_live_match,no
Q6A389,Vipera berus,Vipera berus,Vipera berus,31156,31155,Vipera berus,direct_original_and_live_match,no
Q6A390,Vipera berus,Vipera berus,Vipera berus,31156,31155,Vipera berus,direct_original_and_live_match,no
Q6A391,Vipera berus,Vipera berus,Vipera berus,31156,31155,Vipera berus,direct_original_and_live_match,no
Q6A392,Vipera berus,Vipera berus,Vipera berus,31156,31155,Vipera berus,direct_original_and_live_match,no
Q6A394,Vipera berus,Vipera berus,Vipera berus,31156,31155,Vipera berus,direct_original_and_live_match,no
Q6A3B8,Vipera aspis,Vipera aspis,Vipera aspis,194601,8706,Vipera aspis,direct_original_and_live_match,no
Q6A3C3,Vipera berus,Vipera berus,Vipera berus,31156,31155,Vipera berus,direct_original_and_live_match,no
Q6A3M8,Vipera ammodytes,Vipera ammodytes,Vipera ammodytes,246549,8704,Vipera ammodytes,direct_original_and_live_match,no
Q6A3M9,Vipera ammodytes,Vipera ammodytes,Vipera ammodytes,246549,8704,Vipera ammodytes,direct_original_and_live_match,no
Q6A3N1,Vipera aspis,Vipera aspis,Vipera aspis,55427,8706,Vipera aspis,direct_original_and_live_match,no
Q6A3N2,Vipera aspis,Vipera aspis,Vipera aspis,55427,8706,Vipera aspis,direct_original_and_live_match,no
Q6A3N6,Vipera aspis,Vipera aspis,Vipera aspis,55427,8706,Vipera aspis,direct_original_and_live_match,no
Q6A3N9,Vipera aspis,Vipera aspis,Vipera aspis,194601,8706,Vipera aspis,direct_original_and_live_match,no
Q6A3P1,Vipera aspis,Vipera aspis,Vipera aspis,194601,8706,Vipera aspis,direct_original_and_live_match,no
Q6EAN6,,Sistrurus tergeminus,Sistrurus tergeminus,8757,,,group_level_or_name_unresolved,no
Q6EER3,,Sistrurus tergeminus,Sistrurus tergeminus,8757,,,group_level_or_name_unresolved,no
Q6IWF1,Bothrops alternatus,Bothrops alternatus,Bothrops alternatus,64174,64174,Bothrops alternatus,direct_original_and_live_match,no
Q6T6S7,Bitis gabonica,Bitis gabonica,Bitis gabonica,8694,8694,Bitis gabonica,direct_original_and_live_match,no
Q6T6T2,Bitis gabonica,Bitis gabonica,Bitis gabonica,8694,8694,Bitis gabonica,direct_original_and_live_match,no
Q6T6T3,Bitis gabonica,Bitis gabonica,Bitis gabonica,8694,8694,Bitis gabonica,direct_original_and_live_match,no
Q6TAR7,Bungarus candidus,Bungarus candidus,Bungarus candidus,92438,92438,Bungarus candidus,direct_original_and_live_match,no
Q6TPG9,Protobothrops mucrosquamatus,Protobothrops mucrosquamatus,Protobothrops mucrosquamatus,103944,103944,Protobothrops mucrosquamatus,direct_original_and_live_match,no
Q6TPH0,Protobothrops mucrosquamatus,Protobothrops mucrosquamatus,Protobothrops mucrosquamatus,103944,103944,Protobothrops mucrosquamatus,direct_original_and_live_match,no
Q6X5T3,Bitis arietans,Bitis arietans,Bitis arietans,8692,8692,Bitis arietans,direct_original_and_live_match,no
Q6YCP0,Vipera aspis,Vipera aspis,Vipera aspis,55427,8706,Vipera aspis,direct_original_and_live_match,no
Q6YCP1,Vipera aspis,Vipera aspis,Vipera aspis,8706,8706,Vipera aspis,direct_original_and_live_match,no
Q6YNQ0,Bungarus candidus,Bungarus candidus,Bungarus candidus,92438,92438,Bungarus candidus,direct_original_and_live_match,no
Q715Z8,Vipera aspis,Vipera aspis,Vipera aspis,8706,8706,Vipera aspis,direct_original_and_live_match,no
Q71QH5,Trimeresurus stejnegeri,Trimeresurus stejnegeri,Trimeresurus stejnegeri,39682,39682,Trimeresurus stejnegeri,direct_original_and_live_match,no
Q71QH6,Trimeresurus stejnegeri,Trimeresurus stejnegeri,Trimeresurus stejnegeri,39682,39682,Trimeresurus stejnegeri,direct_original_and_live_match,no
Q71QH7,Trimeresurus stejnegeri,Trimeresurus stejnegeri,Trimeresurus stejnegeri,39682,39682,Trimeresurus stejnegeri,direct_original_and_live_match,no
Q71QH8,Trimeresurus stejnegeri,Trimeresurus stejnegeri,Trimeresurus stejnegeri,39682,39682,Trimeresurus stejnegeri,direct_original_and_live_match,no
Q71QH9,Trimeresurus stejnegeri,Trimeresurus stejnegeri,Trimeresurus stejnegeri,39682,39682,Trimeresurus stejnegeri,direct_original_and_live_match,no
Q71QI0,Trimeresurus stejnegeri,Trimeresurus stejnegeri,Trimeresurus stejnegeri,39682,39682,Trimeresurus stejnegeri,direct_original_and_live_match,no
Q71QI1,Trimeresurus stejnegeri,Trimeresurus stejnegeri,Trimeresurus stejnegeri,39682,39682,Trimeresurus stejnegeri,direct_original_and_live_match,no
Q71QI2,Trimeresurus stejnegeri,Trimeresurus stejnegeri,Trimeresurus stejnegeri,39682,39682,Trimeresurus stejnegeri,direct_original_and_live_match,no
Q71QI3,Trimeresurus stejnegeri,Trimeresurus stejnegeri,Trimeresurus stejnegeri,39682,39682,Trimeresurus stejnegeri,direct_original_and_live_match,no
Q71QI4,Trimeresurus stejnegeri,Trimeresurus stejnegeri,Trimeresurus stejnegeri,39682,39682,Trimeresurus stejnegeri,direct_original_and_live_match,no
Q71QI5,Trimeresurus stejnegeri,Trimeresurus stejnegeri,Trimeresurus stejnegeri,39682,39682,Trimeresurus stejnegeri,direct_original_and_live_match,no
Q71QI6,Trimeresurus stejnegeri,Trimeresurus stejnegeri,Trimeresurus stejnegeri,39682,39682,Trimeresurus stejnegeri,direct_original_and_live_match,no
Q71QI7,Trimeresurus stejnegeri,Trimeresurus stejnegeri,Trimeresurus stejnegeri,39682,39682,Trimeresurus stejnegeri,direct_original_and_live_match,no
Q71QI8,Trimeresurus stejnegeri,Trimeresurus stejnegeri,Trimeresurus stejnegeri,39682,39682,Trimeresurus stejnegeri,direct_original_and_live_match,no
Q71QI9,Trimeresurus stejnegeri,Trimeresurus stejnegeri,Trimeresurus stejnegeri,39682,39682,Trimeresurus stejnegeri,direct_original_and_live_match,no
Q71QJ0,Trimeresurus stejnegeri,Trimeresurus stejnegeri,Trimeresurus stejnegeri,39682,39682,Trimeresurus stejnegeri,direct_original_and_live_match,no
Q71QJ1,Trimeresurus stejnegeri,Trimeresurus stejnegeri,Trimeresurus stejnegeri,39682,39682,Trimeresurus stejnegeri,direct_original_and_live_match,no
Q71QJ2,Trimeresurus stejnegeri,Trimeresurus stejnegeri,Trimeresurus stejnegeri,39682,39682,Trimeresurus stejnegeri,direct_original_and_live_match,no
Q71QJ3,Trimeresurus stejnegeri,Trimeresurus stejnegeri,Trimeresurus stejnegeri,39682,39682,Trimeresurus stejnegeri,direct_original_and_live_match,no
Q71QJ4,Trimeresurus stejnegeri,Trimeresurus stejnegeri,Trimeresurus stejnegeri,39682,39682,Trimeresurus stejnegeri,direct_original_and_live_match,no
Q71RQ7,Trimeresurus stejnegeri,Trimeresurus stejnegeri,Trimeresurus stejnegeri,39682,39682,Trimeresurus stejnegeri,direct_original_and_live_match,no
Q75S51,Bungarus candidus,Bungarus candidus,Bungarus candidus,92438,92438,Bungarus candidus,direct_original_and_live_match,no
Q7LZF4,Cerastes cerastes,Cerastes cerastes,Cerastes cerastes,8697,8697,Cerastes cerastes,direct_original_and_live_match,no
Q7LZF5,Crotalus atrox,Crotalus atrox,Crotalus atrox,8730,8730,Crotalus atrox,direct_original_and_live_match,no
Q7LZF6,Crotalus atrox,Crotalus atrox,Crotalus atrox,8730,8730,Crotalus atrox,direct_original_and_live_match,no
Q7LZG1,Naja oxiana,Naja oxiana,Naja oxiana,8657,8657,Naja oxiana,direct_original_and_live_match,no
Q7LZG3,Pseudechis papuanus,Pseudechis papuanus,Pseudechis papuanus,61265,61265,Pseudechis papuanus,direct_original_and_live_match,no
Q7LZI5,Gloydius ussuriensis,Gloydius ussuriensis,Gloydius ussuriensis,35671,35671,Gloydius ussuriensis,direct_original_and_live_match,no
Q7LZI6,,Protobothrops tokarensis,Protobothrops tokarensis,61225,,,group_level_or_name_unresolved,no
Q7LZK1,Echis pyramidum,Echis pyramidum,Echis pyramidum,38415,8700,Echis pyramidum,direct_original_and_live_match,no
Q7LZK5,Bitis arietans,Bitis arietans,Bitis arietans,8692,8692,Bitis arietans,direct_original_and_live_match,no
Q7LZK6,,Protobothrops tokarensis,Protobothrops tokarensis,61225,,,group_level_or_name_unresolved,no
Q7LZK8,Bitis arietans,Bitis arietans,Bitis arietans,8692,8692,Bitis arietans,direct_original_and_live_match,no
Q7LZQ4,Gloydius ussuriensis,Gloydius ussuriensis,Gloydius ussuriensis,35671,35671,Gloydius ussuriensis,direct_original_and_live_match,no
Q7LZQ5,Vipera aspis,Vipera aspis,Vipera aspis,8706,8706,Vipera aspis,direct_original_and_live_match,no
Q7LZS9,Deinagkistrodon acutus,Deinagkistrodon acutus,Deinagkistrodon acutus,36307,36307,Deinagkistrodon acutus,direct_original_and_live_match,no
Q7LZT4,Gloydius ussuriensis,Gloydius ussuriensis,Gloydius ussuriensis,35671,35671,Gloydius ussuriensis,direct_original_and_live_match,no
Q7SZD9,Gloydius ussuriensis,Gloydius ussuriensis,Gloydius ussuriensis,35671,35671,Gloydius ussuriensis,direct_original_and_live_match,no
Q7SZE0,Gloydius intermedius,Gloydius intermedius,Gloydius intermedius,44732,44732,Gloydius intermedius,direct_original_and_live_match,no
Q7T1C6,Vipera aspis,Vipera aspis,Vipera aspis,194601,8706,Vipera aspis,direct_original_and_live_match,no
Q7T229,Bothrops jararacussu,Bothrops jararacussu,Bothrops jararacussu,8726,8726,Bothrops jararacussu,direct_original_and_live_match,no
Q7T247,Echis carinatus,Echis carinatus,Echis carinatus,40353,40353,Echis carinatus,direct_original_and_live_match,no
Q7T248,Echis carinatus,Echis carinatus,Echis carinatus,40353,40353,Echis carinatus,direct_original_and_live_match,no
Q7T2I5,,Laticauda semifasciata,Laticauda semifasciata,8631,,,group_level_or_name_unresolved,no
Q7T2Q6,Bungarus flaviceps,Bungarus flaviceps,Bungarus flaviceps,8615,8614,Bungarus flaviceps,direct_original_and_live_match,no
Q7ZT98,Ophiophagus hannah,Ophiophagus hannah,Ophiophagus hannah,8665,8665,Ophiophagus hannah,direct_original_and_live_match,no
Q7ZTA0,Agkistrodon piscivorus,Agkistrodon piscivorus,Agkistrodon piscivorus,8716,8715,Agkistrodon piscivorus,direct_original_and_live_match,no
Q7ZZN8,Naja atra,Naja atra,Naja atra,8656,8656,Naja atra,direct_original_and_live_match,no
Q800C1,Crotalus viridis,Crotalus viridis,Crotalus viridis,8742,8739,Crotalus viridis,direct_original_and_live_match,no
Q800C2,Crotalus viridis,Crotalus viridis,Crotalus viridis,8742,8739,Crotalus viridis,direct_original_and_live_match,no
Q801Z4,Bothrops alternatus,Bothrops alternatus,Bothrops alternatus,64174,64174,Bothrops alternatus,direct_original_and_live_match,no
Q802F0,Gloydius halys,Gloydius halys,Gloydius halys,8714,8714,Gloydius halys,direct_original_and_live_match,no
Q805F5,Agkistrodon piscivorus,Agkistrodon piscivorus,Agkistrodon piscivorus,8716,8715,Agkistrodon piscivorus,direct_original_and_live_match,no
Q8AV97,Protobothrops flavoviridis,Protobothrops flavoviridis,Protobothrops flavoviridis,88087,88087,Protobothrops flavoviridis,direct_original_and_live_match,no
Q8AV98,Protobothrops flavoviridis,Protobothrops flavoviridis,Protobothrops flavoviridis,88087,88087,Protobothrops flavoviridis,direct_original_and_live_match,no
Q8AXW2,Bungarus multicinctus,Bungarus multicinctus,Bungarus multicinctus,8616,8616,Bungarus multicinctus,direct_original_and_live_match,no
Q8AY47,Bungarus candidus,Bungarus candidus,Bungarus candidus,92438,92438,Bungarus candidus,direct_original_and_live_match,no
Q8AY48,Bungarus candidus,Bungarus candidus,Bungarus candidus,92438,92438,Bungarus candidus,direct_original_and_live_match,no
Q8AY78,Trimeresurus stejnegeri,Trimeresurus stejnegeri,Trimeresurus stejnegeri,39682,39682,Trimeresurus stejnegeri,direct_original_and_live_match,no
Q8AY82,Trimeresurus stejnegeri,Trimeresurus stejnegeri,Trimeresurus stejnegeri,39682,39682,Trimeresurus stejnegeri,direct_original_and_live_match,no
Q8AYA3,Deinagkistrodon acutus,Deinagkistrodon acutus,Deinagkistrodon acutus,36307,36307,Deinagkistrodon acutus,direct_original_and_live_match,no
Q8AYA4,Deinagkistrodon acutus,Deinagkistrodon acutus,Deinagkistrodon acutus,36307,36307,Deinagkistrodon acutus,direct_original_and_live_match,no
Q8AYA5,Deinagkistrodon acutus,Deinagkistrodon acutus,Deinagkistrodon acutus,36307,36307,Deinagkistrodon acutus,direct_original_and_live_match,no
Q8JFG1,Vipera aspis,Vipera aspis,Vipera aspis,194601,8706,Vipera aspis,direct_original_and_live_match,no
Q8JI40,Gloydius blomhoffi,Gloydius blomhoffii,Gloydius blomhoffii,242054,,,group_level_or_name_unresolved,no
Q8JIV8,Deinagkistrodon acutus,Deinagkistrodon acutus,Deinagkistrodon acutus,36307,36307,Deinagkistrodon acutus,direct_original_and_live_match,no
Q8JIV9,Deinagkistrodon acutus,Deinagkistrodon acutus,Deinagkistrodon acutus,36307,36307,Deinagkistrodon acutus,direct_original_and_live_match,no
Q8JIW1,Deinagkistrodon acutus,Deinagkistrodon acutus,Deinagkistrodon acutus,36307,36307,Deinagkistrodon acutus,direct_original_and_live_match,no
Q8JJ51,Crotalus molossus,Crotalus molossus,Crotalus molossus,31151,8733,Crotalus molossus,direct_original_and_live_match,no
Q8QFW3,Bungarus caeruleus,Bungarus caeruleus,Bungarus caeruleus,132961,132961,Bungarus caeruleus,direct_original_and_live_match,no
Q8QFW4,Bungarus caeruleus,Bungarus caeruleus,Bungarus caeruleus,132961,132961,Bungarus caeruleus,direct_original_and_live_match,no
Q8QG86,,Bothrops insularis,Bothrops insularis,8723,,,group_level_or_name_unresolved,no
Q8QG88,,Bothrops insularis,Bothrops insularis,8723,,,group_level_or_name_unresolved,no
Q8QG89,,Bothrops insularis,Bothrops insularis,8723,,,group_level_or_name_unresolved,no
Q8UUH7,,Laticauda colubrina,Laticauda colubrina,8628,,,group_level_or_name_unresolved,no
Q8UUH8,,Laticauda colubrina,Laticauda colubrina,8628,,,group_level_or_name_unresolved,no
Q8UUH9,,Laticauda colubrina,Laticauda colubrina,8628,,,group_level_or_name_unresolved,no
Q8UUI0,,Laticauda colubrina,Laticauda colubrina,8628,,,group_level_or_name_unresolved,no
Q8UUJ1,Gloydius ussuriensis,Gloydius ussuriensis,Gloydius ussuriensis,35671,35671,Gloydius ussuriensis,direct_original_and_live_match,no
Q8UUJ2,Gloydius ussuriensis,Gloydius ussuriensis,Gloydius ussuriensis,35671,35671,Gloydius ussuriensis,direct_original_and_live_match,no
Q8UUK2,Crotalus adamanteus,Crotalus adamanteus,Crotalus adamanteus,8729,8729,Crotalus adamanteus,direct_original_and_live_match,no
Q8UVX1,Gloydius ussuriensis,Gloydius ussuriensis,Gloydius ussuriensis,35671,35671,Gloydius ussuriensis,direct_original_and_live_match,no
Q8UW08,,Hydrophis hardwickii,Hydrophis hardwickii,8781,,,group_level_or_name_unresolved,no
Q8UW30,,Hydrophis hardwickii,Hydrophis hardwickii,8781,,,group_level_or_name_unresolved,no
Q90221,Gloydius halys,Gloydius halys,Gloydius halys,8714,8714,Gloydius halys,direct_original_and_live_match,no
Q90251,Bungarus multicinctus,Bungarus multicinctus,Bungarus multicinctus,8616,8616,Bungarus multicinctus,direct_original_and_live_match,no
Q90Y44,Gloydius halys,Gloydius halys,Gloydius halys,8714,8714,Gloydius halys,direct_original_and_live_match,no
Q92152,,Ovophis okinavensis,Ovophis okinavensis,8769,,,group_level_or_name_unresolved,no
Q9DEA1,Deinagkistrodon acutus,Deinagkistrodon acutus,Deinagkistrodon acutus,36307,36307,Deinagkistrodon acutus,direct_original_and_live_match,no
Q9DEA2,Deinagkistrodon acutus,Deinagkistrodon acutus,Deinagkistrodon acutus,36307,36307,Deinagkistrodon acutus,direct_original_and_live_match,no
Q9DEF8,Deinagkistrodon acutus,Deinagkistrodon acutus,Deinagkistrodon acutus,36307,36307,Deinagkistrodon acutus,direct_original_and_live_match,no
Q9DEZ9,Crotalus durissus,Crotalus durissus,Crotalus durissus,8732,8731,Crotalus durissus,direct_original_and_live_match,no
Q9DF66,Protobothrops jerdonii,Protobothrops jerdonii,Protobothrops jerdonii,242841,242841,Protobothrops jerdonii,direct_original_and_live_match,no
Q9DF68,Protobothrops jerdonii,Protobothrops jerdonii,Protobothrops jerdonii,242841,242841,Protobothrops jerdonii,direct_original_and_live_match,no
Q9DG31,Gloydius halys,Gloydius halys,Gloydius halys,8714,8714,Gloydius halys,direct_original_and_live_match,no
Q9DG83,Protobothrops mucrosquamatus,Protobothrops mucrosquamatus,Protobothrops mucrosquamatus,103944,103944,Protobothrops mucrosquamatus,direct_original_and_live_match,no
Q9DG84,Protobothrops mucrosquamatus,Protobothrops mucrosquamatus,Protobothrops mucrosquamatus,103944,103944,Protobothrops mucrosquamatus,direct_original_and_live_match,no
Q9I841,Calloselasma rhodostoma,Calloselasma rhodostoma,Calloselasma rhodostoma,8717,8717,Calloselasma rhodostoma,direct_original_and_live_match,no
Q9I8W9,Deinagkistrodon acutus,Deinagkistrodon acutus,Deinagkistrodon acutus,36307,36307,Deinagkistrodon acutus,direct_original_and_live_match,no
Q9I8X0,Deinagkistrodon acutus,Deinagkistrodon acutus,Deinagkistrodon acutus,36307,36307,Deinagkistrodon acutus,direct_original_and_live_match,no
Q9I900,Naja sputatrix,Naja sputatrix,Naja sputatrix,33626,33626,Naja sputatrix,direct_original_and_live_match,no
Q9I968,Protobothrops mucrosquamatus,Protobothrops mucrosquamatus,Protobothrops mucrosquamatus,103944,103944,Protobothrops mucrosquamatus,direct_original_and_live_match,no
Q9IAX6,Deinagkistrodon acutus,Deinagkistrodon acutus,Deinagkistrodon acutus,36307,36307,Deinagkistrodon acutus,direct_original_and_live_match,no
Q9IAY0,Deinagkistrodon acutus,Deinagkistrodon acutus,Deinagkistrodon acutus,36307,36307,Deinagkistrodon acutus,direct_original_and_live_match,no
Q9IAY1,Deinagkistrodon acutus,Deinagkistrodon acutus,Deinagkistrodon acutus,36307,36307,Deinagkistrodon acutus,direct_original_and_live_match,no
Q9IAY3,Deinagkistrodon acutus,Deinagkistrodon acutus,Deinagkistrodon acutus,36307,36307,Deinagkistrodon acutus,direct_original_and_live_match,no
Q9IAY4,Deinagkistrodon acutus,Deinagkistrodon acutus,Deinagkistrodon acutus,36307,36307,Deinagkistrodon acutus,direct_original_and_live_match,no
Q9PRP7,Echis carinatus,Echis carinatus,Echis carinatus,40353,40353,Echis carinatus,direct_original_and_live_match,no
Q9PRP8,Echis carinatus,Echis carinatus,Echis carinatus,40353,40353,Echis carinatus,direct_original_and_live_match,no
Q9PRP9,Echis carinatus,Echis carinatus,Echis carinatus,40353,40353,Echis carinatus,direct_original_and_live_match,no
Q9PRY9,Bitis arietans,Bitis arietans,Bitis arietans,8692,8692,Bitis arietans,direct_original_and_live_match,no
Q9PS28,Cerastes cerastes,Cerastes cerastes,Cerastes cerastes,8697,8697,Cerastes cerastes,direct_original_and_live_match,no
Q9PS48,Crotalus atrox,Crotalus atrox,Crotalus atrox,8730,8730,Crotalus atrox,direct_original_and_live_match,no
Q9PSF9,Agkistrodon bilineatus,Agkistrodon bilineatus,Agkistrodon bilineatus,8718,8718,Agkistrodon bilineatus,direct_original_and_live_match,no
Q9PSM5,Bothrops jararaca,Bothrops jararaca,Bothrops jararaca,8724,8724,Bothrops jararaca,direct_original_and_live_match,no
Q9PSM6,Bothrops jararaca,Bothrops jararaca,Bothrops jararaca,8724,8724,Bothrops jararaca,direct_original_and_live_match,no
Q9PSM8,Echis carinatus,Echis carinatus,Echis carinatus,40353,40353,Echis carinatus,direct_original_and_live_match,no
Q9PSM9,Echis carinatus,Echis carinatus,Echis carinatus,40353,40353,Echis carinatus,direct_original_and_live_match,no
Q9PSN1,Dendroaspis angusticeps,Dendroaspis angusticeps,Dendroaspis angusticeps,8618,8618,Dendroaspis angusticeps,direct_original_and_live_match,no
Q9PSN6,Naja sputatrix,Naja sputatrix,Naja sputatrix,33626,33626,Naja sputatrix,direct_original_and_live_match,no
Q9PSN7,Crotalus ruber,Crotalus ruber,Crotalus ruber,8736,8735,Crotalus ruber,direct_original_and_live_match,no
Q9PT40,,Macrovipera lebetinus,Macrovipera lebetinus,3148341,,,group_level_or_name_unresolved,no
Q9PTA5,Bungarus multicinctus,Bungarus multicinctus,Bungarus multicinctus,8616,8616,Bungarus multicinctus,direct_original_and_live_match,no
Q9PTA6,Bungarus multicinctus,Bungarus multicinctus,Bungarus multicinctus,8616,8616,Bungarus multicinctus,direct_original_and_live_match,no
Q9PTA7,Bungarus multicinctus,Bungarus multicinctus,Bungarus multicinctus,8616,8616,Bungarus multicinctus,direct_original_and_live_match,no
Q9PTL3,Gloydius brevicaudus,Gloydius brevicauda,Gloydius brevicauda,3148161,,,group_level_or_name_unresolved,no
Q9PTT0,Naja naja,Naja naja,Naja naja,35670,35670,Naja naja,direct_original_and_live_match,no
Q9PU97,Bungarus multicinctus,Bungarus multicinctus,Bungarus multicinctus,8616,8616,Bungarus multicinctus,direct_original_and_live_match,no
Q9PUG9,Austrelaps spp,Austrelaps superbus,Austrelaps superbus,29156,29156,Austrelaps superbus,direct_original_and_live_match,yes
Q9PUH0,Austrelaps spp,Austrelaps superbus,Austrelaps superbus,29156,29156,Austrelaps superbus,direct_original_and_live_match,yes
Q9PUH1,Austrelaps spp,Austrelaps superbus,Austrelaps superbus,29156,29156,Austrelaps superbus,direct_original_and_live_match,yes
Q9PUH2,Austrelaps spp,Austrelaps superbus,Austrelaps superbus,29156,29156,Austrelaps superbus,direct_original_and_live_match,yes
Q9PUH3,Austrelaps spp,Austrelaps superbus,Austrelaps superbus,29156,29156,Austrelaps superbus,direct_original_and_live_match,yes
Q9PUH4,Austrelaps spp,Austrelaps superbus,Austrelaps superbus,29156,29156,Austrelaps superbus,direct_original_and_live_match,yes
Q9PUH5,Austrelaps spp,Austrelaps superbus,Austrelaps superbus,29156,29156,Austrelaps superbus,direct_original_and_live_match,yes
Q9PUH6,Austrelaps spp,Austrelaps superbus,Austrelaps superbus,29156,29156,Austrelaps superbus,direct_original_and_live_match,yes
Q9PUH7,Austrelaps spp,Austrelaps superbus,Austrelaps superbus,29156,29156,Austrelaps superbus,direct_original_and_live_match,yes
Q9PUH8,Austrelaps spp,Austrelaps superbus,Austrelaps superbus,29156,29156,Austrelaps superbus,direct_original_and_live_match,yes
Q9PUH9,Austrelaps spp,Austrelaps superbus,Austrelaps superbus,29156,29156,Austrelaps superbus,direct_original_and_live_match,yes
Q9PUI0,Austrelaps spp,Austrelaps superbus,Austrelaps superbus,29156,29156,Austrelaps superbus,direct_original_and_live_match,yes
Q9PUI1,Austrelaps spp,Austrelaps superbus,Austrelaps superbus,29156,29156,Austrelaps superbus,direct_original_and_live_match,yes
Q9PVE3,Bothrops asper,Bothrops asper,Bothrops asper,8722,8722,Bothrops asper,direct_original_and_live_match,no
Q9PVE9,Calloselasma rhodostoma,Calloselasma rhodostoma,Calloselasma rhodostoma,8717,8717,Calloselasma rhodostoma,direct_original_and_live_match,no
Q9PVF3,Calloselasma rhodostoma,Calloselasma rhodostoma,Calloselasma rhodostoma,8717,8717,Calloselasma rhodostoma,direct_original_and_live_match,no
Q9PW19,Bungarus multicinctus,Bungarus multicinctus,Bungarus multicinctus,8616,8616,Bungarus multicinctus,direct_original_and_live_match,no
Q9PWR6,Daboia palaestinae,Daboia palaestinae,Daboia palaestinae,1170828,1170828,Daboia palaestinae,direct_original_and_live_match,no
Q9W7J5,Pseudonaja textilis,Pseudonaja textilis,Pseudonaja textilis,8673,8673,Pseudonaja textilis,direct_original_and_live_match,no
Q9W7J6,Pseudonaja textilis,Pseudonaja textilis,Pseudonaja textilis,8673,8673,Pseudonaja textilis,direct_original_and_live_match,no
Q9W7J7,Pseudonaja textilis,Pseudonaja textilis,Pseudonaja textilis,8673,8673,Pseudonaja textilis,direct_original_and_live_match,no
Q9W7K0,Pseudonaja textilis,Pseudonaja textilis,Pseudonaja textilis,8673,8673,Pseudonaja textilis,direct_original_and_live_match,no
Q9W7K1,Pseudonaja textilis,Pseudonaja textilis,Pseudonaja textilis,8673,8673,Pseudonaja textilis,direct_original_and_live_match,no
Q9W7K2,Pseudonaja textilis,Pseudonaja textilis,Pseudonaja textilis,8673,8673,Pseudonaja textilis,direct_original_and_live_match,no
Q9YGI0,Bungarus multicinctus,Bungarus multicinctus,Bungarus multicinctus,8616,8616,Bungarus multicinctus,direct_original_and_live_match,no
Q9YGI6,Gloydius halys,Gloydius halys,Gloydius halys,8714,8714,Gloydius halys,direct_original_and_live_match,no
Q9YGJ2,Gloydius halys,Gloydius halys,Gloydius halys,8714,8714,Gloydius halys,direct_original_and_live_match,no
Q9YGJ7,Daboia palaestinae,Daboia palaestinae,Daboia palaestinae,1170828,1170828,Daboia palaestinae,direct_original_and_live_match,no
Q9YGJ9,Gloydius brevicaudus,Gloydius brevicauda,Gloydius brevicauda,3148161,,,group_level_or_name_unresolved,no
Q9YGN4,Gloydius brevicaudus,Gloydius brevicauda,Gloydius brevicauda,3148161,,,group_level_or_name_unresolved,no
Q9YGN5,Gloydius brevicaudus,Gloydius brevicauda,Gloydius brevicauda,3148161,,,group_level_or_name_unresolved,no
R4FI83,,Brachyurophis roperi,Brachyurophis roperi,1295043,,,group_level_or_name_unresolved,no
R4FID6,,Echiopsis curta,Echiopsis curta,529692,,,group_level_or_name_unresolved,no
R4FIK9,Hoplocephalus spp,Hoplocephalus bungaroides,Hoplocephalus bungaroides,83403,83403,Hoplocephalus bungaroides,direct_original_and_live_match,yes
R4FIM5,Hoplocephalus spp,Hoplocephalus bungaroides,Hoplocephalus bungaroides,83403,83403,Hoplocephalus bungaroides,direct_original_and_live_match,yes
R4FIN0,Hoplocephalus spp,Hoplocephalus bungaroides,Hoplocephalus bungaroides,83403,83403,Hoplocephalus bungaroides,direct_original_and_live_match,yes
R4FIR0,,Pseudonaja modesta,Pseudonaja modesta,340912,,,group_level_or_name_unresolved,no
R4FJE9,,Brachyurophis roperi,Brachyurophis roperi,1295043,,,group_level_or_name_unresolved,no
R4FJL1,,Denisonia devisi,Denisonia devisi,529689,,,group_level_or_name_unresolved,no
R4FJZ9,Hoplocephalus spp,Hoplocephalus bungaroides,Hoplocephalus bungaroides,83403,83403,Hoplocephalus bungaroides,direct_original_and_live_match,yes
R4FK05,Hoplocephalus spp,Hoplocephalus bungaroides,Hoplocephalus bungaroides,83403,83403,Hoplocephalus bungaroides,direct_original_and_live_match,yes
R4FK22,Hoplocephalus spp,Hoplocephalus bungaroides,Hoplocephalus bungaroides,83403,83403,Hoplocephalus bungaroides,direct_original_and_live_match,yes
R4G2H9,Hoplocephalus spp,Hoplocephalus bungaroides,Hoplocephalus bungaroides,83403,83403,Hoplocephalus bungaroides,direct_original_and_live_match,yes
R4G2I3,Hoplocephalus spp,Hoplocephalus bungaroides,Hoplocephalus bungaroides,83403,83403,Hoplocephalus bungaroides,direct_original_and_live_match,yes
R4G2I4,Hoplocephalus spp,Hoplocephalus bungaroides,Hoplocephalus bungaroides,83403,83403,Hoplocephalus bungaroides,direct_original_and_live_match,yes
R4G2P8,,Brachyurophis roperi,Brachyurophis roperi,1295043,,,group_level_or_name_unresolved,no
R4G2V1,,Furina ornata,Furina ornata,529697,,,group_level_or_name_unresolved,no
R4G2Z3,Hoplocephalus spp,Hoplocephalus bungaroides,Hoplocephalus bungaroides,83403,83403,Hoplocephalus bungaroides,direct_original_and_live_match,yes
R4G2Z5,Hoplocephalus spp,Hoplocephalus bungaroides,Hoplocephalus bungaroides,83403,83403,Hoplocephalus bungaroides,direct_original_and_live_match,yes
R4G7I8,Hoplocephalus spp,Hoplocephalus bungaroides,Hoplocephalus bungaroides,83403,83403,Hoplocephalus bungaroides,direct_original_and_live_match,yes
R4G7J2,Hoplocephalus spp,Hoplocephalus bungaroides,Hoplocephalus bungaroides,83403,83403,Hoplocephalus bungaroides,direct_original_and_live_match,yes
R4G7J3,Hoplocephalus spp,Hoplocephalus bungaroides,Hoplocephalus bungaroides,83403,83403,Hoplocephalus bungaroides,direct_original_and_live_match,yes
T1D6N7,Crotalus horridus,Crotalus horridus,Crotalus horridus,35024,35024,Crotalus horridus,direct_original_and_live_match,no
T1D6P2,Crotalus horridus,Crotalus horridus,Crotalus horridus,35024,35024,Crotalus horridus,direct_original_and_live_match,no
T1DE66,,Crotalus helleri,Crotalus helleri,8741,,,group_level_or_name_unresolved,no
T1DE90,,Crotalus helleri,Crotalus helleri,8741,,,group_level_or_name_unresolved,no
T1DEA2,,Crotalus helleri,Crotalus helleri,8741,,,group_level_or_name_unresolved,no
T1DGZ4,Crotalus horridus,Crotalus horridus,Crotalus horridus,35024,35024,Crotalus horridus,direct_original_and_live_match,no
T1DH13,Crotalus horridus,Crotalus horridus,Crotalus horridus,35024,35024,Crotalus horridus,direct_original_and_live_match,no
T1DH17,Crotalus horridus,Crotalus horridus,Crotalus horridus,35024,35024,Crotalus horridus,direct_original_and_live_match,no
T1DHN3,Crotalus horridus,Crotalus horridus,Crotalus horridus,35024,35024,Crotalus horridus,direct_original_and_live_match,no
T1DJY7,Crotalus horridus,Crotalus horridus,Crotalus horridus,35024,35024,Crotalus horridus,direct_original_and_live_match,no
T1DMM4,,Crotalus helleri,Crotalus helleri,8741,,,group_level_or_name_unresolved,no
T1DP13,Crotalus horridus,Crotalus horridus,Crotalus horridus,35024,35024,Crotalus horridus,direct_original_and_live_match,no
T1DP47,,Crotalus helleri,Crotalus helleri,8741,,,group_level_or_name_unresolved,no
T1DP65,,Crotalus helleri,Crotalus helleri,8741,,,group_level_or_name_unresolved,no
T1E3C7,Crotalus horridus,Crotalus horridus,Crotalus horridus,35024,35024,Crotalus horridus,direct_original_and_live_match,no
T1E3C9,Crotalus horridus,Crotalus horridus,Crotalus horridus,35024,35024,Crotalus horridus,direct_original_and_live_match,no
T1E3D1,Crotalus horridus,Crotalus horridus,Crotalus horridus,35024,35024,Crotalus horridus,direct_original_and_live_match,no
T1E3Y1,Crotalus horridus,Crotalus horridus,Crotalus horridus,35024,35024,Crotalus horridus,direct_original_and_live_match,no
T1E3Y3,Crotalus horridus,Crotalus horridus,Crotalus horridus,35024,35024,Crotalus horridus,direct_original_and_live_match,no
T1E6V6,,Crotalus helleri,Crotalus helleri,8741,,,group_level_or_name_unresolved,no
T2HPR2,,Ovophis okinavensis,Ovophis okinavensis,8769,,,group_level_or_name_unresolved,no
T2HQ62,,Ovophis okinavensis,Ovophis okinavensis,8769,,,group_level_or_name_unresolved,no
T2HRU2,Protobothrops flavoviridis,Protobothrops flavoviridis,Protobothrops flavoviridis,88087,88087,Protobothrops flavoviridis,direct_original_and_live_match,no
U3EPH5,Micrurus fulvius,Micrurus fulvius,Micrurus fulvius,8637,8637,Micrurus fulvius,direct_original_and_live_match,no
U3F5A6,Micrurus fulvius,Micrurus fulvius,Micrurus fulvius,8637,8637,Micrurus fulvius,direct_original_and_live_match,no
U3FYV1,Micrurus fulvius,Micrurus fulvius,Micrurus fulvius,8637,8637,Micrurus fulvius,direct_original_and_live_match,no
U3FZF7,Micrurus fulvius,Micrurus fulvius,Micrurus fulvius,8637,8637,Micrurus fulvius,direct_original_and_live_match,no
U5YCR8,Bothrops pictus,Bothrops pictus,Bothrops pictus,133440,133440,Bothrops pictus,direct_original_and_live_match,no
V8N4D8,Ophiophagus hannah,Ophiophagus hannah,Ophiophagus hannah,8665,8665,Ophiophagus hannah,direct_original_and_live_match,no
V8NGA1,Ophiophagus hannah,Ophiophagus hannah,Ophiophagus hannah,8665,8665,Ophiophagus hannah,direct_original_and_live_match,no
V8NGZ8,Ophiophagus hannah,Ophiophagus hannah,Ophiophagus hannah,8665,8665,Ophiophagus hannah,direct_original_and_live_match,no
V8NP13,Ophiophagus hannah,Ophiophagus hannah,Ophiophagus hannah,8665,8665,Ophiophagus hannah,direct_original_and_live_match,no
V8NZZ2,Ophiophagus hannah,Ophiophagus hannah,Ophiophagus hannah,8665,8665,Ophiophagus hannah,direct_original_and_live_match,no
V8P5I5,Ophiophagus hannah,Ophiophagus hannah,Ophiophagus hannah,8665,8665,Ophiophagus hannah,direct_original_and_live_match,no
V8PAN4,Ophiophagus hannah,Ophiophagus hannah,Ophiophagus hannah,8665,8665,Ophiophagus hannah,direct_original_and_live_match,no
V8PF09,Ophiophagus hannah,Ophiophagus hannah,Ophiophagus hannah,8665,8665,Ophiophagus hannah,direct_original_and_live_match,no
V8PFC9,Ophiophagus hannah,Ophiophagus hannah,Ophiophagus hannah,8665,8665,Ophiophagus hannah,direct_original_and_live_match,no
V9I1A1,Bungarus fasciatus,Bungarus fasciatus,Bungarus fasciatus,8613,8613,Bungarus fasciatus,direct_original_and_live_match,no
V9I1F9,Walterinnesia aegyptia,Walterinnesia aegyptia,Walterinnesia aegyptia,64182,64182,Walterinnesia aegyptia,direct_original_and_live_match,no
A0A024AXF6,,Micropechis ikaheca,Micropechis ikaheca,66188,,,group_level_or_name_unresolved,no
A0A024AXX7,,Micropechis ikaheca,Micropechis ikaheca,66188,,,group_level_or_name_unresolved,no
A0A024AYB1,,Micropechis ikaheca,Micropechis ikaheca,66188,,,group_level_or_name_unresolved,no
A0A068EPZ2,Gloydius intermedius,Gloydius intermedius,Gloydius intermedius,44732,44732,Gloydius intermedius,direct_original_and_live_match,no
A0A077L6L4,Protobothrops elegans,Protobothrops elegans,Protobothrops elegans,88086,88086,Protobothrops elegans,direct_original_and_live_match,no
A0A077L6L9,Protobothrops elegans,Protobothrops elegans,Protobothrops elegans,88086,88086,Protobothrops elegans,direct_original_and_live_match,no
A0A077L7H9,Protobothrops flavoviridis,Protobothrops flavoviridis,Protobothrops flavoviridis,88087,88087,Protobothrops flavoviridis,direct_original_and_live_match,no
A0A077L7U3,Protobothrops elegans,Protobothrops elegans,Protobothrops elegans,88086,88086,Protobothrops elegans,direct_original_and_live_match,no
A0A077LA64,Protobothrops elegans,Protobothrops elegans,Protobothrops elegans,88086,88086,Protobothrops elegans,direct_original_and_live_match,no
A0A077LA85,Protobothrops flavoviridis,Protobothrops flavoviridis,Protobothrops flavoviridis,88087,88087,Protobothrops flavoviridis,direct_original_and_live_match,no
A0A077LD42,Protobothrops flavoviridis,Protobothrops flavoviridis,Protobothrops flavoviridis,88087,88087,Protobothrops flavoviridis,direct_original_and_live_match,no
A0A081DUA9,Echis coloratus,Echis coloratus,Echis coloratus,64175,64175,Echis coloratus,direct_original_and_live_match,no
A0A081DUB8,,Opheodrys aestivus,Opheodrys aestivus,186591,,,group_level_or_name_unresolved,no
A0A081DUC2,,Pantherophis guttatus,Pantherophis guttatus,94885,,,group_level_or_name_unresolved,no
A0A098LWS4,,Python regius,Python regius,51751,,,group_level_or_name_unresolved,no
A0A098LWT7,,Opheodrys aestivus,Opheodrys aestivus,186591,,,group_level_or_name_unresolved,no
A0A098LWW8,,Opheodrys aestivus,Opheodrys aestivus,186591,,,group_level_or_name_unresolved,no
A0A098LX00,,Pantherophis guttatus,Pantherophis guttatus,94885,,,group_level_or_name_unresolved,no
A0A098LY71,,Python regius,Python regius,51751,,,group_level_or_name_unresolved,no
A0A098LY92,,Opheodrys aestivus,Opheodrys aestivus,186591,,,group_level_or_name_unresolved,no
A0A098LY95,,Python regius,Python regius,51751,,,group_level_or_name_unresolved,no
A0A098LYA1,,Opheodrys aestivus,Opheodrys aestivus,186591,,,group_level_or_name_unresolved,no
A0A098LYB0,,Opheodrys aestivus,Opheodrys aestivus,186591,,,group_level_or_name_unresolved,no
A0A098LYE6,,Pantherophis guttatus,Pantherophis guttatus,94885,,,group_level_or_name_unresolved,no
A0A098LYG5,,Pantherophis guttatus,Pantherophis guttatus,94885,,,group_level_or_name_unresolved,no
A0A098LYJ6,,Pantherophis guttatus,Pantherophis guttatus,94885,,,group_level_or_name_unresolved,no
A0A0A1WC91,Echis coloratus,Echis coloratus,Echis coloratus,64175,64175,Echis coloratus,direct_original_and_live_match,no
A0A0A1WC94,Echis coloratus,Echis coloratus,Echis coloratus,64175,64175,Echis coloratus,direct_original_and_live_match,no
A0A0A1WCI0,Echis coloratus,Echis coloratus,Echis coloratus,64175,64175,Echis coloratus,direct_original_and_live_match,no
A0A0A1WCK4,Echis coloratus,Echis coloratus,Echis coloratus,64175,64175,Echis coloratus,direct_original_and_live_match,no
A0A0A1WCL0,Echis coloratus,Echis coloratus,Echis coloratus,64175,64175,Echis coloratus,direct_original_and_live_match,no
A0A0A1WCN2,Echis coloratus,Echis coloratus,Echis coloratus,64175,64175,Echis coloratus,direct_original_and_live_match,no
A0A0A1WCY1,Echis coloratus,Echis coloratus,Echis coloratus,64175,64175,Echis coloratus,direct_original_and_live_match,no
A0A0A1WCY6,Echis coloratus,Echis coloratus,Echis coloratus,64175,64175,Echis coloratus,direct_original_and_live_match,no
A0A0A1WCZ6,Echis coloratus,Echis coloratus,Echis coloratus,64175,64175,Echis coloratus,direct_original_and_live_match,no
A0A0A1WD06,Echis coloratus,Echis coloratus,Echis coloratus,64175,64175,Echis coloratus,direct_original_and_live_match,no
A0A0A1WD12,Echis coloratus,Echis coloratus,Echis coloratus,64175,64175,Echis coloratus,direct_original_and_live_match,no
A0A0A1WDM9,Echis coloratus,Echis coloratus,Echis coloratus,64175,64175,Echis coloratus,direct_original_and_live_match,no
A0A0A1WDN9,Echis coloratus,Echis coloratus,Echis coloratus,64175,64175,Echis coloratus,direct_original_and_live_match,no
A0A0A1WDQ6,Echis coloratus,Echis coloratus,Echis coloratus,64175,64175,Echis coloratus,direct_original_and_live_match,no
A0A0A1WDR4,Echis coloratus,Echis coloratus,Echis coloratus,64175,64175,Echis coloratus,direct_original_and_live_match,no
A0A0A1WDS7,Echis coloratus,Echis coloratus,Echis coloratus,64175,64175,Echis coloratus,direct_original_and_live_match,no
A0A0A1WDV5,Echis coloratus,Echis coloratus,Echis coloratus,64175,64175,Echis coloratus,direct_original_and_live_match,no
A0A0B4SX28,,Philodryas chamissonis,Philodryas chamissonis,1050405,,,group_level_or_name_unresolved,no
A0A0B4SX85,,Philodryas chamissonis,Philodryas chamissonis,1050405,,,group_level_or_name_unresolved,no
A0A0B4SX88,,Philodryas chamissonis,Philodryas chamissonis,1050405,,,group_level_or_name_unresolved,no
A0A0B8RX84,,Philothamnus irregularis,Philothamnus irregularis,1899461,,,group_level_or_name_unresolved,no
A0A0C4ZNF1,Gloydius intermedius,Gloydius intermedius,Gloydius intermedius,44732,44732,Gloydius intermedius,direct_original_and_live_match,no
A0A0F7YYV1,Micrurus fulvius,Micrurus fulvius,Micrurus fulvius,8637,8637,Micrurus fulvius,direct_original_and_live_match,no
A0A0F7YYZ8,Micrurus fulvius,Micrurus fulvius,Micrurus fulvius,8637,8637,Micrurus fulvius,direct_original_and_live_match,no
A0A0F7Z0V4,Crotalus adamanteus,Crotalus adamanteus,Crotalus adamanteus,8729,8729,Crotalus adamanteus,direct_original_and_live_match,no
A0A0F7Z0V8,Crotalus adamanteus,Crotalus adamanteus,Crotalus adamanteus,8729,8729,Crotalus adamanteus,direct_original_and_live_match,no
A0A0F7Z2Q3,Crotalus adamanteus,Crotalus adamanteus,Crotalus adamanteus,8729,8729,Crotalus adamanteus,direct_original_and_live_match,no
A0A0F7Z2Q4,Crotalus adamanteus,Crotalus adamanteus,Crotalus adamanteus,8729,8729,Crotalus adamanteus,direct_original_and_live_match,no
A0A0F7Z3C1,Crotalus adamanteus,Crotalus adamanteus,Crotalus adamanteus,8729,8729,Crotalus adamanteus,direct_original_and_live_match,no
A0A0F7Z792,Crotalus adamanteus,Crotalus adamanteus,Crotalus adamanteus,8729,8729,Crotalus adamanteus,direct_original_and_live_match,no
A0A0F7Z793,Crotalus adamanteus,Crotalus adamanteus,Crotalus adamanteus,8729,8729,Crotalus adamanteus,direct_original_and_live_match,no
A0A0F7Z7C8,Crotalus adamanteus,Crotalus adamanteus,Crotalus adamanteus,8729,8729,Crotalus adamanteus,direct_original_and_live_match,no
A0A0F7Z7G5,Crotalus adamanteus,Crotalus adamanteus,Crotalus adamanteus,8729,8729,Crotalus adamanteus,direct_original_and_live_match,no
A0A0F7ZCQ8,Crotalus adamanteus,Crotalus adamanteus,Crotalus adamanteus,8729,8729,Crotalus adamanteus,direct_original_and_live_match,no
A0A0M4AL47,Gloydius intermedius,Gloydius intermedius,Gloydius intermedius,44732,44732,Gloydius intermedius,direct_original_and_live_match,no
A0A0P0G942,Pseudonaja textilis,Pseudonaja textilis,Pseudonaja textilis,8673,8673,Pseudonaja textilis,direct_original_and_live_match,no
A0A141DWM1,,Pseudagkistrodon rudis,Pseudagkistrodon rudis,2759634,,,group_level_or_name_unresolved,no
A0A1B3LEZ8,Bothriechis lateralis,Bothriechis lateralis,Bothriechis lateralis,44727,44727,Bothriechis lateralis,direct_original_and_live_match,no
A0A1D8BAX5,Pseudechis papuanus,Pseudechis papuanus,Pseudechis papuanus,61265,61265,Pseudechis papuanus,direct_original_and_live_match,no
A0A1I9KNL5,Vipera ammodytes,Vipera ammodytes,Vipera ammodytes,8705,8704,Vipera ammodytes,direct_original_and_live_match,no
A0A1I9KNM0,Vipera ammodytes,Vipera ammodytes,Vipera ammodytes,8705,8704,Vipera ammodytes,direct_original_and_live_match,no
A0A1I9KNN4,Vipera ammodytes,Vipera ammodytes,Vipera ammodytes,8705,8704,Vipera ammodytes,direct_original_and_live_match,no
A0A1I9KNP8,Vipera ammodytes,Vipera ammodytes,Vipera ammodytes,8705,8704,Vipera ammodytes,direct_original_and_live_match,no
A0A1I9KNR5,Vipera ammodytes,Vipera ammodytes,Vipera ammodytes,8705,8704,Vipera ammodytes,direct_original_and_live_match,no
A0A1I9KNR6,Vipera ammodytes,Vipera ammodytes,Vipera ammodytes,8705,8704,Vipera ammodytes,direct_original_and_live_match,no
A0A1I9KNR8,Vipera ammodytes,Vipera ammodytes,Vipera ammodytes,8705,8704,Vipera ammodytes,direct_original_and_live_match,no
A0A1I9KNS1,Vipera ammodytes,Vipera ammodytes,Vipera ammodytes,8705,8704,Vipera ammodytes,direct_original_and_live_match,no
A0A1I9KNS3,Vipera ammodytes,Vipera ammodytes,Vipera ammodytes,8705,8704,Vipera ammodytes,direct_original_and_live_match,no
A0A1I9KNT0,Vipera ammodytes,Vipera ammodytes,Vipera ammodytes,8705,8704,Vipera ammodytes,direct_original_and_live_match,no
A0A1L8D5R9,Bothrops atrox,Bothrops atrox,Bothrops atrox,8725,8725,Bothrops atrox,direct_original_and_live_match,no
A0A1L8D5T9,Bothrops atrox,Bothrops atrox,Bothrops atrox,8725,8725,Bothrops atrox,direct_original_and_live_match,no
A0A1L8D5U3,Bothrops atrox,Bothrops atrox,Bothrops atrox,8725,8725,Bothrops atrox,direct_original_and_live_match,no
A0A1L8D5U8,Bothrops atrox,Bothrops atrox,Bothrops atrox,8725,8725,Bothrops atrox,direct_original_and_live_match,no
A0A1L8D5U9,Bothrops atrox,Bothrops atrox,Bothrops atrox,8725,8725,Bothrops atrox,direct_original_and_live_match,no
A0A1L8D5V0,Bothrops atrox,Bothrops atrox,Bothrops atrox,8725,8725,Bothrops atrox,direct_original_and_live_match,no
A0A1L8D5V3,Bothrops atrox,Bothrops atrox,Bothrops atrox,8725,8725,Bothrops atrox,direct_original_and_live_match,no
A0A1L8D5V4,Bothrops atrox,Bothrops atrox,Bothrops atrox,8725,8725,Bothrops atrox,direct_original_and_live_match,no
A0A1L8D5V7,Bothrops atrox,Bothrops atrox,Bothrops atrox,8725,8725,Bothrops atrox,direct_original_and_live_match,no
A0A1L8D5V8,Bothrops atrox,Bothrops atrox,Bothrops atrox,8725,8725,Bothrops atrox,direct_original_and_live_match,no
A0A1L8D5V9,Bothrops atrox,Bothrops atrox,Bothrops atrox,8725,8725,Bothrops atrox,direct_original_and_live_match,no
A0A1L8D5W3,Bothrops atrox,Bothrops atrox,Bothrops atrox,8725,8725,Bothrops atrox,direct_original_and_live_match,no
A0A1L8D5W4,Bothrops atrox,Bothrops atrox,Bothrops atrox,8725,8725,Bothrops atrox,direct_original_and_live_match,no
A0A1L8D5W5,Bothrops atrox,Bothrops atrox,Bothrops atrox,8725,8725,Bothrops atrox,direct_original_and_live_match,no
A0A1L8D5W6,Bothrops atrox,Bothrops atrox,Bothrops atrox,8725,8725,Bothrops atrox,direct_original_and_live_match,no
A0A1L8D5W7,Bothrops atrox,Bothrops atrox,Bothrops atrox,8725,8725,Bothrops atrox,direct_original_and_live_match,no
A0A1L8D5X1,Bothrops atrox,Bothrops atrox,Bothrops atrox,8725,8725,Bothrops atrox,direct_original_and_live_match,no
A0A1L8D5X2,Bothrops atrox,Bothrops atrox,Bothrops atrox,8725,8725,Bothrops atrox,direct_original_and_live_match,no
A0A1L8D5X3,Bothrops atrox,Bothrops atrox,Bothrops atrox,8725,8725,Bothrops atrox,direct_original_and_live_match,no
A0A1L8D5X4,Bothrops atrox,Bothrops atrox,Bothrops atrox,8725,8725,Bothrops atrox,direct_original_and_live_match,no
A0A1L8D5X6,Bothrops atrox,Bothrops atrox,Bothrops atrox,8725,8725,Bothrops atrox,direct_original_and_live_match,no
A0A1L8D5X7,Bothrops atrox,Bothrops atrox,Bothrops atrox,8725,8725,Bothrops atrox,direct_original_and_live_match,no
A0A1L8D5X8,Bothrops atrox,Bothrops atrox,Bothrops atrox,8725,8725,Bothrops atrox,direct_original_and_live_match,no
A0A1L8D5X9,Bothrops atrox,Bothrops atrox,Bothrops atrox,8725,8725,Bothrops atrox,direct_original_and_live_match,no
A0A1L8D5Y0,Bothrops atrox,Bothrops atrox,Bothrops atrox,8725,8725,Bothrops atrox,direct_original_and_live_match,no
A0A1L8D5Y2,Bothrops atrox,Bothrops atrox,Bothrops atrox,8725,8725,Bothrops atrox,direct_original_and_live_match,no
A0A1L8D5Y6,Bothrops atrox,Bothrops atrox,Bothrops atrox,8725,8725,Bothrops atrox,direct_original_and_live_match,no
A0A1L8D5Y7,Bothrops atrox,Bothrops atrox,Bothrops atrox,8725,8725,Bothrops atrox,direct_original_and_live_match,no
A0A1L8D5Z0,Bothrops atrox,Bothrops atrox,Bothrops atrox,8725,8725,Bothrops atrox,direct_original_and_live_match,no
A0A1L8D5Z1,Bothrops atrox,Bothrops atrox,Bothrops atrox,8725,8725,Bothrops atrox,direct_original_and_live_match,no
A0A1L8D5Z3,Bothrops atrox,Bothrops atrox,Bothrops atrox,8725,8725,Bothrops atrox,direct_original_and_live_match,no
A0A1L8D5Z6,Bothrops atrox,Bothrops atrox,Bothrops atrox,8725,8725,Bothrops atrox,direct_original_and_live_match,no
A0A1L8D600,Bothrops atrox,Bothrops atrox,Bothrops atrox,8725,8725,Bothrops atrox,direct_original_and_live_match,no
A0A1L8D610,Bothrops atrox,Bothrops atrox,Bothrops atrox,8725,8725,Bothrops atrox,direct_original_and_live_match,no
A0A1L8D615,Bothrops atrox,Bothrops atrox,Bothrops atrox,8725,8725,Bothrops atrox,direct_original_and_live_match,no
A0A1L8D620,Bothrops atrox,Bothrops atrox,Bothrops atrox,8725,8725,Bothrops atrox,direct_original_and_live_match,no
A0A1L8D626,Bothrops atrox,Bothrops atrox,Bothrops atrox,8725,8725,Bothrops atrox,direct_original_and_live_match,no
A0A1L8D633,Bothrops atrox,Bothrops atrox,Bothrops atrox,8725,8725,Bothrops atrox,direct_original_and_live_match,no
A0A1L8D635,Bothrops atrox,Bothrops atrox,Bothrops atrox,8725,8725,Bothrops atrox,direct_original_and_live_match,no
A0A1L8D641,Bothrops atrox,Bothrops atrox,Bothrops atrox,8725,8725,Bothrops atrox,direct_original_and_live_match,no
A0A1L8D646,Bothrops atrox,Bothrops atrox,Bothrops atrox,8725,8725,Bothrops atrox,direct_original_and_live_match,no
A0A1L8D649,Bothrops atrox,Bothrops atrox,Bothrops atrox,8725,8725,Bothrops atrox,direct_original_and_live_match,no
A0A1L8D656,Bothrops atrox,Bothrops atrox,Bothrops atrox,8725,8725,Bothrops atrox,direct_original_and_live_match,no
A0A1L8D658,Bothrops atrox,Bothrops atrox,Bothrops atrox,8725,8725,Bothrops atrox,direct_original_and_live_match,no
A0A1L8D660,Bothrops atrox,Bothrops atrox,Bothrops atrox,8725,8725,Bothrops atrox,direct_original_and_live_match,no
A0A1L8D662,Bothrops atrox,Bothrops atrox,Bothrops atrox,8725,8725,Bothrops atrox,direct_original_and_live_match,no
A0A1L8D664,Bothrops atrox,Bothrops atrox,Bothrops atrox,8725,8725,Bothrops atrox,direct_original_and_live_match,no
A0A1L8D665,Bothrops atrox,Bothrops atrox,Bothrops atrox,8725,8725,Bothrops atrox,direct_original_and_live_match,no
A0A1L8D666,Bothrops atrox,Bothrops atrox,Bothrops atrox,8725,8725,Bothrops atrox,direct_original_and_live_match,no
A0A1L8D668,Bothrops atrox,Bothrops atrox,Bothrops atrox,8725,8725,Bothrops atrox,direct_original_and_live_match,no
A0A1L8D674,Bothrops atrox,Bothrops atrox,Bothrops atrox,8725,8725,Bothrops atrox,direct_original_and_live_match,no
A0A1L8D675,Bothrops atrox,Bothrops atrox,Bothrops atrox,8725,8725,Bothrops atrox,direct_original_and_live_match,no
A0A1L8D676,Bothrops atrox,Bothrops atrox,Bothrops atrox,8725,8725,Bothrops atrox,direct_original_and_live_match,no
A0A1L8D677,Bothrops atrox,Bothrops atrox,Bothrops atrox,8725,8725,Bothrops atrox,direct_original_and_live_match,no
A0A1L8D679,Bothrops atrox,Bothrops atrox,Bothrops atrox,8725,8725,Bothrops atrox,direct_original_and_live_match,no
A0A1L8D680,Bothrops atrox,Bothrops atrox,Bothrops atrox,8725,8725,Bothrops atrox,direct_original_and_live_match,no
A0A1L8D681,Bothrops atrox,Bothrops atrox,Bothrops atrox,8725,8725,Bothrops atrox,direct_original_and_live_match,no
A0A1L8D682,Bothrops atrox,Bothrops atrox,Bothrops atrox,8725,8725,Bothrops atrox,direct_original_and_live_match,no
A0A1L8D686,Bothrops atrox,Bothrops atrox,Bothrops atrox,8725,8725,Bothrops atrox,direct_original_and_live_match,no
A0A1L8D689,Bothrops atrox,Bothrops atrox,Bothrops atrox,8725,8725,Bothrops atrox,direct_original_and_live_match,no
A0A1L8D691,Bothrops atrox,Bothrops atrox,Bothrops atrox,8725,8725,Bothrops atrox,direct_original_and_live_match,no
A0A1L8D698,Bothrops atrox,Bothrops atrox,Bothrops atrox,8725,8725,Bothrops atrox,direct_original_and_live_match,no
A0A1L8D6A0,Bothrops atrox,Bothrops atrox,Bothrops atrox,8725,8725,Bothrops atrox,direct_original_and_live_match,no
A0A1L8D6A9,Bothrops atrox,Bothrops atrox,Bothrops atrox,8725,8725,Bothrops atrox,direct_original_and_live_match,no
A0A1L8D6B7,Bothrops atrox,Bothrops atrox,Bothrops atrox,8725,8725,Bothrops atrox,direct_original_and_live_match,no
A0A1L8D6D1,Bothrops atrox,Bothrops atrox,Bothrops atrox,8725,8725,Bothrops atrox,direct_original_and_live_match,no
A0A1L8D6G6,Bothrops atrox,Bothrops atrox,Bothrops atrox,8725,8725,Bothrops atrox,direct_original_and_live_match,no
A0A1L8D6I0,Bothrops atrox,Bothrops atrox,Bothrops atrox,8725,8725,Bothrops atrox,direct_original_and_live_match,no
A0A1L8D6I8,Bothrops atrox,Bothrops atrox,Bothrops atrox,8725,8725,Bothrops atrox,direct_original_and_live_match,no
A0A1L8D6J8,Bothrops atrox,Bothrops atrox,Bothrops atrox,8725,8725,Bothrops atrox,direct_original_and_live_match,no
A0A1S6K7T1,Bothrops atrox,Bothrops atrox,Bothrops atrox,8725,8725,Bothrops atrox,direct_original_and_live_match,no
A0A1W7RB89,Crotalus adamanteus,Crotalus adamanteus,Crotalus adamanteus,8729,8729,Crotalus adamanteus,direct_original_and_live_match,no
A0A1W7RB97,Crotalus adamanteus,Crotalus adamanteus,Crotalus adamanteus,8729,8729,Crotalus adamanteus,direct_original_and_live_match,no
A0A1W7RBA3,Crotalus adamanteus,Crotalus adamanteus,Crotalus adamanteus,8729,8729,Crotalus adamanteus,direct_original_and_live_match,no
A0A1W7RBB8,Crotalus adamanteus,Crotalus adamanteus,Crotalus adamanteus,8729,8729,Crotalus adamanteus,direct_original_and_live_match,no
A0A223PK14,Daboia russelii,Daboia russelii,Daboia russelii,8707,8707,Daboia russelii,direct_original_and_live_match,no
A0A223PK23,Daboia russelii,Daboia russelii,Daboia russelii,8707,8707,Daboia russelii,direct_original_and_live_match,no
A0A223PK27,Daboia russelii,Daboia russelii,Daboia russelii,8707,8707,Daboia russelii,direct_original_and_live_match,no
A0A223PK29,Daboia russelii,Daboia russelii,Daboia russelii,8707,8707,Daboia russelii,direct_original_and_live_match,no
A0A223PK33,Daboia russelii,Daboia russelii,Daboia russelii,8707,8707,Daboia russelii,direct_original_and_live_match,no
A0A223PK39,Daboia russelii,Daboia russelii,Daboia russelii,8707,8707,Daboia russelii,direct_original_and_live_match,no
A0A286S0D3,Gloydius intermedius,Gloydius intermedius,Gloydius intermedius,44732,44732,Gloydius intermedius,direct_original_and_live_match,no
A0A286S0D6,Gloydius intermedius,Gloydius intermedius,Gloydius intermedius,44732,44732,Gloydius intermedius,direct_original_and_live_match,no
A0A286S0D7,Gloydius intermedius,Gloydius intermedius,Gloydius intermedius,44732,44732,Gloydius intermedius,direct_original_and_live_match,no
A0A286S0E6,Gloydius intermedius,Gloydius intermedius,Gloydius intermedius,44732,44732,Gloydius intermedius,direct_original_and_live_match,no
A0A2H4Z2W1,Daboia siamensis,Daboia siamensis,Daboia siamensis,343250,343250,Daboia siamensis,direct_original_and_live_match,no
A0A2H4Z2X4,Daboia siamensis,Daboia siamensis,Daboia siamensis,343250,343250,Daboia siamensis,direct_original_and_live_match,no
A0A2H4Z2Y9,Daboia siamensis,Daboia siamensis,Daboia siamensis,343250,343250,Daboia siamensis,direct_original_and_live_match,no
A0A2P1BSS8,Micrurus mipartitus,Micrurus mipartitus,Micrurus mipartitus,430902,430902,Micrurus mipartitus,direct_original_and_live_match,no
A0A2P1BSS9,Micrurus mipartitus,Micrurus mipartitus,Micrurus mipartitus,430902,430902,Micrurus mipartitus,direct_original_and_live_match,no
A0A2P1BST7,Micrurus mipartitus,Micrurus mipartitus,Micrurus mipartitus,430902,430902,Micrurus mipartitus,direct_original_and_live_match,no
A0A2P1BSU3,Micrurus mipartitus,Micrurus mipartitus,Micrurus mipartitus,430902,430902,Micrurus mipartitus,direct_original_and_live_match,no
A0A2U8QNR2,Micrurus mipartitus,Micrurus mipartitus,Micrurus mipartitus,430902,430902,Micrurus mipartitus,direct_original_and_live_match,no
A0A2U8QNR3,Micrurus mipartitus,Micrurus mipartitus,Micrurus mipartitus,430902,430902,Micrurus mipartitus,direct_original_and_live_match,no
A0A2U8QNR6,Micrurus mipartitus,Micrurus mipartitus,Micrurus mipartitus,430902,430902,Micrurus mipartitus,direct_original_and_live_match,no
A0A2U8QNR7,Micrurus mipartitus,Micrurus mipartitus,Micrurus mipartitus,430902,430902,Micrurus mipartitus,direct_original_and_live_match,no
A0A2U8QNU6,Micrurus mipartitus,Micrurus mipartitus,Micrurus mipartitus,430902,430902,Micrurus mipartitus,direct_original_and_live_match,no
A0A2Z4N9R6,,Philothamnus irregularis,Philothamnus irregularis,1899461,,,group_level_or_name_unresolved,no
A0A2Z4N9S2,,Philothamnus irregularis,Philothamnus irregularis,1899461,,,group_level_or_name_unresolved,no
A0A2Z4N9S9,,Philothamnus irregularis,Philothamnus irregularis,1899461,,,group_level_or_name_unresolved,no
A0A2Z4N9T6,,Philothamnus irregularis,Philothamnus irregularis,1899461,,,group_level_or_name_unresolved,no
A0A2Z4N9U9,,Philothamnus irregularis,Philothamnus irregularis,1899461,,,group_level_or_name_unresolved,no
A0A2Z4N9V2,,Philothamnus irregularis,Philothamnus irregularis,1899461,,,group_level_or_name_unresolved,no
A0A2Z4N9V4,,Philothamnus irregularis,Philothamnus irregularis,1899461,,,group_level_or_name_unresolved,no
A0A2Z4N9W3,,Philothamnus irregularis,Philothamnus irregularis,1899461,,,group_level_or_name_unresolved,no
A0A2Z4N9X1,,Philothamnus irregularis,Philothamnus irregularis,1899461,,,group_level_or_name_unresolved,no
A0A2Z4N9X6,,Philothamnus irregularis,Philothamnus irregularis,1899461,,,group_level_or_name_unresolved,no
A0A2Z4N9Z0,,Philothamnus irregularis,Philothamnus irregularis,1899461,,,group_level_or_name_unresolved,no
A0A2Z4NA08,,Philothamnus irregularis,Philothamnus irregularis,1899461,,,group_level_or_name_unresolved,no
A0A2Z4NA15,,Philothamnus irregularis,Philothamnus irregularis,1899461,,,group_level_or_name_unresolved,no
A0A346CI97,,Spilotes sulphureus,Spilotes sulphureus,1899469,,,group_level_or_name_unresolved,no
A0A346CI98,,Spilotes sulphureus,Spilotes sulphureus,1899469,,,group_level_or_name_unresolved,no
A0A346CIA2,,Spilotes sulphureus,Spilotes sulphureus,1899469,,,group_level_or_name_unresolved,no
A0A346CIA3,,Spilotes sulphureus,Spilotes sulphureus,1899469,,,group_level_or_name_unresolved,no
A0A346CIA4,,Spilotes sulphureus,Spilotes sulphureus,1899469,,,group_level_or_name_unresolved,no
A0A346CIA5,,Spilotes sulphureus,Spilotes sulphureus,1899469,,,group_level_or_name_unresolved,no
A0A346CIB8,,Spilotes sulphureus,Spilotes sulphureus,1899469,,,group_level_or_name_unresolved,no
A0A346CLS7,,Borikenophis portoricensis,Borikenophis portoricensis,1260276,,,group_level_or_name_unresolved,no
A0A346CLS8,,Borikenophis portoricensis,Borikenophis portoricensis,1260276,,,group_level_or_name_unresolved,no
A0A346CLS9,,Borikenophis portoricensis,Borikenophis portoricensis,1260276,,,group_level_or_name_unresolved,no
A0A346CLT0,,Borikenophis portoricensis,Borikenophis portoricensis,1260276,,,group_level_or_name_unresolved,no
A0A346CLT1,,Borikenophis portoricensis,Borikenophis portoricensis,1260276,,,group_level_or_name_unresolved,no
A0A346CLT2,,Borikenophis portoricensis,Borikenophis portoricensis,1260276,,,group_level_or_name_unresolved,no
A0A346CLT3,,Borikenophis portoricensis,Borikenophis portoricensis,1260276,,,group_level_or_name_unresolved,no
A0A346CLT4,,Borikenophis portoricensis,Borikenophis portoricensis,1260276,,,group_level_or_name_unresolved,no
A0A346CLT5,,Borikenophis portoricensis,Borikenophis portoricensis,1260276,,,group_level_or_name_unresolved,no
A0A346CLT6,,Borikenophis portoricensis,Borikenophis portoricensis,1260276,,,group_level_or_name_unresolved,no
A0A346CLT7,,Borikenophis portoricensis,Borikenophis portoricensis,1260276,,,group_level_or_name_unresolved,no
A0A346CLT8,,Borikenophis portoricensis,Borikenophis portoricensis,1260276,,,group_level_or_name_unresolved,no
A0A346CLT9,,Borikenophis portoricensis,Borikenophis portoricensis,1260276,,,group_level_or_name_unresolved,no
A0A346CLU0,,Borikenophis portoricensis,Borikenophis portoricensis,1260276,,,group_level_or_name_unresolved,no
A0A346CLU1,,Borikenophis portoricensis,Borikenophis portoricensis,1260276,,,group_level_or_name_unresolved,no
A0A346CLU2,,Borikenophis portoricensis,Borikenophis portoricensis,1260276,,,group_level_or_name_unresolved,no
A0A346CLU3,,Borikenophis portoricensis,Borikenophis portoricensis,1260276,,,group_level_or_name_unresolved,no
A0A346CLU4,,Borikenophis portoricensis,Borikenophis portoricensis,1260276,,,group_level_or_name_unresolved,no
A0A346CLU5,,Borikenophis portoricensis,Borikenophis portoricensis,1260276,,,group_level_or_name_unresolved,no
A0A346CLU6,,Borikenophis portoricensis,Borikenophis portoricensis,1260276,,,group_level_or_name_unresolved,no
A0A346CLU7,,Borikenophis portoricensis,Borikenophis portoricensis,1260276,,,group_level_or_name_unresolved,no
A0A346CLU8,,Borikenophis portoricensis,Borikenophis portoricensis,1260276,,,group_level_or_name_unresolved,no
A0A346CLU9,,Borikenophis portoricensis,Borikenophis portoricensis,1260276,,,group_level_or_name_unresolved,no
A0A346CLV0,,Borikenophis portoricensis,Borikenophis portoricensis,1260276,,,group_level_or_name_unresolved,no
A0A346CLV1,,Borikenophis portoricensis,Borikenophis portoricensis,1260276,,,group_level_or_name_unresolved,no
A0A346CLV2,,Borikenophis portoricensis,Borikenophis portoricensis,1260276,,,group_level_or_name_unresolved,no
A0A346CLV3,,Borikenophis portoricensis,Borikenophis portoricensis,1260276,,,group_level_or_name_unresolved,no
A0A346CLV4,,Borikenophis portoricensis,Borikenophis portoricensis,1260276,,,group_level_or_name_unresolved,no
A0A346CLV5,,Borikenophis portoricensis,Borikenophis portoricensis,1260276,,,group_level_or_name_unresolved,no
A0A346CLV6,,Borikenophis portoricensis,Borikenophis portoricensis,1260276,,,group_level_or_name_unresolved,no
A0A346CLX2,,Borikenophis portoricensis,Borikenophis portoricensis,1260276,,,group_level_or_name_unresolved,no
A0A346CLX5,,Borikenophis portoricensis,Borikenophis portoricensis,1260276,,,group_level_or_name_unresolved,no
A0A346CLY1,,Ahaetulla prasina,Ahaetulla prasina,499056,,,group_level_or_name_unresolved,no
A0A346CLZ9,,Ahaetulla prasina,Ahaetulla prasina,499056,,,group_level_or_name_unresolved,no
A0A346CM01,,Ahaetulla prasina,Ahaetulla prasina,499056,,,group_level_or_name_unresolved,no
A0A346CM02,,Ahaetulla prasina,Ahaetulla prasina,499056,,,group_level_or_name_unresolved,no
A0A346CM03,,Ahaetulla prasina,Ahaetulla prasina,499056,,,group_level_or_name_unresolved,no
A0A346CM04,,Ahaetulla prasina,Ahaetulla prasina,499056,,,group_level_or_name_unresolved,no
A0A346CM06,,Ahaetulla prasina,Ahaetulla prasina,499056,,,group_level_or_name_unresolved,no
A0A346CM07,,Ahaetulla prasina,Ahaetulla prasina,499056,,,group_level_or_name_unresolved,no
A0A346CM09,,Ahaetulla prasina,Ahaetulla prasina,499056,,,group_level_or_name_unresolved,no
A0A346CM10,,Ahaetulla prasina,Ahaetulla prasina,499056,,,group_level_or_name_unresolved,no
A0A346CM11,,Ahaetulla prasina,Ahaetulla prasina,499056,,,group_level_or_name_unresolved,no
A0A346CM12,,Ahaetulla prasina,Ahaetulla prasina,499056,,,group_level_or_name_unresolved,no
A0A346CM13,,Ahaetulla prasina,Ahaetulla prasina,499056,,,group_level_or_name_unresolved,no
A0A346CM14,,Ahaetulla prasina,Ahaetulla prasina,499056,,,group_level_or_name_unresolved,no
A0A346CM16,,Ahaetulla prasina,Ahaetulla prasina,499056,,,group_level_or_name_unresolved,no
A0A346CM17,,Ahaetulla prasina,Ahaetulla prasina,499056,,,group_level_or_name_unresolved,no
A0A346CM18,,Ahaetulla prasina,Ahaetulla prasina,499056,,,group_level_or_name_unresolved,no
A0A346CM19,,Ahaetulla prasina,Ahaetulla prasina,499056,,,group_level_or_name_unresolved,no
A0A346CM20,,Ahaetulla prasina,Ahaetulla prasina,499056,,,group_level_or_name_unresolved,no
A0A346CM21,,Ahaetulla prasina,Ahaetulla prasina,499056,,,group_level_or_name_unresolved,no
A0A346CM22,,Ahaetulla prasina,Ahaetulla prasina,499056,,,group_level_or_name_unresolved,no
A0A346CM23,,Ahaetulla prasina,Ahaetulla prasina,499056,,,group_level_or_name_unresolved,no
A0A346CM24,,Ahaetulla prasina,Ahaetulla prasina,499056,,,group_level_or_name_unresolved,no
A0A346CM26,,Ahaetulla prasina,Ahaetulla prasina,499056,,,group_level_or_name_unresolved,no
A0A346CM27,,Ahaetulla prasina,Ahaetulla prasina,499056,,,group_level_or_name_unresolved,no
A0A346CM28,,Ahaetulla prasina,Ahaetulla prasina,499056,,,group_level_or_name_unresolved,no
A0A346CM29,,Ahaetulla prasina,Ahaetulla prasina,499056,,,group_level_or_name_unresolved,no
A0A346CM31,,Ahaetulla prasina,Ahaetulla prasina,499056,,,group_level_or_name_unresolved,no
A0A346CM32,,Ahaetulla prasina,Ahaetulla prasina,499056,,,group_level_or_name_unresolved,no
A0A346CM33,,Ahaetulla prasina,Ahaetulla prasina,499056,,,group_level_or_name_unresolved,no
A0A346CM34,,Ahaetulla prasina,Ahaetulla prasina,499056,,,group_level_or_name_unresolved,no
A0A346CM35,,Ahaetulla prasina,Ahaetulla prasina,499056,,,group_level_or_name_unresolved,no
A0A346CM36,,Ahaetulla prasina,Ahaetulla prasina,499056,,,group_level_or_name_unresolved,no
A0A346CM37,,Ahaetulla prasina,Ahaetulla prasina,499056,,,group_level_or_name_unresolved,no
A0A346CM38,,Ahaetulla prasina,Ahaetulla prasina,499056,,,group_level_or_name_unresolved,no
A0A346CM39,,Ahaetulla prasina,Ahaetulla prasina,499056,,,group_level_or_name_unresolved,no
A0A346CM40,,Ahaetulla prasina,Ahaetulla prasina,499056,,,group_level_or_name_unresolved,no
A0A346CM41,,Ahaetulla prasina,Ahaetulla prasina,499056,,,group_level_or_name_unresolved,no
A0A346CM42,,Ahaetulla prasina,Ahaetulla prasina,499056,,,group_level_or_name_unresolved,no
A0A346CM43,,Ahaetulla prasina,Ahaetulla prasina,499056,,,group_level_or_name_unresolved,no
A0A346CM44,,Ahaetulla prasina,Ahaetulla prasina,499056,,,group_level_or_name_unresolved,no
A0A3G1E3T4,Echis ocellatus,Echis ocellatus,Echis ocellatus,99586,99586,Echis ocellatus,direct_original_and_live_match,no
A0A3G1E3T5,Echis ocellatus,Echis ocellatus,Echis ocellatus,99586,99586,Echis ocellatus,direct_original_and_live_match,no
A0A3G1E3U2,Echis ocellatus,Echis ocellatus,Echis ocellatus,99586,99586,Echis ocellatus,direct_original_and_live_match,no
A0A670XPL2,Pseudonaja textilis,Pseudonaja textilis,Pseudonaja textilis,8673,8673,Pseudonaja textilis,direct_original_and_live_match,no
A0A670XRP9,Pseudonaja textilis,Pseudonaja textilis,Pseudonaja textilis,8673,8673,Pseudonaja textilis,direct_original_and_live_match,no
A0A670XSZ9,Pseudonaja textilis,Pseudonaja textilis,Pseudonaja textilis,8673,8673,Pseudonaja textilis,direct_original_and_live_match,no
A0A670XTF2,Pseudonaja textilis,Pseudonaja textilis,Pseudonaja textilis,8673,8673,Pseudonaja textilis,direct_original_and_live_match,no
A0A670XTM7,Pseudonaja textilis,Pseudonaja textilis,Pseudonaja textilis,8673,8673,Pseudonaja textilis,direct_original_and_live_match,no
A0A670XU93,Pseudonaja textilis,Pseudonaja textilis,Pseudonaja textilis,8673,8673,Pseudonaja textilis,direct_original_and_live_match,no
A0A670XWP2,Pseudonaja textilis,Pseudonaja textilis,Pseudonaja textilis,8673,8673,Pseudonaja textilis,direct_original_and_live_match,no
A0A670XYC8,Pseudonaja textilis,Pseudonaja textilis,Pseudonaja textilis,8673,8673,Pseudonaja textilis,direct_original_and_live_match,no
A0A670Y098,Pseudonaja textilis,Pseudonaja textilis,Pseudonaja textilis,8673,8673,Pseudonaja textilis,direct_original_and_live_match,no
A0A670Y1G0,Pseudonaja textilis,Pseudonaja textilis,Pseudonaja textilis,8673,8673,Pseudonaja textilis,direct_original_and_live_match,no
A0A670YAR1,Pseudonaja textilis,Pseudonaja textilis,Pseudonaja textilis,8673,8673,Pseudonaja textilis,direct_original_and_live_match,no
A0A670YB59,Pseudonaja textilis,Pseudonaja textilis,Pseudonaja textilis,8673,8673,Pseudonaja textilis,direct_original_and_live_match,no
A0A670YFJ0,Pseudonaja textilis,Pseudonaja textilis,Pseudonaja textilis,8673,8673,Pseudonaja textilis,direct_original_and_live_match,no
A0A670YHI6,Pseudonaja textilis,Pseudonaja textilis,Pseudonaja textilis,8673,8673,Pseudonaja textilis,direct_original_and_live_match,no
A0A670YI11,Pseudonaja textilis,Pseudonaja textilis,Pseudonaja textilis,8673,8673,Pseudonaja textilis,direct_original_and_live_match,no
A0A670YLV9,Pseudonaja textilis,Pseudonaja textilis,Pseudonaja textilis,8673,8673,Pseudonaja textilis,direct_original_and_live_match,no
A0A670YMF0,Pseudonaja textilis,Pseudonaja textilis,Pseudonaja textilis,8673,8673,Pseudonaja textilis,direct_original_and_live_match,no
A0A670YMP6,Pseudonaja textilis,Pseudonaja textilis,Pseudonaja textilis,8673,8673,Pseudonaja textilis,direct_original_and_live_match,no
A0A670YPP0,Pseudonaja textilis,Pseudonaja textilis,Pseudonaja textilis,8673,8673,Pseudonaja textilis,direct_original_and_live_match,no
A0A670YQ43,Pseudonaja textilis,Pseudonaja textilis,Pseudonaja textilis,8673,8673,Pseudonaja textilis,direct_original_and_live_match,no
A0A670YQ46,Pseudonaja textilis,Pseudonaja textilis,Pseudonaja textilis,8673,8673,Pseudonaja textilis,direct_original_and_live_match,no
A0A670YQH3,Pseudonaja textilis,Pseudonaja textilis,Pseudonaja textilis,8673,8673,Pseudonaja textilis,direct_original_and_live_match,no
A0A670YQN1,Pseudonaja textilis,Pseudonaja textilis,Pseudonaja textilis,8673,8673,Pseudonaja textilis,direct_original_and_live_match,no
A0A670YQV9,Pseudonaja textilis,Pseudonaja textilis,Pseudonaja textilis,8673,8673,Pseudonaja textilis,direct_original_and_live_match,no
A0A670YR02,Pseudonaja textilis,Pseudonaja textilis,Pseudonaja textilis,8673,8673,Pseudonaja textilis,direct_original_and_live_match,no
A0A670YR19,Pseudonaja textilis,Pseudonaja textilis,Pseudonaja textilis,8673,8673,Pseudonaja textilis,direct_original_and_live_match,no
A0A670YRN7,Pseudonaja textilis,Pseudonaja textilis,Pseudonaja textilis,8673,8673,Pseudonaja textilis,direct_original_and_live_match,no
A0A670YRX0,Pseudonaja textilis,Pseudonaja textilis,Pseudonaja textilis,8673,8673,Pseudonaja textilis,direct_original_and_live_match,no
A0A670YS85,Pseudonaja textilis,Pseudonaja textilis,Pseudonaja textilis,8673,8673,Pseudonaja textilis,direct_original_and_live_match,no
A0A670YSN2,Pseudonaja textilis,Pseudonaja textilis,Pseudonaja textilis,8673,8673,Pseudonaja textilis,direct_original_and_live_match,no
A0A670YST0,Pseudonaja textilis,Pseudonaja textilis,Pseudonaja textilis,8673,8673,Pseudonaja textilis,direct_original_and_live_match,no
A0A670YSZ7,Pseudonaja textilis,Pseudonaja textilis,Pseudonaja textilis,8673,8673,Pseudonaja textilis,direct_original_and_live_match,no
A0A670YT18,Pseudonaja textilis,Pseudonaja textilis,Pseudonaja textilis,8673,8673,Pseudonaja textilis,direct_original_and_live_match,no
A0A670YTM0,Pseudonaja textilis,Pseudonaja textilis,Pseudonaja textilis,8673,8673,Pseudonaja textilis,direct_original_and_live_match,no
A0A670YUD8,Pseudonaja textilis,Pseudonaja textilis,Pseudonaja textilis,8673,8673,Pseudonaja textilis,direct_original_and_live_match,no
A0A670YUI2,Pseudonaja textilis,Pseudonaja textilis,Pseudonaja textilis,8673,8673,Pseudonaja textilis,direct_original_and_live_match,no
A0A670YWZ7,Pseudonaja textilis,Pseudonaja textilis,Pseudonaja textilis,8673,8673,Pseudonaja textilis,direct_original_and_live_match,no
A0A670YXJ0,Pseudonaja textilis,Pseudonaja textilis,Pseudonaja textilis,8673,8673,Pseudonaja textilis,direct_original_and_live_match,no
A0A670YY34,Pseudonaja textilis,Pseudonaja textilis,Pseudonaja textilis,8673,8673,Pseudonaja textilis,direct_original_and_live_match,no
A0A670YY52,Pseudonaja textilis,Pseudonaja textilis,Pseudonaja textilis,8673,8673,Pseudonaja textilis,direct_original_and_live_match,no
A0A670YY63,Pseudonaja textilis,Pseudonaja textilis,Pseudonaja textilis,8673,8673,Pseudonaja textilis,direct_original_and_live_match,no
A0A670YYT6,Pseudonaja textilis,Pseudonaja textilis,Pseudonaja textilis,8673,8673,Pseudonaja textilis,direct_original_and_live_match,no
A0A670YYY4,Pseudonaja textilis,Pseudonaja textilis,Pseudonaja textilis,8673,8673,Pseudonaja textilis,direct_original_and_live_match,no
A0A670YZ49,Pseudonaja textilis,Pseudonaja textilis,Pseudonaja textilis,8673,8673,Pseudonaja textilis,direct_original_and_live_match,no
A0A670YZC6,Pseudonaja textilis,Pseudonaja textilis,Pseudonaja textilis,8673,8673,Pseudonaja textilis,direct_original_and_live_match,no
A0A670YZY6,Pseudonaja textilis,Pseudonaja textilis,Pseudonaja textilis,8673,8673,Pseudonaja textilis,direct_original_and_live_match,no
A0A670YZZ7,Pseudonaja textilis,Pseudonaja textilis,Pseudonaja textilis,8673,8673,Pseudonaja textilis,direct_original_and_live_match,no
A0A670Z003,Pseudonaja textilis,Pseudonaja textilis,Pseudonaja textilis,8673,8673,Pseudonaja textilis,direct_original_and_live_match,no
A0A670Z0L6,Pseudonaja textilis,Pseudonaja textilis,Pseudonaja textilis,8673,8673,Pseudonaja textilis,direct_original_and_live_match,no
A0A670Z0N2,Pseudonaja textilis,Pseudonaja textilis,Pseudonaja textilis,8673,8673,Pseudonaja textilis,direct_original_and_live_match,no
A0A670Z1X5,Pseudonaja textilis,Pseudonaja textilis,Pseudonaja textilis,8673,8673,Pseudonaja textilis,direct_original_and_live_match,no
A0A670Z2B3,Pseudonaja textilis,Pseudonaja textilis,Pseudonaja textilis,8673,8673,Pseudonaja textilis,direct_original_and_live_match,no
A0A670Z2L0,Pseudonaja textilis,Pseudonaja textilis,Pseudonaja textilis,8673,8673,Pseudonaja textilis,direct_original_and_live_match,no
A0A670Z2T9,Pseudonaja textilis,Pseudonaja textilis,Pseudonaja textilis,8673,8673,Pseudonaja textilis,direct_original_and_live_match,no
A0A670Z460,Pseudonaja textilis,Pseudonaja textilis,Pseudonaja textilis,8673,8673,Pseudonaja textilis,direct_original_and_live_match,no
A0A670Z4L4,Pseudonaja textilis,Pseudonaja textilis,Pseudonaja textilis,8673,8673,Pseudonaja textilis,direct_original_and_live_match,no
A0A670Z578,Pseudonaja textilis,Pseudonaja textilis,Pseudonaja textilis,8673,8673,Pseudonaja textilis,direct_original_and_live_match,no
A0A670Z6C8,Pseudonaja textilis,Pseudonaja textilis,Pseudonaja textilis,8673,8673,Pseudonaja textilis,direct_original_and_live_match,no
A0A670Z6D8,Pseudonaja textilis,Pseudonaja textilis,Pseudonaja textilis,8673,8673,Pseudonaja textilis,direct_original_and_live_match,no
A0A670Z6H7,Pseudonaja textilis,Pseudonaja textilis,Pseudonaja textilis,8673,8673,Pseudonaja textilis,direct_original_and_live_match,no
A0A670Z8L4,Pseudonaja textilis,Pseudonaja textilis,Pseudonaja textilis,8673,8673,Pseudonaja textilis,direct_original_and_live_match,no
A0A670Z8M9,Pseudonaja textilis,Pseudonaja textilis,Pseudonaja textilis,8673,8673,Pseudonaja textilis,direct_original_and_live_match,no
A0A670Z8X5,Pseudonaja textilis,Pseudonaja textilis,Pseudonaja textilis,8673,8673,Pseudonaja textilis,direct_original_and_live_match,no
A0A670Z8Z3,Pseudonaja textilis,Pseudonaja textilis,Pseudonaja textilis,8673,8673,Pseudonaja textilis,direct_original_and_live_match,no
A0A670ZAB1,Pseudonaja textilis,Pseudonaja textilis,Pseudonaja textilis,8673,8673,Pseudonaja textilis,direct_original_and_live_match,no
A0A670ZBR1,Pseudonaja textilis,Pseudonaja textilis,Pseudonaja textilis,8673,8673,Pseudonaja textilis,direct_original_and_live_match,no
A0A670ZBW6,Pseudonaja textilis,Pseudonaja textilis,Pseudonaja textilis,8673,8673,Pseudonaja textilis,direct_original_and_live_match,no
A0A670ZCN3,Pseudonaja textilis,Pseudonaja textilis,Pseudonaja textilis,8673,8673,Pseudonaja textilis,direct_original_and_live_match,no
A0A670ZDU7,Pseudonaja textilis,Pseudonaja textilis,Pseudonaja textilis,8673,8673,Pseudonaja textilis,direct_original_and_live_match,no
A0A670ZGB3,Pseudonaja textilis,Pseudonaja textilis,Pseudonaja textilis,8673,8673,Pseudonaja textilis,direct_original_and_live_match,no
A0A670ZGC3,Pseudonaja textilis,Pseudonaja textilis,Pseudonaja textilis,8673,8673,Pseudonaja textilis,direct_original_and_live_match,no
A0A670ZHX7,Pseudonaja textilis,Pseudonaja textilis,Pseudonaja textilis,8673,8673,Pseudonaja textilis,direct_original_and_live_match,no
A0A670ZKE5,Pseudonaja textilis,Pseudonaja textilis,Pseudonaja textilis,8673,8673,Pseudonaja textilis,direct_original_and_live_match,no
A0A670ZL08,Pseudonaja textilis,Pseudonaja textilis,Pseudonaja textilis,8673,8673,Pseudonaja textilis,direct_original_and_live_match,no
A0A670ZNQ9,Pseudonaja textilis,Pseudonaja textilis,Pseudonaja textilis,8673,8673,Pseudonaja textilis,direct_original_and_live_match,no
A0A670ZNW0,Pseudonaja textilis,Pseudonaja textilis,Pseudonaja textilis,8673,8673,Pseudonaja textilis,direct_original_and_live_match,no
A0A670ZRQ2,Pseudonaja textilis,Pseudonaja textilis,Pseudonaja textilis,8673,8673,Pseudonaja textilis,direct_original_and_live_match,no
A0A670ZSW4,Pseudonaja textilis,Pseudonaja textilis,Pseudonaja textilis,8673,8673,Pseudonaja textilis,direct_original_and_live_match,no
A0A670ZSY2,Pseudonaja textilis,Pseudonaja textilis,Pseudonaja textilis,8673,8673,Pseudonaja textilis,direct_original_and_live_match,no
A0A670ZT23,Pseudonaja textilis,Pseudonaja textilis,Pseudonaja textilis,8673,8673,Pseudonaja textilis,direct_original_and_live_match,no
A0A670ZTT3,Pseudonaja textilis,Pseudonaja textilis,Pseudonaja textilis,8673,8673,Pseudonaja textilis,direct_original_and_live_match,no
A0A670ZWJ2,Pseudonaja textilis,Pseudonaja textilis,Pseudonaja textilis,8673,8673,Pseudonaja textilis,direct_original_and_live_match,no
A0A6B7FMQ3,Vipera ammodytes,Vipera ammodytes,Vipera ammodytes,8705,8704,Vipera ammodytes,direct_original_and_live_match,no
A0A6B7FMR4,Vipera ammodytes,Vipera ammodytes,Vipera ammodytes,8705,8704,Vipera ammodytes,direct_original_and_live_match,no
A0A6B7FNM6,Vipera ammodytes,Vipera ammodytes,Vipera ammodytes,8705,8704,Vipera ammodytes,direct_original_and_live_match,no
A0A6B7FNN4,Vipera ammodytes,Vipera ammodytes,Vipera ammodytes,8705,8704,Vipera ammodytes,direct_original_and_live_match,no
A0A6B7FPJ0,Vipera ammodytes,Vipera ammodytes,Vipera ammodytes,8705,8704,Vipera ammodytes,direct_original_and_live_match,no
A0A6B7FPT0,Vipera ammodytes,Vipera ammodytes,Vipera ammodytes,8705,8704,Vipera ammodytes,direct_original_and_live_match,no
A0A6B7FPT6,Vipera ammodytes,Vipera ammodytes,Vipera ammodytes,8705,8704,Vipera ammodytes,direct_original_and_live_match,no
A0A6B7FQF8,Vipera ammodytes,Vipera ammodytes,Vipera ammodytes,8705,8704,Vipera ammodytes,direct_original_and_live_match,no
A0A6B7FRF2,Vipera ammodytes,Vipera ammodytes,Vipera ammodytes,8705,8704,Vipera ammodytes,direct_original_and_live_match,no
A0A6B7FRK6,Vipera ammodytes,Vipera ammodytes,Vipera ammodytes,8705,8704,Vipera ammodytes,direct_original_and_live_match,no
A0A6G5ZUB2,,Vipera anatolica,Vipera anatolica,2604287,,,group_level_or_name_unresolved,no
A0A6G5ZUB3,,Vipera anatolica,Vipera anatolica,2604287,,,group_level_or_name_unresolved,no
A0A6G5ZUG1,,Vipera anatolica,Vipera anatolica,2604287,,,group_level_or_name_unresolved,no
A0A6G5ZUG5,,Vipera anatolica,Vipera anatolica,2604287,,,group_level_or_name_unresolved,no
A0A6G5ZUH5,,Vipera anatolica,Vipera anatolica,2604287,,,group_level_or_name_unresolved,no
A0A6G5ZUI9,,Vipera anatolica,Vipera anatolica,2604287,,,group_level_or_name_unresolved,no
A0A6G5ZUL5,,Vipera anatolica,Vipera anatolica,2604287,,,group_level_or_name_unresolved,no
A0A6G5ZUR1,,Vipera anatolica,Vipera anatolica,2604287,,,group_level_or_name_unresolved,no
A0A6G5ZUR6,,Vipera anatolica,Vipera anatolica,2604287,,,group_level_or_name_unresolved,no
A0A6G5ZUV8,,Vipera anatolica,Vipera anatolica,2604287,,,group_level_or_name_unresolved,no
A0A6G5ZUW7,,Vipera anatolica,Vipera anatolica,2604287,,,group_level_or_name_unresolved,no
A0A6G5ZV03,,Vipera anatolica,Vipera anatolica,2604287,,,group_level_or_name_unresolved,no
A0A6G5ZV11,,Vipera anatolica,Vipera anatolica,2604287,,,group_level_or_name_unresolved,no
A0A6G5ZVQ6,,Vipera anatolica,Vipera anatolica,2604287,,,group_level_or_name_unresolved,no
A0A6G5ZVU8,,Vipera anatolica,Vipera anatolica,2604287,,,group_level_or_name_unresolved,no
A0A6G5ZVU9,,Vipera anatolica,Vipera anatolica,2604287,,,group_level_or_name_unresolved,no
A0A6G5ZVX6,,Vipera anatolica,Vipera anatolica,2604287,,,group_level_or_name_unresolved,no
A0A6G5ZVX7,,Vipera anatolica,Vipera anatolica,2604287,,,group_level_or_name_unresolved,no
A0A6G5ZW07,,Vipera anatolica,Vipera anatolica,2604287,,,group_level_or_name_unresolved,no
A0A6G5ZW10,,Vipera anatolica,Vipera anatolica,2604287,,,group_level_or_name_unresolved,no
A0A6G5ZW32,,Vipera anatolica,Vipera anatolica,2604287,,,group_level_or_name_unresolved,no
A0A6G5ZW74,,Vipera anatolica,Vipera anatolica,2604287,,,group_level_or_name_unresolved,no
A0A6G5ZW78,,Vipera anatolica,Vipera anatolica,2604287,,,group_level_or_name_unresolved,no
A0A6G5ZWB7,,Vipera anatolica,Vipera anatolica,2604287,,,group_level_or_name_unresolved,no
A0A6I9WZ58,,Thamnophis sirtalis,Thamnophis sirtalis,35019,,,group_level_or_name_unresolved,no
A0A6I9WZX9,,Thamnophis sirtalis,Thamnophis sirtalis,35019,,,group_level_or_name_unresolved,no
A0A6I9X3T3,,Thamnophis sirtalis,Thamnophis sirtalis,35019,,,group_level_or_name_unresolved,no
A0A6I9X3U1,,Thamnophis sirtalis,Thamnophis sirtalis,35019,,,group_level_or_name_unresolved,no
A0A6I9X6P5,,Thamnophis sirtalis,Thamnophis sirtalis,35019,,,group_level_or_name_unresolved,no
A0A6I9XD44,,Thamnophis sirtalis,Thamnophis sirtalis,35019,,,group_level_or_name_unresolved,no
A0A6I9XF80,,Thamnophis sirtalis,Thamnophis sirtalis,35019,,,group_level_or_name_unresolved,no
A0A6I9XFF0,,Thamnophis sirtalis,Thamnophis sirtalis,35019,,,group_level_or_name_unresolved,no
A0A6I9XGQ4,,Thamnophis sirtalis,Thamnophis sirtalis,35019,,,group_level_or_name_unresolved,no
A0A6I9XJ09,,Thamnophis sirtalis,Thamnophis sirtalis,35019,,,group_level_or_name_unresolved,no
A0A6I9XJC3,,Thamnophis sirtalis,Thamnophis sirtalis,35019,,,group_level_or_name_unresolved,no
A0A6I9XKU6,,Thamnophis sirtalis,Thamnophis sirtalis,35019,,,group_level_or_name_unresolved,no
A0A6I9XLQ6,,Thamnophis sirtalis,Thamnophis sirtalis,35019,,,group_level_or_name_unresolved,no
A0A6I9XM94,,Thamnophis sirtalis,Thamnophis sirtalis,35019,,,group_level_or_name_unresolved,no
A0A6I9XU71,,Thamnophis sirtalis,Thamnophis sirtalis,35019,,,group_level_or_name_unresolved,no
A0A6I9XWS2,,Thamnophis sirtalis,Thamnophis sirtalis,35019,,,group_level_or_name_unresolved,no
A0A6I9XYW7,,Thamnophis sirtalis,Thamnophis sirtalis,35019,,,group_level_or_name_unresolved,no
A0A6I9Y427,,Thamnophis sirtalis,Thamnophis sirtalis,35019,,,group_level_or_name_unresolved,no
A0A6I9Y4M9,,Thamnophis sirtalis,Thamnophis sirtalis,35019,,,group_level_or_name_unresolved,no
A0A6I9Y6P0,,Thamnophis sirtalis,Thamnophis sirtalis,35019,,,group_level_or_name_unresolved,no
A0A6I9Y7E6,,Thamnophis sirtalis,Thamnophis sirtalis,35019,,,group_level_or_name_unresolved,no
A0A6I9Y9P8,,Thamnophis sirtalis,Thamnophis sirtalis,35019,,,group_level_or_name_unresolved,no
A0A6I9YAD9,,Thamnophis sirtalis,Thamnophis sirtalis,35019,,,group_level_or_name_unresolved,no
A0A6I9YCJ8,,Thamnophis sirtalis,Thamnophis sirtalis,35019,,,group_level_or_name_unresolved,no
A0A6I9YIS7,,Thamnophis sirtalis,Thamnophis sirtalis,35019,,,group_level_or_name_unresolved,no
A0A6I9YK14,,Thamnophis sirtalis,Thamnophis sirtalis,35019,,,group_level_or_name_unresolved,no
A0A6I9YME4,,Thamnophis sirtalis,Thamnophis sirtalis,35019,,,group_level_or_name_unresolved,no
A0A6I9YQ41,,Thamnophis sirtalis,Thamnophis sirtalis,35019,,,group_level_or_name_unresolved,no
A0A6I9YR91,,Thamnophis sirtalis,Thamnophis sirtalis,35019,,,group_level_or_name_unresolved,no
A0A6I9YRT2,,Thamnophis sirtalis,Thamnophis sirtalis,35019,,,group_level_or_name_unresolved,no
A0A6I9YV47,,Thamnophis sirtalis,Thamnophis sirtalis,35019,,,group_level_or_name_unresolved,no
A0A6I9YVG2,,Thamnophis sirtalis,Thamnophis sirtalis,35019,,,group_level_or_name_unresolved,no
A0A6I9YZ17,,Thamnophis sirtalis,Thamnophis sirtalis,35019,,,group_level_or_name_unresolved,no
A0A6I9Z3Y9,,Thamnophis sirtalis,Thamnophis sirtalis,35019,,,group_level_or_name_unresolved,no
A0A6I9Z546,,Thamnophis sirtalis,Thamnophis sirtalis,35019,,,group_level_or_name_unresolved,no
A0A6I9Z681,,Thamnophis sirtalis,Thamnophis sirtalis,35019,,,group_level_or_name_unresolved,no
A0A6I9Z6X7,,Thamnophis sirtalis,Thamnophis sirtalis,35019,,,group_level_or_name_unresolved,no
A0A6I9Z7X4,,Thamnophis sirtalis,Thamnophis sirtalis,35019,,,group_level_or_name_unresolved,no
A0A6J1TQY5,Notechis scutatus,Notechis scutatus,Notechis scutatus,8663,8663,Notechis scutatus,direct_original_and_live_match,no
A0A6J1TTY5,Notechis scutatus,Notechis scutatus,Notechis scutatus,8663,8663,Notechis scutatus,direct_original_and_live_match,no
A0A6J1TV53,Notechis scutatus,Notechis scutatus,Notechis scutatus,8663,8663,Notechis scutatus,direct_original_and_live_match,no
A0A6J1TXF6,Notechis scutatus,Notechis scutatus,Notechis scutatus,8663,8663,Notechis scutatus,direct_original_and_live_match,no
A0A6J1TYH5,Notechis scutatus,Notechis scutatus,Notechis scutatus,8663,8663,Notechis scutatus,direct_original_and_live_match,no
A0A6J1U0C5,Notechis scutatus,Notechis scutatus,Notechis scutatus,8663,8663,Notechis scutatus,direct_original_and_live_match,no
A0A6J1U1P8,Notechis scutatus,Notechis scutatus,Notechis scutatus,8663,8663,Notechis scutatus,direct_original_and_live_match,no
A0A6J1U767,Notechis scutatus,Notechis scutatus,Notechis scutatus,8663,8663,Notechis scutatus,direct_original_and_live_match,no
A0A6J1U821,Notechis scutatus,Notechis scutatus,Notechis scutatus,8663,8663,Notechis scutatus,direct_original_and_live_match,no
A0A6J1UAX0,Notechis scutatus,Notechis scutatus,Notechis scutatus,8663,8663,Notechis scutatus,direct_original_and_live_match,no
A0A6J1UDE6,Notechis scutatus,Notechis scutatus,Notechis scutatus,8663,8663,Notechis scutatus,direct_original_and_live_match,no
A0A6J1UG27,Notechis scutatus,Notechis scutatus,Notechis scutatus,8663,8663,Notechis scutatus,direct_original_and_live_match,no
A0A6J1UHL8,Notechis scutatus,Notechis scutatus,Notechis scutatus,8663,8663,Notechis scutatus,direct_original_and_live_match,no
A0A6J1UTR7,Notechis scutatus,Notechis scutatus,Notechis scutatus,8663,8663,Notechis scutatus,direct_original_and_live_match,no
A0A6J1UZN3,Notechis scutatus,Notechis scutatus,Notechis scutatus,8663,8663,Notechis scutatus,direct_original_and_live_match,no
A0A6J1V018,Notechis scutatus,Notechis scutatus,Notechis scutatus,8663,8663,Notechis scutatus,direct_original_and_live_match,no
A0A6J1V027,Notechis scutatus,Notechis scutatus,Notechis scutatus,8663,8663,Notechis scutatus,direct_original_and_live_match,no
A0A6J1V116,Notechis scutatus,Notechis scutatus,Notechis scutatus,8663,8663,Notechis scutatus,direct_original_and_live_match,no
A0A6J1V117,Notechis scutatus,Notechis scutatus,Notechis scutatus,8663,8663,Notechis scutatus,direct_original_and_live_match,no
A0A6J1V1I2,Notechis scutatus,Notechis scutatus,Notechis scutatus,8663,8663,Notechis scutatus,direct_original_and_live_match,no
A0A6J1V1L9,Notechis scutatus,Notechis scutatus,Notechis scutatus,8663,8663,Notechis scutatus,direct_original_and_live_match,no
A0A6J1V1M1,Notechis scutatus,Notechis scutatus,Notechis scutatus,8663,8663,Notechis scutatus,direct_original_and_live_match,no
A0A6J1V1M4,Notechis scutatus,Notechis scutatus,Notechis scutatus,8663,8663,Notechis scutatus,direct_original_and_live_match,no
A0A6J1V2M9,Notechis scutatus,Notechis scutatus,Notechis scutatus,8663,8663,Notechis scutatus,direct_original_and_live_match,no
A0A6J1V326,Notechis scutatus,Notechis scutatus,Notechis scutatus,8663,8663,Notechis scutatus,direct_original_and_live_match,no
A0A6J1V5Z2,Notechis scutatus,Notechis scutatus,Notechis scutatus,8663,8663,Notechis scutatus,direct_original_and_live_match,no
A0A6J1V7F6,Notechis scutatus,Notechis scutatus,Notechis scutatus,8663,8663,Notechis scutatus,direct_original_and_live_match,no
A0A6J1V7G1,Notechis scutatus,Notechis scutatus,Notechis scutatus,8663,8663,Notechis scutatus,direct_original_and_live_match,no
A0A6J1V7Y6,Notechis scutatus,Notechis scutatus,Notechis scutatus,8663,8663,Notechis scutatus,direct_original_and_live_match,no
A0A6J1V8Z2,Notechis scutatus,Notechis scutatus,Notechis scutatus,8663,8663,Notechis scutatus,direct_original_and_live_match,no
A0A6J1V971,Notechis scutatus,Notechis scutatus,Notechis scutatus,8663,8663,Notechis scutatus,direct_original_and_live_match,no
A0A6J1V989,Notechis scutatus,Notechis scutatus,Notechis scutatus,8663,8663,Notechis scutatus,direct_original_and_live_match,no
A0A6J1V9T1,Notechis scutatus,Notechis scutatus,Notechis scutatus,8663,8663,Notechis scutatus,direct_original_and_live_match,no
A0A6J1V9Z9,Notechis scutatus,Notechis scutatus,Notechis scutatus,8663,8663,Notechis scutatus,direct_original_and_live_match,no
A0A6J1VB39,Notechis scutatus,Notechis scutatus,Notechis scutatus,8663,8663,Notechis scutatus,direct_original_and_live_match,no
A0A6J1VBB6,Notechis scutatus,Notechis scutatus,Notechis scutatus,8663,8663,Notechis scutatus,direct_original_and_live_match,no
A0A6J1VBR6,Notechis scutatus,Notechis scutatus,Notechis scutatus,8663,8663,Notechis scutatus,direct_original_and_live_match,no
A0A6J1VBX6,Notechis scutatus,Notechis scutatus,Notechis scutatus,8663,8663,Notechis scutatus,direct_original_and_live_match,no
A0A6J1VD78,Notechis scutatus,Notechis scutatus,Notechis scutatus,8663,8663,Notechis scutatus,direct_original_and_live_match,no
A0A6J1VE32,Notechis scutatus,Notechis scutatus,Notechis scutatus,8663,8663,Notechis scutatus,direct_original_and_live_match,no
A0A6J1VED4,Notechis scutatus,Notechis scutatus,Notechis scutatus,8663,8663,Notechis scutatus,direct_original_and_live_match,no
A0A6J1VFP9,Notechis scutatus,Notechis scutatus,Notechis scutatus,8663,8663,Notechis scutatus,direct_original_and_live_match,no
A0A6J1VG35,Notechis scutatus,Notechis scutatus,Notechis scutatus,8663,8663,Notechis scutatus,direct_original_and_live_match,no
A0A6J1VGC9,Notechis scutatus,Notechis scutatus,Notechis scutatus,8663,8663,Notechis scutatus,direct_original_and_live_match,no
A0A6J1VGV1,Notechis scutatus,Notechis scutatus,Notechis scutatus,8663,8663,Notechis scutatus,direct_original_and_live_match,no
A0A6J1VIH7,Notechis scutatus,Notechis scutatus,Notechis scutatus,8663,8663,Notechis scutatus,direct_original_and_live_match,no
A0A6J1VJM9,Notechis scutatus,Notechis scutatus,Notechis scutatus,8663,8663,Notechis scutatus,direct_original_and_live_match,no
A0A6J1VLQ1,Notechis scutatus,Notechis scutatus,Notechis scutatus,8663,8663,Notechis scutatus,direct_original_and_live_match,no
A0A6J1VNH2,Notechis scutatus,Notechis scutatus,Notechis scutatus,8663,8663,Notechis scutatus,direct_original_and_live_match,no
A0A6J1VPN9,Notechis scutatus,Notechis scutatus,Notechis scutatus,8663,8663,Notechis scutatus,direct_original_and_live_match,no
A0A6J1VQ70,Notechis scutatus,Notechis scutatus,Notechis scutatus,8663,8663,Notechis scutatus,direct_original_and_live_match,no
A0A6J1VQ94,Notechis scutatus,Notechis scutatus,Notechis scutatus,8663,8663,Notechis scutatus,direct_original_and_live_match,no
A0A6J1VS22,Notechis scutatus,Notechis scutatus,Notechis scutatus,8663,8663,Notechis scutatus,direct_original_and_live_match,no
A0A6J1VS77,Notechis scutatus,Notechis scutatus,Notechis scutatus,8663,8663,Notechis scutatus,direct_original_and_live_match,no
A0A6J1VSP6,Notechis scutatus,Notechis scutatus,Notechis scutatus,8663,8663,Notechis scutatus,direct_original_and_live_match,no
A0A6J1VUI6,Notechis scutatus,Notechis scutatus,Notechis scutatus,8663,8663,Notechis scutatus,direct_original_and_live_match,no
A0A6J1VW13,Notechis scutatus,Notechis scutatus,Notechis scutatus,8663,8663,Notechis scutatus,direct_original_and_live_match,no
A0A6J1VW97,Notechis scutatus,Notechis scutatus,Notechis scutatus,8663,8663,Notechis scutatus,direct_original_and_live_match,no
A0A6J1VWZ5,Notechis scutatus,Notechis scutatus,Notechis scutatus,8663,8663,Notechis scutatus,direct_original_and_live_match,no
A0A6J1VYT1,Notechis scutatus,Notechis scutatus,Notechis scutatus,8663,8663,Notechis scutatus,direct_original_and_live_match,no
A0A6J1VZS5,Notechis scutatus,Notechis scutatus,Notechis scutatus,8663,8663,Notechis scutatus,direct_original_and_live_match,no
A0A6J1W0I1,Notechis scutatus,Notechis scutatus,Notechis scutatus,8663,8663,Notechis scutatus,direct_original_and_live_match,no
A0A6J1W0R4,Notechis scutatus,Notechis scutatus,Notechis scutatus,8663,8663,Notechis scutatus,direct_original_and_live_match,no
A0A6J1W1Y1,Notechis scutatus,Notechis scutatus,Notechis scutatus,8663,8663,Notechis scutatus,direct_original_and_live_match,no
A0A6J1W1Z0,Notechis scutatus,Notechis scutatus,Notechis scutatus,8663,8663,Notechis scutatus,direct_original_and_live_match,no
A0A6J1W538,Notechis scutatus,Notechis scutatus,Notechis scutatus,8663,8663,Notechis scutatus,direct_original_and_live_match,no
A0A6J1W554,Notechis scutatus,Notechis scutatus,Notechis scutatus,8663,8663,Notechis scutatus,direct_original_and_live_match,no
A0A6J1W5S3,Notechis scutatus,Notechis scutatus,Notechis scutatus,8663,8663,Notechis scutatus,direct_original_and_live_match,no
A0A6J1W5Z9,Notechis scutatus,Notechis scutatus,Notechis scutatus,8663,8663,Notechis scutatus,direct_original_and_live_match,no
A0A6J1W634,Notechis scutatus,Notechis scutatus,Notechis scutatus,8663,8663,Notechis scutatus,direct_original_and_live_match,no
A0A6J1W854,Notechis scutatus,Notechis scutatus,Notechis scutatus,8663,8663,Notechis scutatus,direct_original_and_live_match,no
A0A6J1W8T1,Notechis scutatus,Notechis scutatus,Notechis scutatus,8663,8663,Notechis scutatus,direct_original_and_live_match,no
A0A6P9AI98,,Pantherophis guttatus,Pantherophis guttatus,94885,,,group_level_or_name_unresolved,no
A0A6P9AIQ7,,Pantherophis guttatus,Pantherophis guttatus,94885,,,group_level_or_name_unresolved,no
A0A6P9AR79,,Pantherophis guttatus,Pantherophis guttatus,94885,,,group_level_or_name_unresolved,no
A0A6P9AR87,,Pantherophis guttatus,Pantherophis guttatus,94885,,,group_level_or_name_unresolved,no
A0A6P9AXQ9,,Pantherophis guttatus,Pantherophis guttatus,94885,,,group_level_or_name_unresolved,no
A0A6P9AZV8,,Pantherophis guttatus,Pantherophis guttatus,94885,,,group_level_or_name_unresolved,no
A0A6P9B343,,Pantherophis guttatus,Pantherophis guttatus,94885,,,group_level_or_name_unresolved,no
A0A6P9B3V4,,Pantherophis guttatus,Pantherophis guttatus,94885,,,group_level_or_name_unresolved,no
A0A6P9B4Y2,,Pantherophis guttatus,Pantherophis guttatus,94885,,,group_level_or_name_unresolved,no
A0A6P9B642,,Pantherophis guttatus,Pantherophis guttatus,94885,,,group_level_or_name_unresolved,no
A0A6P9B6C4,,Pantherophis guttatus,Pantherophis guttatus,94885,,,group_level_or_name_unresolved,no
A0A6P9B979,,Pantherophis guttatus,Pantherophis guttatus,94885,,,group_level_or_name_unresolved,no
A0A6P9BB55,,Pantherophis guttatus,Pantherophis guttatus,94885,,,group_level_or_name_unresolved,no
A0A6P9BBY4,,Pantherophis guttatus,Pantherophis guttatus,94885,,,group_level_or_name_unresolved,no
A0A6P9BCF9,,Pantherophis guttatus,Pantherophis guttatus,94885,,,group_level_or_name_unresolved,no
A0A6P9BDG1,,Pantherophis guttatus,Pantherophis guttatus,94885,,,group_level_or_name_unresolved,no
A0A6P9BHT7,,Pantherophis guttatus,Pantherophis guttatus,94885,,,group_level_or_name_unresolved,no
A0A6P9BJM1,,Pantherophis guttatus,Pantherophis guttatus,94885,,,group_level_or_name_unresolved,no
A0A6P9BK47,,Pantherophis guttatus,Pantherophis guttatus,94885,,,group_level_or_name_unresolved,no
A0A6P9BL20,,Pantherophis guttatus,Pantherophis guttatus,94885,,,group_level_or_name_unresolved,no
A0A6P9BM83,,Pantherophis guttatus,Pantherophis guttatus,94885,,,group_level_or_name_unresolved,no
A0A6P9BPM7,,Pantherophis guttatus,Pantherophis guttatus,94885,,,group_level_or_name_unresolved,no
A0A6P9BPN1,,Pantherophis guttatus,Pantherophis guttatus,94885,,,group_level_or_name_unresolved,no
A0A6P9BQF0,,Pantherophis guttatus,Pantherophis guttatus,94885,,,group_level_or_name_unresolved,no
A0A6P9BSW2,,Pantherophis guttatus,Pantherophis guttatus,94885,,,group_level_or_name_unresolved,no
A0A6P9BTL3,,Pantherophis guttatus,Pantherophis guttatus,94885,,,group_level_or_name_unresolved,no
A0A6P9BUC5,,Pantherophis guttatus,Pantherophis guttatus,94885,,,group_level_or_name_unresolved,no
A0A6P9BVN6,,Pantherophis guttatus,Pantherophis guttatus,94885,,,group_level_or_name_unresolved,no
A0A6P9BVP1,,Pantherophis guttatus,Pantherophis guttatus,94885,,,group_level_or_name_unresolved,no
A0A6P9BWQ3,,Pantherophis guttatus,Pantherophis guttatus,94885,,,group_level_or_name_unresolved,no
A0A6P9BWQ7,,Pantherophis guttatus,Pantherophis guttatus,94885,,,group_level_or_name_unresolved,no
A0A6P9BX26,,Pantherophis guttatus,Pantherophis guttatus,94885,,,group_level_or_name_unresolved,no
A0A6P9BXU8,,Pantherophis guttatus,Pantherophis guttatus,94885,,,group_level_or_name_unresolved,no
A0A6P9C0N3,,Pantherophis guttatus,Pantherophis guttatus,94885,,,group_level_or_name_unresolved,no
A0A6P9C1G7,,Pantherophis guttatus,Pantherophis guttatus,94885,,,group_level_or_name_unresolved,no
A0A6P9C270,,Pantherophis guttatus,Pantherophis guttatus,94885,,,group_level_or_name_unresolved,no
A0A6P9C576,,Pantherophis guttatus,Pantherophis guttatus,94885,,,group_level_or_name_unresolved,no
A0A6P9C7W6,,Pantherophis guttatus,Pantherophis guttatus,94885,,,group_level_or_name_unresolved,no
A0A6P9CBJ8,,Pantherophis guttatus,Pantherophis guttatus,94885,,,group_level_or_name_unresolved,no
A0A6P9CCQ2,,Pantherophis guttatus,Pantherophis guttatus,94885,,,group_level_or_name_unresolved,no
A0A6P9CEC1,,Pantherophis guttatus,Pantherophis guttatus,94885,,,group_level_or_name_unresolved,no
A0A6P9CF88,,Pantherophis guttatus,Pantherophis guttatus,94885,,,group_level_or_name_unresolved,no
A0A6P9CJA3,,Pantherophis guttatus,Pantherophis guttatus,94885,,,group_level_or_name_unresolved,no
A0A6P9CLE6,,Pantherophis guttatus,Pantherophis guttatus,94885,,,group_level_or_name_unresolved,no
A0A6P9CNF9,,Pantherophis guttatus,Pantherophis guttatus,94885,,,group_level_or_name_unresolved,no
A0A6P9CSL9,,Pantherophis guttatus,Pantherophis guttatus,94885,,,group_level_or_name_unresolved,no
A0A6P9CW99,,Pantherophis guttatus,Pantherophis guttatus,94885,,,group_level_or_name_unresolved,no
A0A6P9CWA5,,Pantherophis guttatus,Pantherophis guttatus,94885,,,group_level_or_name_unresolved,no
A0A6P9CXW9,,Pantherophis guttatus,Pantherophis guttatus,94885,,,group_level_or_name_unresolved,no
A0A6P9CYL1,,Pantherophis guttatus,Pantherophis guttatus,94885,,,group_level_or_name_unresolved,no
A0A6P9CZ14,,Pantherophis guttatus,Pantherophis guttatus,94885,,,group_level_or_name_unresolved,no
A0A6P9CZ30,,Pantherophis guttatus,Pantherophis guttatus,94885,,,group_level_or_name_unresolved,no
A0A6P9CZZ2,,Pantherophis guttatus,Pantherophis guttatus,94885,,,group_level_or_name_unresolved,no
A0A6P9D0E9,,Pantherophis guttatus,Pantherophis guttatus,94885,,,group_level_or_name_unresolved,no
A0A6P9D799,,Pantherophis guttatus,Pantherophis guttatus,94885,,,group_level_or_name_unresolved,no
A0A6P9D7J6,,Pantherophis guttatus,Pantherophis guttatus,94885,,,group_level_or_name_unresolved,no
A0A6P9D8S7,,Pantherophis guttatus,Pantherophis guttatus,94885,,,group_level_or_name_unresolved,no
A0A6P9D9D3,,Pantherophis guttatus,Pantherophis guttatus,94885,,,group_level_or_name_unresolved,no
A0A6P9DAT3,,Pantherophis guttatus,Pantherophis guttatus,94885,,,group_level_or_name_unresolved,no
A0A6P9DAU4,,Pantherophis guttatus,Pantherophis guttatus,94885,,,group_level_or_name_unresolved,no
A0A6P9DBE0,,Pantherophis guttatus,Pantherophis guttatus,94885,,,group_level_or_name_unresolved,no
A0A6P9DBY7,,Pantherophis guttatus,Pantherophis guttatus,94885,,,group_level_or_name_unresolved,no
A0A6P9DC87,,Pantherophis guttatus,Pantherophis guttatus,94885,,,group_level_or_name_unresolved,no
A0A6P9DFT5,,Pantherophis guttatus,Pantherophis guttatus,94885,,,group_level_or_name_unresolved,no
A0A6P9DLH9,,Pantherophis guttatus,Pantherophis guttatus,94885,,,group_level_or_name_unresolved,no
A0A6P9DNB3,,Pantherophis guttatus,Pantherophis guttatus,94885,,,group_level_or_name_unresolved,no
A0A898IKT8,Calliophis bivirgatus,Calliophis bivirgatus,Calliophis bivirgatus,8633,8633,Calliophis bivirgatus,direct_original_and_live_match,no
A0A898ILE9,Calliophis bivirgatus,Calliophis bivirgatus,Calliophis bivirgatus,8633,8633,Calliophis bivirgatus,direct_original_and_live_match,no
A0A898ILL7,Calliophis bivirgatus,Calliophis bivirgatus,Calliophis bivirgatus,8633,8633,Calliophis bivirgatus,direct_original_and_live_match,no
A0A898ILW0,Calliophis bivirgatus,Calliophis bivirgatus,Calliophis bivirgatus,8633,8633,Calliophis bivirgatus,direct_original_and_live_match,no
A0A898INC7,Calliophis bivirgatus,Calliophis bivirgatus,Calliophis bivirgatus,8633,8633,Calliophis bivirgatus,direct_original_and_live_match,no
A0A898ING0,Calliophis bivirgatus,Calliophis bivirgatus,Calliophis bivirgatus,8633,8633,Calliophis bivirgatus,direct_original_and_live_match,no
A0A898INH6,Calliophis bivirgatus,Calliophis bivirgatus,Calliophis bivirgatus,8633,8633,Calliophis bivirgatus,direct_original_and_live_match,no
A0A8C5RCK6,,Laticauda laticaudata,Laticauda laticaudata,8630,,,group_level_or_name_unresolved,no
A0A8C5RCW5,,Laticauda laticaudata,Laticauda laticaudata,8630,,,group_level_or_name_unresolved,no
A0A8C5RCY0,,Laticauda laticaudata,Laticauda laticaudata,8630,,,group_level_or_name_unresolved,no
A0A8C5RD78,,Laticauda laticaudata,Laticauda laticaudata,8630,,,group_level_or_name_unresolved,no
A0A8C5REZ1,,Laticauda laticaudata,Laticauda laticaudata,8630,,,group_level_or_name_unresolved,no
A0A8C5RGQ4,,Laticauda laticaudata,Laticauda laticaudata,8630,,,group_level_or_name_unresolved,no
A0A8C5RH13,,Laticauda laticaudata,Laticauda laticaudata,8630,,,group_level_or_name_unresolved,no
A0A8C5RHX0,,Laticauda laticaudata,Laticauda laticaudata,8630,,,group_level_or_name_unresolved,no
A0A8C5RIR2,,Laticauda laticaudata,Laticauda laticaudata,8630,,,group_level_or_name_unresolved,no
A0A8C5RM35,,Laticauda laticaudata,Laticauda laticaudata,8630,,,group_level_or_name_unresolved,no
A0A8C5RNB2,,Laticauda laticaudata,Laticauda laticaudata,8630,,,group_level_or_name_unresolved,no
A0A8C5RSB4,,Laticauda laticaudata,Laticauda laticaudata,8630,,,group_level_or_name_unresolved,no
A0A8C5RSZ2,,Laticauda laticaudata,Laticauda laticaudata,8630,,,group_level_or_name_unresolved,no
A0A8C5RTY3,,Laticauda laticaudata,Laticauda laticaudata,8630,,,group_level_or_name_unresolved,no
A0A8C5RWA8,,Laticauda laticaudata,Laticauda laticaudata,8630,,,group_level_or_name_unresolved,no
A0A8C5RY52,,Laticauda laticaudata,Laticauda laticaudata,8630,,,group_level_or_name_unresolved,no
A0A8C5RZ46,,Laticauda laticaudata,Laticauda laticaudata,8630,,,group_level_or_name_unresolved,no
A0A8C5S0N1,,Laticauda laticaudata,Laticauda laticaudata,8630,,,group_level_or_name_unresolved,no
A0A8C5S183,,Laticauda laticaudata,Laticauda laticaudata,8630,,,group_level_or_name_unresolved,no
A0A8C5S1M6,,Laticauda laticaudata,Laticauda laticaudata,8630,,,group_level_or_name_unresolved,no
A0A8C5S4T2,,Laticauda laticaudata,Laticauda laticaudata,8630,,,group_level_or_name_unresolved,no
A0A8C5S6C5,,Laticauda laticaudata,Laticauda laticaudata,8630,,,group_level_or_name_unresolved,no
A0A8C5S6E1,,Laticauda laticaudata,Laticauda laticaudata,8630,,,group_level_or_name_unresolved,no
A0A8C5S6E2,,Laticauda laticaudata,Laticauda laticaudata,8630,,,group_level_or_name_unresolved,no
A0A8C5S801,,Laticauda laticaudata,Laticauda laticaudata,8630,,,group_level_or_name_unresolved,no
A0A8C5S8G8,,Laticauda laticaudata,Laticauda laticaudata,8630,,,group_level_or_name_unresolved,no
A0A8C5S978,,Laticauda laticaudata,Laticauda laticaudata,8630,,,group_level_or_name_unresolved,no
A0A8C5SBX5,,Laticauda laticaudata,Laticauda laticaudata,8630,,,group_level_or_name_unresolved,no
A0A8C5SD24,,Laticauda laticaudata,Laticauda laticaudata,8630,,,group_level_or_name_unresolved,no
A0A8C5SF00,,Laticauda laticaudata,Laticauda laticaudata,8630,,,group_level_or_name_unresolved,no
A0A8C5SHB6,,Laticauda laticaudata,Laticauda laticaudata,8630,,,group_level_or_name_unresolved,no
A0A8C5SHM7,,Laticauda laticaudata,Laticauda laticaudata,8630,,,group_level_or_name_unresolved,no
A0A8C5SIP3,,Laticauda laticaudata,Laticauda laticaudata,8630,,,group_level_or_name_unresolved,no
A0A8C5SKM7,,Laticauda laticaudata,Laticauda laticaudata,8630,,,group_level_or_name_unresolved,no
A0A8C5SKN0,,Laticauda laticaudata,Laticauda laticaudata,8630,,,group_level_or_name_unresolved,no
A0A8C5SLX6,,Laticauda laticaudata,Laticauda laticaudata,8630,,,group_level_or_name_unresolved,no
A0A8C5SLZ0,,Laticauda laticaudata,Laticauda laticaudata,8630,,,group_level_or_name_unresolved,no
A0A8C5SM67,,Laticauda laticaudata,Laticauda laticaudata,8630,,,group_level_or_name_unresolved,no
A0A8C5SN59,,Laticauda laticaudata,Laticauda laticaudata,8630,,,group_level_or_name_unresolved,no
A0A8C5SNF2,,Laticauda laticaudata,Laticauda laticaudata,8630,,,group_level_or_name_unresolved,no
A0A8C5SNH2,,Laticauda laticaudata,Laticauda laticaudata,8630,,,group_level_or_name_unresolved,no
A0A8C5SNL0,,Laticauda laticaudata,Laticauda laticaudata,8630,,,group_level_or_name_unresolved,no
A0A8C5SNX0,,Laticauda laticaudata,Laticauda laticaudata,8630,,,group_level_or_name_unresolved,no
A0A8C5SP78,,Laticauda laticaudata,Laticauda laticaudata,8630,,,group_level_or_name_unresolved,no
A0A8C5SPB0,,Laticauda laticaudata,Laticauda laticaudata,8630,,,group_level_or_name_unresolved,no
A0A8C5SRC2,,Laticauda laticaudata,Laticauda laticaudata,8630,,,group_level_or_name_unresolved,no
A0A8C5SRW6,,Laticauda laticaudata,Laticauda laticaudata,8630,,,group_level_or_name_unresolved,no
A0A8C5SSB0,,Laticauda laticaudata,Laticauda laticaudata,8630,,,group_level_or_name_unresolved,no
A0A8C5SSZ6,,Laticauda laticaudata,Laticauda laticaudata,8630,,,group_level_or_name_unresolved,no
A0A8C5ST74,,Laticauda laticaudata,Laticauda laticaudata,8630,,,group_level_or_name_unresolved,no
A0A8C5SU84,,Laticauda laticaudata,Laticauda laticaudata,8630,,,group_level_or_name_unresolved,no
A0A8C5SV59,,Laticauda laticaudata,Laticauda laticaudata,8630,,,group_level_or_name_unresolved,no
A0A8C5SVR9,,Laticauda laticaudata,Laticauda laticaudata,8630,,,group_level_or_name_unresolved,no
A0A8C5SVS7,,Laticauda laticaudata,Laticauda laticaudata,8630,,,group_level_or_name_unresolved,no
A0A8C5SW97,,Laticauda laticaudata,Laticauda laticaudata,8630,,,group_level_or_name_unresolved,no
A0A8C5SX07,,Laticauda laticaudata,Laticauda laticaudata,8630,,,group_level_or_name_unresolved,no
A0A8C5SXX5,,Laticauda laticaudata,Laticauda laticaudata,8630,,,group_level_or_name_unresolved,no
A0A8C5SYU2,,Laticauda laticaudata,Laticauda laticaudata,8630,,,group_level_or_name_unresolved,no
A0A8C5SZE1,,Laticauda laticaudata,Laticauda laticaudata,8630,,,group_level_or_name_unresolved,no
A0A8C5SZL3,,Laticauda laticaudata,Laticauda laticaudata,8630,,,group_level_or_name_unresolved,no
A0A8C5SZY3,,Laticauda laticaudata,Laticauda laticaudata,8630,,,group_level_or_name_unresolved,no
A0A8C5T043,,Laticauda laticaudata,Laticauda laticaudata,8630,,,group_level_or_name_unresolved,no
A0A8C5T0H4,,Laticauda laticaudata,Laticauda laticaudata,8630,,,group_level_or_name_unresolved,no
A0A8C5T0L1,,Laticauda laticaudata,Laticauda laticaudata,8630,,,group_level_or_name_unresolved,no
A0A8C5T101,,Laticauda laticaudata,Laticauda laticaudata,8630,,,group_level_or_name_unresolved,no
A0A8C5WMW8,,Laticauda laticaudata,Laticauda laticaudata,8630,,,group_level_or_name_unresolved,no
A0A8C5WNJ2,,Laticauda laticaudata,Laticauda laticaudata,8630,,,group_level_or_name_unresolved,no
A0A8C5WNZ7,,Laticauda laticaudata,Laticauda laticaudata,8630,,,group_level_or_name_unresolved,no
A0A8C5WR73,,Laticauda laticaudata,Laticauda laticaudata,8630,,,group_level_or_name_unresolved,no
A0A8C5WRD9,,Laticauda laticaudata,Laticauda laticaudata,8630,,,group_level_or_name_unresolved,no
A0A8C5WRZ6,,Laticauda laticaudata,Laticauda laticaudata,8630,,,group_level_or_name_unresolved,no
A0A8C5WSD1,,Laticauda laticaudata,Laticauda laticaudata,8630,,,group_level_or_name_unresolved,no
A0A8C5WUE8,,Laticauda laticaudata,Laticauda laticaudata,8630,,,group_level_or_name_unresolved,no
A0A8C5WUI2,,Laticauda laticaudata,Laticauda laticaudata,8630,,,group_level_or_name_unresolved,no
A0A8C5WVA4,,Laticauda laticaudata,Laticauda laticaudata,8630,,,group_level_or_name_unresolved,no
A0A8C5WVS5,,Laticauda laticaudata,Laticauda laticaudata,8630,,,group_level_or_name_unresolved,no
A0A8C5WX08,,Laticauda laticaudata,Laticauda laticaudata,8630,,,group_level_or_name_unresolved,no
A0A8C5WYH7,,Laticauda laticaudata,Laticauda laticaudata,8630,,,group_level_or_name_unresolved,no
A0A8C5WZM5,,Laticauda laticaudata,Laticauda laticaudata,8630,,,group_level_or_name_unresolved,no
A0A8C6V7I6,Naja naja,Naja naja,Naja naja,35670,35670,Naja naja,direct_original_and_live_match,no
A0A8C6V7Z3,Naja naja,Naja naja,Naja naja,35670,35670,Naja naja,direct_original_and_live_match,no
A0A8C6V804,Naja naja,Naja naja,Naja naja,35670,35670,Naja naja,direct_original_and_live_match,no
A0A8C6V814,Naja naja,Naja naja,Naja naja,35670,35670,Naja naja,direct_original_and_live_match,no
A0A8C6V890,Naja naja,Naja naja,Naja naja,35670,35670,Naja naja,direct_original_and_live_match,no
A0A8C6V8E0,Naja naja,Naja naja,Naja naja,35670,35670,Naja naja,direct_original_and_live_match,no
A0A8C6V8Q9,Naja naja,Naja naja,Naja naja,35670,35670,Naja naja,direct_original_and_live_match,no
A0A8C6V945,Naja naja,Naja naja,Naja naja,35670,35670,Naja naja,direct_original_and_live_match,no
A0A8C6V9B0,Naja naja,Naja naja,Naja naja,35670,35670,Naja naja,direct_original_and_live_match,no
A0A8C6V9N4,Naja naja,Naja naja,Naja naja,35670,35670,Naja naja,direct_original_and_live_match,no
A0A8C6VAS7,Naja naja,Naja naja,Naja naja,35670,35670,Naja naja,direct_original_and_live_match,no
A0A8C6VBS6,Naja naja,Naja naja,Naja naja,35670,35670,Naja naja,direct_original_and_live_match,no
A0A8C6VCJ3,Naja naja,Naja naja,Naja naja,35670,35670,Naja naja,direct_original_and_live_match,no
A0A8C6VCK0,Naja naja,Naja naja,Naja naja,35670,35670,Naja naja,direct_original_and_live_match,no
A0A8C6VD35,Naja naja,Naja naja,Naja naja,35670,35670,Naja naja,direct_original_and_live_match,no
A0A8C6VD58,Naja naja,Naja naja,Naja naja,35670,35670,Naja naja,direct_original_and_live_match,no
A0A8C6VDB1,Naja naja,Naja naja,Naja naja,35670,35670,Naja naja,direct_original_and_live_match,no
A0A8C6VFA9,Naja naja,Naja naja,Naja naja,35670,35670,Naja naja,direct_original_and_live_match,no
A0A8C6VFE7,Naja naja,Naja naja,Naja naja,35670,35670,Naja naja,direct_original_and_live_match,no
A0A8C6VGF2,Naja naja,Naja naja,Naja naja,35670,35670,Naja naja,direct_original_and_live_match,no
A0A8C6VGY2,Naja naja,Naja naja,Naja naja,35670,35670,Naja naja,direct_original_and_live_match,no
A0A8C6VHW3,Naja naja,Naja naja,Naja naja,35670,35670,Naja naja,direct_original_and_live_match,no
A0A8C6VRK7,Naja naja,Naja naja,Naja naja,35670,35670,Naja naja,direct_original_and_live_match,no
A0A8C6X0L1,Naja naja,Naja naja,Naja naja,35670,35670,Naja naja,direct_original_and_live_match,no
A0A8C6X1H3,Naja naja,Naja naja,Naja naja,35670,35670,Naja naja,direct_original_and_live_match,no
A0A8C6X1M1,Naja naja,Naja naja,Naja naja,35670,35670,Naja naja,direct_original_and_live_match,no
A0A8C6X1M5,Naja naja,Naja naja,Naja naja,35670,35670,Naja naja,direct_original_and_live_match,no
A0A8C6X1Z8,Naja naja,Naja naja,Naja naja,35670,35670,Naja naja,direct_original_and_live_match,no
A0A8C6X5U4,Naja naja,Naja naja,Naja naja,35670,35670,Naja naja,direct_original_and_live_match,no
A0A8C6X628,Naja naja,Naja naja,Naja naja,35670,35670,Naja naja,direct_original_and_live_match,no
A0A8C6X698,Naja naja,Naja naja,Naja naja,35670,35670,Naja naja,direct_original_and_live_match,no
A0A8C6X6A0,Naja naja,Naja naja,Naja naja,35670,35670,Naja naja,direct_original_and_live_match,no
A0A8C6X7E6,Naja naja,Naja naja,Naja naja,35670,35670,Naja naja,direct_original_and_live_match,no
A0A8C6X7G1,Naja naja,Naja naja,Naja naja,35670,35670,Naja naja,direct_original_and_live_match,no
A0A8C6X7Y0,Naja naja,Naja naja,Naja naja,35670,35670,Naja naja,direct_original_and_live_match,no
A0A8C6X7Z5,Naja naja,Naja naja,Naja naja,35670,35670,Naja naja,direct_original_and_live_match,no
A0A8C6X831,Naja naja,Naja naja,Naja naja,35670,35670,Naja naja,direct_original_and_live_match,no
A0A8C6X8C4,Naja naja,Naja naja,Naja naja,35670,35670,Naja naja,direct_original_and_live_match,no
A0A8C6X8F4,Naja naja,Naja naja,Naja naja,35670,35670,Naja naja,direct_original_and_live_match,no
A0A8C6X9N2,Naja naja,Naja naja,Naja naja,35670,35670,Naja naja,direct_original_and_live_match,no
A0A8C6XAT8,Naja naja,Naja naja,Naja naja,35670,35670,Naja naja,direct_original_and_live_match,no
A0A8C6XBD0,Naja naja,Naja naja,Naja naja,35670,35670,Naja naja,direct_original_and_live_match,no
A0A8C6XBK5,Naja naja,Naja naja,Naja naja,35670,35670,Naja naja,direct_original_and_live_match,no
A0A8C6XE63,Naja naja,Naja naja,Naja naja,35670,35670,Naja naja,direct_original_and_live_match,no
A0A8C6XI15,Naja naja,Naja naja,Naja naja,35670,35670,Naja naja,direct_original_and_live_match,no
A0A8C6XIQ9,Naja naja,Naja naja,Naja naja,35670,35670,Naja naja,direct_original_and_live_match,no
A0A8C6XIT1,Naja naja,Naja naja,Naja naja,35670,35670,Naja naja,direct_original_and_live_match,no
A0A8C6XIZ9,Naja naja,Naja naja,Naja naja,35670,35670,Naja naja,direct_original_and_live_match,no
A0A8C6XJ65,Naja naja,Naja naja,Naja naja,35670,35670,Naja naja,direct_original_and_live_match,no
A0A8C6XJC3,Naja naja,Naja naja,Naja naja,35670,35670,Naja naja,direct_original_and_live_match,no
A0A8C6XJV4,Naja naja,Naja naja,Naja naja,35670,35670,Naja naja,direct_original_and_live_match,no
A0A8C6XJZ1,Naja naja,Naja naja,Naja naja,35670,35670,Naja naja,direct_original_and_live_match,no
A0A8C6XLA9,Naja naja,Naja naja,Naja naja,35670,35670,Naja naja,direct_original_and_live_match,no
A0A8C6XLX6,Naja naja,Naja naja,Naja naja,35670,35670,Naja naja,direct_original_and_live_match,no
A0A8C6XMH3,Naja naja,Naja naja,Naja naja,35670,35670,Naja naja,direct_original_and_live_match,no
A0A8C6XMY9,Naja naja,Naja naja,Naja naja,35670,35670,Naja naja,direct_original_and_live_match,no
A0A8C6XN15,Naja naja,Naja naja,Naja naja,35670,35670,Naja naja,direct_original_and_live_match,no
A0A8C6XPB6,Naja naja,Naja naja,Naja naja,35670,35670,Naja naja,direct_original_and_live_match,no
A0A8C6XQE5,Naja naja,Naja naja,Naja naja,35670,35670,Naja naja,direct_original_and_live_match,no
A0A8C6XQK7,Naja naja,Naja naja,Naja naja,35670,35670,Naja naja,direct_original_and_live_match,no
A0A8C6XQM7,Naja naja,Naja naja,Naja naja,35670,35670,Naja naja,direct_original_and_live_match,no
A0A8C6XRZ1,Naja naja,Naja naja,Naja naja,35670,35670,Naja naja,direct_original_and_live_match,no
A0A8C6XUZ5,Naja naja,Naja naja,Naja naja,35670,35670,Naja naja,direct_original_and_live_match,no
A0A8C6XWC6,Naja naja,Naja naja,Naja naja,35670,35670,Naja naja,direct_original_and_live_match,no
A0A8C6XY57,Naja naja,Naja naja,Naja naja,35670,35670,Naja naja,direct_original_and_live_match,no
A0A8C6Y285,Naja naja,Naja naja,Naja naja,35670,35670,Naja naja,direct_original_and_live_match,no
A0A8C6Y2F1,Naja naja,Naja naja,Naja naja,35670,35670,Naja naja,direct_original_and_live_match,no
A0A8C6Y2J5,Naja naja,Naja naja,Naja naja,35670,35670,Naja naja,direct_original_and_live_match,no
A0A8C6Y2W0,Naja naja,Naja naja,Naja naja,35670,35670,Naja naja,direct_original_and_live_match,no
A0A8C6Y2X0,Naja naja,Naja naja,Naja naja,35670,35670,Naja naja,direct_original_and_live_match,no
A0A8C6Y542,Naja naja,Naja naja,Naja naja,35670,35670,Naja naja,direct_original_and_live_match,no
A0A8C6Y6B8,Naja naja,Naja naja,Naja naja,35670,35670,Naja naja,direct_original_and_live_match,no
A0A8C6Y6N2,Naja naja,Naja naja,Naja naja,35670,35670,Naja naja,direct_original_and_live_match,no
A0A8C6Y9C7,Naja naja,Naja naja,Naja naja,35670,35670,Naja naja,direct_original_and_live_match,no
A0A8C6YBP1,Naja naja,Naja naja,Naja naja,35670,35670,Naja naja,direct_original_and_live_match,no
A0A8C6YCD6,Naja naja,Naja naja,Naja naja,35670,35670,Naja naja,direct_original_and_live_match,no
A0A8C6YH37,Naja naja,Naja naja,Naja naja,35670,35670,Naja naja,direct_original_and_live_match,no
A0A8C6YH48,Naja naja,Naja naja,Naja naja,35670,35670,Naja naja,direct_original_and_live_match,no
A0A8C6YH63,Naja naja,Naja naja,Naja naja,35670,35670,Naja naja,direct_original_and_live_match,no
A0A8C6YHC7,Naja naja,Naja naja,Naja naja,35670,35670,Naja naja,direct_original_and_live_match,no
A0A8C6YJT3,Naja naja,Naja naja,Naja naja,35670,35670,Naja naja,direct_original_and_live_match,no
A0A8C6YJT8,Naja naja,Naja naja,Naja naja,35670,35670,Naja naja,direct_original_and_live_match,no
A0A8C6YJV4,Naja naja,Naja naja,Naja naja,35670,35670,Naja naja,direct_original_and_live_match,no
A0A8C6YLK1,Naja naja,Naja naja,Naja naja,35670,35670,Naja naja,direct_original_and_live_match,no
A0A8C6YMN7,Naja naja,Naja naja,Naja naja,35670,35670,Naja naja,direct_original_and_live_match,no
A0A8C7DSX1,Naja naja,Naja naja,Naja naja,35670,35670,Naja naja,direct_original_and_live_match,no
A0A8C7DU51,Naja naja,Naja naja,Naja naja,35670,35670,Naja naja,direct_original_and_live_match,no
A0A8C7DZU5,Naja naja,Naja naja,Naja naja,35670,35670,Naja naja,direct_original_and_live_match,no
A0A8C7E011,Naja naja,Naja naja,Naja naja,35670,35670,Naja naja,direct_original_and_live_match,no
A0A8C7E027,Naja naja,Naja naja,Naja naja,35670,35670,Naja naja,direct_original_and_live_match,no
A0A8C7E051,Naja naja,Naja naja,Naja naja,35670,35670,Naja naja,direct_original_and_live_match,no
A0A8C7E060,Naja naja,Naja naja,Naja naja,35670,35670,Naja naja,direct_original_and_live_match,no
A0A8C7E1L9,Naja naja,Naja naja,Naja naja,35670,35670,Naja naja,direct_original_and_live_match,no
A0A8C7E2Y2,Naja naja,Naja naja,Naja naja,35670,35670,Naja naja,direct_original_and_live_match,no
A0A8C7E359,Naja naja,Naja naja,Naja naja,35670,35670,Naja naja,direct_original_and_live_match,no
A0A8C7E5Y6,Naja naja,Naja naja,Naja naja,35670,35670,Naja naja,direct_original_and_live_match,no
A0A8C7E7N8,Naja naja,Naja naja,Naja naja,35670,35670,Naja naja,direct_original_and_live_match,no
A0A8C7E7S6,Naja naja,Naja naja,Naja naja,35670,35670,Naja naja,direct_original_and_live_match,no
A0A8T1N153,Bothrops jararaca,Bothrops jararaca,Bothrops jararaca,8724,8724,Bothrops jararaca,direct_original_and_live_match,no
A0A8T1N158,Bothrops jararaca,Bothrops jararaca,Bothrops jararaca,8724,8724,Bothrops jararaca,direct_original_and_live_match,no
A0A8T1N163,Bothrops jararaca,Bothrops jararaca,Bothrops jararaca,8724,8724,Bothrops jararaca,direct_original_and_live_match,no
A0A8T1N169,Bothrops jararaca,Bothrops jararaca,Bothrops jararaca,8724,8724,Bothrops jararaca,direct_original_and_live_match,no
A0A8T1N171,Bothrops jararaca,Bothrops jararaca,Bothrops jararaca,8724,8724,Bothrops jararaca,direct_original_and_live_match,no
A0A8T1N172,Bothrops jararaca,Bothrops jararaca,Bothrops jararaca,8724,8724,Bothrops jararaca,direct_original_and_live_match,no
A0A8T1N174,Bothrops jararaca,Bothrops jararaca,Bothrops jararaca,8724,8724,Bothrops jararaca,direct_original_and_live_match,no
A0A8T1N180,Bothrops jararaca,Bothrops jararaca,Bothrops jararaca,8724,8724,Bothrops jararaca,direct_original_and_live_match,no
A0A8T1N182,Bothrops jararaca,Bothrops jararaca,Bothrops jararaca,8724,8724,Bothrops jararaca,direct_original_and_live_match,no
A0A8T1N2E9,Bothrops jararaca,Bothrops jararaca,Bothrops jararaca,8724,8724,Bothrops jararaca,direct_original_and_live_match,no
A0A8T1N2F4,Bothrops jararaca,Bothrops jararaca,Bothrops jararaca,8724,8724,Bothrops jararaca,direct_original_and_live_match,no
A0A8T1N2F9,Bothrops jararaca,Bothrops jararaca,Bothrops jararaca,8724,8724,Bothrops jararaca,direct_original_and_live_match,no
A0A8T1N2G3,Bothrops jararaca,Bothrops jararaca,Bothrops jararaca,8724,8724,Bothrops jararaca,direct_original_and_live_match,no
A0A8T1N2G8,Bothrops jararaca,Bothrops jararaca,Bothrops jararaca,8724,8724,Bothrops jararaca,direct_original_and_live_match,no
A0A8T1N2H3,Bothrops jararaca,Bothrops jararaca,Bothrops jararaca,8724,8724,Bothrops jararaca,direct_original_and_live_match,no
A0A8T1N2V3,Bothrops jararaca,Bothrops jararaca,Bothrops jararaca,8724,8724,Bothrops jararaca,direct_original_and_live_match,no
A0A8T1N2V9,Bothrops jararaca,Bothrops jararaca,Bothrops jararaca,8724,8724,Bothrops jararaca,direct_original_and_live_match,no
A0A8T1N2W5,Bothrops jararaca,Bothrops jararaca,Bothrops jararaca,8724,8724,Bothrops jararaca,direct_original_and_live_match,no
A0A8T1N2X3,Bothrops jararaca,Bothrops jararaca,Bothrops jararaca,8724,8724,Bothrops jararaca,direct_original_and_live_match,no
A0A8T1N2X9,Bothrops jararaca,Bothrops jararaca,Bothrops jararaca,8724,8724,Bothrops jararaca,direct_original_and_live_match,no
A0A8T1N329,Bothrops jararaca,Bothrops jararaca,Bothrops jararaca,8724,8724,Bothrops jararaca,direct_original_and_live_match,no
A0A8T1N342,Bothrops jararaca,Bothrops jararaca,Bothrops jararaca,8724,8724,Bothrops jararaca,direct_original_and_live_match,no
A0A8T1N356,Bothrops jararaca,Bothrops jararaca,Bothrops jararaca,8724,8724,Bothrops jararaca,direct_original_and_live_match,no
A0A8T1N367,Bothrops jararaca,Bothrops jararaca,Bothrops jararaca,8724,8724,Bothrops jararaca,direct_original_and_live_match,no
A0A8T1N405,Bothrops jararaca,Bothrops jararaca,Bothrops jararaca,8724,8724,Bothrops jararaca,direct_original_and_live_match,no
A0A8T1N420,Bothrops jararaca,Bothrops jararaca,Bothrops jararaca,8724,8724,Bothrops jararaca,direct_original_and_live_match,no
A0A8T1N427,Bothrops jararaca,Bothrops jararaca,Bothrops jararaca,8724,8724,Bothrops jararaca,direct_original_and_live_match,no
A0A8T1N447,Bothrops jararaca,Bothrops jararaca,Bothrops jararaca,8724,8724,Bothrops jararaca,direct_original_and_live_match,no
A0A8T1N450,Bothrops jararaca,Bothrops jararaca,Bothrops jararaca,8724,8724,Bothrops jararaca,direct_original_and_live_match,no
A0A8T1N476,Bothrops jararaca,Bothrops jararaca,Bothrops jararaca,8724,8724,Bothrops jararaca,direct_original_and_live_match,no
A0A8T1N487,Bothrops jararaca,Bothrops jararaca,Bothrops jararaca,8724,8724,Bothrops jararaca,direct_original_and_live_match,no
A0A8T1N499,Bothrops jararaca,Bothrops jararaca,Bothrops jararaca,8724,8724,Bothrops jararaca,direct_original_and_live_match,no
A0A8T1N4P7,Bothrops jararaca,Bothrops jararaca,Bothrops jararaca,8724,8724,Bothrops jararaca,direct_original_and_live_match,no
A0A8T1N4S1,Bothrops jararaca,Bothrops jararaca,Bothrops jararaca,8724,8724,Bothrops jararaca,direct_original_and_live_match,no
A0A8T1N4T2,Bothrops jararaca,Bothrops jararaca,Bothrops jararaca,8724,8724,Bothrops jararaca,direct_original_and_live_match,no
A0A8T1N4U4,Bothrops jararaca,Bothrops jararaca,Bothrops jararaca,8724,8724,Bothrops jararaca,direct_original_and_live_match,no
A0A8T1N4V1,Bothrops jararaca,Bothrops jararaca,Bothrops jararaca,8724,8724,Bothrops jararaca,direct_original_and_live_match,no
A0A8T1N4W0,Bothrops jararaca,Bothrops jararaca,Bothrops jararaca,8724,8724,Bothrops jararaca,direct_original_and_live_match,no
A0A8T1N4X0,Bothrops jararaca,Bothrops jararaca,Bothrops jararaca,8724,8724,Bothrops jararaca,direct_original_and_live_match,no
A0A8T1N4Y0,Bothrops jararaca,Bothrops jararaca,Bothrops jararaca,8724,8724,Bothrops jararaca,direct_original_and_live_match,no
A0A8T1N5P5,Bothrops jararaca,Bothrops jararaca,Bothrops jararaca,8724,8724,Bothrops jararaca,direct_original_and_live_match,no
A0A8T1N5Q9,Bothrops jararaca,Bothrops jararaca,Bothrops jararaca,8724,8724,Bothrops jararaca,direct_original_and_live_match,no
A0A8T1N5R9,Bothrops jararaca,Bothrops jararaca,Bothrops jararaca,8724,8724,Bothrops jararaca,direct_original_and_live_match,no
A0A8T1N5T1,Bothrops jararaca,Bothrops jararaca,Bothrops jararaca,8724,8724,Bothrops jararaca,direct_original_and_live_match,no
A0A977TFW8,Bothrops atrox,Bothrops atrox,Bothrops atrox,8725,8725,Bothrops atrox,direct_original_and_live_match,no
A0A9F2KU56,,Python bivittatus,Python bivittatus,176946,,,group_level_or_name_unresolved,no
A0A9F2KW25,,Python bivittatus,Python bivittatus,176946,,,group_level_or_name_unresolved,no
A0A9F2N4Z1,,Python bivittatus,Python bivittatus,176946,,,group_level_or_name_unresolved,no
A0A9F2N7E4,,Python bivittatus,Python bivittatus,176946,,,group_level_or_name_unresolved,no
A0A9F2NCH3,,Python bivittatus,Python bivittatus,176946,,,group_level_or_name_unresolved,no
A0A9F2NG66,,Python bivittatus,Python bivittatus,176946,,,group_level_or_name_unresolved,no
A0A9F2NIJ3,,Python bivittatus,Python bivittatus,176946,,,group_level_or_name_unresolved,no
A0A9F2NR52,,Python bivittatus,Python bivittatus,176946,,,group_level_or_name_unresolved,no
A0A9F2NV51,,Python bivittatus,Python bivittatus,176946,,,group_level_or_name_unresolved,no
A0A9F2PNA6,,Python bivittatus,Python bivittatus,176946,,,group_level_or_name_unresolved,no
A0A9F2Q4E9,,Python bivittatus,Python bivittatus,176946,,,group_level_or_name_unresolved,no
A0A9F2QBY6,,Python bivittatus,Python bivittatus,176946,,,group_level_or_name_unresolved,no
A0A9F2QTX0,,Python bivittatus,Python bivittatus,176946,,,group_level_or_name_unresolved,no
A0A9F2QY82,,Python bivittatus,Python bivittatus,176946,,,group_level_or_name_unresolved,no
A0A9F2QYB6,,Python bivittatus,Python bivittatus,176946,,,group_level_or_name_unresolved,no
A0A9F2QZ54,,Python bivittatus,Python bivittatus,176946,,,group_level_or_name_unresolved,no
A0A9F2R2G4,,Python bivittatus,Python bivittatus,176946,,,group_level_or_name_unresolved,no
A0A9F2R644,,Python bivittatus,Python bivittatus,176946,,,group_level_or_name_unresolved,no
A0A9F2R6U2,,Python bivittatus,Python bivittatus,176946,,,group_level_or_name_unresolved,no
A0A9F2R7G4,,Python bivittatus,Python bivittatus,176946,,,group_level_or_name_unresolved,no
A0A9F2R7J0,,Python bivittatus,Python bivittatus,176946,,,group_level_or_name_unresolved,no
A0A9F2REA7,,Python bivittatus,Python bivittatus,176946,,,group_level_or_name_unresolved,no
A0A9F2RFA0,,Python bivittatus,Python bivittatus,176946,,,group_level_or_name_unresolved,no
A0A9F2WEQ9,,Python bivittatus,Python bivittatus,176946,,,group_level_or_name_unresolved,no
A0A9F2WFQ5,,Python bivittatus,Python bivittatus,176946,,,group_level_or_name_unresolved,no
A0A9F2WJW6,,Python bivittatus,Python bivittatus,176946,,,group_level_or_name_unresolved,no
A0A9F3QR73,,Python bivittatus,Python bivittatus,176946,,,group_level_or_name_unresolved,no
A0A9F3QTG7,,Python bivittatus,Python bivittatus,176946,,,group_level_or_name_unresolved,no
A0A9F3QUI7,,Python bivittatus,Python bivittatus,176946,,,group_level_or_name_unresolved,no
A0A9F3QUM8,,Python bivittatus,Python bivittatus,176946,,,group_level_or_name_unresolved,no
A0A9F3VZC3,,Python bivittatus,Python bivittatus,176946,,,group_level_or_name_unresolved,no
A0A9F3W0P3,,Python bivittatus,Python bivittatus,176946,,,group_level_or_name_unresolved,no
A0A9F3W2E4,,Python bivittatus,Python bivittatus,176946,,,group_level_or_name_unresolved,no
A0A9F5IFC7,,Python bivittatus,Python bivittatus,176946,,,group_level_or_name_unresolved,no
A0A9F5IFU9,,Python bivittatus,Python bivittatus,176946,,,group_level_or_name_unresolved,no
A0A9F5IM86,,Python bivittatus,Python bivittatus,176946,,,group_level_or_name_unresolved,no
A0A9F5IN39,,Python bivittatus,Python bivittatus,176946,,,group_level_or_name_unresolved,no
A0A9F5INE8,,Python bivittatus,Python bivittatus,176946,,,group_level_or_name_unresolved,no
A0A9F5INR0,,Python bivittatus,Python bivittatus,176946,,,group_level_or_name_unresolved,no
A0A9F5IQ36,,Python bivittatus,Python bivittatus,176946,,,group_level_or_name_unresolved,no
A0A9F5IQJ6,,Python bivittatus,Python bivittatus,176946,,,group_level_or_name_unresolved,no
A0A9F5IQX4,,Python bivittatus,Python bivittatus,176946,,,group_level_or_name_unresolved,no
A0A9F5IR03,,Python bivittatus,Python bivittatus,176946,,,group_level_or_name_unresolved,no
A0A9F5ITE7,,Python bivittatus,Python bivittatus,176946,,,group_level_or_name_unresolved,no
A0A9F5ITP6,,Python bivittatus,Python bivittatus,176946,,,group_level_or_name_unresolved,no
A0A9F5IUH2,,Python bivittatus,Python bivittatus,176946,,,group_level_or_name_unresolved,no
A0A9F5IUU8,,Python bivittatus,Python bivittatus,176946,,,group_level_or_name_unresolved,no
A0A9F5IVI7,,Python bivittatus,Python bivittatus,176946,,,group_level_or_name_unresolved,no
A0A9F5J0R4,,Python bivittatus,Python bivittatus,176946,,,group_level_or_name_unresolved,no
A0A9F5J390,,Python bivittatus,Python bivittatus,176946,,,group_level_or_name_unresolved,no
A0A9F5J652,,Python bivittatus,Python bivittatus,176946,,,group_level_or_name_unresolved,no
A0A9F5J7K0,,Python bivittatus,Python bivittatus,176946,,,group_level_or_name_unresolved,no
A0A9F5JBQ1,,Python bivittatus,Python bivittatus,176946,,,group_level_or_name_unresolved,no
A0A9F5JBY9,,Python bivittatus,Python bivittatus,176946,,,group_level_or_name_unresolved,no
A0A9F5JBZ8,,Python bivittatus,Python bivittatus,176946,,,group_level_or_name_unresolved,no
A0A9F5JC72,,Python bivittatus,Python bivittatus,176946,,,group_level_or_name_unresolved,no
A0A9F5JDM0,,Python bivittatus,Python bivittatus,176946,,,group_level_or_name_unresolved,no
A0A9F5JFY3,,Python bivittatus,Python bivittatus,176946,,,group_level_or_name_unresolved,no
A0A9F5MR32,,Python bivittatus,Python bivittatus,176946,,,group_level_or_name_unresolved,no
A0A9F5MS78,,Python bivittatus,Python bivittatus,176946,,,group_level_or_name_unresolved,no
A0A9F5MSP1,,Python bivittatus,Python bivittatus,176946,,,group_level_or_name_unresolved,no
A0A9F5MWI1,,Python bivittatus,Python bivittatus,176946,,,group_level_or_name_unresolved,no
A0A9F5MX01,,Python bivittatus,Python bivittatus,176946,,,group_level_or_name_unresolved,no
A0A9F5MYA5,,Python bivittatus,Python bivittatus,176946,,,group_level_or_name_unresolved,no
A0A9F5MYR7,,Python bivittatus,Python bivittatus,176946,,,group_level_or_name_unresolved,no
A0A9F5N0M4,,Python bivittatus,Python bivittatus,176946,,,group_level_or_name_unresolved,no
A0A9F5N2P8,,Python bivittatus,Python bivittatus,176946,,,group_level_or_name_unresolved,no
A0A9F5N641,,Python bivittatus,Python bivittatus,176946,,,group_level_or_name_unresolved,no
A0A9F5N7C4,,Python bivittatus,Python bivittatus,176946,,,group_level_or_name_unresolved,no
A0AA50IEA0,Bothrops pictus,Bothrops pictus,Bothrops pictus,133440,133440,Bothrops pictus,direct_original_and_live_match,no
A0AAU6NT02,Micrurus mipartitus,Micrurus mipartitus,Micrurus mipartitus,430902,430902,Micrurus mipartitus,direct_original_and_live_match,no
A0AAU6NT91,Micrurus mipartitus,Micrurus mipartitus,Micrurus mipartitus,430902,430902,Micrurus mipartitus,direct_original_and_live_match,no
A0AAW1AP29,Crotalus adamanteus,Crotalus adamanteus,Crotalus adamanteus,8729,8729,Crotalus adamanteus,direct_original_and_live_match,no
A0AAW1APX4,Crotalus adamanteus,Crotalus adamanteus,Crotalus adamanteus,8729,8729,Crotalus adamanteus,direct_original_and_live_match,no
A0AAW1AQI6,Crotalus adamanteus,Crotalus adamanteus,Crotalus adamanteus,8729,8729,Crotalus adamanteus,direct_original_and_live_match,no
A0AAW1AQU8,Crotalus adamanteus,Crotalus adamanteus,Crotalus adamanteus,8729,8729,Crotalus adamanteus,direct_original_and_live_match,no
A0AAW1AQZ7,Crotalus adamanteus,Crotalus adamanteus,Crotalus adamanteus,8729,8729,Crotalus adamanteus,direct_original_and_live_match,no
A0AAW1AR85,Crotalus adamanteus,Crotalus adamanteus,Crotalus adamanteus,8729,8729,Crotalus adamanteus,direct_original_and_live_match,no
A0AAW1ARC3,Crotalus adamanteus,Crotalus adamanteus,Crotalus adamanteus,8729,8729,Crotalus adamanteus,direct_original_and_live_match,no
A0AAW1ARJ9,Crotalus adamanteus,Crotalus adamanteus,Crotalus adamanteus,8729,8729,Crotalus adamanteus,direct_original_and_live_match,no
A0AAW1ART7,Crotalus adamanteus,Crotalus adamanteus,Crotalus adamanteus,8729,8729,Crotalus adamanteus,direct_original_and_live_match,no
A0AAW1AXI5,Crotalus adamanteus,Crotalus adamanteus,Crotalus adamanteus,8729,8729,Crotalus adamanteus,direct_original_and_live_match,no
A0AAW1AYY9,Crotalus adamanteus,Crotalus adamanteus,Crotalus adamanteus,8729,8729,Crotalus adamanteus,direct_original_and_live_match,no
A0AAW1AZ03,Crotalus adamanteus,Crotalus adamanteus,Crotalus adamanteus,8729,8729,Crotalus adamanteus,direct_original_and_live_match,no
A0AAW1AZ78,Crotalus adamanteus,Crotalus adamanteus,Crotalus adamanteus,8729,8729,Crotalus adamanteus,direct_original_and_live_match,no
A0AAW1AZ91,Crotalus adamanteus,Crotalus adamanteus,Crotalus adamanteus,8729,8729,Crotalus adamanteus,direct_original_and_live_match,no
A0AAW1AZJ1,Crotalus adamanteus,Crotalus adamanteus,Crotalus adamanteus,8729,8729,Crotalus adamanteus,direct_original_and_live_match,no
A0AAW1AZL2,Crotalus adamanteus,Crotalus adamanteus,Crotalus adamanteus,8729,8729,Crotalus adamanteus,direct_original_and_live_match,no
A0AAW1AZM0,Crotalus adamanteus,Crotalus adamanteus,Crotalus adamanteus,8729,8729,Crotalus adamanteus,direct_original_and_live_match,no
A0AAW1AZN6,Crotalus adamanteus,Crotalus adamanteus,Crotalus adamanteus,8729,8729,Crotalus adamanteus,direct_original_and_live_match,no
A0AAW1AZP7,Crotalus adamanteus,Crotalus adamanteus,Crotalus adamanteus,8729,8729,Crotalus adamanteus,direct_original_and_live_match,no
A0AAW1AZR3,Crotalus adamanteus,Crotalus adamanteus,Crotalus adamanteus,8729,8729,Crotalus adamanteus,direct_original_and_live_match,no
A0AAW1AZS6,Crotalus adamanteus,Crotalus adamanteus,Crotalus adamanteus,8729,8729,Crotalus adamanteus,direct_original_and_live_match,no
A0AAW1AZX0,Crotalus adamanteus,Crotalus adamanteus,Crotalus adamanteus,8729,8729,Crotalus adamanteus,direct_original_and_live_match,no
A0AAW1B012,Crotalus adamanteus,Crotalus adamanteus,Crotalus adamanteus,8729,8729,Crotalus adamanteus,direct_original_and_live_match,no
A0AAW1B069,Crotalus adamanteus,Crotalus adamanteus,Crotalus adamanteus,8729,8729,Crotalus adamanteus,direct_original_and_live_match,no
A0AAW1B072,Crotalus adamanteus,Crotalus adamanteus,Crotalus adamanteus,8729,8729,Crotalus adamanteus,direct_original_and_live_match,no
A0AAW1B0B2,Crotalus adamanteus,Crotalus adamanteus,Crotalus adamanteus,8729,8729,Crotalus adamanteus,direct_original_and_live_match,no
A0AAW1B0F2,Crotalus adamanteus,Crotalus adamanteus,Crotalus adamanteus,8729,8729,Crotalus adamanteus,direct_original_and_live_match,no
A0AAW1B156,Crotalus adamanteus,Crotalus adamanteus,Crotalus adamanteus,8729,8729,Crotalus adamanteus,direct_original_and_live_match,no
A0AAW1B1Y4,Crotalus adamanteus,Crotalus adamanteus,Crotalus adamanteus,8729,8729,Crotalus adamanteus,direct_original_and_live_match,no
A0AAW1B2G4,Crotalus adamanteus,Crotalus adamanteus,Crotalus adamanteus,8729,8729,Crotalus adamanteus,direct_original_and_live_match,no
A0AAW1B3V4,Crotalus adamanteus,Crotalus adamanteus,Crotalus adamanteus,8729,8729,Crotalus adamanteus,direct_original_and_live_match,no
A0AAW1B6R2,Crotalus adamanteus,Crotalus adamanteus,Crotalus adamanteus,8729,8729,Crotalus adamanteus,direct_original_and_live_match,no
A0AAW1B8R5,Crotalus adamanteus,Crotalus adamanteus,Crotalus adamanteus,8729,8729,Crotalus adamanteus,direct_original_and_live_match,no
A0AAW1BFF7,Crotalus adamanteus,Crotalus adamanteus,Crotalus adamanteus,8729,8729,Crotalus adamanteus,direct_original_and_live_match,no
A0AAW1BGY9,Crotalus adamanteus,Crotalus adamanteus,Crotalus adamanteus,8729,8729,Crotalus adamanteus,direct_original_and_live_match,no
A0AAW1BHH2,Crotalus adamanteus,Crotalus adamanteus,Crotalus adamanteus,8729,8729,Crotalus adamanteus,direct_original_and_live_match,no
A0AAW1BJR7,Crotalus adamanteus,Crotalus adamanteus,Crotalus adamanteus,8729,8729,Crotalus adamanteus,direct_original_and_live_match,no
A0AAW1BLL2,Crotalus adamanteus,Crotalus adamanteus,Crotalus adamanteus,8729,8729,Crotalus adamanteus,direct_original_and_live_match,no
A0AAW1BLM9,Crotalus adamanteus,Crotalus adamanteus,Crotalus adamanteus,8729,8729,Crotalus adamanteus,direct_original_and_live_match,no
A0AAW1BNJ2,Crotalus adamanteus,Crotalus adamanteus,Crotalus adamanteus,8729,8729,Crotalus adamanteus,direct_original_and_live_match,no
A0AAW1BP06,Crotalus adamanteus,Crotalus adamanteus,Crotalus adamanteus,8729,8729,Crotalus adamanteus,direct_original_and_live_match,no
A0AAW1BRZ8,Crotalus adamanteus,Crotalus adamanteus,Crotalus adamanteus,8729,8729,Crotalus adamanteus,direct_original_and_live_match,no
A0AAW1BS91,Crotalus adamanteus,Crotalus adamanteus,Crotalus adamanteus,8729,8729,Crotalus adamanteus,direct_original_and_live_match,no
A0AAW1BTY0,Crotalus adamanteus,Crotalus adamanteus,Crotalus adamanteus,8729,8729,Crotalus adamanteus,direct_original_and_live_match,no
A0AAW1BUN4,Crotalus adamanteus,Crotalus adamanteus,Crotalus adamanteus,8729,8729,Crotalus adamanteus,direct_original_and_live_match,no
A0AAW1BUR1,Crotalus adamanteus,Crotalus adamanteus,Crotalus adamanteus,8729,8729,Crotalus adamanteus,direct_original_and_live_match,no
A0AAW1BUT8,Crotalus adamanteus,Crotalus adamanteus,Crotalus adamanteus,8729,8729,Crotalus adamanteus,direct_original_and_live_match,no
A0AAW1BV02,Crotalus adamanteus,Crotalus adamanteus,Crotalus adamanteus,8729,8729,Crotalus adamanteus,direct_original_and_live_match,no
A0AAW1BV77,Crotalus adamanteus,Crotalus adamanteus,Crotalus adamanteus,8729,8729,Crotalus adamanteus,direct_original_and_live_match,no
A0AAW1BW16,Crotalus adamanteus,Crotalus adamanteus,Crotalus adamanteus,8729,8729,Crotalus adamanteus,direct_original_and_live_match,no
A0AAW1BW52,Crotalus adamanteus,Crotalus adamanteus,Crotalus adamanteus,8729,8729,Crotalus adamanteus,direct_original_and_live_match,no
A0AAW1BYN5,Crotalus adamanteus,Crotalus adamanteus,Crotalus adamanteus,8729,8729,Crotalus adamanteus,direct_original_and_live_match,no
A0AAW1BZJ8,Crotalus adamanteus,Crotalus adamanteus,Crotalus adamanteus,8729,8729,Crotalus adamanteus,direct_original_and_live_match,no
A0AAW1BZY4,Crotalus adamanteus,Crotalus adamanteus,Crotalus adamanteus,8729,8729,Crotalus adamanteus,direct_original_and_live_match,no
A0AAW1C0K0,Crotalus adamanteus,Crotalus adamanteus,Crotalus adamanteus,8729,8729,Crotalus adamanteus,direct_original_and_live_match,no
A0AAW1C6P1,Crotalus adamanteus,Crotalus adamanteus,Crotalus adamanteus,8729,8729,Crotalus adamanteus,direct_original_and_live_match,no
A0AAW1C6Y2,Crotalus adamanteus,Crotalus adamanteus,Crotalus adamanteus,8729,8729,Crotalus adamanteus,direct_original_and_live_match,no
A0AAW1C7L8,Crotalus adamanteus,Crotalus adamanteus,Crotalus adamanteus,8729,8729,Crotalus adamanteus,direct_original_and_live_match,no
A0AAW1C850,Crotalus adamanteus,Crotalus adamanteus,Crotalus adamanteus,8729,8729,Crotalus adamanteus,direct_original_and_live_match,no
A0AAW1C8P0,Crotalus adamanteus,Crotalus adamanteus,Crotalus adamanteus,8729,8729,Crotalus adamanteus,direct_original_and_live_match,no
A0AAW1CAH9,Crotalus adamanteus,Crotalus adamanteus,Crotalus adamanteus,8729,8729,Crotalus adamanteus,direct_original_and_live_match,no
A0AAW1CAX3,Crotalus adamanteus,Crotalus adamanteus,Crotalus adamanteus,8729,8729,Crotalus adamanteus,direct_original_and_live_match,no
A0AAW1CD90,Crotalus adamanteus,Crotalus adamanteus,Crotalus adamanteus,8729,8729,Crotalus adamanteus,direct_original_and_live_match,no
A0ABM3YNC0,,Pantherophis guttatus,Pantherophis guttatus,94885,,,group_level_or_name_unresolved,no
A0ABM3YRE0,,Pantherophis guttatus,Pantherophis guttatus,94885,,,group_level_or_name_unresolved,no
A0ABM3YUS1,,Pantherophis guttatus,Pantherophis guttatus,94885,,,group_level_or_name_unresolved,no
A0ABM3YVM7,,Pantherophis guttatus,Pantherophis guttatus,94885,,,group_level_or_name_unresolved,no
A0ABM3YVN3,,Pantherophis guttatus,Pantherophis guttatus,94885,,,group_level_or_name_unresolved,no
A0ABM3YVQ5,,Pantherophis guttatus,Pantherophis guttatus,94885,,,group_level_or_name_unresolved,no
A0ABM3YVR4,,Pantherophis guttatus,Pantherophis guttatus,94885,,,group_level_or_name_unresolved,no
A0ABM3YWJ9,,Pantherophis guttatus,Pantherophis guttatus,94885,,,group_level_or_name_unresolved,no
A0ABM3YXM6,,Pantherophis guttatus,Pantherophis guttatus,94885,,,group_level_or_name_unresolved,no
A0ABM3YYR4,,Pantherophis guttatus,Pantherophis guttatus,94885,,,group_level_or_name_unresolved,no
A0ABM3Z482,,Pantherophis guttatus,Pantherophis guttatus,94885,,,group_level_or_name_unresolved,no
A0ABM3Z4A6,,Pantherophis guttatus,Pantherophis guttatus,94885,,,group_level_or_name_unresolved,no
A0ABM3Z4E3,,Pantherophis guttatus,Pantherophis guttatus,94885,,,group_level_or_name_unresolved,no
A0ABM3Z554,,Pantherophis guttatus,Pantherophis guttatus,94885,,,group_level_or_name_unresolved,no
A0ABM3Z5V3,,Pantherophis guttatus,Pantherophis guttatus,94885,,,group_level_or_name_unresolved,no
A0ABM3Z7D6,,Pantherophis guttatus,Pantherophis guttatus,94885,,,group_level_or_name_unresolved,no
A0ABM3Z7X2,,Pantherophis guttatus,Pantherophis guttatus,94885,,,group_level_or_name_unresolved,no
A0ABM3Z7Z6,,Pantherophis guttatus,Pantherophis guttatus,94885,,,group_level_or_name_unresolved,no
A0ABM3Z9M0,,Pantherophis guttatus,Pantherophis guttatus,94885,,,group_level_or_name_unresolved,no
A0ABM3ZAQ0,,Pantherophis guttatus,Pantherophis guttatus,94885,,,group_level_or_name_unresolved,no
A0ABM3ZBD9,,Pantherophis guttatus,Pantherophis guttatus,94885,,,group_level_or_name_unresolved,no
A0ABM3ZCP8,,Pantherophis guttatus,Pantherophis guttatus,94885,,,group_level_or_name_unresolved,no
A0ABM3ZDZ8,,Pantherophis guttatus,Pantherophis guttatus,94885,,,group_level_or_name_unresolved,no
A0ABM3ZE64,,Pantherophis guttatus,Pantherophis guttatus,94885,,,group_level_or_name_unresolved,no
A0ABM3ZEQ8,,Pantherophis guttatus,Pantherophis guttatus,94885,,,group_level_or_name_unresolved,no
A0ABM3ZER4,,Pantherophis guttatus,Pantherophis guttatus,94885,,,group_level_or_name_unresolved,no
A0ABM3ZER9,,Pantherophis guttatus,Pantherophis guttatus,94885,,,group_level_or_name_unresolved,no
A0ABM3ZET1,,Pantherophis guttatus,Pantherophis guttatus,94885,,,group_level_or_name_unresolved,no
A0ABM3ZH50,,Pantherophis guttatus,Pantherophis guttatus,94885,,,group_level_or_name_unresolved,no
A0ABM3ZH84,,Pantherophis guttatus,Pantherophis guttatus,94885,,,group_level_or_name_unresolved,no
A0ABM3ZID2,,Pantherophis guttatus,Pantherophis guttatus,94885,,,group_level_or_name_unresolved,no
A0ABM3ZM81,,Pantherophis guttatus,Pantherophis guttatus,94885,,,group_level_or_name_unresolved,no
A0ABM3ZMR0,,Pantherophis guttatus,Pantherophis guttatus,94885,,,group_level_or_name_unresolved,no
A0ABM3ZPX6,,Pantherophis guttatus,Pantherophis guttatus,94885,,,group_level_or_name_unresolved,no
A0RZG1,Austrelaps spp,Austrelaps superbus,Austrelaps superbus,29156,29156,Austrelaps superbus,direct_original_and_live_match,yes
A0RZG2,Austrelaps spp,Austrelaps superbus,Austrelaps superbus,29156,29156,Austrelaps superbus,direct_original_and_live_match,yes
A1IVR7,Bungarus candidus,Bungarus candidus,Bungarus candidus,92438,92438,Bungarus candidus,direct_original_and_live_match,no
A2CJE5,Crotalus atrox,Crotalus atrox,Crotalus atrox,8730,8730,Crotalus atrox,direct_original_and_live_match,no
A2CJE6,Crotalus viridis,Crotalus viridis,Crotalus viridis,8742,8739,Crotalus viridis,direct_original_and_live_match,no
A3FM53,,Hydrophis hardwickii,Hydrophis hardwickii,8781,,,group_level_or_name_unresolved,no
A5X2W8,Sistrurus catenatus,Sistrurus catenatus,Sistrurus catenatus,8762,8756,Sistrurus catenatus,direct_original_and_live_match,no
A6MFK4,,Demansia vestigiata,Demansia vestigiata,412038,,,group_level_or_name_unresolved,no
A6MFK5,,Demansia vestigiata,Demansia vestigiata,412038,,,group_level_or_name_unresolved,no
A6MFK6,,Demansia vestigiata,Demansia vestigiata,412038,,,group_level_or_name_unresolved,no
A6MFK9,,Demansia vestigiata,Demansia vestigiata,412038,,,group_level_or_name_unresolved,no
A6XJS7,Austrelaps spp,Austrelaps superbus,Austrelaps superbus,29156,29156,Austrelaps superbus,direct_original_and_live_match,yes
A7X3M3,,Psammophis mossambicus,Psammophis mossambicus,234064,,,group_level_or_name_unresolved,no
A7X3M9,,Erythrolamprus poecilogyrus,Erythrolamprus poecilogyrus,338838,,,group_level_or_name_unresolved,no
A7X3R6,,Leioheterodon madagascariensis,Leioheterodon madagascariensis,46577,,,group_level_or_name_unresolved,no
A7X3S0,,Trimorphodon biscutatus,Trimorphodon biscutatus,338818,,,group_level_or_name_unresolved,no
A7X3S2,,Trimorphodon biscutatus,Trimorphodon biscutatus,338818,,,group_level_or_name_unresolved,no
A7X3V0,,Telescopus dhara,Telescopus dhara,338837,,,group_level_or_name_unresolved,no
A7X3W1,,Pseudoferania polylepis,Pseudoferania polylepis,338839,,,group_level_or_name_unresolved,no
A7X3W6,,Pseudoferania polylepis,Pseudoferania polylepis,338839,,,group_level_or_name_unresolved,no
A7X3X0,,Pseudoferania polylepis,Pseudoferania polylepis,338839,,,group_level_or_name_unresolved,no
A7X3X3,,Pseudoferania polylepis,Pseudoferania polylepis,338839,,,group_level_or_name_unresolved,no
A7X3X8,,Pseudoferania polylepis,Pseudoferania polylepis,338839,,,group_level_or_name_unresolved,no
A7X3Y2,,Pseudoferania polylepis,Pseudoferania polylepis,338839,,,group_level_or_name_unresolved,no
A7X3Y6,,Pseudoferania polylepis,Pseudoferania polylepis,338839,,,group_level_or_name_unresolved,no
A7X4Q3,Oxyuranus microlepidotus,Oxyuranus microlepidotus,Oxyuranus microlepidotus,111177,111177,Oxyuranus microlepidotus,direct_original_and_live_match,no
A7X4R0,Oxyuranus microlepidotus,Oxyuranus microlepidotus,Oxyuranus microlepidotus,111177,111177,Oxyuranus microlepidotus,direct_original_and_live_match,no
A7X4R5,Oxyuranus microlepidotus,Oxyuranus microlepidotus,Oxyuranus microlepidotus,111177,111177,Oxyuranus microlepidotus,direct_original_and_live_match,no
A7X4S0,Oxyuranus microlepidotus,Oxyuranus microlepidotus,Oxyuranus microlepidotus,111177,111177,Oxyuranus microlepidotus,direct_original_and_live_match,no
A7X4S7,Oxyuranus microlepidotus,Oxyuranus microlepidotus,Oxyuranus microlepidotus,111177,111177,Oxyuranus microlepidotus,direct_original_and_live_match,no
A7X4T2,Oxyuranus microlepidotus,Oxyuranus microlepidotus,Oxyuranus microlepidotus,111177,111177,Oxyuranus microlepidotus,direct_original_and_live_match,no
A7X4T8,,Causus rhombeatus,Causus rhombeatus,44735,,,group_level_or_name_unresolved,no
A7X4V2,,Causus rhombeatus,Causus rhombeatus,44735,,,group_level_or_name_unresolved,no
A7X4W0,,Causus rhombeatus,Causus rhombeatus,44735,,,group_level_or_name_unresolved,no
A7X4W7,,Causus rhombeatus,Causus rhombeatus,44735,,,group_level_or_name_unresolved,no
A7X6I4,,Thrasops jacksonii,Thrasops jacksonii,186611,,,group_level_or_name_unresolved,no
A7X6J0,Dispholidus typus,Dispholidus typus,Dispholidus typus,46295,46295,Dispholidus typus,direct_original_and_live_match,no
A8HDJ5,Tropidechis carinatus,Tropidechis carinatus,Tropidechis carinatus,100989,100989,Tropidechis carinatus,direct_original_and_live_match,no
A8HDJ6,Tropidechis carinatus,Tropidechis carinatus,Tropidechis carinatus,100989,100989,Tropidechis carinatus,direct_original_and_live_match,no
A8HDJ7,,Cryptophis nigrescens,Cryptophis nigrescens,292442,,,group_level_or_name_unresolved,no
A8HDJ8,,Cryptophis nigrescens,Cryptophis nigrescens,292442,,,group_level_or_name_unresolved,no
A8HDJ9,Hoplocephalus spp,Hoplocephalus stephensii,Hoplocephalus stephensii,196418,196418,Hoplocephalus stephensii,direct_original_and_live_match,yes
A8HDK0,Notechis scutatus,Notechis scutatus,Notechis scutatus,70142,8663,Notechis scutatus,direct_original_and_live_match,no
A8HDK1,Pseudonaja textilis,Pseudonaja textilis,Pseudonaja textilis,8673,8673,Pseudonaja textilis,direct_original_and_live_match,no
A8HDK2,Oxyuranus scutellatus,Oxyuranus scutellatus,Oxyuranus scutellatus,8667,8668,Oxyuranus scutellatus,direct_original_and_live_match,no
A8HDK4,Tropidechis carinatus,Tropidechis carinatus,Tropidechis carinatus,100989,100989,Tropidechis carinatus,direct_original_and_live_match,no
A8HDK6,Pseudonaja textilis,Pseudonaja textilis,Pseudonaja textilis,8673,8673,Pseudonaja textilis,direct_original_and_live_match,no
A8HDK7,Oxyuranus microlepidotus,Oxyuranus microlepidotus,Oxyuranus microlepidotus,111177,111177,Oxyuranus microlepidotus,direct_original_and_live_match,no
A8HDK8,Oxyuranus microlepidotus,Oxyuranus microlepidotus,Oxyuranus microlepidotus,111177,111177,Oxyuranus microlepidotus,direct_original_and_live_match,no
A8HDK9,Oxyuranus scutellatus,Oxyuranus scutellatus,Oxyuranus scutellatus,8667,8668,Oxyuranus scutellatus,direct_original_and_live_match,no
A8N285,Ophiophagus hannah,Ophiophagus hannah,Ophiophagus hannah,8665,8665,Ophiophagus hannah,direct_original_and_live_match,no
A8S6A4,Austrelaps spp,Austrelaps superbus,Austrelaps superbus,29156,29156,Austrelaps superbus,direct_original_and_live_match,yes
A8S6A8,Austrelaps spp,Austrelaps superbus,Austrelaps superbus,29156,29156,Austrelaps superbus,direct_original_and_live_match,yes
A8S6B0,Austrelaps spp,Austrelaps superbus,Austrelaps superbus,29156,29156,Austrelaps superbus,direct_original_and_live_match,yes
A8S6B3,Austrelaps spp,Austrelaps superbus,Austrelaps superbus,29156,29156,Austrelaps superbus,direct_original_and_live_match,yes
A8S6B6,Austrelaps spp,Austrelaps superbus,Austrelaps superbus,29156,29156,Austrelaps superbus,direct_original_and_live_match,yes
B0VXU4,Sistrurus catenatus,Sistrurus catenatus,Sistrurus catenatus,8762,8756,Sistrurus catenatus,direct_original_and_live_match,no
B0VXU5,Sistrurus catenatus,Sistrurus catenatus,Sistrurus catenatus,8762,8756,Sistrurus catenatus,direct_original_and_live_match,no
B0VXU6,Sistrurus catenatus,Sistrurus catenatus,Sistrurus catenatus,8762,8756,Sistrurus catenatus,direct_original_and_live_match,no
B0VXU8,Sistrurus catenatus,Sistrurus catenatus,Sistrurus catenatus,8762,8756,Sistrurus catenatus,direct_original_and_live_match,no
B0VXU9,Sistrurus catenatus,Sistrurus catenatus,Sistrurus catenatus,8762,8756,Sistrurus catenatus,direct_original_and_live_match,no
B0VXV0,Sistrurus catenatus,Sistrurus catenatus,Sistrurus catenatus,8762,8756,Sistrurus catenatus,direct_original_and_live_match,no
B0VXV1,Sistrurus catenatus,Sistrurus catenatus,Sistrurus catenatus,8762,8756,Sistrurus catenatus,direct_original_and_live_match,no
B0VXV2,Sistrurus catenatus,Sistrurus catenatus,Sistrurus catenatus,8762,8756,Sistrurus catenatus,direct_original_and_live_match,no
B0VXV6,Sistrurus catenatus,Sistrurus catenatus,Sistrurus catenatus,8762,8756,Sistrurus catenatus,direct_original_and_live_match,no
B1NMS6,Pseudonaja textilis,Pseudonaja textilis,Pseudonaja textilis,8673,8673,Pseudonaja textilis,direct_original_and_live_match,no
B2BRQ6,Austrelaps spp,Austrelaps labialis,Austrelaps labialis,471292,471292,Austrelaps labialis,direct_original_and_live_match,yes
B2CGN4,Crotalus durissus,Crotalus durissus,Crotalus durissus,8731,8731,Crotalus durissus,direct_original_and_live_match,no
B2CGN7,Crotalus durissus,Crotalus durissus,Crotalus durissus,8731,8731,Crotalus durissus,direct_original_and_live_match,no
B2CGN9,Crotalus durissus,Crotalus durissus,Crotalus durissus,8731,8731,Crotalus durissus,direct_original_and_live_match,no
B2KTG2,Bungarus fasciatus,Bungarus fasciatus,Bungarus fasciatus,8613,8613,Bungarus fasciatus,direct_original_and_live_match,no
B2KTG3,Bungarus fasciatus,Bungarus fasciatus,Bungarus fasciatus,8613,8613,Bungarus fasciatus,direct_original_and_live_match,no
B4XSY4,,Macrovipera lebetinus,Macrovipera lebetinus,3148341,,,group_level_or_name_unresolved,no
B4XSY5,,Macrovipera lebetinus,Macrovipera lebetinus,3148341,,,group_level_or_name_unresolved,no
B4XSY6,,Macrovipera lebetinus,Macrovipera lebetinus,3148341,,,group_level_or_name_unresolved,no
B4XSY7,,Macrovipera lebetinus,Macrovipera lebetinus,3148341,,,group_level_or_name_unresolved,no
B4XSY8,,Macrovipera lebetinus,Macrovipera lebetinus,3148341,,,group_level_or_name_unresolved,no
B4XSY9,,Macrovipera lebetinus,Macrovipera lebetinus,3148341,,,group_level_or_name_unresolved,no
B4XSZ0,,Macrovipera lebetinus,Macrovipera lebetinus,3148341,,,group_level_or_name_unresolved,no
B4XSZ1,,Macrovipera lebetinus,Macrovipera lebetinus,3148341,,,group_level_or_name_unresolved,no
B4XSZ2,,Macrovipera lebetinus,Macrovipera lebetinus,3148341,,,group_level_or_name_unresolved,no
B4XSZ3,,Macrovipera lebetinus,Macrovipera lebetinus,3148341,,,group_level_or_name_unresolved,no
B4XSZ4,,Macrovipera lebetinus,Macrovipera lebetinus,3148341,,,group_level_or_name_unresolved,no
B4XSZ5,,Macrovipera lebetinus,Macrovipera lebetinus,3148341,,,group_level_or_name_unresolved,no
B4XSZ6,,Macrovipera lebetinus,Macrovipera lebetinus,3148341,,,group_level_or_name_unresolved,no
B4XSZ7,,Macrovipera lebetinus,Macrovipera lebetinus,3148341,,,group_level_or_name_unresolved,no
B4XSZ8,,Macrovipera lebetinus,Macrovipera lebetinus,3148341,,,group_level_or_name_unresolved,no
B4XSZ9,,Macrovipera lebetinus,Macrovipera lebetinus,3148341,,,group_level_or_name_unresolved,no
B4XT00,,Macrovipera lebetinus,Macrovipera lebetinus,3148341,,,group_level_or_name_unresolved,no
B4XT01,,Macrovipera lebetinus,Macrovipera lebetinus,3148341,,,group_level_or_name_unresolved,no
B4XT02,,Macrovipera lebetinus,Macrovipera lebetinus,3148341,,,group_level_or_name_unresolved,no
B4XT03,,Macrovipera lebetinus,Macrovipera lebetinus,3148341,,,group_level_or_name_unresolved,no
B4XT05,,Macrovipera lebetinus,Macrovipera lebetinus,3148341,,,group_level_or_name_unresolved,no
B4XT06,,Macrovipera lebetinus,Macrovipera lebetinus,3148341,,,group_level_or_name_unresolved,no
B4XT07,,Macrovipera lebetinus,Macrovipera lebetinus,3148341,,,group_level_or_name_unresolved,no
B4XT08,,Macrovipera lebetinus,Macrovipera lebetinus,3148341,,,group_level_or_name_unresolved,no
B5G6F7,,Demansia vestigiata,Demansia vestigiata,412038,,,group_level_or_name_unresolved,no
B5KFV1,Tropidechis carinatus,Tropidechis carinatus,Tropidechis carinatus,100989,100989,Tropidechis carinatus,direct_original_and_live_match,no
B5KFV2,Pseudechis spp,Pseudechis porphyriacus,Pseudechis porphyriacus,8671,8671,Pseudechis porphyriacus,direct_original_and_live_match,yes
B5KFV3,Pseudechis australis,Pseudechis australis,Pseudechis australis,8670,8670,Pseudechis australis,direct_original_and_live_match,no
B5KFV4,Hoplocephalus spp,Hoplocephalus stephensii,Hoplocephalus stephensii,196418,196418,Hoplocephalus stephensii,direct_original_and_live_match,yes
B5KFV5,Oxyuranus scutellatus,Oxyuranus scutellatus,Oxyuranus scutellatus,8668,8668,Oxyuranus scutellatus,direct_original_and_live_match,no
B5KFV6,Oxyuranus microlepidotus,Oxyuranus microlepidotus,Oxyuranus microlepidotus,111177,111177,Oxyuranus microlepidotus,direct_original_and_live_match,no
B5KFV7,Notechis scutatus,Notechis scutatus,Notechis scutatus,8663,8663,Notechis scutatus,direct_original_and_live_match,no
B5KFV8,,Cryptophis nigrescens,Cryptophis nigrescens,292442,,,group_level_or_name_unresolved,no
B5KFV9,Pseudonaja textilis,Pseudonaja textilis,Pseudonaja textilis,8673,8673,Pseudonaja textilis,direct_original_and_live_match,no
B5L5Q8,Pseudechis australis,Pseudechis australis,Pseudechis australis,8670,8670,Pseudechis australis,direct_original_and_live_match,no
B5U6Y6,Echis ocellatus,Echis ocellatus,Echis ocellatus,99586,99586,Echis ocellatus,direct_original_and_live_match,no
B5U6Y7,Echis ocellatus,Echis ocellatus,Echis ocellatus,99586,99586,Echis ocellatus,direct_original_and_live_match,no
B7FDI0,Vipera nikolskii,Vipera nikolskii,Vipera nikolskii,1808362,1808362,Vipera nikolskii,direct_original_and_live_match,no
B7FDI1,Vipera berus,Vipera berus,Vipera berus,31155,31155,Vipera berus,direct_original_and_live_match,no
B8K1V9,Micrurus fulvius,Micrurus fulvius,Micrurus fulvius,8637,8637,Micrurus fulvius,direct_original_and_live_match,no
C0HK50,Crotalus tzabcan,Crotalus tzabcan,Crotalus tzabcan,1043006,1043006,Crotalus tzabcan,direct_original_and_live_match,no
C0HL88,,Crotalus vegrandis,Crotalus vegrandis,184545,,,group_level_or_name_unresolved,no
C0HLA1,Lachesis muta,Lachesis muta,Lachesis muta,60219,8752,Lachesis muta,direct_original_and_live_match,no
C0HLA2,Lachesis muta,Lachesis muta,Lachesis muta,60219,8752,Lachesis muta,direct_original_and_live_match,no
C0HLA4,Lachesis muta,Lachesis muta,Lachesis muta,60219,8752,Lachesis muta,direct_original_and_live_match,no
C0HLL1,Crotalus durissus,Crotalus durissus,Crotalus durissus,8732,8731,Crotalus durissus,direct_original_and_live_match,no
C0HMH2,Gloydius intermedius,Gloydius intermedius,Gloydius intermedius,44732,44732,Gloydius intermedius,direct_original_and_live_match,no
C1IC51,Walterinnesia aegyptia,Walterinnesia aegyptia,Walterinnesia aegyptia,64182,64182,Walterinnesia aegyptia,direct_original_and_live_match,no
C5ILC5,Ophiophagus hannah,Ophiophagus hannah,Ophiophagus hannah,8665,8665,Ophiophagus hannah,direct_original_and_live_match,no
C6JUN2,,Philodryas olfersii,Philodryas olfersii,120305,,,group_level_or_name_unresolved,no
C6JUN3,,Philodryas olfersii,Philodryas olfersii,120305,,,group_level_or_name_unresolved,no
C6JUN4,,Philodryas olfersii,Philodryas olfersii,120305,,,group_level_or_name_unresolved,no
C6JUP1,Micrurus corallinus,Micrurus corallinus,Micrurus corallinus,54390,54390,Micrurus corallinus,direct_original_and_live_match,no
C6JUP2,Micrurus corallinus,Micrurus corallinus,Micrurus corallinus,54390,54390,Micrurus corallinus,direct_original_and_live_match,no
C9E1S2,Agkistrodon piscivorus,Agkistrodon piscivorus,Agkistrodon piscivorus,459671,8715,Agkistrodon piscivorus,direct_original_and_live_match,no
D2N116,Bungarus caeruleus,Bungarus caeruleus,Bungarus caeruleus,132961,132961,Bungarus caeruleus,direct_original_and_live_match,no
D5J9Q8,Bungarus flaviceps,Bungarus flaviceps,Bungarus flaviceps,8615,8614,Bungarus flaviceps,direct_original_and_live_match,no
D5J9S0,Bungarus flaviceps,Bungarus flaviceps,Bungarus flaviceps,8615,8614,Bungarus flaviceps,direct_original_and_live_match,no
D5KRX9,Echis ocellatus,Echis ocellatus,Echis ocellatus,99586,99586,Echis ocellatus,direct_original_and_live_match,no
D5KRY0,Echis ocellatus,Echis ocellatus,Echis ocellatus,99586,99586,Echis ocellatus,direct_original_and_live_match,no
D5KRY1,Echis ocellatus,Echis ocellatus,Echis ocellatus,99586,99586,Echis ocellatus,direct_original_and_live_match,no
D8VNS1,,Cerberus rynchops,Cerberus rynchops,46267,,,group_level_or_name_unresolved,no
D8VNS6,,Cerberus rynchops,Cerberus rynchops,46267,,,group_level_or_name_unresolved,no
D9IX98,Ophiophagus hannah,Ophiophagus hannah,Ophiophagus hannah,8665,8665,Ophiophagus hannah,direct_original_and_live_match,no
E3UJL0,Bothrops neuwiedi,Bothrops neuwiedi,Bothrops neuwiedi,95648,95648,Bothrops neuwiedi,direct_original_and_live_match,no
E3UJL1,Bothrops neuwiedi,Bothrops neuwiedi,Bothrops neuwiedi,95648,95648,Bothrops neuwiedi,direct_original_and_live_match,no
E3UJL2,Bothrops neuwiedi,Bothrops neuwiedi,Bothrops neuwiedi,95648,95648,Bothrops neuwiedi,direct_original_and_live_match,no
E3UJL5,Bothrops neuwiedi,Bothrops neuwiedi,Bothrops neuwiedi,95648,95648,Bothrops neuwiedi,direct_original_and_live_match,no
E3UJL7,Bothrops neuwiedi,Bothrops neuwiedi,Bothrops neuwiedi,95648,95648,Bothrops neuwiedi,direct_original_and_live_match,no
E3UJL8,Bothrops neuwiedi,Bothrops neuwiedi,Bothrops neuwiedi,95648,95648,Bothrops neuwiedi,direct_original_and_live_match,no
E3UJL9,Bothrops neuwiedi,Bothrops neuwiedi,Bothrops neuwiedi,95648,95648,Bothrops neuwiedi,direct_original_and_live_match,no
E3UJM0,Bothrops neuwiedi,Bothrops neuwiedi,Bothrops neuwiedi,95648,95648,Bothrops neuwiedi,direct_original_and_live_match,no
E9JFZ5,Echis pyramidum,Echis pyramidum,Echis pyramidum,38415,8700,Echis pyramidum,direct_original_and_live_match,no
E9JFZ6,Echis pyramidum,Echis pyramidum,Echis pyramidum,38415,8700,Echis pyramidum,direct_original_and_live_match,no
E9JFZ7,Echis pyramidum,Echis pyramidum,Echis pyramidum,38415,8700,Echis pyramidum,direct_original_and_live_match,no
E9JFZ8,Echis coloratus,Echis coloratus,Echis coloratus,64175,64175,Echis coloratus,direct_original_and_live_match,no
E9JFZ9,Echis carinatus,Echis carinatus,Echis carinatus,124223,40353,Echis carinatus,direct_original_and_live_match,no
E9JG00,Echis coloratus,Echis coloratus,Echis coloratus,64175,64175,Echis coloratus,direct_original_and_live_match,no
E9JG01,Echis coloratus,Echis coloratus,Echis coloratus,64175,64175,Echis coloratus,direct_original_and_live_match,no
E9JG02,Echis ocellatus,Echis ocellatus,Echis ocellatus,99586,99586,Echis ocellatus,direct_original_and_live_match,no
E9JG04,Echis ocellatus,Echis ocellatus,Echis ocellatus,99586,99586,Echis ocellatus,direct_original_and_live_match,no
E9JG05,Echis ocellatus,Echis ocellatus,Echis ocellatus,99586,99586,Echis ocellatus,direct_original_and_live_match,no
E9JG06,Echis pyramidum,Echis pyramidum,Echis pyramidum,38415,8700,Echis pyramidum,direct_original_and_live_match,no
E9JG07,Echis pyramidum,Echis pyramidum,Echis pyramidum,38415,8700,Echis pyramidum,direct_original_and_live_match,no
E9JG08,Echis coloratus,Echis coloratus,Echis coloratus,64175,64175,Echis coloratus,direct_original_and_live_match,no
E9JG09,Echis coloratus,Echis coloratus,Echis coloratus,64175,64175,Echis coloratus,direct_original_and_live_match,no
E9JG12,Echis ocellatus,Echis ocellatus,Echis ocellatus,99586,99586,Echis ocellatus,direct_original_and_live_match,no
E9JG14,Echis carinatus,Echis carinatus,Echis carinatus,124223,40353,Echis carinatus,direct_original_and_live_match,no
E9JG15,Echis coloratus,Echis coloratus,Echis coloratus,64175,64175,Echis coloratus,direct_original_and_live_match,no
E9JG16,Echis coloratus,Echis coloratus,Echis coloratus,64175,64175,Echis coloratus,direct_original_and_live_match,no
E9JG17,Echis coloratus,Echis coloratus,Echis coloratus,64175,64175,Echis coloratus,direct_original_and_live_match,no
E9JG18,Echis coloratus,Echis coloratus,Echis coloratus,64175,64175,Echis coloratus,direct_original_and_live_match,no
E9JG19,Echis coloratus,Echis coloratus,Echis coloratus,64175,64175,Echis coloratus,direct_original_and_live_match,no
E9JG20,Echis pyramidum,Echis pyramidum,Echis pyramidum,38415,8700,Echis pyramidum,direct_original_and_live_match,no
E9JG21,Echis coloratus,Echis coloratus,Echis coloratus,64175,64175,Echis coloratus,direct_original_and_live_match,no
E9JG22,Echis carinatus,Echis carinatus,Echis carinatus,124223,40353,Echis carinatus,direct_original_and_live_match,no
E9JG23,Echis coloratus,Echis coloratus,Echis coloratus,64175,64175,Echis coloratus,direct_original_and_live_match,no
E9JG24,Echis carinatus,Echis carinatus,Echis carinatus,124223,40353,Echis carinatus,direct_original_and_live_match,no
E9JG25,Echis coloratus,Echis coloratus,Echis coloratus,64175,64175,Echis coloratus,direct_original_and_live_match,no
E9JG26,Echis carinatus,Echis carinatus,Echis carinatus,124223,40353,Echis carinatus,direct_original_and_live_match,no
E9JG27,Echis carinatus,Echis carinatus,Echis carinatus,124223,40353,Echis carinatus,direct_original_and_live_match,no
E9JG28,Echis carinatus,Echis carinatus,Echis carinatus,124223,40353,Echis carinatus,direct_original_and_live_match,no
E9JG29,Echis carinatus,Echis carinatus,Echis carinatus,124223,40353,Echis carinatus,direct_original_and_live_match,no
E9JG30,Echis carinatus,Echis carinatus,Echis carinatus,124223,40353,Echis carinatus,direct_original_and_live_match,no
E9JG33,Echis carinatus,Echis carinatus,Echis carinatus,124223,40353,Echis carinatus,direct_original_and_live_match,no
E9JG34,Echis carinatus,Echis carinatus,Echis carinatus,124223,40353,Echis carinatus,direct_original_and_live_match,no
E9JG35,Echis carinatus,Echis carinatus,Echis carinatus,124223,40353,Echis carinatus,direct_original_and_live_match,no
E9JG36,Echis carinatus,Echis carinatus,Echis carinatus,124223,40353,Echis carinatus,direct_original_and_live_match,no
E9JG37,Echis carinatus,Echis carinatus,Echis carinatus,124223,40353,Echis carinatus,direct_original_and_live_match,no
E9JG38,Echis carinatus,Echis carinatus,Echis carinatus,124223,40353,Echis carinatus,direct_original_and_live_match,no
E9JG39,Echis carinatus,Echis carinatus,Echis carinatus,124223,40353,Echis carinatus,direct_original_and_live_match,no
E9JG40,Echis carinatus,Echis carinatus,Echis carinatus,124223,40353,Echis carinatus,direct_original_and_live_match,no
E9JG41,Echis carinatus,Echis carinatus,Echis carinatus,124223,40353,Echis carinatus,direct_original_and_live_match,no
E9JG43,Echis carinatus,Echis carinatus,Echis carinatus,124223,40353,Echis carinatus,direct_original_and_live_match,no
E9JG44,Echis carinatus,Echis carinatus,Echis carinatus,124223,40353,Echis carinatus,direct_original_and_live_match,no
E9JG45,Echis carinatus,Echis carinatus,Echis carinatus,124223,40353,Echis carinatus,direct_original_and_live_match,no
E9JG46,Echis carinatus,Echis carinatus,Echis carinatus,124223,40353,Echis carinatus,direct_original_and_live_match,no
E9JG47,Echis carinatus,Echis carinatus,Echis carinatus,124223,40353,Echis carinatus,direct_original_and_live_match,no
E9JG48,Echis carinatus,Echis carinatus,Echis carinatus,124223,40353,Echis carinatus,direct_original_and_live_match,no
E9JG49,Echis carinatus,Echis carinatus,Echis carinatus,124223,40353,Echis carinatus,direct_original_and_live_match,no
E9JG50,Echis carinatus,Echis carinatus,Echis carinatus,124223,40353,Echis carinatus,direct_original_and_live_match,no
E9JG51,Echis carinatus,Echis carinatus,Echis carinatus,124223,40353,Echis carinatus,direct_original_and_live_match,no
E9JG52,Echis carinatus,Echis carinatus,Echis carinatus,124223,40353,Echis carinatus,direct_original_and_live_match,no
E9JG54,Echis coloratus,Echis coloratus,Echis coloratus,64175,64175,Echis coloratus,direct_original_and_live_match,no
E9JG55,Echis coloratus,Echis coloratus,Echis coloratus,64175,64175,Echis coloratus,direct_original_and_live_match,no
E9JG56,Echis coloratus,Echis coloratus,Echis coloratus,64175,64175,Echis coloratus,direct_original_and_live_match,no
E9JG57,Echis coloratus,Echis coloratus,Echis coloratus,64175,64175,Echis coloratus,direct_original_and_live_match,no
E9JG58,Echis coloratus,Echis coloratus,Echis coloratus,64175,64175,Echis coloratus,direct_original_and_live_match,no
E9JG59,Echis coloratus,Echis coloratus,Echis coloratus,64175,64175,Echis coloratus,direct_original_and_live_match,no
E9JG60,Echis coloratus,Echis coloratus,Echis coloratus,64175,64175,Echis coloratus,direct_original_and_live_match,no
E9JG61,Echis coloratus,Echis coloratus,Echis coloratus,64175,64175,Echis coloratus,direct_original_and_live_match,no
E9JG62,Echis coloratus,Echis coloratus,Echis coloratus,64175,64175,Echis coloratus,direct_original_and_live_match,no
E9JG63,Echis coloratus,Echis coloratus,Echis coloratus,64175,64175,Echis coloratus,direct_original_and_live_match,no
E9JG64,Echis coloratus,Echis coloratus,Echis coloratus,64175,64175,Echis coloratus,direct_original_and_live_match,no
E9JG65,Echis coloratus,Echis coloratus,Echis coloratus,64175,64175,Echis coloratus,direct_original_and_live_match,no
E9JG66,Echis coloratus,Echis coloratus,Echis coloratus,64175,64175,Echis coloratus,direct_original_and_live_match,no
E9JG67,Echis coloratus,Echis coloratus,Echis coloratus,64175,64175,Echis coloratus,direct_original_and_live_match,no
E9JG68,Echis coloratus,Echis coloratus,Echis coloratus,64175,64175,Echis coloratus,direct_original_and_live_match,no
E9JG69,Echis coloratus,Echis coloratus,Echis coloratus,64175,64175,Echis coloratus,direct_original_and_live_match,no
E9JG70,Echis coloratus,Echis coloratus,Echis coloratus,64175,64175,Echis coloratus,direct_original_and_live_match,no
E9JG71,Echis coloratus,Echis coloratus,Echis coloratus,64175,64175,Echis coloratus,direct_original_and_live_match,no
E9JG72,Echis coloratus,Echis coloratus,Echis coloratus,64175,64175,Echis coloratus,direct_original_and_live_match,no
E9JG73,Echis coloratus,Echis coloratus,Echis coloratus,64175,64175,Echis coloratus,direct_original_and_live_match,no
E9JG74,Echis coloratus,Echis coloratus,Echis coloratus,64175,64175,Echis coloratus,direct_original_and_live_match,no
E9JG75,Echis coloratus,Echis coloratus,Echis coloratus,64175,64175,Echis coloratus,direct_original_and_live_match,no
E9JG76,Echis coloratus,Echis coloratus,Echis coloratus,64175,64175,Echis coloratus,direct_original_and_live_match,no
E9JG77,Echis coloratus,Echis coloratus,Echis coloratus,64175,64175,Echis coloratus,direct_original_and_live_match,no
E9JG78,Echis coloratus,Echis coloratus,Echis coloratus,64175,64175,Echis coloratus,direct_original_and_live_match,no
E9JG79,Echis coloratus,Echis coloratus,Echis coloratus,64175,64175,Echis coloratus,direct_original_and_live_match,no
E9JG80,Echis coloratus,Echis coloratus,Echis coloratus,64175,64175,Echis coloratus,direct_original_and_live_match,no
E9JG81,Echis coloratus,Echis coloratus,Echis coloratus,64175,64175,Echis coloratus,direct_original_and_live_match,no
E9JG82,Echis coloratus,Echis coloratus,Echis coloratus,64175,64175,Echis coloratus,direct_original_and_live_match,no
E9JG83,Echis coloratus,Echis coloratus,Echis coloratus,64175,64175,Echis coloratus,direct_original_and_live_match,no
E9JG84,Echis coloratus,Echis coloratus,Echis coloratus,64175,64175,Echis coloratus,direct_original_and_live_match,no
E9JG85,Echis coloratus,Echis coloratus,Echis coloratus,64175,64175,Echis coloratus,direct_original_and_live_match,no
E9JG86,Echis coloratus,Echis coloratus,Echis coloratus,64175,64175,Echis coloratus,direct_original_and_live_match,no
E9JG87,Echis coloratus,Echis coloratus,Echis coloratus,64175,64175,Echis coloratus,direct_original_and_live_match,no
E9JG88,Echis coloratus,Echis coloratus,Echis coloratus,64175,64175,Echis coloratus,direct_original_and_live_match,no
E9JG89,Echis coloratus,Echis coloratus,Echis coloratus,64175,64175,Echis coloratus,direct_original_and_live_match,no
E9JG90,Echis coloratus,Echis coloratus,Echis coloratus,64175,64175,Echis coloratus,direct_original_and_live_match,no
E9JG91,Echis coloratus,Echis coloratus,Echis coloratus,64175,64175,Echis coloratus,direct_original_and_live_match,no
E9JG92,Echis coloratus,Echis coloratus,Echis coloratus,64175,64175,Echis coloratus,direct_original_and_live_match,no
E9JG93,Echis coloratus,Echis coloratus,Echis coloratus,64175,64175,Echis coloratus,direct_original_and_live_match,no
E9JG94,Echis coloratus,Echis coloratus,Echis coloratus,64175,64175,Echis coloratus,direct_original_and_live_match,no
E9JG95,Echis coloratus,Echis coloratus,Echis coloratus,64175,64175,Echis coloratus,direct_original_and_live_match,no
E9JG96,Echis coloratus,Echis coloratus,Echis coloratus,64175,64175,Echis coloratus,direct_original_and_live_match,no
E9JG97,Echis coloratus,Echis coloratus,Echis coloratus,64175,64175,Echis coloratus,direct_original_and_live_match,no
E9JG98,Echis coloratus,Echis coloratus,Echis coloratus,64175,64175,Echis coloratus,direct_original_and_live_match,no
E9JG99,Echis coloratus,Echis coloratus,Echis coloratus,64175,64175,Echis coloratus,direct_original_and_live_match,no
E9JGA0,Echis coloratus,Echis coloratus,Echis coloratus,64175,64175,Echis coloratus,direct_original_and_live_match,no
E9JGA1,Echis coloratus,Echis coloratus,Echis coloratus,64175,64175,Echis coloratus,direct_original_and_live_match,no
E9JGA2,Echis coloratus,Echis coloratus,Echis coloratus,64175,64175,Echis coloratus,direct_original_and_live_match,no
E9JGA3,Echis coloratus,Echis coloratus,Echis coloratus,64175,64175,Echis coloratus,direct_original_and_live_match,no
E9JGA4,Echis coloratus,Echis coloratus,Echis coloratus,64175,64175,Echis coloratus,direct_original_and_live_match,no
E9JGA5,Echis coloratus,Echis coloratus,Echis coloratus,64175,64175,Echis coloratus,direct_original_and_live_match,no
E9JGA6,Echis coloratus,Echis coloratus,Echis coloratus,64175,64175,Echis coloratus,direct_original_and_live_match,no
E9JGA7,Echis coloratus,Echis coloratus,Echis coloratus,64175,64175,Echis coloratus,direct_original_and_live_match,no
E9JGA8,Echis coloratus,Echis coloratus,Echis coloratus,64175,64175,Echis coloratus,direct_original_and_live_match,no
E9JGA9,Echis coloratus,Echis coloratus,Echis coloratus,64175,64175,Echis coloratus,direct_original_and_live_match,no
E9JGB0,Echis coloratus,Echis coloratus,Echis coloratus,64175,64175,Echis coloratus,direct_original_and_live_match,no
E9JGB1,Echis pyramidum,Echis pyramidum,Echis pyramidum,38415,8700,Echis pyramidum,direct_original_and_live_match,no
E9JGB2,Echis pyramidum,Echis pyramidum,Echis pyramidum,38415,8700,Echis pyramidum,direct_original_and_live_match,no
E9JGB3,Echis pyramidum,Echis pyramidum,Echis pyramidum,38415,8700,Echis pyramidum,direct_original_and_live_match,no
E9JGB4,Echis pyramidum,Echis pyramidum,Echis pyramidum,38415,8700,Echis pyramidum,direct_original_and_live_match,no
E9JGB5,Echis pyramidum,Echis pyramidum,Echis pyramidum,38415,8700,Echis pyramidum,direct_original_and_live_match,no
E9JGB6,Echis pyramidum,Echis pyramidum,Echis pyramidum,38415,8700,Echis pyramidum,direct_original_and_live_match,no
E9JGB7,Echis pyramidum,Echis pyramidum,Echis pyramidum,38415,8700,Echis pyramidum,direct_original_and_live_match,no
E9JGB9,Echis pyramidum,Echis pyramidum,Echis pyramidum,38415,8700,Echis pyramidum,direct_original_and_live_match,no
E9JGC0,Echis pyramidum,Echis pyramidum,Echis pyramidum,38415,8700,Echis pyramidum,direct_original_and_live_match,no
E9JGC1,Echis pyramidum,Echis pyramidum,Echis pyramidum,38415,8700,Echis pyramidum,direct_original_and_live_match,no
E9JGC2,Echis pyramidum,Echis pyramidum,Echis pyramidum,38415,8700,Echis pyramidum,direct_original_and_live_match,no
E9JGC3,Echis pyramidum,Echis pyramidum,Echis pyramidum,38415,8700,Echis pyramidum,direct_original_and_live_match,no
E9JGC4,Echis pyramidum,Echis pyramidum,Echis pyramidum,38415,8700,Echis pyramidum,direct_original_and_live_match,no
E9JGC5,Echis pyramidum,Echis pyramidum,Echis pyramidum,38415,8700,Echis pyramidum,direct_original_and_live_match,no
E9JGC6,Echis pyramidum,Echis pyramidum,Echis pyramidum,38415,8700,Echis pyramidum,direct_original_and_live_match,no
E9JGC7,Echis pyramidum,Echis pyramidum,Echis pyramidum,38415,8700,Echis pyramidum,direct_original_and_live_match,no
E9JGC8,Echis pyramidum,Echis pyramidum,Echis pyramidum,38415,8700,Echis pyramidum,direct_original_and_live_match,no
E9JGC9,Echis pyramidum,Echis pyramidum,Echis pyramidum,38415,8700,Echis pyramidum,direct_original_and_live_match,no
E9JGD0,Echis pyramidum,Echis pyramidum,Echis pyramidum,38415,8700,Echis pyramidum,direct_original_and_live_match,no
E9JGD2,Echis coloratus,Echis coloratus,Echis coloratus,64175,64175,Echis coloratus,direct_original_and_live_match,no
E9JGD3,Echis coloratus,Echis coloratus,Echis coloratus,64175,64175,Echis coloratus,direct_original_and_live_match,no
E9JGD4,Echis coloratus,Echis coloratus,Echis coloratus,64175,64175,Echis coloratus,direct_original_and_live_match,no
E9JGD5,Echis coloratus,Echis coloratus,Echis coloratus,64175,64175,Echis coloratus,direct_original_and_live_match,no
E9JGD6,Echis coloratus,Echis coloratus,Echis coloratus,64175,64175,Echis coloratus,direct_original_and_live_match,no
E9JGD7,Echis coloratus,Echis coloratus,Echis coloratus,64175,64175,Echis coloratus,direct_original_and_live_match,no
E9JGD8,Echis coloratus,Echis coloratus,Echis coloratus,64175,64175,Echis coloratus,direct_original_and_live_match,no
E9JGD9,Echis coloratus,Echis coloratus,Echis coloratus,64175,64175,Echis coloratus,direct_original_and_live_match,no
E9JGE0,Echis coloratus,Echis coloratus,Echis coloratus,64175,64175,Echis coloratus,direct_original_and_live_match,no
E9JGE1,Echis coloratus,Echis coloratus,Echis coloratus,64175,64175,Echis coloratus,direct_original_and_live_match,no
E9JGE2,Echis coloratus,Echis coloratus,Echis coloratus,64175,64175,Echis coloratus,direct_original_and_live_match,no
E9JGE3,Echis coloratus,Echis coloratus,Echis coloratus,64175,64175,Echis coloratus,direct_original_and_live_match,no
E9JGE4,Echis coloratus,Echis coloratus,Echis coloratus,64175,64175,Echis coloratus,direct_original_and_live_match,no
E9JGE5,Echis coloratus,Echis coloratus,Echis coloratus,64175,64175,Echis coloratus,direct_original_and_live_match,no
E9JGE6,Echis coloratus,Echis coloratus,Echis coloratus,64175,64175,Echis coloratus,direct_original_and_live_match,no
E9JGE7,Echis coloratus,Echis coloratus,Echis coloratus,64175,64175,Echis coloratus,direct_original_and_live_match,no
E9JGE8,Echis coloratus,Echis coloratus,Echis coloratus,64175,64175,Echis coloratus,direct_original_and_live_match,no
E9JGE9,Echis coloratus,Echis coloratus,Echis coloratus,64175,64175,Echis coloratus,direct_original_and_live_match,no
E9JGF0,Echis coloratus,Echis coloratus,Echis coloratus,64175,64175,Echis coloratus,direct_original_and_live_match,no
E9JGF1,Echis coloratus,Echis coloratus,Echis coloratus,64175,64175,Echis coloratus,direct_original_and_live_match,no
E9JGF2,Echis coloratus,Echis coloratus,Echis coloratus,64175,64175,Echis coloratus,direct_original_and_live_match,no
E9JGF3,Echis coloratus,Echis coloratus,Echis coloratus,64175,64175,Echis coloratus,direct_original_and_live_match,no
E9JGF4,Echis coloratus,Echis coloratus,Echis coloratus,64175,64175,Echis coloratus,direct_original_and_live_match,no
E9JGF5,Echis coloratus,Echis coloratus,Echis coloratus,64175,64175,Echis coloratus,direct_original_and_live_match,no
E9JGF6,Echis coloratus,Echis coloratus,Echis coloratus,64175,64175,Echis coloratus,direct_original_and_live_match,no
E9JGF7,Echis coloratus,Echis coloratus,Echis coloratus,64175,64175,Echis coloratus,direct_original_and_live_match,no
E9JGF8,Echis coloratus,Echis coloratus,Echis coloratus,64175,64175,Echis coloratus,direct_original_and_live_match,no
E9JGG0,Echis coloratus,Echis coloratus,Echis coloratus,64175,64175,Echis coloratus,direct_original_and_live_match,no
E9JGG1,Echis coloratus,Echis coloratus,Echis coloratus,64175,64175,Echis coloratus,direct_original_and_live_match,no
E9JGG2,Echis coloratus,Echis coloratus,Echis coloratus,64175,64175,Echis coloratus,direct_original_and_live_match,no
E9JGG3,Echis coloratus,Echis coloratus,Echis coloratus,64175,64175,Echis coloratus,direct_original_and_live_match,no
E9JGG4,Echis coloratus,Echis coloratus,Echis coloratus,64175,64175,Echis coloratus,direct_original_and_live_match,no
E9JGG5,Echis coloratus,Echis coloratus,Echis coloratus,64175,64175,Echis coloratus,direct_original_and_live_match,no
E9JGG7,Echis carinatus,Echis carinatus,Echis carinatus,124223,40353,Echis carinatus,direct_original_and_live_match,no
E9JGG8,Echis carinatus,Echis carinatus,Echis carinatus,124223,40353,Echis carinatus,direct_original_and_live_match,no
E9JGH0,Echis carinatus,Echis carinatus,Echis carinatus,124223,40353,Echis carinatus,direct_original_and_live_match,no
E9JGH1,Echis carinatus,Echis carinatus,Echis carinatus,124223,40353,Echis carinatus,direct_original_and_live_match,no
E9JGH2,Echis carinatus,Echis carinatus,Echis carinatus,124223,40353,Echis carinatus,direct_original_and_live_match,no
E9JGH3,Echis carinatus,Echis carinatus,Echis carinatus,124223,40353,Echis carinatus,direct_original_and_live_match,no
E9JGH4,Echis carinatus,Echis carinatus,Echis carinatus,124223,40353,Echis carinatus,direct_original_and_live_match,no
E9JGH7,Echis pyramidum,Echis pyramidum,Echis pyramidum,38415,8700,Echis pyramidum,direct_original_and_live_match,no
E9JGH8,Echis pyramidum,Echis pyramidum,Echis pyramidum,38415,8700,Echis pyramidum,direct_original_and_live_match,no
E9JGH9,Echis pyramidum,Echis pyramidum,Echis pyramidum,38415,8700,Echis pyramidum,direct_original_and_live_match,no
E9JGI0,Echis pyramidum,Echis pyramidum,Echis pyramidum,38415,8700,Echis pyramidum,direct_original_and_live_match,no
E9JGI1,Echis pyramidum,Echis pyramidum,Echis pyramidum,38415,8700,Echis pyramidum,direct_original_and_live_match,no
E9JGI2,Echis pyramidum,Echis pyramidum,Echis pyramidum,38415,8700,Echis pyramidum,direct_original_and_live_match,no
E9JGI3,Echis pyramidum,Echis pyramidum,Echis pyramidum,38415,8700,Echis pyramidum,direct_original_and_live_match,no
E9JGI4,Echis pyramidum,Echis pyramidum,Echis pyramidum,38415,8700,Echis pyramidum,direct_original_and_live_match,no
E9JGI6,Echis pyramidum,Echis pyramidum,Echis pyramidum,38415,8700,Echis pyramidum,direct_original_and_live_match,no
E9JGI7,Echis pyramidum,Echis pyramidum,Echis pyramidum,38415,8700,Echis pyramidum,direct_original_and_live_match,no
E9JGI8,Echis pyramidum,Echis pyramidum,Echis pyramidum,38415,8700,Echis pyramidum,direct_original_and_live_match,no
E9JGI9,Echis pyramidum,Echis pyramidum,Echis pyramidum,38415,8700,Echis pyramidum,direct_original_and_live_match,no
E9JGJ0,Echis pyramidum,Echis pyramidum,Echis pyramidum,38415,8700,Echis pyramidum,direct_original_and_live_match,no
E9JGJ1,Echis pyramidum,Echis pyramidum,Echis pyramidum,38415,8700,Echis pyramidum,direct_original_and_live_match,no
E9JGJ2,Echis pyramidum,Echis pyramidum,Echis pyramidum,38415,8700,Echis pyramidum,direct_original_and_live_match,no
E9JGJ3,Echis pyramidum,Echis pyramidum,Echis pyramidum,38415,8700,Echis pyramidum,direct_original_and_live_match,no
E9JGJ4,Echis pyramidum,Echis pyramidum,Echis pyramidum,38415,8700,Echis pyramidum,direct_original_and_live_match,no
E9JGJ5,Echis pyramidum,Echis pyramidum,Echis pyramidum,38415,8700,Echis pyramidum,direct_original_and_live_match,no
E9JGJ6,Echis pyramidum,Echis pyramidum,Echis pyramidum,38415,8700,Echis pyramidum,direct_original_and_live_match,no
E9JGJ7,Echis pyramidum,Echis pyramidum,Echis pyramidum,38415,8700,Echis pyramidum,direct_original_and_live_match,no
E9JGJ8,Echis pyramidum,Echis pyramidum,Echis pyramidum,38415,8700,Echis pyramidum,direct_original_and_live_match,no
E9JGJ9,Echis pyramidum,Echis pyramidum,Echis pyramidum,38415,8700,Echis pyramidum,direct_original_and_live_match,no
E9JGK0,Echis pyramidum,Echis pyramidum,Echis pyramidum,38415,8700,Echis pyramidum,direct_original_and_live_match,no
E9JGK1,Echis pyramidum,Echis pyramidum,Echis pyramidum,38415,8700,Echis pyramidum,direct_original_and_live_match,no
E9JGK2,Echis pyramidum,Echis pyramidum,Echis pyramidum,38415,8700,Echis pyramidum,direct_original_and_live_match,no
E9JGK3,Echis pyramidum,Echis pyramidum,Echis pyramidum,38415,8700,Echis pyramidum,direct_original_and_live_match,no
E9JGK4,Echis pyramidum,Echis pyramidum,Echis pyramidum,38415,8700,Echis pyramidum,direct_original_and_live_match,no
E9JGK5,Echis pyramidum,Echis pyramidum,Echis pyramidum,38415,8700,Echis pyramidum,direct_original_and_live_match,no
E9JGK6,Echis pyramidum,Echis pyramidum,Echis pyramidum,38415,8700,Echis pyramidum,direct_original_and_live_match,no
E9JGK7,Echis pyramidum,Echis pyramidum,Echis pyramidum,38415,8700,Echis pyramidum,direct_original_and_live_match,no
E9JGK8,Echis pyramidum,Echis pyramidum,Echis pyramidum,38415,8700,Echis pyramidum,direct_original_and_live_match,no
E9JGK9,Echis pyramidum,Echis pyramidum,Echis pyramidum,38415,8700,Echis pyramidum,direct_original_and_live_match,no
E9JGL0,Echis pyramidum,Echis pyramidum,Echis pyramidum,38415,8700,Echis pyramidum,direct_original_and_live_match,no
E9JGL1,Echis pyramidum,Echis pyramidum,Echis pyramidum,38415,8700,Echis pyramidum,direct_original_and_live_match,no
E9JGL2,Echis pyramidum,Echis pyramidum,Echis pyramidum,38415,8700,Echis pyramidum,direct_original_and_live_match,no
E9JGL3,Echis pyramidum,Echis pyramidum,Echis pyramidum,38415,8700,Echis pyramidum,direct_original_and_live_match,no
E9JGL4,Echis pyramidum,Echis pyramidum,Echis pyramidum,38415,8700,Echis pyramidum,direct_original_and_live_match,no
E9JGL5,Echis pyramidum,Echis pyramidum,Echis pyramidum,38415,8700,Echis pyramidum,direct_original_and_live_match,no
E9JGL6,Echis pyramidum,Echis pyramidum,Echis pyramidum,38415,8700,Echis pyramidum,direct_original_and_live_match,no
E9JGL7,Echis pyramidum,Echis pyramidum,Echis pyramidum,38415,8700,Echis pyramidum,direct_original_and_live_match,no
E9JGL8,Echis pyramidum,Echis pyramidum,Echis pyramidum,38415,8700,Echis pyramidum,direct_original_and_live_match,no
E9KJW7,Echis ocellatus,Echis ocellatus,Echis ocellatus,99586,99586,Echis ocellatus,direct_original_and_live_match,no
E9KJW8,Echis ocellatus,Echis ocellatus,Echis ocellatus,99586,99586,Echis ocellatus,direct_original_and_live_match,no
E9KJW9,Echis ocellatus,Echis ocellatus,Echis ocellatus,99586,99586,Echis ocellatus,direct_original_and_live_match,no
E9KJX0,Echis ocellatus,Echis ocellatus,Echis ocellatus,99586,99586,Echis ocellatus,direct_original_and_live_match,no
E9KJX1,Echis ocellatus,Echis ocellatus,Echis ocellatus,99586,99586,Echis ocellatus,direct_original_and_live_match,no
E9KJX2,Echis ocellatus,Echis ocellatus,Echis ocellatus,99586,99586,Echis ocellatus,direct_original_and_live_match,no
E9KJX3,Echis ocellatus,Echis ocellatus,Echis ocellatus,99586,99586,Echis ocellatus,direct_original_and_live_match,no
E9KJX4,Echis ocellatus,Echis ocellatus,Echis ocellatus,99586,99586,Echis ocellatus,direct_original_and_live_match,no
E9KJX5,Echis ocellatus,Echis ocellatus,Echis ocellatus,99586,99586,Echis ocellatus,direct_original_and_live_match,no
E9KJX6,Echis ocellatus,Echis ocellatus,Echis ocellatus,99586,99586,Echis ocellatus,direct_original_and_live_match,no
E9KJX7,Echis ocellatus,Echis ocellatus,Echis ocellatus,99586,99586,Echis ocellatus,direct_original_and_live_match,no
E9KJX8,Echis ocellatus,Echis ocellatus,Echis ocellatus,99586,99586,Echis ocellatus,direct_original_and_live_match,no
E9KJX9,Echis ocellatus,Echis ocellatus,Echis ocellatus,99586,99586,Echis ocellatus,direct_original_and_live_match,no
E9KJY0,Echis ocellatus,Echis ocellatus,Echis ocellatus,99586,99586,Echis ocellatus,direct_original_and_live_match,no
E9KJY1,Echis ocellatus,Echis ocellatus,Echis ocellatus,99586,99586,Echis ocellatus,direct_original_and_live_match,no
E9KJY2,Echis ocellatus,Echis ocellatus,Echis ocellatus,99586,99586,Echis ocellatus,direct_original_and_live_match,no
E9KJY3,Echis ocellatus,Echis ocellatus,Echis ocellatus,99586,99586,Echis ocellatus,direct_original_and_live_match,no
E9KJY4,Echis ocellatus,Echis ocellatus,Echis ocellatus,99586,99586,Echis ocellatus,direct_original_and_live_match,no
E9KJY5,Echis ocellatus,Echis ocellatus,Echis ocellatus,99586,99586,Echis ocellatus,direct_original_and_live_match,no
E9KJY6,Echis ocellatus,Echis ocellatus,Echis ocellatus,99586,99586,Echis ocellatus,direct_original_and_live_match,no
E9KJY7,Echis ocellatus,Echis ocellatus,Echis ocellatus,99586,99586,Echis ocellatus,direct_original_and_live_match,no
E9KJY8,Echis ocellatus,Echis ocellatus,Echis ocellatus,99586,99586,Echis ocellatus,direct_original_and_live_match,no
E9KJY9,Echis ocellatus,Echis ocellatus,Echis ocellatus,99586,99586,Echis ocellatus,direct_original_and_live_match,no
E9KJZ0,Echis ocellatus,Echis ocellatus,Echis ocellatus,99586,99586,Echis ocellatus,direct_original_and_live_match,no
E9KJZ1,Echis ocellatus,Echis ocellatus,Echis ocellatus,99586,99586,Echis ocellatus,direct_original_and_live_match,no
E9KJZ2,Echis ocellatus,Echis ocellatus,Echis ocellatus,99586,99586,Echis ocellatus,direct_original_and_live_match,no
E9KJZ3,Echis ocellatus,Echis ocellatus,Echis ocellatus,99586,99586,Echis ocellatus,direct_original_and_live_match,no
E9KJZ4,Echis ocellatus,Echis ocellatus,Echis ocellatus,99586,99586,Echis ocellatus,direct_original_and_live_match,no
E9KJZ5,Echis ocellatus,Echis ocellatus,Echis ocellatus,99586,99586,Echis ocellatus,direct_original_and_live_match,no
E9KJZ6,Echis ocellatus,Echis ocellatus,Echis ocellatus,99586,99586,Echis ocellatus,direct_original_and_live_match,no
E9KJZ7,Echis ocellatus,Echis ocellatus,Echis ocellatus,99586,99586,Echis ocellatus,direct_original_and_live_match,no
E9KJZ8,Echis ocellatus,Echis ocellatus,Echis ocellatus,99586,99586,Echis ocellatus,direct_original_and_live_match,no
E9KJZ9,Echis ocellatus,Echis ocellatus,Echis ocellatus,99586,99586,Echis ocellatus,direct_original_and_live_match,no
E9KNB4,Echis carinatus,Echis carinatus,Echis carinatus,124223,40353,Echis carinatus,direct_original_and_live_match,no
F2Q6E2,,Atheris nitschei,Atheris nitschei,110224,,,group_level_or_name_unresolved,no
F2Q6F2,Daboia russelii,Daboia russelii,Daboia russelii,8707,8707,Daboia russelii,direct_original_and_live_match,no
F2Q6F3,Daboia russelii,Daboia russelii,Daboia russelii,8707,8707,Daboia russelii,direct_original_and_live_match,no
F5CPD6,,Micrurus altirostris,Micrurus altirostris,129457,,,group_level_or_name_unresolved,no
F5CPD7,,Micrurus altirostris,Micrurus altirostris,129457,,,group_level_or_name_unresolved,no
F5CPD9,,Micrurus altirostris,Micrurus altirostris,129457,,,group_level_or_name_unresolved,no
F5CPE2,,Micrurus altirostris,Micrurus altirostris,129457,,,group_level_or_name_unresolved,no
F5CPE3,,Micrurus altirostris,Micrurus altirostris,129457,,,group_level_or_name_unresolved,no
F5CPE6,,Micrurus altirostris,Micrurus altirostris,129457,,,group_level_or_name_unresolved,no
F5CPE8,,Micrurus altirostris,Micrurus altirostris,129457,,,group_level_or_name_unresolved,no
F8J2B3,,Drysdalia coronoides,Drysdalia coronoides,66186,,,group_level_or_name_unresolved,no
F8J2D3,,Drysdalia coronoides,Drysdalia coronoides,66186,,,group_level_or_name_unresolved,no
F8J2D4,,Drysdalia coronoides,Drysdalia coronoides,66186,,,group_level_or_name_unresolved,no
F8J2D7,,Drysdalia coronoides,Drysdalia coronoides,66186,,,group_level_or_name_unresolved,no
F8J2E1,,Drysdalia coronoides,Drysdalia coronoides,66186,,,group_level_or_name_unresolved,no
F8J2E2,,Drysdalia coronoides,Drysdalia coronoides,66186,,,group_level_or_name_unresolved,no
F8J2E5,,Drysdalia coronoides,Drysdalia coronoides,66186,,,group_level_or_name_unresolved,no
F8J2E6,,Drysdalia coronoides,Drysdalia coronoides,66186,,,group_level_or_name_unresolved,no
F8J2F2,,Drysdalia coronoides,Drysdalia coronoides,66186,,,group_level_or_name_unresolved,no
F8J2G3,,Drysdalia coronoides,Drysdalia coronoides,66186,,,group_level_or_name_unresolved,no
F8J2G5,,Drysdalia coronoides,Drysdalia coronoides,66186,,,group_level_or_name_unresolved,no
F8RKW2,,Drysdalia coronoides,Drysdalia coronoides,66186,,,group_level_or_name_unresolved,no
F8S0Y4,Crotalus adamanteus,Crotalus adamanteus,Crotalus adamanteus,8729,8729,Crotalus adamanteus,direct_original_and_live_match,no
F8S101,Crotalus adamanteus,Crotalus adamanteus,Crotalus adamanteus,8729,8729,Crotalus adamanteus,direct_original_and_live_match,no
F8S102,Crotalus adamanteus,Crotalus adamanteus,Crotalus adamanteus,8729,8729,Crotalus adamanteus,direct_original_and_live_match,no
F8S103,Crotalus adamanteus,Crotalus adamanteus,Crotalus adamanteus,8729,8729,Crotalus adamanteus,direct_original_and_live_match,no
F8S104,Crotalus adamanteus,Crotalus adamanteus,Crotalus adamanteus,8729,8729,Crotalus adamanteus,direct_original_and_live_match,no
F8S105,Crotalus adamanteus,Crotalus adamanteus,Crotalus adamanteus,8729,8729,Crotalus adamanteus,direct_original_and_live_match,no
F8S106,Crotalus adamanteus,Crotalus adamanteus,Crotalus adamanteus,8729,8729,Crotalus adamanteus,direct_original_and_live_match,no
F8S107,Crotalus adamanteus,Crotalus adamanteus,Crotalus adamanteus,8729,8729,Crotalus adamanteus,direct_original_and_live_match,no
F8S109,Crotalus adamanteus,Crotalus adamanteus,Crotalus adamanteus,8729,8729,Crotalus adamanteus,direct_original_and_live_match,no
F8S110,Crotalus adamanteus,Crotalus adamanteus,Crotalus adamanteus,8729,8729,Crotalus adamanteus,direct_original_and_live_match,no
F8S111,Crotalus adamanteus,Crotalus adamanteus,Crotalus adamanteus,8729,8729,Crotalus adamanteus,direct_original_and_live_match,no
F8S112,Crotalus adamanteus,Crotalus adamanteus,Crotalus adamanteus,8729,8729,Crotalus adamanteus,direct_original_and_live_match,no
F8S121,Crotalus adamanteus,Crotalus adamanteus,Crotalus adamanteus,8729,8729,Crotalus adamanteus,direct_original_and_live_match,no
F8S122,Crotalus adamanteus,Crotalus adamanteus,Crotalus adamanteus,8729,8729,Crotalus adamanteus,direct_original_and_live_match,no
G1UJB2,Protobothrops flavoviridis,Protobothrops flavoviridis,Protobothrops flavoviridis,88087,88087,Protobothrops flavoviridis,direct_original_and_live_match,no
G9DCI3,,Crotalus helleri,Crotalus helleri,8741,,,group_level_or_name_unresolved,no
G9DCI4,,Crotalus helleri,Crotalus helleri,8741,,,group_level_or_name_unresolved,no
G9DCI5,,Crotalus helleri,Crotalus helleri,8741,,,group_level_or_name_unresolved,no
G9DCI7,,Crotalus helleri,Crotalus helleri,8741,,,group_level_or_name_unresolved,no
G9DCI8,,Crotalus helleri,Crotalus helleri,8741,,,group_level_or_name_unresolved,no
G9DCI9,,Crotalus helleri,Crotalus helleri,8741,,,group_level_or_name_unresolved,no
H9M5U4,Crotalus ruber,Crotalus ruber,Crotalus ruber,8736,8735,Crotalus ruber,direct_original_and_live_match,no
I0BWT0,,Pseudoferania polylepis,Pseudoferania polylepis,338839,,,group_level_or_name_unresolved,no
I0BWT1,,Pseudoferania polylepis,Pseudoferania polylepis,338839,,,group_level_or_name_unresolved,no
I0BWT2,,Pseudoferania polylepis,Pseudoferania polylepis,338839,,,group_level_or_name_unresolved,no
I0BWT3,,Pseudoferania polylepis,Pseudoferania polylepis,338839,,,group_level_or_name_unresolved,no
I0BWT4,,Pseudoferania polylepis,Pseudoferania polylepis,338839,,,group_level_or_name_unresolved,no
I0BWT5,,Pseudoferania polylepis,Pseudoferania polylepis,338839,,,group_level_or_name_unresolved,no
I0BWT6,,Philodryas olfersii,Philodryas olfersii,120305,,,group_level_or_name_unresolved,no
J3RY43,Crotalus adamanteus,Crotalus adamanteus,Crotalus adamanteus,8729,8729,Crotalus adamanteus,direct_original_and_live_match,no
J3RY66,Crotalus adamanteus,Crotalus adamanteus,Crotalus adamanteus,8729,8729,Crotalus adamanteus,direct_original_and_live_match,no
J3RY69,Crotalus adamanteus,Crotalus adamanteus,Crotalus adamanteus,8729,8729,Crotalus adamanteus,direct_original_and_live_match,no
J3RY72,Crotalus adamanteus,Crotalus adamanteus,Crotalus adamanteus,8729,8729,Crotalus adamanteus,direct_original_and_live_match,no
J3RY76,Crotalus adamanteus,Crotalus adamanteus,Crotalus adamanteus,8729,8729,Crotalus adamanteus,direct_original_and_live_match,no
J3RY78,Crotalus adamanteus,Crotalus adamanteus,Crotalus adamanteus,8729,8729,Crotalus adamanteus,direct_original_and_live_match,no
J3RY82,Crotalus adamanteus,Crotalus adamanteus,Crotalus adamanteus,8729,8729,Crotalus adamanteus,direct_original_and_live_match,no
J3RY86,Crotalus adamanteus,Crotalus adamanteus,Crotalus adamanteus,8729,8729,Crotalus adamanteus,direct_original_and_live_match,no
J3RY90,Crotalus adamanteus,Crotalus adamanteus,Crotalus adamanteus,8729,8729,Crotalus adamanteus,direct_original_and_live_match,no
J3S3U4,Crotalus adamanteus,Crotalus adamanteus,Crotalus adamanteus,8729,8729,Crotalus adamanteus,direct_original_and_live_match,no
J3S3U6,Crotalus adamanteus,Crotalus adamanteus,Crotalus adamanteus,8729,8729,Crotalus adamanteus,direct_original_and_live_match,no
J3S3V8,Crotalus adamanteus,Crotalus adamanteus,Crotalus adamanteus,8729,8729,Crotalus adamanteus,direct_original_and_live_match,no
J3S3V9,Crotalus adamanteus,Crotalus adamanteus,Crotalus adamanteus,8729,8729,Crotalus adamanteus,direct_original_and_live_match,no
J3S3W0,Crotalus adamanteus,Crotalus adamanteus,Crotalus adamanteus,8729,8729,Crotalus adamanteus,direct_original_and_live_match,no
J3S3W1,Crotalus adamanteus,Crotalus adamanteus,Crotalus adamanteus,8729,8729,Crotalus adamanteus,direct_original_and_live_match,no
J3S3W2,Crotalus adamanteus,Crotalus adamanteus,Crotalus adamanteus,8729,8729,Crotalus adamanteus,direct_original_and_live_match,no
J3S3W3,Crotalus adamanteus,Crotalus adamanteus,Crotalus adamanteus,8729,8729,Crotalus adamanteus,direct_original_and_live_match,no
J3S824,Crotalus adamanteus,Crotalus adamanteus,Crotalus adamanteus,8729,8729,Crotalus adamanteus,direct_original_and_live_match,no
J3S825,Crotalus adamanteus,Crotalus adamanteus,Crotalus adamanteus,8729,8729,Crotalus adamanteus,direct_original_and_live_match,no
J3S826,Crotalus adamanteus,Crotalus adamanteus,Crotalus adamanteus,8729,8729,Crotalus adamanteus,direct_original_and_live_match,no
J3S827,Crotalus adamanteus,Crotalus adamanteus,Crotalus adamanteus,8729,8729,Crotalus adamanteus,direct_original_and_live_match,no
J3S828,Crotalus adamanteus,Crotalus adamanteus,Crotalus adamanteus,8729,8729,Crotalus adamanteus,direct_original_and_live_match,no
J3S831,Crotalus adamanteus,Crotalus adamanteus,Crotalus adamanteus,8729,8729,Crotalus adamanteus,direct_original_and_live_match,no
J3SBN9,Crotalus adamanteus,Crotalus adamanteus,Crotalus adamanteus,8729,8729,Crotalus adamanteus,direct_original_and_live_match,no
J3SBP0,Crotalus adamanteus,Crotalus adamanteus,Crotalus adamanteus,8729,8729,Crotalus adamanteus,direct_original_and_live_match,no
J3SBP6,Crotalus adamanteus,Crotalus adamanteus,Crotalus adamanteus,8729,8729,Crotalus adamanteus,direct_original_and_live_match,no
J3SBP7,Crotalus adamanteus,Crotalus adamanteus,Crotalus adamanteus,8729,8729,Crotalus adamanteus,direct_original_and_live_match,no
J3SBP8,Crotalus adamanteus,Crotalus adamanteus,Crotalus adamanteus,8729,8729,Crotalus adamanteus,direct_original_and_live_match,no
J3SBQ0,Crotalus adamanteus,Crotalus adamanteus,Crotalus adamanteus,8729,8729,Crotalus adamanteus,direct_original_and_live_match,no
J3SBQ1,Crotalus adamanteus,Crotalus adamanteus,Crotalus adamanteus,8729,8729,Crotalus adamanteus,direct_original_and_live_match,no
J3SBQ2,Crotalus adamanteus,Crotalus adamanteus,Crotalus adamanteus,8729,8729,Crotalus adamanteus,direct_original_and_live_match,no
J3SDW1,Crotalus adamanteus,Crotalus adamanteus,Crotalus adamanteus,8729,8729,Crotalus adamanteus,direct_original_and_live_match,no
J3SDW3,Crotalus adamanteus,Crotalus adamanteus,Crotalus adamanteus,8729,8729,Crotalus adamanteus,direct_original_and_live_match,no
J3SDW4,Crotalus adamanteus,Crotalus adamanteus,Crotalus adamanteus,8729,8729,Crotalus adamanteus,direct_original_and_live_match,no
J3SDW5,Crotalus adamanteus,Crotalus adamanteus,Crotalus adamanteus,8729,8729,Crotalus adamanteus,direct_original_and_live_match,no
J7LCB0,Deinagkistrodon acutus,Deinagkistrodon acutus,Deinagkistrodon acutus,36307,36307,Deinagkistrodon acutus,direct_original_and_live_match,no
K0IXA2,Gloydius blomhoffi,Gloydius blomhoffii,Gloydius blomhoffii,242054,,,group_level_or_name_unresolved,no
K0J2I0,Gloydius blomhoffi,Gloydius blomhoffii,Gloydius blomhoffii,242054,,,group_level_or_name_unresolved,no
K4IT20,,Azemiops feae,Azemiops feae,8773,,,group_level_or_name_unresolved,no
K4J3K2,,Azemiops feae,Azemiops feae,8773,,,group_level_or_name_unresolved,no
K9JAW0,Daboia russelii,Daboia russelii,Daboia russelii,31159,8707,Daboia russelii,direct_original_and_live_match,no
K9MCX0,,Micrurus laticollaris,Micrurus laticollaris,1240351,,,group_level_or_name_unresolved,no
M5A7D0,Calloselasma rhodostoma,Calloselasma rhodostoma,Calloselasma rhodostoma,8717,8717,Calloselasma rhodostoma,direct_original_and_live_match,no
M5A7M5,Protobothrops elegans,Protobothrops elegans,Protobothrops elegans,88086,88086,Protobothrops elegans,direct_original_and_live_match,no
M5A8I2,Protobothrops flavoviridis,Protobothrops flavoviridis,Protobothrops flavoviridis,88087,88087,Protobothrops flavoviridis,direct_original_and_live_match,no
M9T1P5,,Cylindrophis ruffus,Cylindrophis ruffus,186578,,,group_level_or_name_unresolved,no
O12961,Bungarus multicinctus,Bungarus multicinctus,Bungarus multicinctus,8616,8616,Bungarus multicinctus,direct_original_and_live_match,no
O12962,Bungarus multicinctus,Bungarus multicinctus,Bungarus multicinctus,8616,8616,Bungarus multicinctus,direct_original_and_live_match,no
O12963,Bungarus multicinctus,Bungarus multicinctus,Bungarus multicinctus,8616,8616,Bungarus multicinctus,direct_original_and_live_match,no
O42255,Naja sputatrix,Naja sputatrix,Naja sputatrix,33626,33626,Naja sputatrix,direct_original_and_live_match,no
O42256,Naja sputatrix,Naja sputatrix,Naja sputatrix,33626,33626,Naja sputatrix,direct_original_and_live_match,no
O57326,Naja sputatrix,Naja sputatrix,Naja sputatrix,33626,33626,Naja sputatrix,direct_original_and_live_match,no
O57327,Naja sputatrix,Naja sputatrix,Naja sputatrix,33626,33626,Naja sputatrix,direct_original_and_live_match,no
O57540,Crotalus durissus,Crotalus durissus,Crotalus durissus,8732,8731,Crotalus durissus,direct_original_and_live_match,no
O73799,Crotalus durissus,Crotalus durissus,Crotalus durissus,8732,8731,Crotalus durissus,direct_original_and_live_match,no
O73858,Naja sputatrix,Naja sputatrix,Naja sputatrix,33626,33626,Naja sputatrix,direct_original_and_live_match,no
O73859,Naja sputatrix,Naja sputatrix,Naja sputatrix,33626,33626,Naja sputatrix,direct_original_and_live_match,no
O93422,Naja atra,Naja atra,Naja atra,8656,8656,Naja atra,direct_original_and_live_match,no
O93471,Naja sputatrix,Naja sputatrix,Naja sputatrix,33626,33626,Naja sputatrix,direct_original_and_live_match,no
O93473,Naja sputatrix,Naja sputatrix,Naja sputatrix,33626,33626,Naja sputatrix,direct_original_and_live_match,no
P01383,Naja melanoleuca,Naja melanoleuca,Naja melanoleuca,8643,8643,Naja melanoleuca,direct_original_and_live_match,no
P01385,Acanthophis antarcticus,Acanthophis antarcticus,Acanthophis antarcticus,8605,8605,Acanthophis antarcticus,direct_original_and_live_match,no
P01387,Ophiophagus hannah,Ophiophagus hannah,Ophiophagus hannah,8665,8665,Ophiophagus hannah,direct_original_and_live_match,no
P01393,Dendroaspis jamesoni,Dendroaspis jamesoni,Dendroaspis jamesoni,8619,8623,Dendroaspis jamesoni,direct_original_and_live_match,no
P01397,Dendroaspis polylepis,Dendroaspis polylepis,Dendroaspis polylepis,8620,8624,Dendroaspis polylepis,direct_original_and_live_match,no
P01399,Naja annulifera,Naja annulifera,Naja annulifera,96794,96794,Naja annulifera,direct_original_and_live_match,no
P01400,Naja melanoleuca,Naja melanoleuca,Naja melanoleuca,8643,8643,Naja melanoleuca,direct_original_and_live_match,no
P01401,Naja haje,Naja haje,Naja haje,8642,8639,Naja haje,direct_original_and_live_match,no
P01402,Hemachatus haemachatus,Hemachatus haemachatus,Hemachatus haemachatus,8626,8626,Hemachatus haemachatus,direct_original_and_live_match,no
P01405,Dendroaspis viridis,Dendroaspis viridis,Dendroaspis viridis,8621,8621,Dendroaspis viridis,direct_original_and_live_match,no
P01406,Dendroaspis jamesoni,Dendroaspis jamesoni,Dendroaspis jamesoni,8619,8623,Dendroaspis jamesoni,direct_original_and_live_match,no
P01407,Dendroaspis jamesoni,Dendroaspis jamesoni,Dendroaspis jamesoni,8619,8623,Dendroaspis jamesoni,direct_original_and_live_match,no
P01408,Dendroaspis angusticeps,Dendroaspis angusticeps,Dendroaspis angusticeps,8618,8618,Dendroaspis angusticeps,direct_original_and_live_match,no
P01410,Dendroaspis angusticeps,Dendroaspis angusticeps,Dendroaspis angusticeps,8618,8618,Dendroaspis angusticeps,direct_original_and_live_match,no
P01411,Dendroaspis angusticeps,Dendroaspis angusticeps,Dendroaspis angusticeps,8618,8618,Dendroaspis angusticeps,direct_original_and_live_match,no
P01413,Dendroaspis jamesoni,Dendroaspis jamesoni,Dendroaspis jamesoni,8619,8623,Dendroaspis jamesoni,direct_original_and_live_match,no
P01415,Naja haje,Naja haje,Naja haje,8642,8639,Naja haje,direct_original_and_live_match,no
P01417,Dendroaspis jamesoni,Dendroaspis jamesoni,Dendroaspis jamesoni,8619,8623,Dendroaspis jamesoni,direct_original_and_live_match,no
P01419,Dendroaspis jamesoni,Dendroaspis jamesoni,Dendroaspis jamesoni,8619,8623,Dendroaspis jamesoni,direct_original_and_live_match,no
P01424,Naja melanoleuca,Naja melanoleuca,Naja melanoleuca,8643,8643,Naja melanoleuca,direct_original_and_live_match,no
P01471,Hemachatus haemachatus,Hemachatus haemachatus,Hemachatus haemachatus,8626,8626,Hemachatus haemachatus,direct_original_and_live_match,no
P04562,Gloydius halys,Gloydius halys,Gloydius halys,8714,8714,Gloydius halys,direct_original_and_live_match,no
P07526,Ophiophagus hannah,Ophiophagus hannah,Ophiophagus hannah,8665,8665,Ophiophagus hannah,direct_original_and_live_match,no
P0C555,Bungarus fasciatus,Bungarus fasciatus,Bungarus fasciatus,8613,8613,Bungarus fasciatus,direct_original_and_live_match,no
P0C5H4,Daboia russelii,Daboia russelii,Daboia russelii,8707,8707,Daboia russelii,direct_original_and_live_match,no
P0C6R5,,Echis multisquamatus,Echis multisquamatus,93050,,,group_level_or_name_unresolved,no
P0C6R6,Echis ocellatus,Echis ocellatus,Echis ocellatus,99586,99586,Echis ocellatus,direct_original_and_live_match,no
P0C6R7,Echis pyramidum,Echis pyramidum,Echis pyramidum,38415,8700,Echis pyramidum,direct_original_and_live_match,no
P0C6R8,Echis pyramidum,Echis pyramidum,Echis pyramidum,38415,8700,Echis pyramidum,direct_original_and_live_match,no
P0C7A7,Echis leucogaster,Echis leucogaster,Echis leucogaster,504457,504457,Echis leucogaster,direct_original_and_live_match,no
P0C7A8,Echis leucogaster,Echis leucogaster,Echis leucogaster,504457,504457,Echis leucogaster,direct_original_and_live_match,no
P0C7J7,Bothrops alternatus,Bothrops alternatus,Bothrops alternatus,64174,64174,Bothrops alternatus,direct_original_and_live_match,no
P0C7J8,Bothrops jararaca,Bothrops jararaca,Bothrops jararaca,8724,8724,Bothrops jararaca,direct_original_and_live_match,no
P0C7J9,Crotalus adamanteus,Crotalus adamanteus,Crotalus adamanteus,8729,8729,Crotalus adamanteus,direct_original_and_live_match,no
P0C7K0,Crotalus adamanteus,Crotalus adamanteus,Crotalus adamanteus,8729,8729,Crotalus adamanteus,direct_original_and_live_match,no
P0C7K1,Crotalus viridis,Crotalus viridis,Crotalus viridis,8742,8739,Crotalus viridis,direct_original_and_live_match,no
P0C7K2,Crotalus viridis,Crotalus viridis,Crotalus viridis,8742,8739,Crotalus viridis,direct_original_and_live_match,no
P0C7K3,Crotalus viridis,Crotalus viridis,Crotalus viridis,8742,8739,Crotalus viridis,direct_original_and_live_match,no
P0C7R7,Bothrops alternatus,Bothrops alternatus,Bothrops alternatus,64174,64174,Bothrops alternatus,direct_original_and_live_match,no
P0C7R8,,Bothrops erythromelas,Bothrops erythromelas,44710,,,group_level_or_name_unresolved,no
P0C7R9,Bothrops leucurus,Bothrops leucurus,Bothrops leucurus,157295,157295,Bothrops leucurus,direct_original_and_live_match,no
P0C7S0,Bothrops moojeni,Bothrops moojeni,Bothrops moojeni,98334,98334,Bothrops moojeni,direct_original_and_live_match,no
P0C7S5,Bothrops neuwiedi,Bothrops neuwiedi,Bothrops neuwiedi,95648,95648,Bothrops neuwiedi,direct_original_and_live_match,no
P0C8I8,Bitis arietans,Bitis arietans,Bitis arietans,8692,8692,Bitis arietans,direct_original_and_live_match,no
P0C8R6,,Laticauda colubrina,Laticauda colubrina,8628,,,group_level_or_name_unresolved,no
P0C8R7,,Laticauda colubrina,Laticauda colubrina,8628,,,group_level_or_name_unresolved,no
P0C8R8,,Laticauda colubrina,Laticauda colubrina,8628,,,group_level_or_name_unresolved,no
P0CAR0,,Micrurus pyrrhocryptus,Micrurus pyrrhocryptus,129468,,,group_level_or_name_unresolved,no
P0CAR1,,Micrurus pyrrhocryptus,Micrurus pyrrhocryptus,129468,,,group_level_or_name_unresolved,no
P0CAR2,,Micrurus pyrrhocryptus,Micrurus pyrrhocryptus,129468,,,group_level_or_name_unresolved,no
P0CAR3,,Micrurus pyrrhocryptus,Micrurus pyrrhocryptus,129468,,,group_level_or_name_unresolved,no
P0CAR4,,Micrurus pyrrhocryptus,Micrurus pyrrhocryptus,129468,,,group_level_or_name_unresolved,no
P0CAR5,,Micrurus pyrrhocryptus,Micrurus pyrrhocryptus,129468,,,group_level_or_name_unresolved,no
P0CAR7,,Micrurus pyrrhocryptus,Micrurus pyrrhocryptus,129468,,,group_level_or_name_unresolved,no
P0CJ34,Crotalus atrox,Crotalus atrox,Crotalus atrox,8730,8730,Crotalus atrox,direct_original_and_live_match,no
P0CV88,Crotalus atrox,Crotalus atrox,Crotalus atrox,8730,8730,Crotalus atrox,direct_original_and_live_match,no
P0CV90,Crotalus atrox,Crotalus atrox,Crotalus atrox,8730,8730,Crotalus atrox,direct_original_and_live_match,no
P0DJ63,Oxyuranus microlepidotus,Oxyuranus microlepidotus,Oxyuranus microlepidotus,111177,111177,Oxyuranus microlepidotus,direct_original_and_live_match,no
P0DJ96,Dendroaspis angusticeps,Dendroaspis angusticeps,Dendroaspis angusticeps,8618,8618,Dendroaspis angusticeps,direct_original_and_live_match,no
P0DJB0,Micrurus lemniscatus,Micrurus lemniscatus,Micrurus lemniscatus,129464,129464,Micrurus lemniscatus,direct_original_and_live_match,no
P0DJG8,,Helicops angulatus,Helicops angulatus,121331,,,group_level_or_name_unresolved,no
P0DJQ1,Trimeresurus stejnegeri,Trimeresurus stejnegeri,Trimeresurus stejnegeri,39682,39682,Trimeresurus stejnegeri,direct_original_and_live_match,no
P0DKL7,Vipera renardi,Vipera renardi,Vipera renardi,927686,927686,Vipera renardi,direct_original_and_live_match,no
P0DL04,Bothrops jararaca,Bothrops jararaca,Bothrops jararaca,8724,8724,Bothrops jararaca,direct_original_and_live_match,no
P0DL05,Bothrops jararaca,Bothrops jararaca,Bothrops jararaca,8724,8724,Bothrops jararaca,direct_original_and_live_match,no
P0DL06,Bothrops jararaca,Bothrops jararaca,Bothrops jararaca,8724,8724,Bothrops jararaca,direct_original_and_live_match,no
P0DL14,Naja annulifera,Naja annulifera,Naja annulifera,96794,96794,Naja annulifera,direct_original_and_live_match,no
P0DL15,Naja annulifera,Naja annulifera,Naja annulifera,96794,96794,Naja annulifera,direct_original_and_live_match,no
P0DL16,Naja mossambica,Naja mossambica,Naja mossambica,8644,8644,Naja mossambica,direct_original_and_live_match,no
P0DL17,Hemachatus haemachatus,Hemachatus haemachatus,Hemachatus haemachatus,8626,8626,Hemachatus haemachatus,direct_original_and_live_match,no
P0DL18,,Ovophis okinavensis,Ovophis okinavensis,8769,,,group_level_or_name_unresolved,no
P0DL19,Notechis scutatus,Notechis scutatus,Notechis scutatus,70142,8663,Notechis scutatus,direct_original_and_live_match,no
P0DL20,Pseudechis spp,Pseudechis guttatus,Pseudechis guttatus,239755,239755,Pseudechis guttatus,direct_original_and_live_match,yes
P0DL21,Pseudechis spp,Pseudechis colletti,Pseudechis colletti,239754,239754,Pseudechis colletti,direct_original_and_live_match,yes
P0DM46,Micrurus corallinus,Micrurus corallinus,Micrurus corallinus,54390,54390,Micrurus corallinus,direct_original_and_live_match,no
P0DM47,,Micrurus altirostris,Micrurus altirostris,129457,,,group_level_or_name_unresolved,no
P0DM54,Bothrops jararaca,Bothrops jararaca,Bothrops jararaca,8724,8724,Bothrops jararaca,direct_original_and_live_match,no
P0DMD5,Bungarus multicinctus,Bungarus multicinctus,Bungarus multicinctus,8616,8616,Bungarus multicinctus,direct_original_and_live_match,no
P0DMG5,,Bothrops cotiara,Bothrops cotiara,8727,,,group_level_or_name_unresolved,no
P0DMG6,,Bothrops fonsecai,Bothrops fonsecai,157549,,,group_level_or_name_unresolved,no
P0DMG7,,Bothrops cotiara,Bothrops cotiara,8727,,,group_level_or_name_unresolved,no
P0DMG8,,Bothrops cotiara,Bothrops cotiara,8727,,,group_level_or_name_unresolved,no
P0DMG9,,Bothrops fonsecai,Bothrops fonsecai,157549,,,group_level_or_name_unresolved,no
P0DMH1,,Bothrops fonsecai,Bothrops fonsecai,157549,,,group_level_or_name_unresolved,no
P0DMH2,,Bothrops cotiara,Bothrops cotiara,8727,,,group_level_or_name_unresolved,no
P0DMH3,,Bothrops fonsecai,Bothrops fonsecai,157549,,,group_level_or_name_unresolved,no
P0DMH4,,Bothrops fonsecai,Bothrops fonsecai,157549,,,group_level_or_name_unresolved,no
P0DMH5,,Bothrops cotiara,Bothrops cotiara,8727,,,group_level_or_name_unresolved,no
P0DMH6,,Bothrops fonsecai,Bothrops fonsecai,157549,,,group_level_or_name_unresolved,no
P0DMT4,Echis coloratus,Echis coloratus,Echis coloratus,64175,64175,Echis coloratus,direct_original_and_live_match,no
P0DRK2,Bitis nasicornis,Bitis nasicornis,Bitis nasicornis,8695,8695,Bitis nasicornis,direct_original_and_live_match,no
P0DRK9,Agkistrodon bilineatus,Agkistrodon bilineatus,Agkistrodon bilineatus,8718,8718,Agkistrodon bilineatus,direct_original_and_live_match,no
P0DSM9,Naja kaouthia,Naja kaouthia,Naja kaouthia,8649,8649,Naja kaouthia,direct_original_and_live_match,no
P0DSN1,Naja nigricollis,Naja nigricollis,Naja nigricollis,8654,8654,Naja nigricollis,direct_original_and_live_match,no
P0DV80,Bitis rhinoceros,Bitis rhinoceros,Bitis rhinoceros,715877,715877,Bitis rhinoceros,direct_original_and_live_match,no
P0DV81,Bitis rhinoceros,Bitis rhinoceros,Bitis rhinoceros,715877,715877,Bitis rhinoceros,direct_original_and_live_match,no
P0DW29,,Crotalus morulus,Crotalus morulus,2782198,,,group_level_or_name_unresolved,no
P0DXT0,Pseudechis spp,Pseudechis colletti,Pseudechis colletti,239754,239754,Pseudechis colletti,direct_original_and_live_match,yes
P10455,,Laticauda colubrina,Laticauda colubrina,8628,,,group_level_or_name_unresolved,no
P10456,,Laticauda colubrina,Laticauda colubrina,8628,,,group_level_or_name_unresolved,no
P10457,,Laticauda colubrina,Laticauda colubrina,8628,,,group_level_or_name_unresolved,no
P10808,Bungarus fasciatus,Bungarus fasciatus,Bungarus fasciatus,8613,8613,Bungarus fasciatus,direct_original_and_live_match,no
P12028,,Crotalus concolor,Crotalus concolor,8740,,,group_level_or_name_unresolved,no
P13495,Pseudonaja textilis,Pseudonaja textilis,Pseudonaja textilis,8673,8673,Pseudonaja textilis,direct_original_and_live_match,no
P14534,Bungarus fasciatus,Bungarus fasciatus,Bungarus fasciatus,8613,8613,Bungarus fasciatus,direct_original_and_live_match,no
P14541,Naja kaouthia,Naja kaouthia,Naja kaouthia,8649,8649,Naja kaouthia,direct_original_and_live_match,no
P14612,Pseudechis australis,Pseudechis australis,Pseudechis australis,8670,8670,Pseudechis australis,direct_original_and_live_match,no
P14613,Naja kaouthia,Naja kaouthia,Naja kaouthia,8649,8649,Naja kaouthia,direct_original_and_live_match,no
P15815,Bungarus flaviceps,Bungarus flaviceps,Bungarus flaviceps,8615,8614,Bungarus flaviceps,direct_original_and_live_match,no
P17696,Dendroaspis angusticeps,Dendroaspis angusticeps,Dendroaspis angusticeps,8618,8618,Dendroaspis angusticeps,direct_original_and_live_match,no
P19003,,Aspidelaps scutatus,Aspidelaps scutatus,8607,,,group_level_or_name_unresolved,no
P19004,,Aspidelaps scutatus,Aspidelaps scutatus,8607,,,group_level_or_name_unresolved,no
P19958,,Aipysurus laevis,Aipysurus laevis,8678,,,group_level_or_name_unresolved,no
P19960,,Aipysurus laevis,Aipysurus laevis,8678,,,group_level_or_name_unresolved,no
P24331,Crotalus durissus,Crotalus durissus,Crotalus durissus,8732,8731,Crotalus durissus,direct_original_and_live_match,no
P24332,Crotalus durissus,Crotalus durissus,Crotalus durissus,8732,8731,Crotalus durissus,direct_original_and_live_match,no
P24333,Crotalus durissus,Crotalus durissus,Crotalus durissus,8732,8731,Crotalus durissus,direct_original_and_live_match,no
P24334,Crotalus durissus,Crotalus durissus,Crotalus durissus,8732,8731,Crotalus durissus,direct_original_and_live_match,no
P24742,Calliophis bivirgatus,Calliophis bivirgatus,Calliophis bivirgatus,8633,8633,Calliophis bivirgatus,direct_original_and_live_match,no
P24779,Naja kaouthia,Naja kaouthia,Naja kaouthia,8649,8649,Naja kaouthia,direct_original_and_live_match,no
P25494,,Hydrophis cyanocinctus,Hydrophis cyanocinctus,8686,,,group_level_or_name_unresolved,no
P25495,,Laticauda crockeri,Laticauda crockeri,8629,,,group_level_or_name_unresolved,no
P25496,,Laticauda crockeri,Laticauda crockeri,8629,,,group_level_or_name_unresolved,no
P25667,Dendroaspis polylepis,Dendroaspis polylepis,Dendroaspis polylepis,8620,8624,Dendroaspis polylepis,direct_original_and_live_match,no
P25668,Naja naja,Naja naja,Naja naja,35670,35670,Naja naja,direct_original_and_live_match,no
P25669,Naja naja,Naja naja,Naja naja,35670,35670,Naja naja,direct_original_and_live_match,no
P25670,,Aspidelaps scutatus,Aspidelaps scutatus,8607,,,group_level_or_name_unresolved,no
P25672,Naja naja,Naja naja,Naja naja,35670,35670,Naja naja,direct_original_and_live_match,no
P25673,Naja naja,Naja naja,Naja naja,35670,35670,Naja naja,direct_original_and_live_match,no
P25674,Naja haje,Naja haje,Naja haje,8642,8639,Naja haje,direct_original_and_live_match,no
P25675,Naja haje,Naja haje,Naja haje,8642,8639,Naja haje,direct_original_and_live_match,no
P25676,Hemachatus haemachatus,Hemachatus haemachatus,Hemachatus haemachatus,8626,8626,Hemachatus haemachatus,direct_original_and_live_match,no
P25677,Naja annulifera,Naja annulifera,Naja annulifera,96794,96794,Naja annulifera,direct_original_and_live_match,no
P25678,Naja annulifera,Naja annulifera,Naja annulifera,96794,96794,Naja annulifera,direct_original_and_live_match,no
P25679,Naja kaouthia,Naja kaouthia,Naja kaouthia,8649,8649,Naja kaouthia,direct_original_and_live_match,no
P25680,Naja nivea,Naja nivea,Naja nivea,8655,8655,Naja nivea,direct_original_and_live_match,no
P25681,Dendroaspis polylepis,Dendroaspis polylepis,Dendroaspis polylepis,8620,8624,Dendroaspis polylepis,direct_original_and_live_match,no
P25682,Dendroaspis jamesoni,Dendroaspis jamesoni,Dendroaspis jamesoni,8619,8623,Dendroaspis jamesoni,direct_original_and_live_match,no
P25683,Dendroaspis jamesoni,Dendroaspis jamesoni,Dendroaspis jamesoni,8619,8623,Dendroaspis jamesoni,direct_original_and_live_match,no
P25684,Dendroaspis angusticeps,Dendroaspis angusticeps,Dendroaspis angusticeps,8618,8618,Dendroaspis angusticeps,direct_original_and_live_match,no
P28374,Dendroaspis angusticeps,Dendroaspis angusticeps,Dendroaspis angusticeps,8618,8618,Dendroaspis angusticeps,direct_original_and_live_match,no
P29179,Naja naja,Naja naja,Naja naja,35670,35670,Naja naja,direct_original_and_live_match,no
P29180,Naja naja,Naja naja,Naja naja,35670,35670,Naja naja,direct_original_and_live_match,no
P29181,Naja naja,Naja naja,Naja naja,35670,35670,Naja naja,direct_original_and_live_match,no
P29182,Naja naja,Naja naja,Naja naja,35670,35670,Naja naja,direct_original_and_live_match,no
P30424,,Bothrops insularis,Bothrops insularis,8723,,,group_level_or_name_unresolved,no
P32879,,Aipysurus laevis,Aipysurus laevis,8678,,,group_level_or_name_unresolved,no
P34073,Acanthophis antarcticus,Acanthophis antarcticus,Acanthophis antarcticus,8605,8605,Acanthophis antarcticus,direct_original_and_live_match,no
P34075,Naja annulata,Naja annulata,Naja annulata,8610,8609,Naja annulata,direct_original_and_live_match,no
P43445,Bungarus multicinctus,Bungarus multicinctus,Bungarus multicinctus,8616,8616,Bungarus multicinctus,direct_original_and_live_match,no
P49122,Naja atra,Naja atra,Naja atra,8656,8656,Naja atra,direct_original_and_live_match,no
P49123,Naja atra,Naja atra,Naja atra,8656,8656,Naja atra,direct_original_and_live_match,no
P58370,Micrurus corallinus,Micrurus corallinus,Micrurus corallinus,54390,54390,Micrurus corallinus,direct_original_and_live_match,no
P59066,Austrelaps spp,Austrelaps superbus,Austrelaps superbus,29156,29156,Austrelaps superbus,direct_original_and_live_match,yes
P60237,Dendroaspis angusticeps,Dendroaspis angusticeps,Dendroaspis angusticeps,8618,8618,Dendroaspis angusticeps,direct_original_and_live_match,no
P60306,Naja atra,Naja atra,Naja atra,8656,8656,Naja atra,direct_original_and_live_match,no
P60307,Naja atra,Naja atra,Naja atra,8656,8656,Naja atra,direct_original_and_live_match,no
P60308,Naja atra,Naja atra,Naja atra,8656,8656,Naja atra,direct_original_and_live_match,no
P60309,Naja atra,Naja atra,Naja atra,8656,8656,Naja atra,direct_original_and_live_match,no
P60310,Naja sputatrix,Naja sputatrix,Naja sputatrix,33626,33626,Naja sputatrix,direct_original_and_live_match,no
P60311,Naja sputatrix,Naja sputatrix,Naja sputatrix,33626,33626,Naja sputatrix,direct_original_and_live_match,no
P60772,Naja sputatrix,Naja sputatrix,Naja sputatrix,33626,33626,Naja sputatrix,direct_original_and_live_match,no
P60774,Naja samarensis,Naja samarensis,Naja samarensis,8660,8660,Naja samarensis,direct_original_and_live_match,no
P60814,Naja atra,Naja atra,Naja atra,8656,8656,Naja atra,direct_original_and_live_match,no
P62388,,Hydrophis platurus,Hydrophis platurus,8688,,,group_level_or_name_unresolved,no
P62389,,Hydrophis schistosus,Hydrophis schistosus,8682,,,group_level_or_name_unresolved,no
P68412,,Hydrophis stokesii,Hydrophis stokesii,355677,,,group_level_or_name_unresolved,no
P68413,,Hydrophis ornatus,Hydrophis ornatus,8685,,,group_level_or_name_unresolved,no
P68415,,Hydrophis schistosus,Hydrophis schistosus,8682,,,group_level_or_name_unresolved,no
P79688,Bungarus multicinctus,Bungarus multicinctus,Bungarus multicinctus,8616,8616,Bungarus multicinctus,direct_original_and_live_match,no
P79799,Micrurus corallinus,Micrurus corallinus,Micrurus corallinus,54390,54390,Micrurus corallinus,direct_original_and_live_match,no
P79810,Naja atra,Naja atra,Naja atra,8656,8656,Naja atra,direct_original_and_live_match,no
P80156,Ophiophagus hannah,Ophiophagus hannah,Ophiophagus hannah,8665,8665,Ophiophagus hannah,direct_original_and_live_match,no
P80163,Atractaspis bibronii,Atractaspis bibronii,Atractaspis bibronii,61304,61304,Atractaspis bibronii,direct_original_and_live_match,no
P80495,Dendroaspis polylepis,Dendroaspis polylepis,Dendroaspis polylepis,8620,8624,Dendroaspis polylepis,direct_original_and_live_match,no
P80899,Gloydius halys,Gloydius halys,Gloydius halys,8714,8714,Gloydius halys,direct_original_and_live_match,no
P80965,Ophiophagus hannah,Ophiophagus hannah,Ophiophagus hannah,8665,8665,Ophiophagus hannah,direct_original_and_live_match,no
P81031,Dendroaspis angusticeps,Dendroaspis angusticeps,Dendroaspis angusticeps,8618,8618,Dendroaspis angusticeps,direct_original_and_live_match,no
P81990,,Aspidelaps scutatus,Aspidelaps scutatus,8607,,,group_level_or_name_unresolved,no
P81991,Austrelaps spp,Austrelaps superbus,Austrelaps superbus,29156,29156,Austrelaps superbus,direct_original_and_live_match,yes
P81992,Austrelaps spp,Austrelaps superbus,Austrelaps superbus,29156,29156,Austrelaps superbus,direct_original_and_live_match,yes
P81993,Bungarus candidus,Bungarus candidus,Bungarus candidus,92438,92438,Bungarus candidus,direct_original_and_live_match,no
P81994,Tropidechis carinatus,Tropidechis carinatus,Tropidechis carinatus,100989,100989,Tropidechis carinatus,direct_original_and_live_match,no
P81995,Trimeresurus purpureomaculatus,Trimeresurus purpureomaculatus,Trimeresurus purpureomaculatus,101163,101163,Trimeresurus purpureomaculatus,direct_original_and_live_match,no
P82885,Naja kaouthia,Naja kaouthia,Naja kaouthia,8649,8649,Naja kaouthia,direct_original_and_live_match,no
P84716,,Causus rhombeatus,Causus rhombeatus,44735,,,group_level_or_name_unresolved,no
P84746,Bothrops jararacussu,Bothrops jararacussu,Bothrops jararacussu,8726,8726,Bothrops jararacussu,direct_original_and_live_match,no
P85006,Proatheris superciliaris,Proatheris superciliaris,Proatheris superciliaris,110218,110218,Proatheris superciliaris,direct_original_and_live_match,no
P85038,Gloydius halys,Gloydius halys,Gloydius halys,8714,8714,Gloydius halys,direct_original_and_live_match,no
P86348,Deinagkistrodon acutus,Deinagkistrodon acutus,Deinagkistrodon acutus,36307,36307,Deinagkistrodon acutus,direct_original_and_live_match,no
P86421,,Micrurus frontalis,Micrurus frontalis,129461,,,group_level_or_name_unresolved,no
P86424,,Micrurus frontalis,Micrurus frontalis,129461,,,group_level_or_name_unresolved,no
P86425,,Micrurus frontalis,Micrurus frontalis,129461,,,group_level_or_name_unresolved,no
P86522,Acanthophis antarcticus,Acanthophis antarcticus,Acanthophis antarcticus,8605,8605,Acanthophis antarcticus,direct_original_and_live_match,no
P86530,Daboia russelii,Daboia russelii,Daboia russelii,8707,8707,Daboia russelii,direct_original_and_live_match,no
P86531,Daboia russelii,Daboia russelii,Daboia russelii,8707,8707,Daboia russelii,direct_original_and_live_match,no
P86532,Daboia russelii,Daboia russelii,Daboia russelii,8707,8707,Daboia russelii,direct_original_and_live_match,no
P86537,Daboia russelii,Daboia russelii,Daboia russelii,8707,8707,Daboia russelii,direct_original_and_live_match,no
P86539,Naja naja,Naja naja,Naja naja,35670,35670,Naja naja,direct_original_and_live_match,no
P86543,Naja naja,Naja naja,Naja naja,35670,35670,Naja naja,direct_original_and_live_match,no
P86544,Naja naja,Naja naja,Naja naja,35670,35670,Naja naja,direct_original_and_live_match,no
Q02454,Naja sputatrix,Naja sputatrix,Naja sputatrix,33626,33626,Naja sputatrix,direct_original_and_live_match,no
Q09GJ8,,Philodryas olfersii,Philodryas olfersii,120305,,,group_level_or_name_unresolved,no
Q09GJ9,,Philodryas olfersii,Philodryas olfersii,120305,,,group_level_or_name_unresolved,no
Q09GK0,,Philodryas olfersii,Philodryas olfersii,120305,,,group_level_or_name_unresolved,no
Q0PL65,Bungarus multicinctus,Bungarus multicinctus,Bungarus multicinctus,8616,8616,Bungarus multicinctus,direct_original_and_live_match,no
Q1RPS8,Bungarus multicinctus,Bungarus multicinctus,Bungarus multicinctus,8616,8616,Bungarus multicinctus,direct_original_and_live_match,no
Q1RPS9,Bungarus multicinctus,Bungarus multicinctus,Bungarus multicinctus,8616,8616,Bungarus multicinctus,direct_original_and_live_match,no
Q1RPT0,Bungarus multicinctus,Bungarus multicinctus,Bungarus multicinctus,8616,8616,Bungarus multicinctus,direct_original_and_live_match,no
Q1ZYW0,,Cryptophis nigrescens,Cryptophis nigrescens,292442,,,group_level_or_name_unresolved,no
Q1ZYW1,,Cryptophis nigrescens,Cryptophis nigrescens,292442,,,group_level_or_name_unresolved,no
Q1ZZ79,Crotalus durissus,Crotalus durissus,Crotalus durissus,31150,8731,Crotalus durissus,direct_original_and_live_match,no
Q27J48,Lachesis muta,Lachesis muta,Lachesis muta,8753,8752,Lachesis muta,direct_original_and_live_match,no
Q2QA03,Crotalus durissus,Crotalus durissus,Crotalus durissus,31150,8731,Crotalus durissus,direct_original_and_live_match,no
Q2UXQ0,Echis ocellatus,Echis ocellatus,Echis ocellatus,99586,99586,Echis ocellatus,direct_original_and_live_match,no
Q2UXQ1,Echis ocellatus,Echis ocellatus,Echis ocellatus,99586,99586,Echis ocellatus,direct_original_and_live_match,no
Q2UXQ2,Echis ocellatus,Echis ocellatus,Echis ocellatus,99586,99586,Echis ocellatus,direct_original_and_live_match,no
Q2UXQ3,Echis ocellatus,Echis ocellatus,Echis ocellatus,99586,99586,Echis ocellatus,direct_original_and_live_match,no
Q2UXQ4,Echis ocellatus,Echis ocellatus,Echis ocellatus,99586,99586,Echis ocellatus,direct_original_and_live_match,no
Q2UXQ6,Echis ocellatus,Echis ocellatus,Echis ocellatus,99586,99586,Echis ocellatus,direct_original_and_live_match,no
Q2UXQ7,Echis ocellatus,Echis ocellatus,Echis ocellatus,99586,99586,Echis ocellatus,direct_original_and_live_match,no
Q2UXQ9,Echis ocellatus,Echis ocellatus,Echis ocellatus,99586,99586,Echis ocellatus,direct_original_and_live_match,no
Q2VBN0,Ophiophagus hannah,Ophiophagus hannah,Ophiophagus hannah,8665,8665,Ophiophagus hannah,direct_original_and_live_match,no
Q2VBN1,Ophiophagus hannah,Ophiophagus hannah,Ophiophagus hannah,8665,8665,Ophiophagus hannah,direct_original_and_live_match,no
Q2VBN2,Ophiophagus hannah,Ophiophagus hannah,Ophiophagus hannah,8665,8665,Ophiophagus hannah,direct_original_and_live_match,no
Q2VBN3,Ophiophagus hannah,Ophiophagus hannah,Ophiophagus hannah,8665,8665,Ophiophagus hannah,direct_original_and_live_match,no
Q2VBN4,Ophiophagus hannah,Ophiophagus hannah,Ophiophagus hannah,8665,8665,Ophiophagus hannah,direct_original_and_live_match,no
Q2VBN5,Ophiophagus hannah,Ophiophagus hannah,Ophiophagus hannah,8665,8665,Ophiophagus hannah,direct_original_and_live_match,no
Q2VBN7,Ophiophagus hannah,Ophiophagus hannah,Ophiophagus hannah,8665,8665,Ophiophagus hannah,direct_original_and_live_match,no
Q2VBN8,Ophiophagus hannah,Ophiophagus hannah,Ophiophagus hannah,8665,8665,Ophiophagus hannah,direct_original_and_live_match,no
Q2VBN9,Ophiophagus hannah,Ophiophagus hannah,Ophiophagus hannah,8665,8665,Ophiophagus hannah,direct_original_and_live_match,no
Q2VBP0,Ophiophagus hannah,Ophiophagus hannah,Ophiophagus hannah,8665,8665,Ophiophagus hannah,direct_original_and_live_match,no
Q2VBP1,Ophiophagus hannah,Ophiophagus hannah,Ophiophagus hannah,8665,8665,Ophiophagus hannah,direct_original_and_live_match,no
Q2VBP2,Ophiophagus hannah,Ophiophagus hannah,Ophiophagus hannah,8665,8665,Ophiophagus hannah,direct_original_and_live_match,no
Q2VBP3,Ophiophagus hannah,Ophiophagus hannah,Ophiophagus hannah,8665,8665,Ophiophagus hannah,direct_original_and_live_match,no
Q2VBP4,Ophiophagus hannah,Ophiophagus hannah,Ophiophagus hannah,8665,8665,Ophiophagus hannah,direct_original_and_live_match,no
Q2VBP5,Ophiophagus hannah,Ophiophagus hannah,Ophiophagus hannah,8665,8665,Ophiophagus hannah,direct_original_and_live_match,no
Q2VBP6,Ophiophagus hannah,Ophiophagus hannah,Ophiophagus hannah,8665,8665,Ophiophagus hannah,direct_original_and_live_match,no
Q2XXM2,,Philodryas olfersii,Philodryas olfersii,120305,,,group_level_or_name_unresolved,no
Q2XXM3,,Philodryas olfersii,Philodryas olfersii,120305,,,group_level_or_name_unresolved,no
Q2XXM4,,Philodryas olfersii,Philodryas olfersii,120305,,,group_level_or_name_unresolved,no
Q2XXM5,,Philodryas olfersii,Philodryas olfersii,120305,,,group_level_or_name_unresolved,no
Q2XXM6,,Philodryas olfersii,Philodryas olfersii,120305,,,group_level_or_name_unresolved,no
Q2XXP4,,Trimorphodon biscutatus,Trimorphodon biscutatus,338818,,,group_level_or_name_unresolved,no
Q2XXP5,,Telescopus dhara,Telescopus dhara,338837,,,group_level_or_name_unresolved,no
Q2XXQ0,,Erythrolamprus poecilogyrus,Erythrolamprus poecilogyrus,338838,,,group_level_or_name_unresolved,no
Q2XXQ1,,Leioheterodon madagascariensis,Leioheterodon madagascariensis,46577,,,group_level_or_name_unresolved,no
Q2XXQ2,,Pseudoferania polylepis,Pseudoferania polylepis,338839,,,group_level_or_name_unresolved,no
Q2XXQ3,,Pseudoferania polylepis,Pseudoferania polylepis,338839,,,group_level_or_name_unresolved,no
Q2XXQ4,Dispholidus typus,Dispholidus typus,Dispholidus typus,46295,46295,Dispholidus typus,direct_original_and_live_match,no
Q2XXQ5,Dispholidus typus,Dispholidus typus,Dispholidus typus,46295,46295,Dispholidus typus,direct_original_and_live_match,no
Q2XXQ6,Dispholidus typus,Dispholidus typus,Dispholidus typus,46295,46295,Dispholidus typus,direct_original_and_live_match,no
Q3BER2,Echis ocellatus,Echis ocellatus,Echis ocellatus,99586,99586,Echis ocellatus,direct_original_and_live_match,no
Q3BK15,,Cerastes vipera,Cerastes vipera,8698,,,group_level_or_name_unresolved,no
Q3BK16,,Cerastes vipera,Cerastes vipera,8698,,,group_level_or_name_unresolved,no
Q3BK17,,Cerastes vipera,Cerastes vipera,8698,,,group_level_or_name_unresolved,no
Q3SAE5,Hoplocephalus spp,Hoplocephalus stephensii,Hoplocephalus stephensii,196418,196418,Hoplocephalus stephensii,direct_original_and_live_match,yes
Q3SAE6,Hoplocephalus spp,Hoplocephalus stephensii,Hoplocephalus stephensii,196418,196418,Hoplocephalus stephensii,direct_original_and_live_match,yes
Q3SAE7,Notechis scutatus,Notechis scutatus,Notechis scutatus,70142,8663,Notechis scutatus,direct_original_and_live_match,no
Q3SAE8,Notechis scutatus,Notechis scutatus,Notechis scutatus,70142,8663,Notechis scutatus,direct_original_and_live_match,no
Q3SAF0,Pseudechis spp,Pseudechis porphyriacus,Pseudechis porphyriacus,8671,8671,Pseudechis porphyriacus,direct_original_and_live_match,yes
Q3SAF1,Pseudechis spp,Pseudechis porphyriacus,Pseudechis porphyriacus,8671,8671,Pseudechis porphyriacus,direct_original_and_live_match,yes
Q3SAF2,Pseudechis australis,Pseudechis australis,Pseudechis australis,8670,8670,Pseudechis australis,direct_original_and_live_match,no
Q3SAF3,Pseudechis australis,Pseudechis australis,Pseudechis australis,8670,8670,Pseudechis australis,direct_original_and_live_match,no
Q3SAF4,Pseudechis australis,Pseudechis australis,Pseudechis australis,8670,8670,Pseudechis australis,direct_original_and_live_match,no
Q3SAF5,Pseudechis australis,Pseudechis australis,Pseudechis australis,8670,8670,Pseudechis australis,direct_original_and_live_match,no
Q3SAF6,Pseudonaja textilis,Pseudonaja textilis,Pseudonaja textilis,8673,8673,Pseudonaja textilis,direct_original_and_live_match,no
Q3SAF7,Oxyuranus microlepidotus,Oxyuranus microlepidotus,Oxyuranus microlepidotus,111177,111177,Oxyuranus microlepidotus,direct_original_and_live_match,no
Q3SAF8,Oxyuranus microlepidotus,Oxyuranus microlepidotus,Oxyuranus microlepidotus,111177,111177,Oxyuranus microlepidotus,direct_original_and_live_match,no
Q3SAX8,Oxyuranus scutellatus,Oxyuranus scutellatus,Oxyuranus scutellatus,8667,8668,Oxyuranus scutellatus,direct_original_and_live_match,no
Q3SB03,Hoplocephalus spp,Hoplocephalus stephensii,Hoplocephalus stephensii,196418,196418,Hoplocephalus stephensii,direct_original_and_live_match,yes
Q3SB04,Notechis scutatus,Notechis scutatus,Notechis scutatus,70142,8663,Notechis scutatus,direct_original_and_live_match,no
Q3SB05,Pseudonaja textilis,Pseudonaja textilis,Pseudonaja textilis,8673,8673,Pseudonaja textilis,direct_original_and_live_match,no
Q3SB06,Oxyuranus microlepidotus,Oxyuranus microlepidotus,Oxyuranus microlepidotus,111177,111177,Oxyuranus microlepidotus,direct_original_and_live_match,no
Q3SB07,Oxyuranus scutellatus,Oxyuranus scutellatus,Oxyuranus scutellatus,8667,8668,Oxyuranus scutellatus,direct_original_and_live_match,no
Q49HM6,Austrelaps spp,Austrelaps superbus,Austrelaps superbus,29156,29156,Austrelaps superbus,direct_original_and_live_match,yes
Q4JCS0,Bitis arietans,Bitis arietans,Bitis arietans,8692,8692,Bitis arietans,direct_original_and_live_match,no
Q4JCS1,Bitis arietans,Bitis arietans,Bitis arietans,8692,8692,Bitis arietans,direct_original_and_live_match,no
Q4PRC6,Daboia siamensis,Daboia siamensis,Daboia siamensis,343250,343250,Daboia siamensis,direct_original_and_live_match,no
Q4PRC7,Daboia siamensis,Daboia siamensis,Daboia siamensis,343250,343250,Daboia siamensis,direct_original_and_live_match,no
Q4PRC8,Daboia siamensis,Daboia siamensis,Daboia siamensis,343250,343250,Daboia siamensis,direct_original_and_live_match,no
Q4PRC9,Daboia siamensis,Daboia siamensis,Daboia siamensis,343250,343250,Daboia siamensis,direct_original_and_live_match,no
Q4PRD0,Daboia siamensis,Daboia siamensis,Daboia siamensis,343250,343250,Daboia siamensis,direct_original_and_live_match,no
Q4QT06,Bitis arietans,Bitis arietans,Bitis arietans,8692,8692,Bitis arietans,direct_original_and_live_match,no
Q4VRI0,Oxyuranus scutellatus,Oxyuranus scutellatus,Oxyuranus scutellatus,8667,8668,Oxyuranus scutellatus,direct_original_and_live_match,no
Q53B46,Ophiophagus hannah,Ophiophagus hannah,Ophiophagus hannah,8665,8665,Ophiophagus hannah,direct_original_and_live_match,no
Q53B48,Ophiophagus hannah,Ophiophagus hannah,Ophiophagus hannah,8665,8665,Ophiophagus hannah,direct_original_and_live_match,no
Q53B49,Ophiophagus hannah,Ophiophagus hannah,Ophiophagus hannah,8665,8665,Ophiophagus hannah,direct_original_and_live_match,no
Q53B50,Ophiophagus hannah,Ophiophagus hannah,Ophiophagus hannah,8665,8665,Ophiophagus hannah,direct_original_and_live_match,no
Q53B54,Ophiophagus hannah,Ophiophagus hannah,Ophiophagus hannah,8665,8665,Ophiophagus hannah,direct_original_and_live_match,no
Q53B55,Ophiophagus hannah,Ophiophagus hannah,Ophiophagus hannah,8665,8665,Ophiophagus hannah,direct_original_and_live_match,no
Q53B56,Ophiophagus hannah,Ophiophagus hannah,Ophiophagus hannah,8665,8665,Ophiophagus hannah,direct_original_and_live_match,no
Q53B57,Ophiophagus hannah,Ophiophagus hannah,Ophiophagus hannah,8665,8665,Ophiophagus hannah,direct_original_and_live_match,no
Q53B61,Ophiophagus hannah,Ophiophagus hannah,Ophiophagus hannah,8665,8665,Ophiophagus hannah,direct_original_and_live_match,no
Q5EE07,Echis carinatus,Echis carinatus,Echis carinatus,40353,40353,Echis carinatus,direct_original_and_live_match,no
Q5I2B6,Deinagkistrodon acutus,Deinagkistrodon acutus,Deinagkistrodon acutus,36307,36307,Deinagkistrodon acutus,direct_original_and_live_match,no
Q5I2C5,Deinagkistrodon acutus,Deinagkistrodon acutus,Deinagkistrodon acutus,36307,36307,Deinagkistrodon acutus,direct_original_and_live_match,no
Q5UFR7,,Hydrophis peronii,Hydrophis peronii,8676,,,group_level_or_name_unresolved,no
Q69CJ8,Ophiophagus hannah,Ophiophagus hannah,Ophiophagus hannah,8665,8665,Ophiophagus hannah,direct_original_and_live_match,no
Q6ITB0,Tropidechis carinatus,Tropidechis carinatus,Tropidechis carinatus,100989,100989,Tropidechis carinatus,direct_original_and_live_match,no
Q6ITB1,Pseudechis spp,Pseudechis porphyriacus,Pseudechis porphyriacus,8671,8671,Pseudechis porphyriacus,direct_original_and_live_match,yes
Q6ITB8,Pseudechis australis,Pseudechis australis,Pseudechis australis,8670,8670,Pseudechis australis,direct_original_and_live_match,no
Q6ITB9,Pseudechis australis,Pseudechis australis,Pseudechis australis,8670,8670,Pseudechis australis,direct_original_and_live_match,no
Q6ITC0,Pseudechis australis,Pseudechis australis,Pseudechis australis,8670,8670,Pseudechis australis,direct_original_and_live_match,no
Q6ITC1,Pseudechis australis,Pseudechis australis,Pseudechis australis,8670,8670,Pseudechis australis,direct_original_and_live_match,no
Q6IZ95,Bungarus candidus,Bungarus candidus,Bungarus candidus,92438,92438,Bungarus candidus,direct_original_and_live_match,no
Q6T627,Bitis gabonica,Bitis gabonica,Bitis gabonica,8694,8694,Bitis gabonica,direct_original_and_live_match,no
Q6T6T1,Bitis gabonica,Bitis gabonica,Bitis gabonica,8694,8694,Bitis gabonica,direct_original_and_live_match,no
Q6T7B5,Bitis gabonica,Bitis gabonica,Bitis gabonica,8694,8694,Bitis gabonica,direct_original_and_live_match,no
Q6T7B6,Bitis gabonica,Bitis gabonica,Bitis gabonica,8694,8694,Bitis gabonica,direct_original_and_live_match,no
Q6X5S0,Echis pyramidum,Echis pyramidum,Echis pyramidum,38415,8700,Echis pyramidum,direct_original_and_live_match,no
Q6X5S1,Echis pyramidum,Echis pyramidum,Echis pyramidum,38415,8700,Echis pyramidum,direct_original_and_live_match,no
Q6X5S2,Echis pyramidum,Echis pyramidum,Echis pyramidum,38415,8700,Echis pyramidum,direct_original_and_live_match,no
Q6X5S3,Echis pyramidum,Echis pyramidum,Echis pyramidum,38415,8700,Echis pyramidum,direct_original_and_live_match,no
Q6X5S4,Echis carinatus,Echis carinatus,Echis carinatus,124223,40353,Echis carinatus,direct_original_and_live_match,no
Q6X5S5,Echis ocellatus,Echis ocellatus,Echis ocellatus,99586,99586,Echis ocellatus,direct_original_and_live_match,no
Q6X5S6,Echis carinatus,Echis carinatus,Echis carinatus,124223,40353,Echis carinatus,direct_original_and_live_match,no
Q6X5S7,Echis ocellatus,Echis ocellatus,Echis ocellatus,99586,99586,Echis ocellatus,direct_original_and_live_match,no
Q6X5S8,Echis carinatus,Echis carinatus,Echis carinatus,124223,40353,Echis carinatus,direct_original_and_live_match,no
Q6X5S9,Echis carinatus,Echis carinatus,Echis carinatus,124223,40353,Echis carinatus,direct_original_and_live_match,no
Q6X5T0,Echis ocellatus,Echis ocellatus,Echis ocellatus,99586,99586,Echis ocellatus,direct_original_and_live_match,no
Q6X5T1,Bitis arietans,Bitis arietans,Bitis arietans,8692,8692,Bitis arietans,direct_original_and_live_match,no
Q6X5T2,Bitis arietans,Bitis arietans,Bitis arietans,8692,8692,Bitis arietans,direct_original_and_live_match,no
Q6X5T4,Bitis arietans,Bitis arietans,Bitis arietans,8692,8692,Bitis arietans,direct_original_and_live_match,no
Q6X5T5,Bitis arietans,Bitis arietans,Bitis arietans,8692,8692,Bitis arietans,direct_original_and_live_match,no
Q70WS8,Bungarus multicinctus,Bungarus multicinctus,Bungarus multicinctus,8616,8616,Bungarus multicinctus,direct_original_and_live_match,no
Q719L8,Crotalus durissus,Crotalus durissus,Crotalus durissus,8732,8731,Crotalus durissus,direct_original_and_live_match,no
Q719L9,Crotalus durissus,Crotalus durissus,Crotalus durissus,8732,8731,Crotalus durissus,direct_original_and_live_match,no
Q71RP8,Trimeresurus stejnegeri,Trimeresurus stejnegeri,Trimeresurus stejnegeri,39682,39682,Trimeresurus stejnegeri,direct_original_and_live_match,no
Q71RP9,Trimeresurus stejnegeri,Trimeresurus stejnegeri,Trimeresurus stejnegeri,39682,39682,Trimeresurus stejnegeri,direct_original_and_live_match,no
Q71RQ0,Trimeresurus stejnegeri,Trimeresurus stejnegeri,Trimeresurus stejnegeri,39682,39682,Trimeresurus stejnegeri,direct_original_and_live_match,no
Q71RQ1,Trimeresurus stejnegeri,Trimeresurus stejnegeri,Trimeresurus stejnegeri,39682,39682,Trimeresurus stejnegeri,direct_original_and_live_match,no
Q71RQ8,Trimeresurus stejnegeri,Trimeresurus stejnegeri,Trimeresurus stejnegeri,39682,39682,Trimeresurus stejnegeri,direct_original_and_live_match,no
Q71RQ9,Trimeresurus stejnegeri,Trimeresurus stejnegeri,Trimeresurus stejnegeri,39682,39682,Trimeresurus stejnegeri,direct_original_and_live_match,no
Q71RR0,Trimeresurus stejnegeri,Trimeresurus stejnegeri,Trimeresurus stejnegeri,39682,39682,Trimeresurus stejnegeri,direct_original_and_live_match,no
Q71RR1,Trimeresurus stejnegeri,Trimeresurus stejnegeri,Trimeresurus stejnegeri,39682,39682,Trimeresurus stejnegeri,direct_original_and_live_match,no
Q71RR2,Trimeresurus stejnegeri,Trimeresurus stejnegeri,Trimeresurus stejnegeri,39682,39682,Trimeresurus stejnegeri,direct_original_and_live_match,no
Q71RR4,Trimeresurus stejnegeri,Trimeresurus stejnegeri,Trimeresurus stejnegeri,39682,39682,Trimeresurus stejnegeri,direct_original_and_live_match,no
Q75S49,Bungarus candidus,Bungarus candidus,Bungarus candidus,92438,92438,Bungarus candidus,direct_original_and_live_match,no
Q75S50,Bungarus candidus,Bungarus candidus,Bungarus candidus,92438,92438,Bungarus candidus,direct_original_and_live_match,no
Q7LZ24,Vipera aspis,Vipera aspis,Vipera aspis,194601,8706,Vipera aspis,direct_original_and_live_match,no
Q7LZ26,Deinagkistrodon acutus,Deinagkistrodon acutus,Deinagkistrodon acutus,36307,36307,Deinagkistrodon acutus,direct_original_and_live_match,no
Q7LZJ1,Crotalus molossus,Crotalus molossus,Crotalus molossus,8734,8733,Crotalus molossus,direct_original_and_live_match,no
Q7LZK0,Echis pyramidum,Echis pyramidum,Echis pyramidum,38415,8700,Echis pyramidum,direct_original_and_live_match,no
Q7LZQ6,Bungarus fasciatus,Bungarus fasciatus,Bungarus fasciatus,8613,8613,Bungarus fasciatus,direct_original_and_live_match,no
Q7SZV0,Gloydius halys,Gloydius halys,Gloydius halys,8714,8714,Gloydius halys,direct_original_and_live_match,no
Q7T1M4,Bothrops jararacussu,Bothrops jararacussu,Bothrops jararacussu,8726,8726,Bothrops jararacussu,direct_original_and_live_match,no
Q7T1T3,Bothrops jararacussu,Bothrops jararacussu,Bothrops jararacussu,8726,8726,Bothrops jararacussu,direct_original_and_live_match,no
Q7T1T5,Bothrops jararacussu,Bothrops jararacussu,Bothrops jararacussu,8726,8726,Bothrops jararacussu,direct_original_and_live_match,no
Q7T2I1,,Laticauda laticaudata,Laticauda laticaudata,8630,,,group_level_or_name_unresolved,no
Q7T2I3,,Laticauda laticaudata,Laticauda laticaudata,8630,,,group_level_or_name_unresolved,no
Q7ZT13,Bungarus multicinctus,Bungarus multicinctus,Bungarus multicinctus,8616,8616,Bungarus multicinctus,direct_original_and_live_match,no
Q7ZZN9,Protobothrops jerdonii,Protobothrops jerdonii,Protobothrops jerdonii,242841,242841,Protobothrops jerdonii,direct_original_and_live_match,no
Q800Y3,Bungarus multicinctus,Bungarus multicinctus,Bungarus multicinctus,8616,8616,Bungarus multicinctus,direct_original_and_live_match,no
Q802B2,Naja sputatrix,Naja sputatrix,Naja sputatrix,33626,33626,Naja sputatrix,direct_original_and_live_match,no
Q802B3,Naja sputatrix,Naja sputatrix,Naja sputatrix,33626,33626,Naja sputatrix,direct_original_and_live_match,no
Q8AY44,Bungarus candidus,Bungarus candidus,Bungarus candidus,92438,92438,Bungarus candidus,direct_original_and_live_match,no
Q8AY45,Bungarus candidus,Bungarus candidus,Bungarus candidus,92438,92438,Bungarus candidus,direct_original_and_live_match,no
Q8AY46,Bungarus candidus,Bungarus candidus,Bungarus candidus,92438,92438,Bungarus candidus,direct_original_and_live_match,no
Q8AY49,Bungarus candidus,Bungarus candidus,Bungarus candidus,92438,92438,Bungarus candidus,direct_original_and_live_match,no
Q8AY50,Bungarus candidus,Bungarus candidus,Bungarus candidus,92438,92438,Bungarus candidus,direct_original_and_live_match,no
Q8AY51,Bungarus candidus,Bungarus candidus,Bungarus candidus,92438,92438,Bungarus candidus,direct_original_and_live_match,no
Q8AY52,Bungarus candidus,Bungarus candidus,Bungarus candidus,92438,92438,Bungarus candidus,direct_original_and_live_match,no
Q8AY53,Bungarus candidus,Bungarus candidus,Bungarus candidus,92438,92438,Bungarus candidus,direct_original_and_live_match,no
Q8AY55,Bungarus candidus,Bungarus candidus,Bungarus candidus,92438,92438,Bungarus candidus,direct_original_and_live_match,no
Q8AY56,Bungarus candidus,Bungarus candidus,Bungarus candidus,92438,92438,Bungarus candidus,direct_original_and_live_match,no
Q8JI38,,Laticauda semifasciata,Laticauda semifasciata,8631,,,group_level_or_name_unresolved,no
Q8JJ49,Crotalus molossus,Crotalus molossus,Crotalus molossus,31151,8733,Crotalus molossus,direct_original_and_live_match,no
Q8JJ50,Crotalus molossus,Crotalus molossus,Crotalus molossus,31151,8733,Crotalus molossus,direct_original_and_live_match,no
Q8JJ52,Crotalus molossus,Crotalus molossus,Crotalus molossus,31151,8733,Crotalus molossus,direct_original_and_live_match,no
Q8QGP7,Dendroaspis angusticeps,Dendroaspis angusticeps,Dendroaspis angusticeps,8618,8618,Dendroaspis angusticeps,direct_original_and_live_match,no
Q8UUK0,Naja atra,Naja atra,Naja atra,8656,8656,Naja atra,direct_original_and_live_match,no
Q8UW11,,Hydrophis hardwickii,Hydrophis hardwickii,8781,,,group_level_or_name_unresolved,no
Q8UW25,,Hydrophis hardwickii,Hydrophis hardwickii,8781,,,group_level_or_name_unresolved,no
Q8UW26,,Hydrophis hardwickii,Hydrophis hardwickii,8781,,,group_level_or_name_unresolved,no
Q8UW27,,Hydrophis hardwickii,Hydrophis hardwickii,8781,,,group_level_or_name_unresolved,no
Q8UW28,,Hydrophis hardwickii,Hydrophis hardwickii,8781,,,group_level_or_name_unresolved,no
Q8UW29,,Hydrophis hardwickii,Hydrophis hardwickii,8781,,,group_level_or_name_unresolved,no
Q90499,Echis pyramidum,Echis pyramidum,Echis pyramidum,8700,8700,Echis pyramidum,direct_original_and_live_match,no
Q90500,Echis pyramidum,Echis pyramidum,Echis pyramidum,8700,8700,Echis pyramidum,direct_original_and_live_match,no
Q91124,Naja atra,Naja atra,Naja atra,8656,8656,Naja atra,direct_original_and_live_match,no
Q91126,Naja atra,Naja atra,Naja atra,8656,8656,Naja atra,direct_original_and_live_match,no
Q91135,Naja atra,Naja atra,Naja atra,8656,8656,Naja atra,direct_original_and_live_match,no
Q91136,Naja atra,Naja atra,Naja atra,8656,8656,Naja atra,direct_original_and_live_match,no
Q91137,Naja atra,Naja atra,Naja atra,8656,8656,Naja atra,direct_original_and_live_match,no
Q91996,Naja atra,Naja atra,Naja atra,8656,8656,Naja atra,direct_original_and_live_match,no
Q98956,Naja atra,Naja atra,Naja atra,8656,8656,Naja atra,direct_original_and_live_match,no
Q98957,Naja atra,Naja atra,Naja atra,8656,8656,Naja atra,direct_original_and_live_match,no
Q98958,Naja atra,Naja atra,Naja atra,8656,8656,Naja atra,direct_original_and_live_match,no
Q98959,Naja atra,Naja atra,Naja atra,8656,8656,Naja atra,direct_original_and_live_match,no
Q98960,Naja atra,Naja atra,Naja atra,8656,8656,Naja atra,direct_original_and_live_match,no
Q98961,Naja atra,Naja atra,Naja atra,8656,8656,Naja atra,direct_original_and_live_match,no
Q98962,Naja atra,Naja atra,Naja atra,8656,8656,Naja atra,direct_original_and_live_match,no
Q98965,Naja atra,Naja atra,Naja atra,8656,8656,Naja atra,direct_original_and_live_match,no
Q9DEQ3,Naja atra,Naja atra,Naja atra,8656,8656,Naja atra,direct_original_and_live_match,no
Q9DG39,Gloydius halys,Gloydius halys,Gloydius halys,8714,8714,Gloydius halys,direct_original_and_live_match,no
Q9DGH9,Naja kaouthia,Naja kaouthia,Naja kaouthia,8649,8649,Naja kaouthia,direct_original_and_live_match,no
Q9PRI1,Micrurus corallinus,Micrurus corallinus,Micrurus corallinus,54390,54390,Micrurus corallinus,direct_original_and_live_match,no
Q9PRQ2,Micrurus nigrocinctus,Micrurus nigrocinctus,Micrurus nigrocinctus,8635,8635,Micrurus nigrocinctus,direct_original_and_live_match,no
Q9PRQ3,Micrurus nigrocinctus,Micrurus nigrocinctus,Micrurus nigrocinctus,8635,8635,Micrurus nigrocinctus,direct_original_and_live_match,no
Q9PRQ4,Micrurus nigrocinctus,Micrurus nigrocinctus,Micrurus nigrocinctus,8635,8635,Micrurus nigrocinctus,direct_original_and_live_match,no
Q9PRT7,Bothrops asper,Bothrops asper,Bothrops asper,8722,8722,Bothrops asper,direct_original_and_live_match,no
Q9PS05,Bothrops jararaca,Bothrops jararaca,Bothrops jararaca,8724,8724,Bothrops jararaca,direct_original_and_live_match,no
Q9PS06,Bothrops jararaca,Bothrops jararaca,Bothrops jararaca,8724,8724,Bothrops jararaca,direct_original_and_live_match,no
Q9PS08,Dendroaspis angusticeps,Dendroaspis angusticeps,Dendroaspis angusticeps,8618,8618,Dendroaspis angusticeps,direct_original_and_live_match,no
Q9PS09,Dendroaspis angusticeps,Dendroaspis angusticeps,Dendroaspis angusticeps,8618,8618,Dendroaspis angusticeps,direct_original_and_live_match,no
Q9PS34,Naja oxiana,Naja oxiana,Naja oxiana,8657,8657,Naja oxiana,direct_original_and_live_match,no
Q9PST3,Naja sputatrix,Naja sputatrix,Naja sputatrix,33626,33626,Naja sputatrix,direct_original_and_live_match,no
Q9PST4,Naja sputatrix,Naja sputatrix,Naja sputatrix,33626,33626,Naja sputatrix,direct_original_and_live_match,no
Q9PT47,Atractaspis andersonii,Atractaspis andersonii,Atractaspis andersonii,8600,8600,Atractaspis andersonii,direct_original_and_live_match,no
Q9PT48,Atractaspis engaddensis,Atractaspis engaddensis,Atractaspis engaddensis,1343144,1343144,Atractaspis engaddensis,direct_original_and_live_match,no
Q9PT49,Atractaspis andersonii,Atractaspis andersonii,Atractaspis andersonii,8600,8600,Atractaspis andersonii,direct_original_and_live_match,no
Q9PTA2,Bungarus multicinctus,Bungarus multicinctus,Bungarus multicinctus,8616,8616,Bungarus multicinctus,direct_original_and_live_match,no
Q9PUB7,Micrurus corallinus,Micrurus corallinus,Micrurus corallinus,54390,54390,Micrurus corallinus,direct_original_and_live_match,no
Q9W6W6,Naja atra,Naja atra,Naja atra,8656,8656,Naja atra,direct_original_and_live_match,no
Q9W6W9,Naja atra,Naja atra,Naja atra,8656,8656,Naja atra,direct_original_and_live_match,no
Q9W717,Naja atra,Naja atra,Naja atra,8656,8656,Naja atra,direct_original_and_live_match,no
Q9W727,Bungarus multicinctus,Bungarus multicinctus,Bungarus multicinctus,8616,8616,Bungarus multicinctus,direct_original_and_live_match,no
Q9W728,Bungarus multicinctus,Bungarus multicinctus,Bungarus multicinctus,8616,8616,Bungarus multicinctus,direct_original_and_live_match,no
Q9W729,Bungarus multicinctus,Bungarus multicinctus,Bungarus multicinctus,8616,8616,Bungarus multicinctus,direct_original_and_live_match,no
Q9W7I3,Naja sputatrix,Naja sputatrix,Naja sputatrix,33626,33626,Naja sputatrix,direct_original_and_live_match,no
Q9W7J9,Pseudonaja textilis,Pseudonaja textilis,Pseudonaja textilis,8673,8673,Pseudonaja textilis,direct_original_and_live_match,no
Q9YGC2,,Laticauda laticaudata,Laticauda laticaudata,8630,,,group_level_or_name_unresolved,no
Q9YGC4,,Laticauda laticaudata,Laticauda laticaudata,8630,,,group_level_or_name_unresolved,no
Q9YGC7,,Laticauda colubrina,Laticauda colubrina,8628,,,group_level_or_name_unresolved,no
Q9YGH9,Bungarus multicinctus,Bungarus multicinctus,Bungarus multicinctus,8616,8616,Bungarus multicinctus,direct_original_and_live_match,no
Q9YGI1,Naja atra,Naja atra,Naja atra,8656,8656,Naja atra,direct_original_and_live_match,no
Q9YGI2,Naja atra,Naja atra,Naja atra,8656,8656,Naja atra,direct_original_and_live_match,no
Q9YGI4,Naja atra,Naja atra,Naja atra,8656,8656,Naja atra,direct_original_and_live_match,no
Q9YGI8,Bungarus multicinctus,Bungarus multicinctus,Bungarus multicinctus,8616,8616,Bungarus multicinctus,direct_original_and_live_match,no
Q9YGJ5,Naja sputatrix,Naja sputatrix,Naja sputatrix,33626,33626,Naja sputatrix,direct_original_and_live_match,no
Q9YGJ6,Naja sputatrix,Naja sputatrix,Naja sputatrix,33626,33626,Naja sputatrix,direct_original_and_live_match,no
Q9YGW8,,Laticauda laticaudata,Laticauda laticaudata,8630,,,group_level_or_name_unresolved,no
Q9YGW9,,Laticauda laticaudata,Laticauda laticaudata,8630,,,group_level_or_name_unresolved,no
Q9YGX0,,Laticauda colubrina,Laticauda colubrina,8628,,,group_level_or_name_unresolved,no
Q9YGX1,,Laticauda semifasciata,Laticauda semifasciata,8631,,,group_level_or_name_unresolved,no
R4FIC4,,Denisonia devisi,Denisonia devisi,529689,,,group_level_or_name_unresolved,no
R4FID0,,Denisonia devisi,Denisonia devisi,529689,,,group_level_or_name_unresolved,no
R4FII3,,Hemiaspis signata,Hemiaspis signata,355698,,,group_level_or_name_unresolved,no
R4FIJ6,,Hemiaspis signata,Hemiaspis signata,355698,,,group_level_or_name_unresolved,no
R4FIL3,Hoplocephalus spp,Hoplocephalus bungaroides,Hoplocephalus bungaroides,83403,83403,Hoplocephalus bungaroides,direct_original_and_live_match,yes
R4FIL7,Hoplocephalus spp,Hoplocephalus bungaroides,Hoplocephalus bungaroides,83403,83403,Hoplocephalus bungaroides,direct_original_and_live_match,yes
R4FIM1,Hoplocephalus spp,Hoplocephalus bungaroides,Hoplocephalus bungaroides,83403,83403,Hoplocephalus bungaroides,direct_original_and_live_match,yes
R4FIX4,,Suta fasciata,Suta fasciata,529716,,,group_level_or_name_unresolved,no
R4FIY6,,Vermicella annulata,Vermicella annulata,1295044,,,group_level_or_name_unresolved,no
R4FJM6,,Echiopsis curta,Echiopsis curta,529692,,,group_level_or_name_unresolved,no
R4FJP5,,Echiopsis curta,Echiopsis curta,529692,,,group_level_or_name_unresolved,no
R4FJY3,Hoplocephalus spp,Hoplocephalus bungaroides,Hoplocephalus bungaroides,83403,83403,Hoplocephalus bungaroides,direct_original_and_live_match,yes
R4FJY9,Hoplocephalus spp,Hoplocephalus bungaroides,Hoplocephalus bungaroides,83403,83403,Hoplocephalus bungaroides,direct_original_and_live_match,yes
R4FJZ4,Hoplocephalus spp,Hoplocephalus bungaroides,Hoplocephalus bungaroides,83403,83403,Hoplocephalus bungaroides,direct_original_and_live_match,yes
R4FK16,Hoplocephalus spp,Hoplocephalus bungaroides,Hoplocephalus bungaroides,83403,83403,Hoplocephalus bungaroides,direct_original_and_live_match,yes
R4G2D3,Acanthophis spp,Acanthophis wellsi,Acanthophis wellsi,239747,239747,Acanthophis wellsi,direct_original_and_live_match,yes
R4G2I0,Hoplocephalus spp,Hoplocephalus bungaroides,Hoplocephalus bungaroides,83403,83403,Hoplocephalus bungaroides,direct_original_and_live_match,yes
R4G2I1,Hoplocephalus spp,Hoplocephalus bungaroides,Hoplocephalus bungaroides,83403,83403,Hoplocephalus bungaroides,direct_original_and_live_match,yes
R4G2I2,Hoplocephalus spp,Hoplocephalus bungaroides,Hoplocephalus bungaroides,83403,83403,Hoplocephalus bungaroides,direct_original_and_live_match,yes
R4G2I8,,Pseudonaja modesta,Pseudonaja modesta,340912,,,group_level_or_name_unresolved,no
R4G2W9,,Hemiaspis signata,Hemiaspis signata,355698,,,group_level_or_name_unresolved,no
R4G2Y6,Hoplocephalus spp,Hoplocephalus bungaroides,Hoplocephalus bungaroides,83403,83403,Hoplocephalus bungaroides,direct_original_and_live_match,yes
R4G2Y9,Hoplocephalus spp,Hoplocephalus bungaroides,Hoplocephalus bungaroides,83403,83403,Hoplocephalus bungaroides,direct_original_and_live_match,yes
R4G2Z1,Hoplocephalus spp,Hoplocephalus bungaroides,Hoplocephalus bungaroides,83403,83403,Hoplocephalus bungaroides,direct_original_and_live_match,yes
R4G7F0,,Brachyurophis roperi,Brachyurophis roperi,1295043,,,group_level_or_name_unresolved,no
R4G7I9,Hoplocephalus spp,Hoplocephalus bungaroides,Hoplocephalus bungaroides,83403,83403,Hoplocephalus bungaroides,direct_original_and_live_match,yes
R4G7J0,Hoplocephalus spp,Hoplocephalus bungaroides,Hoplocephalus bungaroides,83403,83403,Hoplocephalus bungaroides,direct_original_and_live_match,yes
R4G7J1,Hoplocephalus spp,Hoplocephalus bungaroides,Hoplocephalus bungaroides,83403,83403,Hoplocephalus bungaroides,direct_original_and_live_match,yes
R4G7L3,,Suta fasciata,Suta fasciata,529716,,,group_level_or_name_unresolved,no
T1D6P7,Crotalus horridus,Crotalus horridus,Crotalus horridus,35024,35024,Crotalus horridus,direct_original_and_live_match,no
T1DEB4,,Crotalus helleri,Crotalus helleri,8741,,,group_level_or_name_unresolved,no
T1DH25,Crotalus horridus,Crotalus horridus,Crotalus horridus,35024,35024,Crotalus horridus,direct_original_and_live_match,no
T1DJT5,Crotalus horridus,Crotalus horridus,Crotalus horridus,35024,35024,Crotalus horridus,direct_original_and_live_match,no
T1DJY5,Crotalus horridus,Crotalus horridus,Crotalus horridus,35024,35024,Crotalus horridus,direct_original_and_live_match,no
T1DK06,Crotalus horridus,Crotalus horridus,Crotalus horridus,35024,35024,Crotalus horridus,direct_original_and_live_match,no
T1DMN4,,Crotalus helleri,Crotalus helleri,8741,,,group_level_or_name_unresolved,no
T1DP71,,Crotalus helleri,Crotalus helleri,8741,,,group_level_or_name_unresolved,no
T1E3C5,Crotalus horridus,Crotalus horridus,Crotalus horridus,35024,35024,Crotalus horridus,direct_original_and_live_match,no
T1E3X9,Crotalus horridus,Crotalus horridus,Crotalus horridus,35024,35024,Crotalus horridus,direct_original_and_live_match,no
T1E3Z6,Crotalus horridus,Crotalus horridus,Crotalus horridus,35024,35024,Crotalus horridus,direct_original_and_live_match,no
T1E6U1,,Crotalus helleri,Crotalus helleri,8741,,,group_level_or_name_unresolved,no
T1E6V4,,Crotalus helleri,Crotalus helleri,8741,,,group_level_or_name_unresolved,no
T1E7J2,,Crotalus helleri,Crotalus helleri,8741,,,group_level_or_name_unresolved,no
T1E7J7,,Crotalus helleri,Crotalus helleri,8741,,,group_level_or_name_unresolved,no
T2HP62,Protobothrops flavoviridis,Protobothrops flavoviridis,Protobothrops flavoviridis,88087,88087,Protobothrops flavoviridis,direct_original_and_live_match,no
T2HP78,Protobothrops flavoviridis,Protobothrops flavoviridis,Protobothrops flavoviridis,88087,88087,Protobothrops flavoviridis,direct_original_and_live_match,no
T2HPD6,Protobothrops flavoviridis,Protobothrops flavoviridis,Protobothrops flavoviridis,88087,88087,Protobothrops flavoviridis,direct_original_and_live_match,no
T2HPF3,Protobothrops flavoviridis,Protobothrops flavoviridis,Protobothrops flavoviridis,88087,88087,Protobothrops flavoviridis,direct_original_and_live_match,no
T2HQ57,,Ovophis okinavensis,Ovophis okinavensis,8769,,,group_level_or_name_unresolved,no
T2HQA0,Protobothrops flavoviridis,Protobothrops flavoviridis,Protobothrops flavoviridis,88087,88087,Protobothrops flavoviridis,direct_original_and_live_match,no
T2HQA7,Protobothrops flavoviridis,Protobothrops flavoviridis,Protobothrops flavoviridis,88087,88087,Protobothrops flavoviridis,direct_original_and_live_match,no
T2HRR0,Protobothrops flavoviridis,Protobothrops flavoviridis,Protobothrops flavoviridis,88087,88087,Protobothrops flavoviridis,direct_original_and_live_match,no
T2HRT4,Protobothrops flavoviridis,Protobothrops flavoviridis,Protobothrops flavoviridis,88087,88087,Protobothrops flavoviridis,direct_original_and_live_match,no
T2HRT8,Protobothrops flavoviridis,Protobothrops flavoviridis,Protobothrops flavoviridis,88087,88087,Protobothrops flavoviridis,direct_original_and_live_match,no
U3EPC7,Micrurus fulvius,Micrurus fulvius,Micrurus fulvius,8637,8637,Micrurus fulvius,direct_original_and_live_match,no
U3EPI5,Micrurus fulvius,Micrurus fulvius,Micrurus fulvius,8637,8637,Micrurus fulvius,direct_original_and_live_match,no
U3EPL2,Micrurus fulvius,Micrurus fulvius,Micrurus fulvius,8637,8637,Micrurus fulvius,direct_original_and_live_match,no
U3FAB3,Micrurus fulvius,Micrurus fulvius,Micrurus fulvius,8637,8637,Micrurus fulvius,direct_original_and_live_match,no
U3FWL3,Micrurus fulvius,Micrurus fulvius,Micrurus fulvius,8637,8637,Micrurus fulvius,direct_original_and_live_match,no
U3FYQ2,Micrurus fulvius,Micrurus fulvius,Micrurus fulvius,8637,8637,Micrurus fulvius,direct_original_and_live_match,no
U3TAI7,,Ovophis okinavensis,Ovophis okinavensis,8769,,,group_level_or_name_unresolved,no
U3TBC0,Protobothrops flavoviridis,Protobothrops flavoviridis,Protobothrops flavoviridis,88087,88087,Protobothrops flavoviridis,direct_original_and_live_match,no
U3TBG7,Protobothrops flavoviridis,Protobothrops flavoviridis,Protobothrops flavoviridis,88087,88087,Protobothrops flavoviridis,direct_original_and_live_match,no
U3TBJ5,,Ovophis okinavensis,Ovophis okinavensis,8769,,,group_level_or_name_unresolved,no
U3TBS9,,Ovophis okinavensis,Ovophis okinavensis,8769,,,group_level_or_name_unresolved,no
U3TDK5,,Ovophis okinavensis,Ovophis okinavensis,8769,,,group_level_or_name_unresolved,no
V5IWD5,,Trimeresurus gracilis,Trimeresurus gracilis,109781,,,group_level_or_name_unresolved,no
V5IWE4,,Trimeresurus gracilis,Trimeresurus gracilis,109781,,,group_level_or_name_unresolved,no
V5IWE9,,Trimeresurus gracilis,Trimeresurus gracilis,109781,,,group_level_or_name_unresolved,no
V5IWF4,,Trimeresurus gracilis,Trimeresurus gracilis,109781,,,group_level_or_name_unresolved,no
V5Z141,Deinagkistrodon acutus,Deinagkistrodon acutus,Deinagkistrodon acutus,36307,36307,Deinagkistrodon acutus,direct_original_and_live_match,no
V8N2B9,Ophiophagus hannah,Ophiophagus hannah,Ophiophagus hannah,8665,8665,Ophiophagus hannah,direct_original_and_live_match,no
V8N3Q9,Ophiophagus hannah,Ophiophagus hannah,Ophiophagus hannah,8665,8665,Ophiophagus hannah,direct_original_and_live_match,no
V8N4F6,Ophiophagus hannah,Ophiophagus hannah,Ophiophagus hannah,8665,8665,Ophiophagus hannah,direct_original_and_live_match,no
V8N5Y3,Ophiophagus hannah,Ophiophagus hannah,Ophiophagus hannah,8665,8665,Ophiophagus hannah,direct_original_and_live_match,no
V8N647,Ophiophagus hannah,Ophiophagus hannah,Ophiophagus hannah,8665,8665,Ophiophagus hannah,direct_original_and_live_match,no
V8N6C6,Ophiophagus hannah,Ophiophagus hannah,Ophiophagus hannah,8665,8665,Ophiophagus hannah,direct_original_and_live_match,no
V8N6D9,Ophiophagus hannah,Ophiophagus hannah,Ophiophagus hannah,8665,8665,Ophiophagus hannah,direct_original_and_live_match,no
V8N6J1,Ophiophagus hannah,Ophiophagus hannah,Ophiophagus hannah,8665,8665,Ophiophagus hannah,direct_original_and_live_match,no
V8N6T1,Ophiophagus hannah,Ophiophagus hannah,Ophiophagus hannah,8665,8665,Ophiophagus hannah,direct_original_and_live_match,no
V8N8J2,Ophiophagus hannah,Ophiophagus hannah,Ophiophagus hannah,8665,8665,Ophiophagus hannah,direct_original_and_live_match,no
V8N9E2,Ophiophagus hannah,Ophiophagus hannah,Ophiophagus hannah,8665,8665,Ophiophagus hannah,direct_original_and_live_match,no
V8NB97,Ophiophagus hannah,Ophiophagus hannah,Ophiophagus hannah,8665,8665,Ophiophagus hannah,direct_original_and_live_match,no
V8NBD7,Ophiophagus hannah,Ophiophagus hannah,Ophiophagus hannah,8665,8665,Ophiophagus hannah,direct_original_and_live_match,no
V8NC56,Ophiophagus hannah,Ophiophagus hannah,Ophiophagus hannah,8665,8665,Ophiophagus hannah,direct_original_and_live_match,no
V8NEA0,Ophiophagus hannah,Ophiophagus hannah,Ophiophagus hannah,8665,8665,Ophiophagus hannah,direct_original_and_live_match,no
V8NI93,Ophiophagus hannah,Ophiophagus hannah,Ophiophagus hannah,8665,8665,Ophiophagus hannah,direct_original_and_live_match,no
V8NID4,Ophiophagus hannah,Ophiophagus hannah,Ophiophagus hannah,8665,8665,Ophiophagus hannah,direct_original_and_live_match,no
V8NIH4,Ophiophagus hannah,Ophiophagus hannah,Ophiophagus hannah,8665,8665,Ophiophagus hannah,direct_original_and_live_match,no
V8NJI5,Ophiophagus hannah,Ophiophagus hannah,Ophiophagus hannah,8665,8665,Ophiophagus hannah,direct_original_and_live_match,no
V8NKD3,Ophiophagus hannah,Ophiophagus hannah,Ophiophagus hannah,8665,8665,Ophiophagus hannah,direct_original_and_live_match,no
V8NKR8,Ophiophagus hannah,Ophiophagus hannah,Ophiophagus hannah,8665,8665,Ophiophagus hannah,direct_original_and_live_match,no
V8NL69,Ophiophagus hannah,Ophiophagus hannah,Ophiophagus hannah,8665,8665,Ophiophagus hannah,direct_original_and_live_match,no
V8NS25,Ophiophagus hannah,Ophiophagus hannah,Ophiophagus hannah,8665,8665,Ophiophagus hannah,direct_original_and_live_match,no
V8NVY5,Ophiophagus hannah,Ophiophagus hannah,Ophiophagus hannah,8665,8665,Ophiophagus hannah,direct_original_and_live_match,no
V8NW79,Ophiophagus hannah,Ophiophagus hannah,Ophiophagus hannah,8665,8665,Ophiophagus hannah,direct_original_and_live_match,no
V8NX49,Ophiophagus hannah,Ophiophagus hannah,Ophiophagus hannah,8665,8665,Ophiophagus hannah,direct_original_and_live_match,no
V8NXF9,Ophiophagus hannah,Ophiophagus hannah,Ophiophagus hannah,8665,8665,Ophiophagus hannah,direct_original_and_live_match,no
V8P0N7,Ophiophagus hannah,Ophiophagus hannah,Ophiophagus hannah,8665,8665,Ophiophagus hannah,direct_original_and_live_match,no
V8P216,Ophiophagus hannah,Ophiophagus hannah,Ophiophagus hannah,8665,8665,Ophiophagus hannah,direct_original_and_live_match,no
V8P243,Ophiophagus hannah,Ophiophagus hannah,Ophiophagus hannah,8665,8665,Ophiophagus hannah,direct_original_and_live_match,no
V8P328,Ophiophagus hannah,Ophiophagus hannah,Ophiophagus hannah,8665,8665,Ophiophagus hannah,direct_original_and_live_match,no
V8P449,Ophiophagus hannah,Ophiophagus hannah,Ophiophagus hannah,8665,8665,Ophiophagus hannah,direct_original_and_live_match,no
V8P5N2,Ophiophagus hannah,Ophiophagus hannah,Ophiophagus hannah,8665,8665,Ophiophagus hannah,direct_original_and_live_match,no
V8P9E2,Ophiophagus hannah,Ophiophagus hannah,Ophiophagus hannah,8665,8665,Ophiophagus hannah,direct_original_and_live_match,no
V8P9I6,Ophiophagus hannah,Ophiophagus hannah,Ophiophagus hannah,8665,8665,Ophiophagus hannah,direct_original_and_live_match,no
V8PAW3,Ophiophagus hannah,Ophiophagus hannah,Ophiophagus hannah,8665,8665,Ophiophagus hannah,direct_original_and_live_match,no
V8PBP5,Ophiophagus hannah,Ophiophagus hannah,Ophiophagus hannah,8665,8665,Ophiophagus hannah,direct_original_and_live_match,no
V8PC90,Ophiophagus hannah,Ophiophagus hannah,Ophiophagus hannah,8665,8665,Ophiophagus hannah,direct_original_and_live_match,no
V8PCF5,Ophiophagus hannah,Ophiophagus hannah,Ophiophagus hannah,8665,8665,Ophiophagus hannah,direct_original_and_live_match,no
V8PCT6,Ophiophagus hannah,Ophiophagus hannah,Ophiophagus hannah,8665,8665,Ophiophagus hannah,direct_original_and_live_match,no
V8PFL7,Ophiophagus hannah,Ophiophagus hannah,Ophiophagus hannah,8665,8665,Ophiophagus hannah,direct_original_and_live_match,no
V8PGL7,Ophiophagus hannah,Ophiophagus hannah,Ophiophagus hannah,8665,8665,Ophiophagus hannah,direct_original_and_live_match,no
V8PIB8,Ophiophagus hannah,Ophiophagus hannah,Ophiophagus hannah,8665,8665,Ophiophagus hannah,direct_original_and_live_match,no
V9I168,Vipera ursinii,Vipera ursinii,Vipera ursinii,103942,103942,Vipera ursinii,direct_original_and_live_match,no
V9I1B5,Daboia russelii,Daboia russelii,Daboia russelii,8707,8707,Daboia russelii,direct_original_and_live_match,no
V9I1K1,Daboia russelii,Daboia russelii,Daboia russelii,8707,8707,Daboia russelii,direct_original_and_live_match,no
A0A024AX08,,Micropechis ikaheca,Micropechis ikaheca,66188,,,group_level_or_name_unresolved,no
A0A024AX16,,Micropechis ikaheca,Micropechis ikaheca,66188,,,group_level_or_name_unresolved,no
A0A024AXC4,,Micropechis ikaheca,Micropechis ikaheca,66188,,,group_level_or_name_unresolved,no
A0A024AXD4,,Micropechis ikaheca,Micropechis ikaheca,66188,,,group_level_or_name_unresolved,no
A0A024AXD8,,Micropechis ikaheca,Micropechis ikaheca,66188,,,group_level_or_name_unresolved,no
A0A024AXH2,,Micropechis ikaheca,Micropechis ikaheca,66188,,,group_level_or_name_unresolved,no
A0A024AXY1,,Micropechis ikaheca,Micropechis ikaheca,66188,,,group_level_or_name_unresolved,no
A0A024AYC2,,Micropechis ikaheca,Micropechis ikaheca,66188,,,group_level_or_name_unresolved,no
A0A068B2C1,Gloydius intermedius,Gloydius intermedius,Gloydius intermedius,44732,44732,Gloydius intermedius,direct_original_and_live_match,no
A0A068B4V7,Gloydius intermedius,Gloydius intermedius,Gloydius intermedius,44732,44732,Gloydius intermedius,direct_original_and_live_match,no
A0A077L6M9,Protobothrops elegans,Protobothrops elegans,Protobothrops elegans,88086,88086,Protobothrops elegans,direct_original_and_live_match,no
A0A077L6T2,Protobothrops flavoviridis,Protobothrops flavoviridis,Protobothrops flavoviridis,88087,88087,Protobothrops flavoviridis,direct_original_and_live_match,no
A0A077L7D6,Protobothrops elegans,Protobothrops elegans,Protobothrops elegans,88086,88086,Protobothrops elegans,direct_original_and_live_match,no
A0A077L7E1,Protobothrops elegans,Protobothrops elegans,Protobothrops elegans,88086,88086,Protobothrops elegans,direct_original_and_live_match,no
A0A077L7I7,Protobothrops flavoviridis,Protobothrops flavoviridis,Protobothrops flavoviridis,88087,88087,Protobothrops flavoviridis,direct_original_and_live_match,no
A0A077L7M5,Protobothrops flavoviridis,Protobothrops flavoviridis,Protobothrops flavoviridis,88087,88087,Protobothrops flavoviridis,direct_original_and_live_match,no
A0A077L7Y5,Protobothrops elegans,Protobothrops elegans,Protobothrops elegans,88086,88086,Protobothrops elegans,direct_original_and_live_match,no
A0A077L844,Protobothrops flavoviridis,Protobothrops flavoviridis,Protobothrops flavoviridis,88087,88087,Protobothrops flavoviridis,direct_original_and_live_match,no
A0A077L861,Protobothrops flavoviridis,Protobothrops flavoviridis,Protobothrops flavoviridis,88087,88087,Protobothrops flavoviridis,direct_original_and_live_match,no
A0A077LA53,Protobothrops elegans,Protobothrops elegans,Protobothrops elegans,88086,88086,Protobothrops elegans,direct_original_and_live_match,no
A0A077LA61,Protobothrops elegans,Protobothrops elegans,Protobothrops elegans,88086,88086,Protobothrops elegans,direct_original_and_live_match,no
A0A077LA68,Protobothrops elegans,Protobothrops elegans,Protobothrops elegans,88086,88086,Protobothrops elegans,direct_original_and_live_match,no
A0A077LA75,Protobothrops elegans,Protobothrops elegans,Protobothrops elegans,88086,88086,Protobothrops elegans,direct_original_and_live_match,no
A0A077LAC3,Protobothrops flavoviridis,Protobothrops flavoviridis,Protobothrops flavoviridis,88087,88087,Protobothrops flavoviridis,direct_original_and_live_match,no
A0A077LAE2,Protobothrops flavoviridis,Protobothrops flavoviridis,Protobothrops flavoviridis,88087,88087,Protobothrops flavoviridis,direct_original_and_live_match,no
A0A077LD04,Protobothrops elegans,Protobothrops elegans,Protobothrops elegans,88086,88086,Protobothrops elegans,direct_original_and_live_match,no
A0A077LD34,Protobothrops flavoviridis,Protobothrops flavoviridis,Protobothrops flavoviridis,88087,88087,Protobothrops flavoviridis,direct_original_and_live_match,no
A0A077LD73,Protobothrops flavoviridis,Protobothrops flavoviridis,Protobothrops flavoviridis,88087,88087,Protobothrops flavoviridis,direct_original_and_live_match,no
A0A077LD96,Protobothrops flavoviridis,Protobothrops flavoviridis,Protobothrops flavoviridis,88087,88087,Protobothrops flavoviridis,direct_original_and_live_match,no
A0A098LWX5,,Opheodrys aestivus,Opheodrys aestivus,186591,,,group_level_or_name_unresolved,no
A0A098LWY0,,Opheodrys aestivus,Opheodrys aestivus,186591,,,group_level_or_name_unresolved,no
A0A098LY65,,Python regius,Python regius,51751,,,group_level_or_name_unresolved,no
A0A098LY89,,Python regius,Python regius,51751,,,group_level_or_name_unresolved,no
A0A098LYI7,,Pantherophis guttatus,Pantherophis guttatus,94885,,,group_level_or_name_unresolved,no
A0A098LYK0,,Pantherophis guttatus,Pantherophis guttatus,94885,,,group_level_or_name_unresolved,no
A0A098LYK3,,Pantherophis guttatus,Pantherophis guttatus,94885,,,group_level_or_name_unresolved,no
A0A098LYM0,,Pantherophis guttatus,Pantherophis guttatus,94885,,,group_level_or_name_unresolved,no
A0A0A1WCB1,Echis coloratus,Echis coloratus,Echis coloratus,64175,64175,Echis coloratus,direct_original_and_live_match,no
A0A0A1WCC0,Echis coloratus,Echis coloratus,Echis coloratus,64175,64175,Echis coloratus,direct_original_and_live_match,no
A0A0A1WCC5,Echis coloratus,Echis coloratus,Echis coloratus,64175,64175,Echis coloratus,direct_original_and_live_match,no
A0A0A1WCD4,Echis coloratus,Echis coloratus,Echis coloratus,64175,64175,Echis coloratus,direct_original_and_live_match,no
A0A0A1WCD8,Echis coloratus,Echis coloratus,Echis coloratus,64175,64175,Echis coloratus,direct_original_and_live_match,no
A0A0A1WCJ4,Echis coloratus,Echis coloratus,Echis coloratus,64175,64175,Echis coloratus,direct_original_and_live_match,no
A0A0A1WCJ8,Echis coloratus,Echis coloratus,Echis coloratus,64175,64175,Echis coloratus,direct_original_and_live_match,no
A0A0A1WCL8,Echis coloratus,Echis coloratus,Echis coloratus,64175,64175,Echis coloratus,direct_original_and_live_match,no
A0A0A1WCM3,Echis coloratus,Echis coloratus,Echis coloratus,64175,64175,Echis coloratus,direct_original_and_live_match,no
A0A0A1WCM8,Echis coloratus,Echis coloratus,Echis coloratus,64175,64175,Echis coloratus,direct_original_and_live_match,no
A0A0A1WD01,Echis coloratus,Echis coloratus,Echis coloratus,64175,64175,Echis coloratus,direct_original_and_live_match,no
A0A0A1WD17,Echis coloratus,Echis coloratus,Echis coloratus,64175,64175,Echis coloratus,direct_original_and_live_match,no
A0A0A1WD30,Echis coloratus,Echis coloratus,Echis coloratus,64175,64175,Echis coloratus,direct_original_and_live_match,no
A0A0A1WD34,Echis coloratus,Echis coloratus,Echis coloratus,64175,64175,Echis coloratus,direct_original_and_live_match,no
A0A0A1WDR0,Echis coloratus,Echis coloratus,Echis coloratus,64175,64175,Echis coloratus,direct_original_and_live_match,no
A0A0A1WDS0,Echis coloratus,Echis coloratus,Echis coloratus,64175,64175,Echis coloratus,direct_original_and_live_match,no
A0A0A1WDS1,Echis coloratus,Echis coloratus,Echis coloratus,64175,64175,Echis coloratus,direct_original_and_live_match,no
A0A0A1WDS6,Echis coloratus,Echis coloratus,Echis coloratus,64175,64175,Echis coloratus,direct_original_and_live_match,no
A0A0A1WDV1,Echis coloratus,Echis coloratus,Echis coloratus,64175,64175,Echis coloratus,direct_original_and_live_match,no
A0A0A1WDW9,Echis coloratus,Echis coloratus,Echis coloratus,64175,64175,Echis coloratus,direct_original_and_live_match,no
A0A0A1WDX5,Echis coloratus,Echis coloratus,Echis coloratus,64175,64175,Echis coloratus,direct_original_and_live_match,no
A0A0B4SXI8,,Philodryas chamissonis,Philodryas chamissonis,1050405,,,group_level_or_name_unresolved,no
A0A0C5DKL1,,Macrovipera lebetinus,Macrovipera lebetinus,3148341,,,group_level_or_name_unresolved,no
A0A0F7YYW3,Micrurus fulvius,Micrurus fulvius,Micrurus fulvius,8637,8637,Micrurus fulvius,direct_original_and_live_match,no
A0A0F7Z0Y7,Crotalus adamanteus,Crotalus adamanteus,Crotalus adamanteus,8729,8729,Crotalus adamanteus,direct_original_and_live_match,no
A0A0F7Z2N8,Crotalus adamanteus,Crotalus adamanteus,Crotalus adamanteus,8729,8729,Crotalus adamanteus,direct_original_and_live_match,no
A0A0F7Z2Q6,Crotalus adamanteus,Crotalus adamanteus,Crotalus adamanteus,8729,8729,Crotalus adamanteus,direct_original_and_live_match,no
A0A0F7Z2U7,Crotalus adamanteus,Crotalus adamanteus,Crotalus adamanteus,8729,8729,Crotalus adamanteus,direct_original_and_live_match,no
A0A0F7Z3A7,Crotalus adamanteus,Crotalus adamanteus,Crotalus adamanteus,8729,8729,Crotalus adamanteus,direct_original_and_live_match,no
A0A0F7Z3H3,Crotalus adamanteus,Crotalus adamanteus,Crotalus adamanteus,8729,8729,Crotalus adamanteus,direct_original_and_live_match,no
A0A0F7Z3H4,Crotalus adamanteus,Crotalus adamanteus,Crotalus adamanteus,8729,8729,Crotalus adamanteus,direct_original_and_live_match,no
A0A0F7Z7E6,Crotalus adamanteus,Crotalus adamanteus,Crotalus adamanteus,8729,8729,Crotalus adamanteus,direct_original_and_live_match,no
A0A0F7ZDX6,Crotalus adamanteus,Crotalus adamanteus,Crotalus adamanteus,8729,8729,Crotalus adamanteus,direct_original_and_live_match,no
A0A0G3YJD1,,Micrurus diastema,Micrurus diastema,39023,,,group_level_or_name_unresolved,no
A0A0H4IVP7,,Micrurus browni,Micrurus browni,1675716,,,group_level_or_name_unresolved,no
A0A0H4J512,,Micrurus browni,Micrurus browni,1675716,,,group_level_or_name_unresolved,no
A0A0M4AL12,Gloydius intermedius,Gloydius intermedius,Gloydius intermedius,44732,44732,Gloydius intermedius,direct_original_and_live_match,no
A0A0M4MEY5,Deinagkistrodon acutus,Deinagkistrodon acutus,Deinagkistrodon acutus,36307,36307,Deinagkistrodon acutus,direct_original_and_live_match,no
A0A140DC06,Bitis arietans,Bitis arietans,Bitis arietans,8692,8692,Bitis arietans,direct_original_and_live_match,no
A0A141DWL8,,Pseudagkistrodon rudis,Pseudagkistrodon rudis,2759634,,,group_level_or_name_unresolved,no
A0A141DWM0,,Pseudagkistrodon rudis,Pseudagkistrodon rudis,2759634,,,group_level_or_name_unresolved,no
A0A191UIN6,Bothrops asper,Bothrops asper,Bothrops asper,8722,8722,Bothrops asper,direct_original_and_live_match,no
A0A191UIS3,Echis ocellatus,Echis ocellatus,Echis ocellatus,99586,99586,Echis ocellatus,direct_original_and_live_match,no
A0A191UIS4,Atropoides spp,Atropoides picadoi,Atropoides picadoi,44729,44729,Atropoides picadoi,direct_original_and_live_match,yes
A0A191UIS5,Ophiophagus hannah,Ophiophagus hannah,Ophiophagus hannah,8665,8665,Ophiophagus hannah,direct_original_and_live_match,no
A0A191UIS7,Naja naja,Naja naja,Naja naja,35670,35670,Naja naja,direct_original_and_live_match,no
A0A191UIT0,,Boa constrictor,Boa constrictor,8574,,,group_level_or_name_unresolved,no
A0A191UIV2,Bothriechis lateralis,Bothriechis lateralis,Bothriechis lateralis,44727,44727,Bothriechis lateralis,direct_original_and_live_match,no
A0A191UIV5,Echis ocellatus,Echis ocellatus,Echis ocellatus,99586,99586,Echis ocellatus,direct_original_and_live_match,no
A0A191UIV7,Bothrops asper,Bothrops asper,Bothrops asper,8722,8722,Bothrops asper,direct_original_and_live_match,no
A0A191UIW0,Atropoides spp,Atropoides picadoi,Atropoides picadoi,44729,44729,Atropoides picadoi,direct_original_and_live_match,yes
A0A191UIW2,,Boa constrictor,Boa constrictor,8574,,,group_level_or_name_unresolved,no
A0A191UIW4,Bothriechis lateralis,Bothriechis lateralis,Bothriechis lateralis,44727,44727,Bothriechis lateralis,direct_original_and_live_match,no
A0A191UIW7,Ophiophagus hannah,Ophiophagus hannah,Ophiophagus hannah,8665,8665,Ophiophagus hannah,direct_original_and_live_match,no
A0A191UIY3,,Zamenis scalaris,Zamenis scalaris,122933,,,group_level_or_name_unresolved,no
A0A191UIY4,,Zamenis scalaris,Zamenis scalaris,122933,,,group_level_or_name_unresolved,no
A0A193CHJ2,Crotalus tzabcan,Crotalus tzabcan,Crotalus tzabcan,1043006,1043006,Crotalus tzabcan,direct_original_and_live_match,no
A0A193CHJ4,Crotalus tzabcan,Crotalus tzabcan,Crotalus tzabcan,1043006,1043006,Crotalus tzabcan,direct_original_and_live_match,no
A0A193CHJ9,Crotalus tzabcan,Crotalus tzabcan,Crotalus tzabcan,1043006,1043006,Crotalus tzabcan,direct_original_and_live_match,no
A0A1B3AXS3,Bitis arietans,Bitis arietans,Bitis arietans,8692,8692,Bitis arietans,direct_original_and_live_match,no
A0A1D8BAW6,Pseudechis papuanus,Pseudechis papuanus,Pseudechis papuanus,61265,61265,Pseudechis papuanus,direct_original_and_live_match,no
A0A1D8BAX9,Pseudechis papuanus,Pseudechis papuanus,Pseudechis papuanus,61265,61265,Pseudechis papuanus,direct_original_and_live_match,no
A0A1I9KNP4,Vipera ammodytes,Vipera ammodytes,Vipera ammodytes,8705,8704,Vipera ammodytes,direct_original_and_live_match,no
A0A1I9KNR4,Vipera ammodytes,Vipera ammodytes,Vipera ammodytes,8705,8704,Vipera ammodytes,direct_original_and_live_match,no
A0A1I9KNR7,Vipera ammodytes,Vipera ammodytes,Vipera ammodytes,8705,8704,Vipera ammodytes,direct_original_and_live_match,no
A0A1J0CQH1,Naja naja,Naja naja,Naja naja,35670,35670,Naja naja,direct_original_and_live_match,no
A0A1J0CZN0,Vipera ammodytes,Vipera ammodytes,Vipera ammodytes,8705,8704,Vipera ammodytes,direct_original_and_live_match,no
A0A1J0CZN1,Vipera ammodytes,Vipera ammodytes,Vipera ammodytes,8705,8704,Vipera ammodytes,direct_original_and_live_match,no
A0A1L8D5Z9,Bothrops atrox,Bothrops atrox,Bothrops atrox,8725,8725,Bothrops atrox,direct_original_and_live_match,no
A0A1L8D609,Bothrops atrox,Bothrops atrox,Bothrops atrox,8725,8725,Bothrops atrox,direct_original_and_live_match,no
A0A1L8D613,Bothrops atrox,Bothrops atrox,Bothrops atrox,8725,8725,Bothrops atrox,direct_original_and_live_match,no
A0A1L8D618,Bothrops atrox,Bothrops atrox,Bothrops atrox,8725,8725,Bothrops atrox,direct_original_and_live_match,no
A0A1L8D619,Bothrops atrox,Bothrops atrox,Bothrops atrox,8725,8725,Bothrops atrox,direct_original_and_live_match,no
A0A1L8D622,Bothrops atrox,Bothrops atrox,Bothrops atrox,8725,8725,Bothrops atrox,direct_original_and_live_match,no
A0A1L8D623,Bothrops atrox,Bothrops atrox,Bothrops atrox,8725,8725,Bothrops atrox,direct_original_and_live_match,no
A0A1L8D624,Bothrops atrox,Bothrops atrox,Bothrops atrox,8725,8725,Bothrops atrox,direct_original_and_live_match,no
A0A1L8D627,Bothrops atrox,Bothrops atrox,Bothrops atrox,8725,8725,Bothrops atrox,direct_original_and_live_match,no
A0A1L8D629,Bothrops atrox,Bothrops atrox,Bothrops atrox,8725,8725,Bothrops atrox,direct_original_and_live_match,no
A0A1L8D630,Bothrops atrox,Bothrops atrox,Bothrops atrox,8725,8725,Bothrops atrox,direct_original_and_live_match,no
A0A1L8D631,Bothrops atrox,Bothrops atrox,Bothrops atrox,8725,8725,Bothrops atrox,direct_original_and_live_match,no
A0A1L8D632,Bothrops atrox,Bothrops atrox,Bothrops atrox,8725,8725,Bothrops atrox,direct_original_and_live_match,no
A0A1L8D634,Bothrops atrox,Bothrops atrox,Bothrops atrox,8725,8725,Bothrops atrox,direct_original_and_live_match,no
A0A1L8D636,Bothrops atrox,Bothrops atrox,Bothrops atrox,8725,8725,Bothrops atrox,direct_original_and_live_match,no
A0A1L8D638,Bothrops atrox,Bothrops atrox,Bothrops atrox,8725,8725,Bothrops atrox,direct_original_and_live_match,no
A0A1L8D639,Bothrops atrox,Bothrops atrox,Bothrops atrox,8725,8725,Bothrops atrox,direct_original_and_live_match,no
A0A1L8D640,Bothrops atrox,Bothrops atrox,Bothrops atrox,8725,8725,Bothrops atrox,direct_original_and_live_match,no
A0A1L8D643,Bothrops atrox,Bothrops atrox,Bothrops atrox,8725,8725,Bothrops atrox,direct_original_and_live_match,no
A0A1L8D644,Bothrops atrox,Bothrops atrox,Bothrops atrox,8725,8725,Bothrops atrox,direct_original_and_live_match,no
A0A1L8D645,Bothrops atrox,Bothrops atrox,Bothrops atrox,8725,8725,Bothrops atrox,direct_original_and_live_match,no
A0A1L8D647,Bothrops atrox,Bothrops atrox,Bothrops atrox,8725,8725,Bothrops atrox,direct_original_and_live_match,no
A0A1L8D648,Bothrops atrox,Bothrops atrox,Bothrops atrox,8725,8725,Bothrops atrox,direct_original_and_live_match,no
A0A1L8D650,Bothrops atrox,Bothrops atrox,Bothrops atrox,8725,8725,Bothrops atrox,direct_original_and_live_match,no
A0A1L8D653,Bothrops atrox,Bothrops atrox,Bothrops atrox,8725,8725,Bothrops atrox,direct_original_and_live_match,no
A0A1L8D654,Bothrops atrox,Bothrops atrox,Bothrops atrox,8725,8725,Bothrops atrox,direct_original_and_live_match,no
A0A1L8D657,Bothrops atrox,Bothrops atrox,Bothrops atrox,8725,8725,Bothrops atrox,direct_original_and_live_match,no
A0A1L8D659,Bothrops atrox,Bothrops atrox,Bothrops atrox,8725,8725,Bothrops atrox,direct_original_and_live_match,no
A0A1L8D661,Bothrops atrox,Bothrops atrox,Bothrops atrox,8725,8725,Bothrops atrox,direct_original_and_live_match,no
A0A1L8D663,Bothrops atrox,Bothrops atrox,Bothrops atrox,8725,8725,Bothrops atrox,direct_original_and_live_match,no
A0A1L8D670,Bothrops atrox,Bothrops atrox,Bothrops atrox,8725,8725,Bothrops atrox,direct_original_and_live_match,no
A0A1L8D672,Bothrops atrox,Bothrops atrox,Bothrops atrox,8725,8725,Bothrops atrox,direct_original_and_live_match,no
A0A1L8D673,Bothrops atrox,Bothrops atrox,Bothrops atrox,8725,8725,Bothrops atrox,direct_original_and_live_match,no
A0A1L8D678,Bothrops atrox,Bothrops atrox,Bothrops atrox,8725,8725,Bothrops atrox,direct_original_and_live_match,no
A0A1L8D687,Bothrops atrox,Bothrops atrox,Bothrops atrox,8725,8725,Bothrops atrox,direct_original_and_live_match,no
A0A1L8D697,Bothrops atrox,Bothrops atrox,Bothrops atrox,8725,8725,Bothrops atrox,direct_original_and_live_match,no
A0A1L8D6A2,Bothrops atrox,Bothrops atrox,Bothrops atrox,8725,8725,Bothrops atrox,direct_original_and_live_match,no
A0A1L8D6A6,Bothrops atrox,Bothrops atrox,Bothrops atrox,8725,8725,Bothrops atrox,direct_original_and_live_match,no
A0A1L8D6B2,Bothrops atrox,Bothrops atrox,Bothrops atrox,8725,8725,Bothrops atrox,direct_original_and_live_match,no
A0A1L8D6B3,Bothrops atrox,Bothrops atrox,Bothrops atrox,8725,8725,Bothrops atrox,direct_original_and_live_match,no
A0A1L8D6B9,Bothrops atrox,Bothrops atrox,Bothrops atrox,8725,8725,Bothrops atrox,direct_original_and_live_match,no
A0A1L8D6C2,Bothrops atrox,Bothrops atrox,Bothrops atrox,8725,8725,Bothrops atrox,direct_original_and_live_match,no
A0A1L8D6C7,Bothrops atrox,Bothrops atrox,Bothrops atrox,8725,8725,Bothrops atrox,direct_original_and_live_match,no
A0A1L8D6C9,Bothrops atrox,Bothrops atrox,Bothrops atrox,8725,8725,Bothrops atrox,direct_original_and_live_match,no
A0A1L8D6D7,Bothrops atrox,Bothrops atrox,Bothrops atrox,8725,8725,Bothrops atrox,direct_original_and_live_match,no
A0A1L8D6E0,Bothrops atrox,Bothrops atrox,Bothrops atrox,8725,8725,Bothrops atrox,direct_original_and_live_match,no
A0A1L8D6E3,Bothrops atrox,Bothrops atrox,Bothrops atrox,8725,8725,Bothrops atrox,direct_original_and_live_match,no
A0A1L8D6E6,Bothrops atrox,Bothrops atrox,Bothrops atrox,8725,8725,Bothrops atrox,direct_original_and_live_match,no
A0A1L8D6E9,Bothrops atrox,Bothrops atrox,Bothrops atrox,8725,8725,Bothrops atrox,direct_original_and_live_match,no
A0A1L8D6F1,Bothrops atrox,Bothrops atrox,Bothrops atrox,8725,8725,Bothrops atrox,direct_original_and_live_match,no
A0A1L8D6F6,Bothrops atrox,Bothrops atrox,Bothrops atrox,8725,8725,Bothrops atrox,direct_original_and_live_match,no
A0A1L8D6F9,Bothrops atrox,Bothrops atrox,Bothrops atrox,8725,8725,Bothrops atrox,direct_original_and_live_match,no
A0A1L8D6G5,Bothrops atrox,Bothrops atrox,Bothrops atrox,8725,8725,Bothrops atrox,direct_original_and_live_match,no
A0A1L8D6G9,Bothrops atrox,Bothrops atrox,Bothrops atrox,8725,8725,Bothrops atrox,direct_original_and_live_match,no
A0A1L8D6H4,Bothrops atrox,Bothrops atrox,Bothrops atrox,8725,8725,Bothrops atrox,direct_original_and_live_match,no
A0A1L8D6H8,Bothrops atrox,Bothrops atrox,Bothrops atrox,8725,8725,Bothrops atrox,direct_original_and_live_match,no
A0A1W7RBC3,Crotalus adamanteus,Crotalus adamanteus,Crotalus adamanteus,8729,8729,Crotalus adamanteus,direct_original_and_live_match,no
A0A223PK16,Daboia russelii,Daboia russelii,Daboia russelii,8707,8707,Daboia russelii,direct_original_and_live_match,no
A0A223PK20,Daboia russelii,Daboia russelii,Daboia russelii,8707,8707,Daboia russelii,direct_original_and_live_match,no
A0A223PK21,Daboia russelii,Daboia russelii,Daboia russelii,8707,8707,Daboia russelii,direct_original_and_live_match,no
A0A223PK22,Daboia russelii,Daboia russelii,Daboia russelii,8707,8707,Daboia russelii,direct_original_and_live_match,no
A0A223PK26,Daboia russelii,Daboia russelii,Daboia russelii,8707,8707,Daboia russelii,direct_original_and_live_match,no
A0A223PK28,Daboia russelii,Daboia russelii,Daboia russelii,8707,8707,Daboia russelii,direct_original_and_live_match,no
A0A223PK48,Daboia russelii,Daboia russelii,Daboia russelii,8707,8707,Daboia russelii,direct_original_and_live_match,no
A0A2H4N3D1,Bothrops moojeni,Bothrops moojeni,Bothrops moojeni,98334,98334,Bothrops moojeni,direct_original_and_live_match,no
A0A2H4N3D3,Bothrops moojeni,Bothrops moojeni,Bothrops moojeni,98334,98334,Bothrops moojeni,direct_original_and_live_match,no
A0A2H4N3D5,Bothrops moojeni,Bothrops moojeni,Bothrops moojeni,98334,98334,Bothrops moojeni,direct_original_and_live_match,no
A0A2H4N3D6,Bothrops moojeni,Bothrops moojeni,Bothrops moojeni,98334,98334,Bothrops moojeni,direct_original_and_live_match,no
A0A2H4Z2X6,Daboia siamensis,Daboia siamensis,Daboia siamensis,343250,343250,Daboia siamensis,direct_original_and_live_match,no
A0A2H4Z2X7,Daboia siamensis,Daboia siamensis,Daboia siamensis,343250,343250,Daboia siamensis,direct_original_and_live_match,no
A0A2H4Z2Y1,Daboia siamensis,Daboia siamensis,Daboia siamensis,343250,343250,Daboia siamensis,direct_original_and_live_match,no
A0A2Z4N9X2,,Philothamnus irregularis,Philothamnus irregularis,1899461,,,group_level_or_name_unresolved,no
A0A346CIA6,,Spilotes sulphureus,Spilotes sulphureus,1899469,,,group_level_or_name_unresolved,no
A0A346CLV7,,Borikenophis portoricensis,Borikenophis portoricensis,1260276,,,group_level_or_name_unresolved,no
A0A346CLV8,,Borikenophis portoricensis,Borikenophis portoricensis,1260276,,,group_level_or_name_unresolved,no
A0A346CLV9,,Borikenophis portoricensis,Borikenophis portoricensis,1260276,,,group_level_or_name_unresolved,no
A0A346CLW0,,Borikenophis portoricensis,Borikenophis portoricensis,1260276,,,group_level_or_name_unresolved,no
A0A346CLY3,,Ahaetulla prasina,Ahaetulla prasina,499056,,,group_level_or_name_unresolved,no
A0A346CM05,,Ahaetulla prasina,Ahaetulla prasina,499056,,,group_level_or_name_unresolved,no
A0A670XU06,Pseudonaja textilis,Pseudonaja textilis,Pseudonaja textilis,8673,8673,Pseudonaja textilis,direct_original_and_live_match,no
A0A670Y7T3,Pseudonaja textilis,Pseudonaja textilis,Pseudonaja textilis,8673,8673,Pseudonaja textilis,direct_original_and_live_match,no
A0A670YBA5,Pseudonaja textilis,Pseudonaja textilis,Pseudonaja textilis,8673,8673,Pseudonaja textilis,direct_original_and_live_match,no
A0A670YCB4,Pseudonaja textilis,Pseudonaja textilis,Pseudonaja textilis,8673,8673,Pseudonaja textilis,direct_original_and_live_match,no
A0A670YES4,Pseudonaja textilis,Pseudonaja textilis,Pseudonaja textilis,8673,8673,Pseudonaja textilis,direct_original_and_live_match,no
A0A670YF05,Pseudonaja textilis,Pseudonaja textilis,Pseudonaja textilis,8673,8673,Pseudonaja textilis,direct_original_and_live_match,no
A0A670YFC6,Pseudonaja textilis,Pseudonaja textilis,Pseudonaja textilis,8673,8673,Pseudonaja textilis,direct_original_and_live_match,no
A0A670YFK1,Pseudonaja textilis,Pseudonaja textilis,Pseudonaja textilis,8673,8673,Pseudonaja textilis,direct_original_and_live_match,no
A0A670YHN0,Pseudonaja textilis,Pseudonaja textilis,Pseudonaja textilis,8673,8673,Pseudonaja textilis,direct_original_and_live_match,no
A0A670YMA9,Pseudonaja textilis,Pseudonaja textilis,Pseudonaja textilis,8673,8673,Pseudonaja textilis,direct_original_and_live_match,no
A0A670YNB5,Pseudonaja textilis,Pseudonaja textilis,Pseudonaja textilis,8673,8673,Pseudonaja textilis,direct_original_and_live_match,no
A0A670YRG0,Pseudonaja textilis,Pseudonaja textilis,Pseudonaja textilis,8673,8673,Pseudonaja textilis,direct_original_and_live_match,no
A0A670YRH6,Pseudonaja textilis,Pseudonaja textilis,Pseudonaja textilis,8673,8673,Pseudonaja textilis,direct_original_and_live_match,no
A0A670YRX9,Pseudonaja textilis,Pseudonaja textilis,Pseudonaja textilis,8673,8673,Pseudonaja textilis,direct_original_and_live_match,no
A0A670YRZ0,Pseudonaja textilis,Pseudonaja textilis,Pseudonaja textilis,8673,8673,Pseudonaja textilis,direct_original_and_live_match,no
A0A670YTK0,Pseudonaja textilis,Pseudonaja textilis,Pseudonaja textilis,8673,8673,Pseudonaja textilis,direct_original_and_live_match,no
A0A670YVN4,Pseudonaja textilis,Pseudonaja textilis,Pseudonaja textilis,8673,8673,Pseudonaja textilis,direct_original_and_live_match,no
A0A670YWY2,Pseudonaja textilis,Pseudonaja textilis,Pseudonaja textilis,8673,8673,Pseudonaja textilis,direct_original_and_live_match,no
A0A670YX77,Pseudonaja textilis,Pseudonaja textilis,Pseudonaja textilis,8673,8673,Pseudonaja textilis,direct_original_and_live_match,no
A0A670YXV4,Pseudonaja textilis,Pseudonaja textilis,Pseudonaja textilis,8673,8673,Pseudonaja textilis,direct_original_and_live_match,no
A0A670YXY9,Pseudonaja textilis,Pseudonaja textilis,Pseudonaja textilis,8673,8673,Pseudonaja textilis,direct_original_and_live_match,no
A0A670YXZ8,Pseudonaja textilis,Pseudonaja textilis,Pseudonaja textilis,8673,8673,Pseudonaja textilis,direct_original_and_live_match,no
A0A670YY32,Pseudonaja textilis,Pseudonaja textilis,Pseudonaja textilis,8673,8673,Pseudonaja textilis,direct_original_and_live_match,no
A0A670YY53,Pseudonaja textilis,Pseudonaja textilis,Pseudonaja textilis,8673,8673,Pseudonaja textilis,direct_original_and_live_match,no
A0A670YZH3,Pseudonaja textilis,Pseudonaja textilis,Pseudonaja textilis,8673,8673,Pseudonaja textilis,direct_original_and_live_match,no
A0A670Z089,Pseudonaja textilis,Pseudonaja textilis,Pseudonaja textilis,8673,8673,Pseudonaja textilis,direct_original_and_live_match,no
A0A670Z092,Pseudonaja textilis,Pseudonaja textilis,Pseudonaja textilis,8673,8673,Pseudonaja textilis,direct_original_and_live_match,no
A0A670Z094,Pseudonaja textilis,Pseudonaja textilis,Pseudonaja textilis,8673,8673,Pseudonaja textilis,direct_original_and_live_match,no
A0A670Z2H0,Pseudonaja textilis,Pseudonaja textilis,Pseudonaja textilis,8673,8673,Pseudonaja textilis,direct_original_and_live_match,no
A0A670Z3N3,Pseudonaja textilis,Pseudonaja textilis,Pseudonaja textilis,8673,8673,Pseudonaja textilis,direct_original_and_live_match,no
A0A670Z4C4,Pseudonaja textilis,Pseudonaja textilis,Pseudonaja textilis,8673,8673,Pseudonaja textilis,direct_original_and_live_match,no
A0A670Z4F0,Pseudonaja textilis,Pseudonaja textilis,Pseudonaja textilis,8673,8673,Pseudonaja textilis,direct_original_and_live_match,no
A0A670Z4K0,Pseudonaja textilis,Pseudonaja textilis,Pseudonaja textilis,8673,8673,Pseudonaja textilis,direct_original_and_live_match,no
A0A670Z4K9,Pseudonaja textilis,Pseudonaja textilis,Pseudonaja textilis,8673,8673,Pseudonaja textilis,direct_original_and_live_match,no
A0A670Z5R8,Pseudonaja textilis,Pseudonaja textilis,Pseudonaja textilis,8673,8673,Pseudonaja textilis,direct_original_and_live_match,no
A0A670Z658,Pseudonaja textilis,Pseudonaja textilis,Pseudonaja textilis,8673,8673,Pseudonaja textilis,direct_original_and_live_match,no
A0A670Z6N2,Pseudonaja textilis,Pseudonaja textilis,Pseudonaja textilis,8673,8673,Pseudonaja textilis,direct_original_and_live_match,no
A0A670Z8I6,Pseudonaja textilis,Pseudonaja textilis,Pseudonaja textilis,8673,8673,Pseudonaja textilis,direct_original_and_live_match,no
A0A670Z8L6,Pseudonaja textilis,Pseudonaja textilis,Pseudonaja textilis,8673,8673,Pseudonaja textilis,direct_original_and_live_match,no
A0A670Z9F0,Pseudonaja textilis,Pseudonaja textilis,Pseudonaja textilis,8673,8673,Pseudonaja textilis,direct_original_and_live_match,no
A0A670ZCG9,Pseudonaja textilis,Pseudonaja textilis,Pseudonaja textilis,8673,8673,Pseudonaja textilis,direct_original_and_live_match,no
A0A670ZCH7,Pseudonaja textilis,Pseudonaja textilis,Pseudonaja textilis,8673,8673,Pseudonaja textilis,direct_original_and_live_match,no
A0A670ZF24,Pseudonaja textilis,Pseudonaja textilis,Pseudonaja textilis,8673,8673,Pseudonaja textilis,direct_original_and_live_match,no
A0A670ZF85,Pseudonaja textilis,Pseudonaja textilis,Pseudonaja textilis,8673,8673,Pseudonaja textilis,direct_original_and_live_match,no
A0A670ZJA6,Pseudonaja textilis,Pseudonaja textilis,Pseudonaja textilis,8673,8673,Pseudonaja textilis,direct_original_and_live_match,no
A0A670ZN16,Pseudonaja textilis,Pseudonaja textilis,Pseudonaja textilis,8673,8673,Pseudonaja textilis,direct_original_and_live_match,no
A0A670ZQG9,Pseudonaja textilis,Pseudonaja textilis,Pseudonaja textilis,8673,8673,Pseudonaja textilis,direct_original_and_live_match,no
A0A670ZQM8,Pseudonaja textilis,Pseudonaja textilis,Pseudonaja textilis,8673,8673,Pseudonaja textilis,direct_original_and_live_match,no
A0A670ZQU7,Pseudonaja textilis,Pseudonaja textilis,Pseudonaja textilis,8673,8673,Pseudonaja textilis,direct_original_and_live_match,no
A0A670ZQZ9,Pseudonaja textilis,Pseudonaja textilis,Pseudonaja textilis,8673,8673,Pseudonaja textilis,direct_original_and_live_match,no
A0A670ZR02,Pseudonaja textilis,Pseudonaja textilis,Pseudonaja textilis,8673,8673,Pseudonaja textilis,direct_original_and_live_match,no
A0A670ZR39,Pseudonaja textilis,Pseudonaja textilis,Pseudonaja textilis,8673,8673,Pseudonaja textilis,direct_original_and_live_match,no
A0A670ZR51,Pseudonaja textilis,Pseudonaja textilis,Pseudonaja textilis,8673,8673,Pseudonaja textilis,direct_original_and_live_match,no
A0A670ZR54,Pseudonaja textilis,Pseudonaja textilis,Pseudonaja textilis,8673,8673,Pseudonaja textilis,direct_original_and_live_match,no
A0A670ZUY1,Pseudonaja textilis,Pseudonaja textilis,Pseudonaja textilis,8673,8673,Pseudonaja textilis,direct_original_and_live_match,no
A0A670ZVI2,Pseudonaja textilis,Pseudonaja textilis,Pseudonaja textilis,8673,8673,Pseudonaja textilis,direct_original_and_live_match,no
A0A6B7FMP6,Vipera ammodytes,Vipera ammodytes,Vipera ammodytes,8705,8704,Vipera ammodytes,direct_original_and_live_match,no
A0A6G5ZUA2,,Vipera anatolica,Vipera anatolica,2604287,,,group_level_or_name_unresolved,no
A0A6G5ZUA3,,Vipera anatolica,Vipera anatolica,2604287,,,group_level_or_name_unresolved,no
A0A6G5ZUL8,,Vipera anatolica,Vipera anatolica,2604287,,,group_level_or_name_unresolved,no
A0A6G5ZUZ2,,Vipera anatolica,Vipera anatolica,2604287,,,group_level_or_name_unresolved,no
A0A6G5ZVK4,,Vipera anatolica,Vipera anatolica,2604287,,,group_level_or_name_unresolved,no
A0A6G5ZVR7,,Vipera anatolica,Vipera anatolica,2604287,,,group_level_or_name_unresolved,no
A0A6G5ZVS7,,Vipera anatolica,Vipera anatolica,2604287,,,group_level_or_name_unresolved,no
A0A6G5ZW29,,Vipera anatolica,Vipera anatolica,2604287,,,group_level_or_name_unresolved,no
A0A6H1Z3X8,Trimeresurus purpureomaculatus,Trimeresurus purpureomaculatus,Trimeresurus purpureomaculatus,101163,101163,Trimeresurus purpureomaculatus,direct_original_and_live_match,no
A0A6I9WVW1,,Thamnophis sirtalis,Thamnophis sirtalis,35019,,,group_level_or_name_unresolved,no
A0A6I9XM06,,Thamnophis sirtalis,Thamnophis sirtalis,35019,,,group_level_or_name_unresolved,no
A0A6I9XMK9,,Thamnophis sirtalis,Thamnophis sirtalis,35019,,,group_level_or_name_unresolved,no
A0A6I9XP91,,Thamnophis sirtalis,Thamnophis sirtalis,35019,,,group_level_or_name_unresolved,no
A0A6I9XQN1,,Thamnophis sirtalis,Thamnophis sirtalis,35019,,,group_level_or_name_unresolved,no
A0A6I9XR48,,Thamnophis sirtalis,Thamnophis sirtalis,35019,,,group_level_or_name_unresolved,no
A0A6I9XRD9,,Thamnophis sirtalis,Thamnophis sirtalis,35019,,,group_level_or_name_unresolved,no
A0A6I9XRG9,,Thamnophis sirtalis,Thamnophis sirtalis,35019,,,group_level_or_name_unresolved,no
A0A6I9XWH7,,Thamnophis sirtalis,Thamnophis sirtalis,35019,,,group_level_or_name_unresolved,no
A0A6I9XY14,,Thamnophis sirtalis,Thamnophis sirtalis,35019,,,group_level_or_name_unresolved,no
A0A6I9Y0B7,,Thamnophis sirtalis,Thamnophis sirtalis,35019,,,group_level_or_name_unresolved,no
A0A6I9Y1F9,,Thamnophis sirtalis,Thamnophis sirtalis,35019,,,group_level_or_name_unresolved,no
A0A6I9Y1S6,,Thamnophis sirtalis,Thamnophis sirtalis,35019,,,group_level_or_name_unresolved,no
A0A6I9Y269,,Thamnophis sirtalis,Thamnophis sirtalis,35019,,,group_level_or_name_unresolved,no
A0A6I9Y3Y0,,Thamnophis sirtalis,Thamnophis sirtalis,35019,,,group_level_or_name_unresolved,no
A0A6I9Y6J6,,Thamnophis sirtalis,Thamnophis sirtalis,35019,,,group_level_or_name_unresolved,no
A0A6I9Y860,,Thamnophis sirtalis,Thamnophis sirtalis,35019,,,group_level_or_name_unresolved,no
A0A6I9Y963,,Thamnophis sirtalis,Thamnophis sirtalis,35019,,,group_level_or_name_unresolved,no
A0A6I9YAN6,,Thamnophis sirtalis,Thamnophis sirtalis,35019,,,group_level_or_name_unresolved,no
A0A6I9YCV0,,Thamnophis sirtalis,Thamnophis sirtalis,35019,,,group_level_or_name_unresolved,no
A0A6I9YE12,,Thamnophis sirtalis,Thamnophis sirtalis,35019,,,group_level_or_name_unresolved,no
A0A6I9YPQ4,,Thamnophis sirtalis,Thamnophis sirtalis,35019,,,group_level_or_name_unresolved,no
A0A6I9YQR0,,Thamnophis sirtalis,Thamnophis sirtalis,35019,,,group_level_or_name_unresolved,no
A0A6I9YQU3,,Thamnophis sirtalis,Thamnophis sirtalis,35019,,,group_level_or_name_unresolved,no
A0A6I9YS60,,Thamnophis sirtalis,Thamnophis sirtalis,35019,,,group_level_or_name_unresolved,no
A0A6I9YU84,,Thamnophis sirtalis,Thamnophis sirtalis,35019,,,group_level_or_name_unresolved,no
A0A6I9YUC4,,Thamnophis sirtalis,Thamnophis sirtalis,35019,,,group_level_or_name_unresolved,no
A0A6I9YUV8,,Thamnophis sirtalis,Thamnophis sirtalis,35019,,,group_level_or_name_unresolved,no
A0A6I9YXJ9,,Thamnophis sirtalis,Thamnophis sirtalis,35019,,,group_level_or_name_unresolved,no
A0A6I9Z0L4,,Thamnophis sirtalis,Thamnophis sirtalis,35019,,,group_level_or_name_unresolved,no
A0A6I9Z8L8,,Thamnophis sirtalis,Thamnophis sirtalis,35019,,,group_level_or_name_unresolved,no
A0A6J1TW09,Notechis scutatus,Notechis scutatus,Notechis scutatus,8663,8663,Notechis scutatus,direct_original_and_live_match,no
A0A6J1TY79,Notechis scutatus,Notechis scutatus,Notechis scutatus,8663,8663,Notechis scutatus,direct_original_and_live_match,no
A0A6J1TYG6,Notechis scutatus,Notechis scutatus,Notechis scutatus,8663,8663,Notechis scutatus,direct_original_and_live_match,no
A0A6J1TYX8,Notechis scutatus,Notechis scutatus,Notechis scutatus,8663,8663,Notechis scutatus,direct_original_and_live_match,no
A0A6J1TZI9,Notechis scutatus,Notechis scutatus,Notechis scutatus,8663,8663,Notechis scutatus,direct_original_and_live_match,no
A0A6J1U3K7,Notechis scutatus,Notechis scutatus,Notechis scutatus,8663,8663,Notechis scutatus,direct_original_and_live_match,no
A0A6J1U606,Notechis scutatus,Notechis scutatus,Notechis scutatus,8663,8663,Notechis scutatus,direct_original_and_live_match,no
A0A6J1UH79,Notechis scutatus,Notechis scutatus,Notechis scutatus,8663,8663,Notechis scutatus,direct_original_and_live_match,no
A0A6J1UWG7,Notechis scutatus,Notechis scutatus,Notechis scutatus,8663,8663,Notechis scutatus,direct_original_and_live_match,no
A0A6J1UX37,Notechis scutatus,Notechis scutatus,Notechis scutatus,8663,8663,Notechis scutatus,direct_original_and_live_match,no
A0A6J1UXP1,Notechis scutatus,Notechis scutatus,Notechis scutatus,8663,8663,Notechis scutatus,direct_original_and_live_match,no
A0A6J1UYZ3,Notechis scutatus,Notechis scutatus,Notechis scutatus,8663,8663,Notechis scutatus,direct_original_and_live_match,no
A0A6J1UZF8,Notechis scutatus,Notechis scutatus,Notechis scutatus,8663,8663,Notechis scutatus,direct_original_and_live_match,no
A0A6J1V0W1,Notechis scutatus,Notechis scutatus,Notechis scutatus,8663,8663,Notechis scutatus,direct_original_and_live_match,no
A0A6J1V9D0,Notechis scutatus,Notechis scutatus,Notechis scutatus,8663,8663,Notechis scutatus,direct_original_and_live_match,no
A0A6J1VAM2,Notechis scutatus,Notechis scutatus,Notechis scutatus,8663,8663,Notechis scutatus,direct_original_and_live_match,no
A0A6J1VBW7,Notechis scutatus,Notechis scutatus,Notechis scutatus,8663,8663,Notechis scutatus,direct_original_and_live_match,no
A0A6J1VFN9,Notechis scutatus,Notechis scutatus,Notechis scutatus,8663,8663,Notechis scutatus,direct_original_and_live_match,no
A0A6J1VHM7,Notechis scutatus,Notechis scutatus,Notechis scutatus,8663,8663,Notechis scutatus,direct_original_and_live_match,no
A0A6J1VHP0,Notechis scutatus,Notechis scutatus,Notechis scutatus,8663,8663,Notechis scutatus,direct_original_and_live_match,no
A0A6J1VI58,Notechis scutatus,Notechis scutatus,Notechis scutatus,8663,8663,Notechis scutatus,direct_original_and_live_match,no
A0A6J1VIH2,Notechis scutatus,Notechis scutatus,Notechis scutatus,8663,8663,Notechis scutatus,direct_original_and_live_match,no
A0A6J1VII3,Notechis scutatus,Notechis scutatus,Notechis scutatus,8663,8663,Notechis scutatus,direct_original_and_live_match,no
A0A6J1VIK0,Notechis scutatus,Notechis scutatus,Notechis scutatus,8663,8663,Notechis scutatus,direct_original_and_live_match,no
A0A6J1VJU1,Notechis scutatus,Notechis scutatus,Notechis scutatus,8663,8663,Notechis scutatus,direct_original_and_live_match,no
A0A6J1VJW0,Notechis scutatus,Notechis scutatus,Notechis scutatus,8663,8663,Notechis scutatus,direct_original_and_live_match,no
A0A6J1VNG6,Notechis scutatus,Notechis scutatus,Notechis scutatus,8663,8663,Notechis scutatus,direct_original_and_live_match,no
A0A6J1VNR8,Notechis scutatus,Notechis scutatus,Notechis scutatus,8663,8663,Notechis scutatus,direct_original_and_live_match,no
A0A6J1VQ65,Notechis scutatus,Notechis scutatus,Notechis scutatus,8663,8663,Notechis scutatus,direct_original_and_live_match,no
A0A6J1VQ84,Notechis scutatus,Notechis scutatus,Notechis scutatus,8663,8663,Notechis scutatus,direct_original_and_live_match,no
A0A6J1VQ90,Notechis scutatus,Notechis scutatus,Notechis scutatus,8663,8663,Notechis scutatus,direct_original_and_live_match,no
A0A6J1VS11,Notechis scutatus,Notechis scutatus,Notechis scutatus,8663,8663,Notechis scutatus,direct_original_and_live_match,no
A0A6J1VS18,Notechis scutatus,Notechis scutatus,Notechis scutatus,8663,8663,Notechis scutatus,direct_original_and_live_match,no
A0A6J1VTG0,Notechis scutatus,Notechis scutatus,Notechis scutatus,8663,8663,Notechis scutatus,direct_original_and_live_match,no
A0A6J1VTG5,Notechis scutatus,Notechis scutatus,Notechis scutatus,8663,8663,Notechis scutatus,direct_original_and_live_match,no
A0A6J1VUF3,Notechis scutatus,Notechis scutatus,Notechis scutatus,8663,8663,Notechis scutatus,direct_original_and_live_match,no
A0A6J1VV14,Notechis scutatus,Notechis scutatus,Notechis scutatus,8663,8663,Notechis scutatus,direct_original_and_live_match,no
A0A6J1VVV8,Notechis scutatus,Notechis scutatus,Notechis scutatus,8663,8663,Notechis scutatus,direct_original_and_live_match,no
A0A6J1VVX1,Notechis scutatus,Notechis scutatus,Notechis scutatus,8663,8663,Notechis scutatus,direct_original_and_live_match,no
A0A6J1VWA1,Notechis scutatus,Notechis scutatus,Notechis scutatus,8663,8663,Notechis scutatus,direct_original_and_live_match,no
A0A6J1VWT6,Notechis scutatus,Notechis scutatus,Notechis scutatus,8663,8663,Notechis scutatus,direct_original_and_live_match,no
A0A6J1VXN6,Notechis scutatus,Notechis scutatus,Notechis scutatus,8663,8663,Notechis scutatus,direct_original_and_live_match,no
A0A6J1VYK4,Notechis scutatus,Notechis scutatus,Notechis scutatus,8663,8663,Notechis scutatus,direct_original_and_live_match,no
A0A6J1VZY4,Notechis scutatus,Notechis scutatus,Notechis scutatus,8663,8663,Notechis scutatus,direct_original_and_live_match,no
A0A6J1W0N0,Notechis scutatus,Notechis scutatus,Notechis scutatus,8663,8663,Notechis scutatus,direct_original_and_live_match,no
A0A6J1W0U4,Notechis scutatus,Notechis scutatus,Notechis scutatus,8663,8663,Notechis scutatus,direct_original_and_live_match,no
A0A6J1W175,Notechis scutatus,Notechis scutatus,Notechis scutatus,8663,8663,Notechis scutatus,direct_original_and_live_match,no
A0A6J1W1I4,Notechis scutatus,Notechis scutatus,Notechis scutatus,8663,8663,Notechis scutatus,direct_original_and_live_match,no
A0A6J1W235,Notechis scutatus,Notechis scutatus,Notechis scutatus,8663,8663,Notechis scutatus,direct_original_and_live_match,no
A0A6J1W342,Notechis scutatus,Notechis scutatus,Notechis scutatus,8663,8663,Notechis scutatus,direct_original_and_live_match,no
A0A6J1W407,Notechis scutatus,Notechis scutatus,Notechis scutatus,8663,8663,Notechis scutatus,direct_original_and_live_match,no
A0A6J1W4D3,Notechis scutatus,Notechis scutatus,Notechis scutatus,8663,8663,Notechis scutatus,direct_original_and_live_match,no
A0A6J1W4G5,Notechis scutatus,Notechis scutatus,Notechis scutatus,8663,8663,Notechis scutatus,direct_original_and_live_match,no
A0A6J1W5V6,Notechis scutatus,Notechis scutatus,Notechis scutatus,8663,8663,Notechis scutatus,direct_original_and_live_match,no
A0A6J1W5X0,Notechis scutatus,Notechis scutatus,Notechis scutatus,8663,8663,Notechis scutatus,direct_original_and_live_match,no
A0A6J1W7P7,Notechis scutatus,Notechis scutatus,Notechis scutatus,8663,8663,Notechis scutatus,direct_original_and_live_match,no
A0A6J1W7W6,Notechis scutatus,Notechis scutatus,Notechis scutatus,8663,8663,Notechis scutatus,direct_original_and_live_match,no
A0A6J1W9J2,Notechis scutatus,Notechis scutatus,Notechis scutatus,8663,8663,Notechis scutatus,direct_original_and_live_match,no
A0A6J1W9L1,Notechis scutatus,Notechis scutatus,Notechis scutatus,8663,8663,Notechis scutatus,direct_original_and_live_match,no
A0A6J1WAM2,Notechis scutatus,Notechis scutatus,Notechis scutatus,8663,8663,Notechis scutatus,direct_original_and_live_match,no
A0A6J1WAS1,Notechis scutatus,Notechis scutatus,Notechis scutatus,8663,8663,Notechis scutatus,direct_original_and_live_match,no
A0A6J1WC72,Notechis scutatus,Notechis scutatus,Notechis scutatus,8663,8663,Notechis scutatus,direct_original_and_live_match,no
A0A6J1WCF0,Notechis scutatus,Notechis scutatus,Notechis scutatus,8663,8663,Notechis scutatus,direct_original_and_live_match,no
A0A6P9AM20,,Pantherophis guttatus,Pantherophis guttatus,94885,,,group_level_or_name_unresolved,no
A0A6P9AMY5,,Pantherophis guttatus,Pantherophis guttatus,94885,,,group_level_or_name_unresolved,no
A0A6P9AP42,,Pantherophis guttatus,Pantherophis guttatus,94885,,,group_level_or_name_unresolved,no
A0A6P9AQ85,,Pantherophis guttatus,Pantherophis guttatus,94885,,,group_level_or_name_unresolved,no
A0A6P9AU68,,Pantherophis guttatus,Pantherophis guttatus,94885,,,group_level_or_name_unresolved,no
A0A6P9B0I4,,Pantherophis guttatus,Pantherophis guttatus,94885,,,group_level_or_name_unresolved,no
A0A6P9B4L8,,Pantherophis guttatus,Pantherophis guttatus,94885,,,group_level_or_name_unresolved,no
A0A6P9B4S7,,Pantherophis guttatus,Pantherophis guttatus,94885,,,group_level_or_name_unresolved,no
A0A6P9B5N3,,Pantherophis guttatus,Pantherophis guttatus,94885,,,group_level_or_name_unresolved,no
A0A6P9B9Y3,,Pantherophis guttatus,Pantherophis guttatus,94885,,,group_level_or_name_unresolved,no
A0A6P9BAU2,,Pantherophis guttatus,Pantherophis guttatus,94885,,,group_level_or_name_unresolved,no
A0A6P9BE77,,Pantherophis guttatus,Pantherophis guttatus,94885,,,group_level_or_name_unresolved,no
A0A6P9BEX7,,Pantherophis guttatus,Pantherophis guttatus,94885,,,group_level_or_name_unresolved,no
A0A6P9BZU2,,Pantherophis guttatus,Pantherophis guttatus,94885,,,group_level_or_name_unresolved,no
A0A6P9C1I3,,Pantherophis guttatus,Pantherophis guttatus,94885,,,group_level_or_name_unresolved,no
A0A6P9C243,,Pantherophis guttatus,Pantherophis guttatus,94885,,,group_level_or_name_unresolved,no
A0A6P9C2G6,,Pantherophis guttatus,Pantherophis guttatus,94885,,,group_level_or_name_unresolved,no
A0A6P9C3Y1,,Pantherophis guttatus,Pantherophis guttatus,94885,,,group_level_or_name_unresolved,no
A0A6P9C4M9,,Pantherophis guttatus,Pantherophis guttatus,94885,,,group_level_or_name_unresolved,no
A0A6P9C4S1,,Pantherophis guttatus,Pantherophis guttatus,94885,,,group_level_or_name_unresolved,no
A0A6P9C4T4,,Pantherophis guttatus,Pantherophis guttatus,94885,,,group_level_or_name_unresolved,no
A0A6P9C4W3,,Pantherophis guttatus,Pantherophis guttatus,94885,,,group_level_or_name_unresolved,no
A0A6P9C522,,Pantherophis guttatus,Pantherophis guttatus,94885,,,group_level_or_name_unresolved,no
A0A6P9C6G3,,Pantherophis guttatus,Pantherophis guttatus,94885,,,group_level_or_name_unresolved,no
A0A6P9C6I1,,Pantherophis guttatus,Pantherophis guttatus,94885,,,group_level_or_name_unresolved,no
A0A6P9C7D9,,Pantherophis guttatus,Pantherophis guttatus,94885,,,group_level_or_name_unresolved,no
A0A6P9C849,,Pantherophis guttatus,Pantherophis guttatus,94885,,,group_level_or_name_unresolved,no
A0A6P9C8Z9,,Pantherophis guttatus,Pantherophis guttatus,94885,,,group_level_or_name_unresolved,no
A0A6P9CC04,,Pantherophis guttatus,Pantherophis guttatus,94885,,,group_level_or_name_unresolved,no
A0A6P9CCG8,,Pantherophis guttatus,Pantherophis guttatus,94885,,,group_level_or_name_unresolved,no
A0A6P9CCJ1,,Pantherophis guttatus,Pantherophis guttatus,94885,,,group_level_or_name_unresolved,no
A0A6P9CCT4,,Pantherophis guttatus,Pantherophis guttatus,94885,,,group_level_or_name_unresolved,no
A0A6P9CDM8,,Pantherophis guttatus,Pantherophis guttatus,94885,,,group_level_or_name_unresolved,no
A0A6P9CE03,,Pantherophis guttatus,Pantherophis guttatus,94885,,,group_level_or_name_unresolved,no
A0A6P9CWN9,,Pantherophis guttatus,Pantherophis guttatus,94885,,,group_level_or_name_unresolved,no
A0A6P9DA19,,Pantherophis guttatus,Pantherophis guttatus,94885,,,group_level_or_name_unresolved,no
A0A6P9DE21,,Pantherophis guttatus,Pantherophis guttatus,94885,,,group_level_or_name_unresolved,no
A0A7R7T1Q6,Montivipera raddei,Montivipera raddei,Montivipera raddei,110212,110212,Montivipera raddei,direct_original_and_live_match,no
A0A898IKE8,Calliophis bivirgatus,Calliophis bivirgatus,Calliophis bivirgatus,8633,8633,Calliophis bivirgatus,direct_original_and_live_match,no
A0A898ILB7,Calliophis bivirgatus,Calliophis bivirgatus,Calliophis bivirgatus,8633,8633,Calliophis bivirgatus,direct_original_and_live_match,no
A0A898INB6,Calliophis bivirgatus,Calliophis bivirgatus,Calliophis bivirgatus,8633,8633,Calliophis bivirgatus,direct_original_and_live_match,no
A0A898INI2,Calliophis bivirgatus,Calliophis bivirgatus,Calliophis bivirgatus,8633,8633,Calliophis bivirgatus,direct_original_and_live_match,no
A0A898INP5,Calliophis bivirgatus,Calliophis bivirgatus,Calliophis bivirgatus,8633,8633,Calliophis bivirgatus,direct_original_and_live_match,no
A0A898IPM7,Calliophis bivirgatus,Calliophis bivirgatus,Calliophis bivirgatus,8633,8633,Calliophis bivirgatus,direct_original_and_live_match,no
A0A898IPP5,Calliophis bivirgatus,Calliophis bivirgatus,Calliophis bivirgatus,8633,8633,Calliophis bivirgatus,direct_original_and_live_match,no
A0A8C5RD39,,Laticauda laticaudata,Laticauda laticaudata,8630,,,group_level_or_name_unresolved,no
A0A8C5REK1,,Laticauda laticaudata,Laticauda laticaudata,8630,,,group_level_or_name_unresolved,no
A0A8C5RJ29,,Laticauda laticaudata,Laticauda laticaudata,8630,,,group_level_or_name_unresolved,no
A0A8C5RJP3,,Laticauda laticaudata,Laticauda laticaudata,8630,,,group_level_or_name_unresolved,no
A0A8C5RK17,,Laticauda laticaudata,Laticauda laticaudata,8630,,,group_level_or_name_unresolved,no
A0A8C5RTB8,,Laticauda laticaudata,Laticauda laticaudata,8630,,,group_level_or_name_unresolved,no
A0A8C5RTK4,,Laticauda laticaudata,Laticauda laticaudata,8630,,,group_level_or_name_unresolved,no
A0A8C5RV81,,Laticauda laticaudata,Laticauda laticaudata,8630,,,group_level_or_name_unresolved,no
A0A8C5RVC2,,Laticauda laticaudata,Laticauda laticaudata,8630,,,group_level_or_name_unresolved,no
A0A8C5RW62,,Laticauda laticaudata,Laticauda laticaudata,8630,,,group_level_or_name_unresolved,no
A0A8C5RXN5,,Laticauda laticaudata,Laticauda laticaudata,8630,,,group_level_or_name_unresolved,no
A0A8C5RYQ7,,Laticauda laticaudata,Laticauda laticaudata,8630,,,group_level_or_name_unresolved,no
A0A8C5RZK3,,Laticauda laticaudata,Laticauda laticaudata,8630,,,group_level_or_name_unresolved,no
A0A8C5S086,,Laticauda laticaudata,Laticauda laticaudata,8630,,,group_level_or_name_unresolved,no
A0A8C5S1R5,,Laticauda laticaudata,Laticauda laticaudata,8630,,,group_level_or_name_unresolved,no
A0A8C5S2I1,,Laticauda laticaudata,Laticauda laticaudata,8630,,,group_level_or_name_unresolved,no
A0A8C5S2M0,,Laticauda laticaudata,Laticauda laticaudata,8630,,,group_level_or_name_unresolved,no
A0A8C5S3N3,,Laticauda laticaudata,Laticauda laticaudata,8630,,,group_level_or_name_unresolved,no
A0A8C5SA07,,Laticauda laticaudata,Laticauda laticaudata,8630,,,group_level_or_name_unresolved,no
A0A8C5SAJ0,,Laticauda laticaudata,Laticauda laticaudata,8630,,,group_level_or_name_unresolved,no
A0A8C5SAQ1,,Laticauda laticaudata,Laticauda laticaudata,8630,,,group_level_or_name_unresolved,no
A0A8C5SCH9,,Laticauda laticaudata,Laticauda laticaudata,8630,,,group_level_or_name_unresolved,no
A0A8C5SDV7,,Laticauda laticaudata,Laticauda laticaudata,8630,,,group_level_or_name_unresolved,no
A0A8C5SFQ0,,Laticauda laticaudata,Laticauda laticaudata,8630,,,group_level_or_name_unresolved,no
A0A8C5SFY0,,Laticauda laticaudata,Laticauda laticaudata,8630,,,group_level_or_name_unresolved,no
A0A8C5SG51,,Laticauda laticaudata,Laticauda laticaudata,8630,,,group_level_or_name_unresolved,no
A0A8C5SGA2,,Laticauda laticaudata,Laticauda laticaudata,8630,,,group_level_or_name_unresolved,no
A0A8C5SHP0,,Laticauda laticaudata,Laticauda laticaudata,8630,,,group_level_or_name_unresolved,no
A0A8C5SLD0,,Laticauda laticaudata,Laticauda laticaudata,8630,,,group_level_or_name_unresolved,no
A0A8C5SNY7,,Laticauda laticaudata,Laticauda laticaudata,8630,,,group_level_or_name_unresolved,no
A0A8C5SPL7,,Laticauda laticaudata,Laticauda laticaudata,8630,,,group_level_or_name_unresolved,no
A0A8C5SQ88,,Laticauda laticaudata,Laticauda laticaudata,8630,,,group_level_or_name_unresolved,no
A0A8C5SQG3,,Laticauda laticaudata,Laticauda laticaudata,8630,,,group_level_or_name_unresolved,no
A0A8C5ST13,,Laticauda laticaudata,Laticauda laticaudata,8630,,,group_level_or_name_unresolved,no
A0A8C5SU10,,Laticauda laticaudata,Laticauda laticaudata,8630,,,group_level_or_name_unresolved,no
A0A8C5SW66,,Laticauda laticaudata,Laticauda laticaudata,8630,,,group_level_or_name_unresolved,no
A0A8C5SWX5,,Laticauda laticaudata,Laticauda laticaudata,8630,,,group_level_or_name_unresolved,no
A0A8C5WNC1,,Laticauda laticaudata,Laticauda laticaudata,8630,,,group_level_or_name_unresolved,no
A0A8C5WTR7,,Laticauda laticaudata,Laticauda laticaudata,8630,,,group_level_or_name_unresolved,no
A0A8C5WU48,,Laticauda laticaudata,Laticauda laticaudata,8630,,,group_level_or_name_unresolved,no
A0A8C6V4P8,Naja naja,Naja naja,Naja naja,35670,35670,Naja naja,direct_original_and_live_match,no
A0A8C6V6H8,Naja naja,Naja naja,Naja naja,35670,35670,Naja naja,direct_original_and_live_match,no
A0A8C6V6K6,Naja naja,Naja naja,Naja naja,35670,35670,Naja naja,direct_original_and_live_match,no
A0A8C6V7E0,Naja naja,Naja naja,Naja naja,35670,35670,Naja naja,direct_original_and_live_match,no
A0A8C6V7J9,Naja naja,Naja naja,Naja naja,35670,35670,Naja naja,direct_original_and_live_match,no
A0A8C6V7S8,Naja naja,Naja naja,Naja naja,35670,35670,Naja naja,direct_original_and_live_match,no
A0A8C6V835,Naja naja,Naja naja,Naja naja,35670,35670,Naja naja,direct_original_and_live_match,no
A0A8C6V8G5,Naja naja,Naja naja,Naja naja,35670,35670,Naja naja,direct_original_and_live_match,no
A0A8C6V8W4,Naja naja,Naja naja,Naja naja,35670,35670,Naja naja,direct_original_and_live_match,no
A0A8C6V912,Naja naja,Naja naja,Naja naja,35670,35670,Naja naja,direct_original_and_live_match,no
A0A8C6V943,Naja naja,Naja naja,Naja naja,35670,35670,Naja naja,direct_original_and_live_match,no
A0A8C6VC33,Naja naja,Naja naja,Naja naja,35670,35670,Naja naja,direct_original_and_live_match,no
A0A8C6VC53,Naja naja,Naja naja,Naja naja,35670,35670,Naja naja,direct_original_and_live_match,no
A0A8C6VCC5,Naja naja,Naja naja,Naja naja,35670,35670,Naja naja,direct_original_and_live_match,no
A0A8C6VCL4,Naja naja,Naja naja,Naja naja,35670,35670,Naja naja,direct_original_and_live_match,no
A0A8C6VCQ2,Naja naja,Naja naja,Naja naja,35670,35670,Naja naja,direct_original_and_live_match,no
A0A8C6VDT1,Naja naja,Naja naja,Naja naja,35670,35670,Naja naja,direct_original_and_live_match,no
A0A8C6VDU4,Naja naja,Naja naja,Naja naja,35670,35670,Naja naja,direct_original_and_live_match,no
A0A8C6VDW6,Naja naja,Naja naja,Naja naja,35670,35670,Naja naja,direct_original_and_live_match,no
A0A8C6VE02,Naja naja,Naja naja,Naja naja,35670,35670,Naja naja,direct_original_and_live_match,no
A0A8C6VE18,Naja naja,Naja naja,Naja naja,35670,35670,Naja naja,direct_original_and_live_match,no
A0A8C6VEG5,Naja naja,Naja naja,Naja naja,35670,35670,Naja naja,direct_original_and_live_match,no
A0A8C6VEH5,Naja naja,Naja naja,Naja naja,35670,35670,Naja naja,direct_original_and_live_match,no
A0A8C6VEI9,Naja naja,Naja naja,Naja naja,35670,35670,Naja naja,direct_original_and_live_match,no
A0A8C6VEL6,Naja naja,Naja naja,Naja naja,35670,35670,Naja naja,direct_original_and_live_match,no
A0A8C6VF25,Naja naja,Naja naja,Naja naja,35670,35670,Naja naja,direct_original_and_live_match,no
A0A8C6VFD8,Naja naja,Naja naja,Naja naja,35670,35670,Naja naja,direct_original_and_live_match,no
A0A8C6VFV7,Naja naja,Naja naja,Naja naja,35670,35670,Naja naja,direct_original_and_live_match,no
A0A8C6VG19,Naja naja,Naja naja,Naja naja,35670,35670,Naja naja,direct_original_and_live_match,no
A0A8C6VGD7,Naja naja,Naja naja,Naja naja,35670,35670,Naja naja,direct_original_and_live_match,no
A0A8C6VHV0,Naja naja,Naja naja,Naja naja,35670,35670,Naja naja,direct_original_and_live_match,no
A0A8C6VHX8,Naja naja,Naja naja,Naja naja,35670,35670,Naja naja,direct_original_and_live_match,no
A0A8C6VKX1,Naja naja,Naja naja,Naja naja,35670,35670,Naja naja,direct_original_and_live_match,no
A0A8C6VM42,Naja naja,Naja naja,Naja naja,35670,35670,Naja naja,direct_original_and_live_match,no
A0A8C6VPF7,Naja naja,Naja naja,Naja naja,35670,35670,Naja naja,direct_original_and_live_match,no
A0A8C6VRG0,Naja naja,Naja naja,Naja naja,35670,35670,Naja naja,direct_original_and_live_match,no
A0A8C6X0P9,Naja naja,Naja naja,Naja naja,35670,35670,Naja naja,direct_original_and_live_match,no
A0A8C6X0T7,Naja naja,Naja naja,Naja naja,35670,35670,Naja naja,direct_original_and_live_match,no
A0A8C6X0Z8,Naja naja,Naja naja,Naja naja,35670,35670,Naja naja,direct_original_and_live_match,no
A0A8C6X199,Naja naja,Naja naja,Naja naja,35670,35670,Naja naja,direct_original_and_live_match,no
A0A8C6X1V1,Naja naja,Naja naja,Naja naja,35670,35670,Naja naja,direct_original_and_live_match,no
A0A8C6X2R8,Naja naja,Naja naja,Naja naja,35670,35670,Naja naja,direct_original_and_live_match,no
A0A8C6X316,Naja naja,Naja naja,Naja naja,35670,35670,Naja naja,direct_original_and_live_match,no
A0A8C6X3M4,Naja naja,Naja naja,Naja naja,35670,35670,Naja naja,direct_original_and_live_match,no
A0A8C6X4F2,Naja naja,Naja naja,Naja naja,35670,35670,Naja naja,direct_original_and_live_match,no
A0A8C6X4Z0,Naja naja,Naja naja,Naja naja,35670,35670,Naja naja,direct_original_and_live_match,no
A0A8C6X5K5,Naja naja,Naja naja,Naja naja,35670,35670,Naja naja,direct_original_and_live_match,no
A0A8C6X5N5,Naja naja,Naja naja,Naja naja,35670,35670,Naja naja,direct_original_and_live_match,no
A0A8C6X7I0,Naja naja,Naja naja,Naja naja,35670,35670,Naja naja,direct_original_and_live_match,no
A0A8C6X7K3,Naja naja,Naja naja,Naja naja,35670,35670,Naja naja,direct_original_and_live_match,no
A0A8C6X7N4,Naja naja,Naja naja,Naja naja,35670,35670,Naja naja,direct_original_and_live_match,no
A0A8C6X800,Naja naja,Naja naja,Naja naja,35670,35670,Naja naja,direct_original_and_live_match,no
A0A8C6XFL0,Naja naja,Naja naja,Naja naja,35670,35670,Naja naja,direct_original_and_live_match,no
A0A8C6XQZ1,Naja naja,Naja naja,Naja naja,35670,35670,Naja naja,direct_original_and_live_match,no
A0A8C6Y1P2,Naja naja,Naja naja,Naja naja,35670,35670,Naja naja,direct_original_and_live_match,no
A0A8C6Y651,Naja naja,Naja naja,Naja naja,35670,35670,Naja naja,direct_original_and_live_match,no
A0A8C6Y962,Naja naja,Naja naja,Naja naja,35670,35670,Naja naja,direct_original_and_live_match,no
A0A8C6YJW3,Naja naja,Naja naja,Naja naja,35670,35670,Naja naja,direct_original_and_live_match,no
A0A8C6YLC8,Naja naja,Naja naja,Naja naja,35670,35670,Naja naja,direct_original_and_live_match,no
A0A8C7DRJ6,Naja naja,Naja naja,Naja naja,35670,35670,Naja naja,direct_original_and_live_match,no
A0A8C7E5D9,Naja naja,Naja naja,Naja naja,35670,35670,Naja naja,direct_original_and_live_match,no
A0A8T1N2H8,Bothrops jararaca,Bothrops jararaca,Bothrops jararaca,8724,8724,Bothrops jararaca,direct_original_and_live_match,no
A0A8T1N2Z0,Bothrops jararaca,Bothrops jararaca,Bothrops jararaca,8724,8724,Bothrops jararaca,direct_original_and_live_match,no
A0A8T1N374,Bothrops jararaca,Bothrops jararaca,Bothrops jararaca,8724,8724,Bothrops jararaca,direct_original_and_live_match,no
A0A8T1N412,Bothrops jararaca,Bothrops jararaca,Bothrops jararaca,8724,8724,Bothrops jararaca,direct_original_and_live_match,no
A0A8T1N4Z9,Bothrops jararaca,Bothrops jararaca,Bothrops jararaca,8724,8724,Bothrops jararaca,direct_original_and_live_match,no
A0A8T1N5V4,Bothrops jararaca,Bothrops jararaca,Bothrops jararaca,8724,8724,Bothrops jararaca,direct_original_and_live_match,no
A0A9F2KWT1,,Python bivittatus,Python bivittatus,176946,,,group_level_or_name_unresolved,no
A0A9F2NIU0,,Python bivittatus,Python bivittatus,176946,,,group_level_or_name_unresolved,no
A0A9F2NPK8,,Python bivittatus,Python bivittatus,176946,,,group_level_or_name_unresolved,no
A0A9F2NWC6,,Python bivittatus,Python bivittatus,176946,,,group_level_or_name_unresolved,no
A0A9F2QU21,,Python bivittatus,Python bivittatus,176946,,,group_level_or_name_unresolved,no
A0A9F2QYF7,,Python bivittatus,Python bivittatus,176946,,,group_level_or_name_unresolved,no
A0A9F2QYI3,,Python bivittatus,Python bivittatus,176946,,,group_level_or_name_unresolved,no
A0A9F2QZ67,,Python bivittatus,Python bivittatus,176946,,,group_level_or_name_unresolved,no
A0A9F2QZ86,,Python bivittatus,Python bivittatus,176946,,,group_level_or_name_unresolved,no
A0A9F2R321,,Python bivittatus,Python bivittatus,176946,,,group_level_or_name_unresolved,no
A0A9F2R615,,Python bivittatus,Python bivittatus,176946,,,group_level_or_name_unresolved,no
A0A9F2R741,,Python bivittatus,Python bivittatus,176946,,,group_level_or_name_unresolved,no
A0A9F2R883,,Python bivittatus,Python bivittatus,176946,,,group_level_or_name_unresolved,no
A0A9F2RA47,,Python bivittatus,Python bivittatus,176946,,,group_level_or_name_unresolved,no
A0A9F2RAH8,,Python bivittatus,Python bivittatus,176946,,,group_level_or_name_unresolved,no
A0A9F2RDM7,,Python bivittatus,Python bivittatus,176946,,,group_level_or_name_unresolved,no
A0A9F2RDX2,,Python bivittatus,Python bivittatus,176946,,,group_level_or_name_unresolved,no
A0A9F2RE56,,Python bivittatus,Python bivittatus,176946,,,group_level_or_name_unresolved,no
A0A9F2REA3,,Python bivittatus,Python bivittatus,176946,,,group_level_or_name_unresolved,no
A0A9F2REF8,,Python bivittatus,Python bivittatus,176946,,,group_level_or_name_unresolved,no
A0A9F2REN1,,Python bivittatus,Python bivittatus,176946,,,group_level_or_name_unresolved,no
A0A9F2RFV1,,Python bivittatus,Python bivittatus,176946,,,group_level_or_name_unresolved,no
A0A9F2WFZ6,,Python bivittatus,Python bivittatus,176946,,,group_level_or_name_unresolved,no
A0A9F2WID4,,Python bivittatus,Python bivittatus,176946,,,group_level_or_name_unresolved,no
A0A9F2WIM9,,Python bivittatus,Python bivittatus,176946,,,group_level_or_name_unresolved,no
A0A9F2WKN7,,Python bivittatus,Python bivittatus,176946,,,group_level_or_name_unresolved,no
A0A9F3QTI3,,Python bivittatus,Python bivittatus,176946,,,group_level_or_name_unresolved,no
A0A9F3QUA3,,Python bivittatus,Python bivittatus,176946,,,group_level_or_name_unresolved,no
A0A9F3QUU8,,Python bivittatus,Python bivittatus,176946,,,group_level_or_name_unresolved,no
A0A9F3QV66,,Python bivittatus,Python bivittatus,176946,,,group_level_or_name_unresolved,no
A0A9F3QVY8,,Python bivittatus,Python bivittatus,176946,,,group_level_or_name_unresolved,no
A0A9F3QW06,,Python bivittatus,Python bivittatus,176946,,,group_level_or_name_unresolved,no
A0A9F3W112,,Python bivittatus,Python bivittatus,176946,,,group_level_or_name_unresolved,no
A0A9F3W1B2,,Python bivittatus,Python bivittatus,176946,,,group_level_or_name_unresolved,no
A0A9F3W1I8,,Python bivittatus,Python bivittatus,176946,,,group_level_or_name_unresolved,no
A0A9F5IB29,,Python bivittatus,Python bivittatus,176946,,,group_level_or_name_unresolved,no
A0A9F5IW24,,Python bivittatus,Python bivittatus,176946,,,group_level_or_name_unresolved,no
A0A9F5IX87,,Python bivittatus,Python bivittatus,176946,,,group_level_or_name_unresolved,no
A0A9F5IY55,,Python bivittatus,Python bivittatus,176946,,,group_level_or_name_unresolved,no
A0A9F5IY59,,Python bivittatus,Python bivittatus,176946,,,group_level_or_name_unresolved,no
A0A9F5IZN4,,Python bivittatus,Python bivittatus,176946,,,group_level_or_name_unresolved,no
A0A9F5J1F5,,Python bivittatus,Python bivittatus,176946,,,group_level_or_name_unresolved,no
A0A9F5J335,,Python bivittatus,Python bivittatus,176946,,,group_level_or_name_unresolved,no
A0A9F5J4R1,,Python bivittatus,Python bivittatus,176946,,,group_level_or_name_unresolved,no
A0A9F5J5K5,,Python bivittatus,Python bivittatus,176946,,,group_level_or_name_unresolved,no
A0A9F5J6P0,,Python bivittatus,Python bivittatus,176946,,,group_level_or_name_unresolved,no
A0A9F5J7B6,,Python bivittatus,Python bivittatus,176946,,,group_level_or_name_unresolved,no
A0A9F5J824,,Python bivittatus,Python bivittatus,176946,,,group_level_or_name_unresolved,no
A0A9F5J8U2,,Python bivittatus,Python bivittatus,176946,,,group_level_or_name_unresolved,no
A0A9F5J8W9,,Python bivittatus,Python bivittatus,176946,,,group_level_or_name_unresolved,no
A0A9F5J927,,Python bivittatus,Python bivittatus,176946,,,group_level_or_name_unresolved,no
A0A9F5JBE1,,Python bivittatus,Python bivittatus,176946,,,group_level_or_name_unresolved,no
A0A9F5JBZ5,,Python bivittatus,Python bivittatus,176946,,,group_level_or_name_unresolved,no
A0A9F5JD59,,Python bivittatus,Python bivittatus,176946,,,group_level_or_name_unresolved,no
A0A9F5JFG3,,Python bivittatus,Python bivittatus,176946,,,group_level_or_name_unresolved,no
A0A9F5MQ85,,Python bivittatus,Python bivittatus,176946,,,group_level_or_name_unresolved,no
A0A9F5MUP2,,Python bivittatus,Python bivittatus,176946,,,group_level_or_name_unresolved,no
A0A9F5MWS7,,Python bivittatus,Python bivittatus,176946,,,group_level_or_name_unresolved,no
A0A9F5N197,,Python bivittatus,Python bivittatus,176946,,,group_level_or_name_unresolved,no
A0A9F5N3B3,,Python bivittatus,Python bivittatus,176946,,,group_level_or_name_unresolved,no
A0A9F5N5U3,,Python bivittatus,Python bivittatus,176946,,,group_level_or_name_unresolved,no
A0AAW1AQ71,Crotalus adamanteus,Crotalus adamanteus,Crotalus adamanteus,8729,8729,Crotalus adamanteus,direct_original_and_live_match,no
A0AAW1AQE8,Crotalus adamanteus,Crotalus adamanteus,Crotalus adamanteus,8729,8729,Crotalus adamanteus,direct_original_and_live_match,no
A0AAW1ARG4,Crotalus adamanteus,Crotalus adamanteus,Crotalus adamanteus,8729,8729,Crotalus adamanteus,direct_original_and_live_match,no
A0AAW1AS68,Crotalus adamanteus,Crotalus adamanteus,Crotalus adamanteus,8729,8729,Crotalus adamanteus,direct_original_and_live_match,no
A0AAW1AUZ4,Crotalus adamanteus,Crotalus adamanteus,Crotalus adamanteus,8729,8729,Crotalus adamanteus,direct_original_and_live_match,no
A0AAW1AV06,Crotalus adamanteus,Crotalus adamanteus,Crotalus adamanteus,8729,8729,Crotalus adamanteus,direct_original_and_live_match,no
A0AAW1AVR3,Crotalus adamanteus,Crotalus adamanteus,Crotalus adamanteus,8729,8729,Crotalus adamanteus,direct_original_and_live_match,no
A0AAW1AWU4,Crotalus adamanteus,Crotalus adamanteus,Crotalus adamanteus,8729,8729,Crotalus adamanteus,direct_original_and_live_match,no
A0AAW1AYC4,Crotalus adamanteus,Crotalus adamanteus,Crotalus adamanteus,8729,8729,Crotalus adamanteus,direct_original_and_live_match,no
A0AAW1AZV8,Crotalus adamanteus,Crotalus adamanteus,Crotalus adamanteus,8729,8729,Crotalus adamanteus,direct_original_and_live_match,no
A0AAW1B088,Crotalus adamanteus,Crotalus adamanteus,Crotalus adamanteus,8729,8729,Crotalus adamanteus,direct_original_and_live_match,no
A0AAW1B0M8,Crotalus adamanteus,Crotalus adamanteus,Crotalus adamanteus,8729,8729,Crotalus adamanteus,direct_original_and_live_match,no
A0AAW1B141,Crotalus adamanteus,Crotalus adamanteus,Crotalus adamanteus,8729,8729,Crotalus adamanteus,direct_original_and_live_match,no
A0AAW1B4P3,Crotalus adamanteus,Crotalus adamanteus,Crotalus adamanteus,8729,8729,Crotalus adamanteus,direct_original_and_live_match,no
A0AAW1B584,Crotalus adamanteus,Crotalus adamanteus,Crotalus adamanteus,8729,8729,Crotalus adamanteus,direct_original_and_live_match,no
A0AAW1B5G1,Crotalus adamanteus,Crotalus adamanteus,Crotalus adamanteus,8729,8729,Crotalus adamanteus,direct_original_and_live_match,no
A0AAW1B982,Crotalus adamanteus,Crotalus adamanteus,Crotalus adamanteus,8729,8729,Crotalus adamanteus,direct_original_and_live_match,no
A0AAW1BCN7,Crotalus adamanteus,Crotalus adamanteus,Crotalus adamanteus,8729,8729,Crotalus adamanteus,direct_original_and_live_match,no
A0AAW1BDH9,Crotalus adamanteus,Crotalus adamanteus,Crotalus adamanteus,8729,8729,Crotalus adamanteus,direct_original_and_live_match,no
A0AAW1BDN4,Crotalus adamanteus,Crotalus adamanteus,Crotalus adamanteus,8729,8729,Crotalus adamanteus,direct_original_and_live_match,no
A0AAW1BDP1,Crotalus adamanteus,Crotalus adamanteus,Crotalus adamanteus,8729,8729,Crotalus adamanteus,direct_original_and_live_match,no
A0AAW1BDQ2,Crotalus adamanteus,Crotalus adamanteus,Crotalus adamanteus,8729,8729,Crotalus adamanteus,direct_original_and_live_match,no
A0AAW1BEA6,Crotalus adamanteus,Crotalus adamanteus,Crotalus adamanteus,8729,8729,Crotalus adamanteus,direct_original_and_live_match,no
A0AAW1BEF1,Crotalus adamanteus,Crotalus adamanteus,Crotalus adamanteus,8729,8729,Crotalus adamanteus,direct_original_and_live_match,no
A0AAW1BER7,Crotalus adamanteus,Crotalus adamanteus,Crotalus adamanteus,8729,8729,Crotalus adamanteus,direct_original_and_live_match,no
A0AAW1BEV4,Crotalus adamanteus,Crotalus adamanteus,Crotalus adamanteus,8729,8729,Crotalus adamanteus,direct_original_and_live_match,no
A0AAW1BFU0,Crotalus adamanteus,Crotalus adamanteus,Crotalus adamanteus,8729,8729,Crotalus adamanteus,direct_original_and_live_match,no
A0AAW1BQ28,Crotalus adamanteus,Crotalus adamanteus,Crotalus adamanteus,8729,8729,Crotalus adamanteus,direct_original_and_live_match,no
A0AAW1BSY2,Crotalus adamanteus,Crotalus adamanteus,Crotalus adamanteus,8729,8729,Crotalus adamanteus,direct_original_and_live_match,no
A0AAW1BSY8,Crotalus adamanteus,Crotalus adamanteus,Crotalus adamanteus,8729,8729,Crotalus adamanteus,direct_original_and_live_match,no
A0AAW1BT23,Crotalus adamanteus,Crotalus adamanteus,Crotalus adamanteus,8729,8729,Crotalus adamanteus,direct_original_and_live_match,no
A0AAW1BT49,Crotalus adamanteus,Crotalus adamanteus,Crotalus adamanteus,8729,8729,Crotalus adamanteus,direct_original_and_live_match,no
A0AAW1BT82,Crotalus adamanteus,Crotalus adamanteus,Crotalus adamanteus,8729,8729,Crotalus adamanteus,direct_original_and_live_match,no
A0AAW1BU64,Crotalus adamanteus,Crotalus adamanteus,Crotalus adamanteus,8729,8729,Crotalus adamanteus,direct_original_and_live_match,no
A0AAW1BUC3,Crotalus adamanteus,Crotalus adamanteus,Crotalus adamanteus,8729,8729,Crotalus adamanteus,direct_original_and_live_match,no
A0AAW1BUL0,Crotalus adamanteus,Crotalus adamanteus,Crotalus adamanteus,8729,8729,Crotalus adamanteus,direct_original_and_live_match,no
A0AAW1BUN9,Crotalus adamanteus,Crotalus adamanteus,Crotalus adamanteus,8729,8729,Crotalus adamanteus,direct_original_and_live_match,no
A0AAW1BUQ7,Crotalus adamanteus,Crotalus adamanteus,Crotalus adamanteus,8729,8729,Crotalus adamanteus,direct_original_and_live_match,no
A0AAW1BUR4,Crotalus adamanteus,Crotalus adamanteus,Crotalus adamanteus,8729,8729,Crotalus adamanteus,direct_original_and_live_match,no
A0AAW1BUV9,Crotalus adamanteus,Crotalus adamanteus,Crotalus adamanteus,8729,8729,Crotalus adamanteus,direct_original_and_live_match,no
A0AAW1BUW4,Crotalus adamanteus,Crotalus adamanteus,Crotalus adamanteus,8729,8729,Crotalus adamanteus,direct_original_and_live_match,no
A0AAW1BUZ5,Crotalus adamanteus,Crotalus adamanteus,Crotalus adamanteus,8729,8729,Crotalus adamanteus,direct_original_and_live_match,no
A0AAW1BV16,Crotalus adamanteus,Crotalus adamanteus,Crotalus adamanteus,8729,8729,Crotalus adamanteus,direct_original_and_live_match,no
A0AAW1BV93,Crotalus adamanteus,Crotalus adamanteus,Crotalus adamanteus,8729,8729,Crotalus adamanteus,direct_original_and_live_match,no
A0AAW1BVA6,Crotalus adamanteus,Crotalus adamanteus,Crotalus adamanteus,8729,8729,Crotalus adamanteus,direct_original_and_live_match,no
A0AAW1BVI2,Crotalus adamanteus,Crotalus adamanteus,Crotalus adamanteus,8729,8729,Crotalus adamanteus,direct_original_and_live_match,no
A0AAW1BW22,Crotalus adamanteus,Crotalus adamanteus,Crotalus adamanteus,8729,8729,Crotalus adamanteus,direct_original_and_live_match,no
A0AAW1BW72,Crotalus adamanteus,Crotalus adamanteus,Crotalus adamanteus,8729,8729,Crotalus adamanteus,direct_original_and_live_match,no
A0AAW1BWH1,Crotalus adamanteus,Crotalus adamanteus,Crotalus adamanteus,8729,8729,Crotalus adamanteus,direct_original_and_live_match,no
A0AAW1BWN1,Crotalus adamanteus,Crotalus adamanteus,Crotalus adamanteus,8729,8729,Crotalus adamanteus,direct_original_and_live_match,no
A0AAW1BX03,Crotalus adamanteus,Crotalus adamanteus,Crotalus adamanteus,8729,8729,Crotalus adamanteus,direct_original_and_live_match,no
A0AAW1BX81,Crotalus adamanteus,Crotalus adamanteus,Crotalus adamanteus,8729,8729,Crotalus adamanteus,direct_original_and_live_match,no
A0AAW1BYB0,Crotalus adamanteus,Crotalus adamanteus,Crotalus adamanteus,8729,8729,Crotalus adamanteus,direct_original_and_live_match,no
A0AAW1BYI2,Crotalus adamanteus,Crotalus adamanteus,Crotalus adamanteus,8729,8729,Crotalus adamanteus,direct_original_and_live_match,no
A0AAW1BZW6,Crotalus adamanteus,Crotalus adamanteus,Crotalus adamanteus,8729,8729,Crotalus adamanteus,direct_original_and_live_match,no
A0AAW1C0A5,Crotalus adamanteus,Crotalus adamanteus,Crotalus adamanteus,8729,8729,Crotalus adamanteus,direct_original_and_live_match,no
A0AAW1C2T4,Crotalus adamanteus,Crotalus adamanteus,Crotalus adamanteus,8729,8729,Crotalus adamanteus,direct_original_and_live_match,no
A0AAW1C2W9,Crotalus adamanteus,Crotalus adamanteus,Crotalus adamanteus,8729,8729,Crotalus adamanteus,direct_original_and_live_match,no
A0AAW1C5Z8,Crotalus adamanteus,Crotalus adamanteus,Crotalus adamanteus,8729,8729,Crotalus adamanteus,direct_original_and_live_match,no
A0AAW1C727,Crotalus adamanteus,Crotalus adamanteus,Crotalus adamanteus,8729,8729,Crotalus adamanteus,direct_original_and_live_match,no
A0AAW1C8A7,Crotalus adamanteus,Crotalus adamanteus,Crotalus adamanteus,8729,8729,Crotalus adamanteus,direct_original_and_live_match,no
A0AAW1C9Q8,Crotalus adamanteus,Crotalus adamanteus,Crotalus adamanteus,8729,8729,Crotalus adamanteus,direct_original_and_live_match,no
A0AAW1CAC9,Crotalus adamanteus,Crotalus adamanteus,Crotalus adamanteus,8729,8729,Crotalus adamanteus,direct_original_and_live_match,no
A0AAW1CCU5,Crotalus adamanteus,Crotalus adamanteus,Crotalus adamanteus,8729,8729,Crotalus adamanteus,direct_original_and_live_match,no
A0ABM3YUQ9,,Pantherophis guttatus,Pantherophis guttatus,94885,,,group_level_or_name_unresolved,no
A0ABM3YYR7,,Pantherophis guttatus,Pantherophis guttatus,94885,,,group_level_or_name_unresolved,no
A0ABM3Z8F0,,Pantherophis guttatus,Pantherophis guttatus,94885,,,group_level_or_name_unresolved,no
A0ABM3Z8F9,,Pantherophis guttatus,Pantherophis guttatus,94885,,,group_level_or_name_unresolved,no
A0ABM3Z8I5,,Pantherophis guttatus,Pantherophis guttatus,94885,,,group_level_or_name_unresolved,no
A0ABM3ZCQ0,,Pantherophis guttatus,Pantherophis guttatus,94885,,,group_level_or_name_unresolved,no
A0ABM3ZCR1,,Pantherophis guttatus,Pantherophis guttatus,94885,,,group_level_or_name_unresolved,no
A0ABM3ZCU3,,Pantherophis guttatus,Pantherophis guttatus,94885,,,group_level_or_name_unresolved,no
A0ABM3ZE54,,Pantherophis guttatus,Pantherophis guttatus,94885,,,group_level_or_name_unresolved,no
A0ABM3ZE78,,Pantherophis guttatus,Pantherophis guttatus,94885,,,group_level_or_name_unresolved,no
A0ABM3ZES8,,Pantherophis guttatus,Pantherophis guttatus,94885,,,group_level_or_name_unresolved,no
A0ABM3ZIE4,,Pantherophis guttatus,Pantherophis guttatus,94885,,,group_level_or_name_unresolved,no
A0ABM3ZMQ3,,Pantherophis guttatus,Pantherophis guttatus,94885,,,group_level_or_name_unresolved,no
A7X4G0,,Thrasops jacksonii,Thrasops jacksonii,186611,,,group_level_or_name_unresolved,no
A7X4H7,,Leioheterodon madagascariensis,Leioheterodon madagascariensis,46577,,,group_level_or_name_unresolved,no
A7X4X4,,Causus rhombeatus,Causus rhombeatus,44735,,,group_level_or_name_unresolved,no
A7X500,,Causus rhombeatus,Causus rhombeatus,44735,,,group_level_or_name_unresolved,no
A7X6J6,,Telescopus dhara,Telescopus dhara,338837,,,group_level_or_name_unresolved,no
B0VXU7,Sistrurus catenatus,Sistrurus catenatus,Sistrurus catenatus,8762,8756,Sistrurus catenatus,direct_original_and_live_match,no
B2BRQ7,Austrelaps spp,Austrelaps labialis,Austrelaps labialis,471292,471292,Austrelaps labialis,direct_original_and_live_match,yes
B2BRQ8,Austrelaps spp,Austrelaps labialis,Austrelaps labialis,471292,471292,Austrelaps labialis,direct_original_and_live_match,yes
B2BRQ9,Austrelaps spp,Austrelaps labialis,Austrelaps labialis,471292,471292,Austrelaps labialis,direct_original_and_live_match,yes
B2BRR0,Austrelaps spp,Austrelaps labialis,Austrelaps labialis,471292,471292,Austrelaps labialis,direct_original_and_live_match,yes
B2BRR1,Austrelaps spp,Austrelaps labialis,Austrelaps labialis,471292,471292,Austrelaps labialis,direct_original_and_live_match,yes
B2BRR2,Austrelaps spp,Austrelaps labialis,Austrelaps labialis,471292,471292,Austrelaps labialis,direct_original_and_live_match,yes
B2BRR3,Austrelaps spp,Austrelaps labialis,Austrelaps labialis,471292,471292,Austrelaps labialis,direct_original_and_live_match,yes
B2BRR4,Austrelaps spp,Austrelaps labialis,Austrelaps labialis,471292,471292,Austrelaps labialis,direct_original_and_live_match,yes
B2BRR5,Austrelaps spp,Austrelaps labialis,Austrelaps labialis,471292,471292,Austrelaps labialis,direct_original_and_live_match,yes
B2BRR6,Austrelaps spp,Austrelaps labialis,Austrelaps labialis,471292,471292,Austrelaps labialis,direct_original_and_live_match,yes
B2BRR7,Austrelaps spp,Austrelaps labialis,Austrelaps labialis,471292,471292,Austrelaps labialis,direct_original_and_live_match,yes
B2BRR8,Austrelaps spp,Austrelaps labialis,Austrelaps labialis,471292,471292,Austrelaps labialis,direct_original_and_live_match,yes
B2BRR9,Austrelaps spp,Austrelaps labialis,Austrelaps labialis,471292,471292,Austrelaps labialis,direct_original_and_live_match,yes
B2BRS0,Austrelaps spp,Austrelaps labialis,Austrelaps labialis,471292,471292,Austrelaps labialis,direct_original_and_live_match,yes
B2BRS1,Austrelaps spp,Austrelaps labialis,Austrelaps labialis,471292,471292,Austrelaps labialis,direct_original_and_live_match,yes
B2BRS2,Austrelaps spp,Austrelaps labialis,Austrelaps labialis,471292,471292,Austrelaps labialis,direct_original_and_live_match,yes
B2BRS3,Austrelaps spp,Austrelaps labialis,Austrelaps labialis,471292,471292,Austrelaps labialis,direct_original_and_live_match,yes
B5G6F6,Oxyuranus microlepidotus,Oxyuranus microlepidotus,Oxyuranus microlepidotus,111177,111177,Oxyuranus microlepidotus,direct_original_and_live_match,no
B5G6F8,,Demansia vestigiata,Demansia vestigiata,412038,,,group_level_or_name_unresolved,no
B5G6F9,,Demansia vestigiata,Demansia vestigiata,412038,,,group_level_or_name_unresolved,no
B5G6G3,,Cryptophis nigrescens,Cryptophis nigrescens,292442,,,group_level_or_name_unresolved,no
B5KLA9,Pseudonaja textilis,Pseudonaja textilis,Pseudonaja textilis,8673,8673,Pseudonaja textilis,direct_original_and_live_match,no
B5KLB0,Pseudonaja textilis,Pseudonaja textilis,Pseudonaja textilis,8673,8673,Pseudonaja textilis,direct_original_and_live_match,no
B5KLB1,Notechis scutatus,Notechis scutatus,Notechis scutatus,8663,8663,Notechis scutatus,direct_original_and_live_match,no
B5KLB2,Notechis scutatus,Notechis scutatus,Notechis scutatus,8663,8663,Notechis scutatus,direct_original_and_live_match,no
B5KLB3,Oxyuranus scutellatus,Oxyuranus scutellatus,Oxyuranus scutellatus,8668,8668,Oxyuranus scutellatus,direct_original_and_live_match,no
B5KLB4,Oxyuranus scutellatus,Oxyuranus scutellatus,Oxyuranus scutellatus,8668,8668,Oxyuranus scutellatus,direct_original_and_live_match,no
B5KLB7,,Cryptophis nigrescens,Cryptophis nigrescens,292442,,,group_level_or_name_unresolved,no
B5KLB8,,Cryptophis nigrescens,Cryptophis nigrescens,292442,,,group_level_or_name_unresolved,no
B5KLB9,Tropidechis carinatus,Tropidechis carinatus,Tropidechis carinatus,100989,100989,Tropidechis carinatus,direct_original_and_live_match,no
B5KLC0,Pseudechis spp,Pseudechis porphyriacus,Pseudechis porphyriacus,8671,8671,Pseudechis porphyriacus,direct_original_and_live_match,yes
B5KLC1,Pseudechis australis,Pseudechis australis,Pseudechis australis,8670,8670,Pseudechis australis,direct_original_and_live_match,no
B5KLC2,Hoplocephalus spp,Hoplocephalus stephensii,Hoplocephalus stephensii,196418,196418,Hoplocephalus stephensii,direct_original_and_live_match,yes
B6V825,,Hydrophis cyanocinctus,Hydrophis cyanocinctus,8686,,,group_level_or_name_unresolved,no
D5J9N8,Bungarus flaviceps,Bungarus flaviceps,Bungarus flaviceps,8614,8614,Bungarus flaviceps,direct_original_and_live_match,no
D5J9N9,Bungarus flaviceps,Bungarus flaviceps,Bungarus flaviceps,8614,8614,Bungarus flaviceps,direct_original_and_live_match,no
D5J9P0,Bungarus flaviceps,Bungarus flaviceps,Bungarus flaviceps,8614,8614,Bungarus flaviceps,direct_original_and_live_match,no
D5J9P1,Bungarus flaviceps,Bungarus flaviceps,Bungarus flaviceps,8614,8614,Bungarus flaviceps,direct_original_and_live_match,no
D5J9P2,Bungarus flaviceps,Bungarus flaviceps,Bungarus flaviceps,8614,8614,Bungarus flaviceps,direct_original_and_live_match,no
D5J9P3,Bungarus flaviceps,Bungarus flaviceps,Bungarus flaviceps,8614,8614,Bungarus flaviceps,direct_original_and_live_match,no
D5J9P4,Bungarus flaviceps,Bungarus flaviceps,Bungarus flaviceps,8614,8614,Bungarus flaviceps,direct_original_and_live_match,no
D5J9P5,Bungarus flaviceps,Bungarus flaviceps,Bungarus flaviceps,8614,8614,Bungarus flaviceps,direct_original_and_live_match,no
D5J9P6,Bungarus flaviceps,Bungarus flaviceps,Bungarus flaviceps,8614,8614,Bungarus flaviceps,direct_original_and_live_match,no
D5J9P8,Bungarus flaviceps,Bungarus flaviceps,Bungarus flaviceps,8614,8614,Bungarus flaviceps,direct_original_and_live_match,no
D5J9P9,Bungarus flaviceps,Bungarus flaviceps,Bungarus flaviceps,8614,8614,Bungarus flaviceps,direct_original_and_live_match,no
D5J9Q0,Bungarus flaviceps,Bungarus flaviceps,Bungarus flaviceps,8614,8614,Bungarus flaviceps,direct_original_and_live_match,no
D5J9Q1,Bungarus flaviceps,Bungarus flaviceps,Bungarus flaviceps,8614,8614,Bungarus flaviceps,direct_original_and_live_match,no
D5J9Q2,Bungarus flaviceps,Bungarus flaviceps,Bungarus flaviceps,8614,8614,Bungarus flaviceps,direct_original_and_live_match,no
E3UJL6,Bothrops neuwiedi,Bothrops neuwiedi,Bothrops neuwiedi,95648,95648,Bothrops neuwiedi,direct_original_and_live_match,no
E9JG13,Echis ocellatus,Echis ocellatus,Echis ocellatus,99586,99586,Echis ocellatus,direct_original_and_live_match,no
E9JG31,Echis carinatus,Echis carinatus,Echis carinatus,124223,40353,Echis carinatus,direct_original_and_live_match,no
E9JG32,Echis carinatus,Echis carinatus,Echis carinatus,124223,40353,Echis carinatus,direct_original_and_live_match,no
E9JG42,Echis carinatus,Echis carinatus,Echis carinatus,124223,40353,Echis carinatus,direct_original_and_live_match,no
E9JG53,Echis carinatus,Echis carinatus,Echis carinatus,124223,40353,Echis carinatus,direct_original_and_live_match,no
E9JGB8,Echis pyramidum,Echis pyramidum,Echis pyramidum,38415,8700,Echis pyramidum,direct_original_and_live_match,no
E9JGD1,Echis pyramidum,Echis pyramidum,Echis pyramidum,38415,8700,Echis pyramidum,direct_original_and_live_match,no
E9JGG6,Echis coloratus,Echis coloratus,Echis coloratus,64175,64175,Echis coloratus,direct_original_and_live_match,no
E9JGH6,Echis carinatus,Echis carinatus,Echis carinatus,124223,40353,Echis carinatus,direct_original_and_live_match,no
F2Q6E3,,Azemiops feae,Azemiops feae,8773,,,group_level_or_name_unresolved,no
F2Q6E4,Bothriechis schlegelii,Bothriechis schlegelii,Bothriechis schlegelii,44725,44725,Bothriechis schlegelii,direct_original_and_live_match,no
F2Q6E5,Crotalus horridus,Crotalus horridus,Crotalus horridus,35024,35024,Crotalus horridus,direct_original_and_live_match,no
F2Q6E6,Crotalus horridus,Crotalus horridus,Crotalus horridus,35024,35024,Crotalus horridus,direct_original_and_live_match,no
F2Q6E7,Crotalus horridus,Crotalus horridus,Crotalus horridus,35024,35024,Crotalus horridus,direct_original_and_live_match,no
F2Q6E8,Crotalus horridus,Crotalus horridus,Crotalus horridus,35024,35024,Crotalus horridus,direct_original_and_live_match,no
F2Q6E9,Crotalus horridus,Crotalus horridus,Crotalus horridus,35024,35024,Crotalus horridus,direct_original_and_live_match,no
F2Q6F0,Calloselasma rhodostoma,Calloselasma rhodostoma,Calloselasma rhodostoma,8717,8717,Calloselasma rhodostoma,direct_original_and_live_match,no
F2Q6F1,Crotalus viridis,Crotalus viridis,Crotalus viridis,8739,8739,Crotalus viridis,direct_original_and_live_match,no
F2Q6F4,,Trimeresurus gracilis,Trimeresurus gracilis,109781,,,group_level_or_name_unresolved,no
F2Q6F6,Cerrophidion godmani,Cerrophidion godmani,Cerrophidion godmani,44722,44722,Cerrophidion godmani,direct_original_and_live_match,no
F2Q6F7,Trimeresurus stejnegeri,Trimeresurus stejnegeri,Trimeresurus stejnegeri,39682,39682,Trimeresurus stejnegeri,direct_original_and_live_match,no
F2Q6F8,Trimeresurus stejnegeri,Trimeresurus stejnegeri,Trimeresurus stejnegeri,39682,39682,Trimeresurus stejnegeri,direct_original_and_live_match,no
F2Q6F9,Trimeresurus stejnegeri,Trimeresurus stejnegeri,Trimeresurus stejnegeri,39682,39682,Trimeresurus stejnegeri,direct_original_and_live_match,no
F2Q6G0,Deinagkistrodon acutus,Deinagkistrodon acutus,Deinagkistrodon acutus,36307,36307,Deinagkistrodon acutus,direct_original_and_live_match,no
F2Q6G1,Deinagkistrodon acutus,Deinagkistrodon acutus,Deinagkistrodon acutus,36307,36307,Deinagkistrodon acutus,direct_original_and_live_match,no
F5CPD2,,Micrurus altirostris,Micrurus altirostris,129457,,,group_level_or_name_unresolved,no
F5CPE1,,Micrurus altirostris,Micrurus altirostris,129457,,,group_level_or_name_unresolved,no
F5CPE5,,Micrurus altirostris,Micrurus altirostris,129457,,,group_level_or_name_unresolved,no
F5CPE7,,Micrurus altirostris,Micrurus altirostris,129457,,,group_level_or_name_unresolved,no
F8J2D6,,Drysdalia coronoides,Drysdalia coronoides,66186,,,group_level_or_name_unresolved,no
F8J2D8,,Drysdalia coronoides,Drysdalia coronoides,66186,,,group_level_or_name_unresolved,no
F8J2D9,,Drysdalia coronoides,Drysdalia coronoides,66186,,,group_level_or_name_unresolved,no
F8J2E0,,Drysdalia coronoides,Drysdalia coronoides,66186,,,group_level_or_name_unresolved,no
F8J2E3,,Drysdalia coronoides,Drysdalia coronoides,66186,,,group_level_or_name_unresolved,no
F8J2E7,,Drysdalia coronoides,Drysdalia coronoides,66186,,,group_level_or_name_unresolved,no
F8J2E8,,Drysdalia coronoides,Drysdalia coronoides,66186,,,group_level_or_name_unresolved,no
F8J2E9,,Drysdalia coronoides,Drysdalia coronoides,66186,,,group_level_or_name_unresolved,no
F8J2F0,,Drysdalia coronoides,Drysdalia coronoides,66186,,,group_level_or_name_unresolved,no
F8J2F1,,Drysdalia coronoides,Drysdalia coronoides,66186,,,group_level_or_name_unresolved,no
F8J2G2,,Drysdalia coronoides,Drysdalia coronoides,66186,,,group_level_or_name_unresolved,no
F8J2G4,,Drysdalia coronoides,Drysdalia coronoides,66186,,,group_level_or_name_unresolved,no
F8J2G6,,Drysdalia coronoides,Drysdalia coronoides,66186,,,group_level_or_name_unresolved,no
F8J2G7,,Drysdalia coronoides,Drysdalia coronoides,66186,,,group_level_or_name_unresolved,no
F8J2G8,,Drysdalia coronoides,Drysdalia coronoides,66186,,,group_level_or_name_unresolved,no
F8J2G9,,Drysdalia coronoides,Drysdalia coronoides,66186,,,group_level_or_name_unresolved,no
F8J2H0,,Drysdalia coronoides,Drysdalia coronoides,66186,,,group_level_or_name_unresolved,no
F8J2H1,,Drysdalia coronoides,Drysdalia coronoides,66186,,,group_level_or_name_unresolved,no
F8J2H2,,Drysdalia coronoides,Drysdalia coronoides,66186,,,group_level_or_name_unresolved,no
F8QZ63,,Drysdalia coronoides,Drysdalia coronoides,66186,,,group_level_or_name_unresolved,no
F8QZ65,,Drysdalia coronoides,Drysdalia coronoides,66186,,,group_level_or_name_unresolved,no
F8RKW3,,Drysdalia coronoides,Drysdalia coronoides,66186,,,group_level_or_name_unresolved,no
F8RKW4,,Drysdalia coronoides,Drysdalia coronoides,66186,,,group_level_or_name_unresolved,no
F8RTZ7,Agkistrodon contortrix,Agkistrodon contortrix,Agkistrodon contortrix,8713,8720,Agkistrodon contortrix,direct_original_and_live_match,no
F8S0Y5,Crotalus adamanteus,Crotalus adamanteus,Crotalus adamanteus,8729,8729,Crotalus adamanteus,direct_original_and_live_match,no
F8S0Y6,Crotalus adamanteus,Crotalus adamanteus,Crotalus adamanteus,8729,8729,Crotalus adamanteus,direct_original_and_live_match,no
F8S0Y7,Crotalus adamanteus,Crotalus adamanteus,Crotalus adamanteus,8729,8729,Crotalus adamanteus,direct_original_and_live_match,no
F8S0Y8,Crotalus adamanteus,Crotalus adamanteus,Crotalus adamanteus,8729,8729,Crotalus adamanteus,direct_original_and_live_match,no
F8S0Y9,Crotalus adamanteus,Crotalus adamanteus,Crotalus adamanteus,8729,8729,Crotalus adamanteus,direct_original_and_live_match,no
F8S0Z0,Crotalus adamanteus,Crotalus adamanteus,Crotalus adamanteus,8729,8729,Crotalus adamanteus,direct_original_and_live_match,no
F8S0Z1,Crotalus adamanteus,Crotalus adamanteus,Crotalus adamanteus,8729,8729,Crotalus adamanteus,direct_original_and_live_match,no
F8S0Z2,Crotalus adamanteus,Crotalus adamanteus,Crotalus adamanteus,8729,8729,Crotalus adamanteus,direct_original_and_live_match,no
F8S0Z3,Crotalus adamanteus,Crotalus adamanteus,Crotalus adamanteus,8729,8729,Crotalus adamanteus,direct_original_and_live_match,no
G9DCH4,,Crotalus helleri,Crotalus helleri,8741,,,group_level_or_name_unresolved,no
G9DCH5,,Crotalus helleri,Crotalus helleri,8741,,,group_level_or_name_unresolved,no
G9DCH7,,Crotalus helleri,Crotalus helleri,8741,,,group_level_or_name_unresolved,no
G9DCH8,,Crotalus helleri,Crotalus helleri,8741,,,group_level_or_name_unresolved,no
G9DCH9,,Crotalus helleri,Crotalus helleri,8741,,,group_level_or_name_unresolved,no
G9DCI0,,Crotalus helleri,Crotalus helleri,8741,,,group_level_or_name_unresolved,no
G9DCI1,,Crotalus helleri,Crotalus helleri,8741,,,group_level_or_name_unresolved,no
H8PG58,,Suta nigriceps,Suta nigriceps,687874,,,group_level_or_name_unresolved,no
H8PG59,,Suta nigriceps,Suta nigriceps,687874,,,group_level_or_name_unresolved,no
H8PG60,,Suta nigriceps,Suta nigriceps,687874,,,group_level_or_name_unresolved,no
H8PG61,,Suta nigriceps,Suta nigriceps,687874,,,group_level_or_name_unresolved,no
H8PG62,,Suta nigriceps,Suta nigriceps,687874,,,group_level_or_name_unresolved,no
H8PG63,,Suta nigriceps,Suta nigriceps,687874,,,group_level_or_name_unresolved,no
H8PG64,,Suta nigriceps,Suta nigriceps,687874,,,group_level_or_name_unresolved,no
H8PG65,,Suta nigriceps,Suta nigriceps,687874,,,group_level_or_name_unresolved,no
H8PG66,,Suta nigriceps,Suta nigriceps,687874,,,group_level_or_name_unresolved,no
H8PG67,,Suta nigriceps,Suta nigriceps,687874,,,group_level_or_name_unresolved,no
H8PG68,,Suta nigriceps,Suta nigriceps,687874,,,group_level_or_name_unresolved,no
H8PG94,,Suta nigriceps,Suta nigriceps,687874,,,group_level_or_name_unresolved,no
H8PG95,,Suta nigriceps,Suta nigriceps,687874,,,group_level_or_name_unresolved,no
I2GAE2,Gloydius halys,Gloydius halys,Gloydius halys,8714,8714,Gloydius halys,direct_original_and_live_match,no
I2GAE3,Gloydius halys,Gloydius halys,Gloydius halys,8714,8714,Gloydius halys,direct_original_and_live_match,no
I2GAE4,Deinagkistrodon acutus,Deinagkistrodon acutus,Deinagkistrodon acutus,36307,36307,Deinagkistrodon acutus,direct_original_and_live_match,no
J3RY45,Crotalus adamanteus,Crotalus adamanteus,Crotalus adamanteus,8729,8729,Crotalus adamanteus,direct_original_and_live_match,no
J3RY47,Crotalus adamanteus,Crotalus adamanteus,Crotalus adamanteus,8729,8729,Crotalus adamanteus,direct_original_and_live_match,no
J3RY48,Crotalus adamanteus,Crotalus adamanteus,Crotalus adamanteus,8729,8729,Crotalus adamanteus,direct_original_and_live_match,no
J3RY49,Crotalus adamanteus,Crotalus adamanteus,Crotalus adamanteus,8729,8729,Crotalus adamanteus,direct_original_and_live_match,no
J3RY50,Crotalus adamanteus,Crotalus adamanteus,Crotalus adamanteus,8729,8729,Crotalus adamanteus,direct_original_and_live_match,no
J3RYI5,Crotalus adamanteus,Crotalus adamanteus,Crotalus adamanteus,8729,8729,Crotalus adamanteus,direct_original_and_live_match,no
J3S3U5,Crotalus adamanteus,Crotalus adamanteus,Crotalus adamanteus,8729,8729,Crotalus adamanteus,direct_original_and_live_match,no
J3S3U7,Crotalus adamanteus,Crotalus adamanteus,Crotalus adamanteus,8729,8729,Crotalus adamanteus,direct_original_and_live_match,no
J3S3U8,Crotalus adamanteus,Crotalus adamanteus,Crotalus adamanteus,8729,8729,Crotalus adamanteus,direct_original_and_live_match,no
J3S815,Crotalus adamanteus,Crotalus adamanteus,Crotalus adamanteus,8729,8729,Crotalus adamanteus,direct_original_and_live_match,no
J3S816,Crotalus adamanteus,Crotalus adamanteus,Crotalus adamanteus,8729,8729,Crotalus adamanteus,direct_original_and_live_match,no
J3S817,Crotalus adamanteus,Crotalus adamanteus,Crotalus adamanteus,8729,8729,Crotalus adamanteus,direct_original_and_live_match,no
J3S818,Crotalus adamanteus,Crotalus adamanteus,Crotalus adamanteus,8729,8729,Crotalus adamanteus,direct_original_and_live_match,no
J3SBN4,Crotalus adamanteus,Crotalus adamanteus,Crotalus adamanteus,8729,8729,Crotalus adamanteus,direct_original_and_live_match,no
J3SBN5,Crotalus adamanteus,Crotalus adamanteus,Crotalus adamanteus,8729,8729,Crotalus adamanteus,direct_original_and_live_match,no
J3SBN6,Crotalus adamanteus,Crotalus adamanteus,Crotalus adamanteus,8729,8729,Crotalus adamanteus,direct_original_and_live_match,no
J3SBN7,Crotalus adamanteus,Crotalus adamanteus,Crotalus adamanteus,8729,8729,Crotalus adamanteus,direct_original_and_live_match,no
J3SBN8,Crotalus adamanteus,Crotalus adamanteus,Crotalus adamanteus,8729,8729,Crotalus adamanteus,direct_original_and_live_match,no
J3SDU9,Crotalus adamanteus,Crotalus adamanteus,Crotalus adamanteus,8729,8729,Crotalus adamanteus,direct_original_and_live_match,no
J3SDV0,Crotalus adamanteus,Crotalus adamanteus,Crotalus adamanteus,8729,8729,Crotalus adamanteus,direct_original_and_live_match,no
J3SDV2,Crotalus adamanteus,Crotalus adamanteus,Crotalus adamanteus,8729,8729,Crotalus adamanteus,direct_original_and_live_match,no
J3SDV3,Crotalus adamanteus,Crotalus adamanteus,Crotalus adamanteus,8729,8729,Crotalus adamanteus,direct_original_and_live_match,no
J3SDV4,Crotalus adamanteus,Crotalus adamanteus,Crotalus adamanteus,8729,8729,Crotalus adamanteus,direct_original_and_live_match,no
J3SDV5,Crotalus adamanteus,Crotalus adamanteus,Crotalus adamanteus,8729,8729,Crotalus adamanteus,direct_original_and_live_match,no
J3SDV6,Crotalus adamanteus,Crotalus adamanteus,Crotalus adamanteus,8729,8729,Crotalus adamanteus,direct_original_and_live_match,no
K9JAX2,Daboia russelii,Daboia russelii,Daboia russelii,31159,8707,Daboia russelii,direct_original_and_live_match,no
K9JBU6,Daboia siamensis,Daboia siamensis,Daboia siamensis,343250,343250,Daboia siamensis,direct_original_and_live_match,no
K9JBV0,Daboia siamensis,Daboia siamensis,Daboia siamensis,343250,343250,Daboia siamensis,direct_original_and_live_match,no
K9JBV3,Daboia russelii,Daboia russelii,Daboia russelii,338883,8707,Daboia russelii,direct_original_and_live_match,no
K9JCB2,Daboia russelii,Daboia russelii,Daboia russelii,31159,8707,Daboia russelii,direct_original_and_live_match,no
K9JDE8,Daboia russelii,Daboia russelii,Daboia russelii,31159,8707,Daboia russelii,direct_original_and_live_match,no
K9JDF2,Daboia russelii,Daboia russelii,Daboia russelii,338883,8707,Daboia russelii,direct_original_and_live_match,no
K9JDF6,Daboia siamensis,Daboia siamensis,Daboia siamensis,343250,343250,Daboia siamensis,direct_original_and_live_match,no
K9JDJ1,Daboia siamensis,Daboia siamensis,Daboia siamensis,343250,343250,Daboia siamensis,direct_original_and_live_match,no
K9JDJ6,Daboia siamensis,Daboia siamensis,Daboia siamensis,343250,343250,Daboia siamensis,direct_original_and_live_match,no
K9JDK6,Daboia russelii,Daboia russelii,Daboia russelii,31159,8707,Daboia russelii,direct_original_and_live_match,no
M1V359,Bothrops jararaca,Bothrops jararaca,Bothrops jararaca,8724,8724,Bothrops jararaca,direct_original_and_live_match,no
M1VNP5,Bothrops jararaca,Bothrops jararaca,Bothrops jararaca,8724,8724,Bothrops jararaca,direct_original_and_live_match,no
M9T2A3,,Boa constrictor,Boa constrictor,8574,,,group_level_or_name_unresolved,no
Q14FJ3,Echis ocellatus,Echis ocellatus,Echis ocellatus,99586,99586,Echis ocellatus,direct_original_and_live_match,no
Q14FJ5,Echis ocellatus,Echis ocellatus,Echis ocellatus,99586,99586,Echis ocellatus,direct_original_and_live_match,no
Q1JRG7,,Macrovipera lebetinus,Macrovipera lebetinus,384075,,,group_level_or_name_unresolved,no
Q1JRG9,,Macrovipera lebetinus,Macrovipera lebetinus,384075,,,group_level_or_name_unresolved,no
Q1PGB0,,Gloydius shedaoensis,Gloydius shedaoensis,88083,,,group_level_or_name_unresolved,no
Q1PGB1,,Gloydius shedaoensis,Gloydius shedaoensis,88083,,,group_level_or_name_unresolved,no
Q3YK52,Agkistrodon contortrix,Agkistrodon contortrix,Agkistrodon contortrix,336209,8720,Agkistrodon contortrix,direct_original_and_live_match,no
Q3YK53,Agkistrodon contortrix,Agkistrodon contortrix,Agkistrodon contortrix,336210,8720,Agkistrodon contortrix,direct_original_and_live_match,no
Q3YK54,Agkistrodon contortrix,Agkistrodon contortrix,Agkistrodon contortrix,336210,8720,Agkistrodon contortrix,direct_original_and_live_match,no
Q3YK55,Agkistrodon contortrix,Agkistrodon contortrix,Agkistrodon contortrix,336210,8720,Agkistrodon contortrix,direct_original_and_live_match,no
Q3YL39,Agkistrodon contortrix,Agkistrodon contortrix,Agkistrodon contortrix,336208,8720,Agkistrodon contortrix,direct_original_and_live_match,no
Q3YL43,Agkistrodon contortrix,Agkistrodon contortrix,Agkistrodon contortrix,2782196,8720,Agkistrodon contortrix,direct_original_and_live_match,no
Q3YL44,Agkistrodon contortrix,Agkistrodon contortrix,Agkistrodon contortrix,8713,8720,Agkistrodon contortrix,direct_original_and_live_match,no
Q3YL47,Agkistrodon contortrix,Agkistrodon contortrix,Agkistrodon contortrix,336209,8720,Agkistrodon contortrix,direct_original_and_live_match,no
Q3YL48,Agkistrodon contortrix,Agkistrodon contortrix,Agkistrodon contortrix,8713,8720,Agkistrodon contortrix,direct_original_and_live_match,no
Q3YL49,Agkistrodon contortrix,Agkistrodon contortrix,Agkistrodon contortrix,8713,8720,Agkistrodon contortrix,direct_original_and_live_match,no
Q3YL50,Agkistrodon contortrix,Agkistrodon contortrix,Agkistrodon contortrix,8713,8720,Agkistrodon contortrix,direct_original_and_live_match,no
Q3YL51,Agkistrodon contortrix,Agkistrodon contortrix,Agkistrodon contortrix,336208,8720,Agkistrodon contortrix,direct_original_and_live_match,no
Q3YL52,Agkistrodon contortrix,Agkistrodon contortrix,Agkistrodon contortrix,336210,8720,Agkistrodon contortrix,direct_original_and_live_match,no
Q3YL53,Agkistrodon contortrix,Agkistrodon contortrix,Agkistrodon contortrix,336209,8720,Agkistrodon contortrix,direct_original_and_live_match,no
Q3YL54,Agkistrodon contortrix,Agkistrodon contortrix,Agkistrodon contortrix,336209,8720,Agkistrodon contortrix,direct_original_and_live_match,no
Q4JCR9,Bitis arietans,Bitis arietans,Bitis arietans,8692,8692,Bitis arietans,direct_original_and_live_match,no
Q6T270,Bitis gabonica,Bitis gabonica,Bitis gabonica,8694,8694,Bitis gabonica,direct_original_and_live_match,no
Q6TAR6,Bungarus candidus,Bungarus candidus,Bungarus candidus,92438,92438,Bungarus candidus,direct_original_and_live_match,no
Q7T1S0,Protobothrops mucrosquamatus,Protobothrops mucrosquamatus,Protobothrops mucrosquamatus,103944,103944,Protobothrops mucrosquamatus,direct_original_and_live_match,no
Q8JIW0,Deinagkistrodon acutus,Deinagkistrodon acutus,Deinagkistrodon acutus,36307,36307,Deinagkistrodon acutus,direct_original_and_live_match,no
Q90WL9,Deinagkistrodon acutus,Deinagkistrodon acutus,Deinagkistrodon acutus,36307,36307,Deinagkistrodon acutus,direct_original_and_live_match,no
Q9YH67,Bungarus multicinctus,Bungarus multicinctus,Bungarus multicinctus,8616,8616,Bungarus multicinctus,direct_original_and_live_match,no
R4FI70,Acanthophis spp,Acanthophis wellsi,Acanthophis wellsi,239747,239747,Acanthophis wellsi,direct_original_and_live_match,yes
R4FI75,Acanthophis spp,Acanthophis wellsi,Acanthophis wellsi,239747,239747,Acanthophis wellsi,direct_original_and_live_match,yes
R4FIA8,,Cacophis squamulosus,Cacophis squamulosus,505434,,,group_level_or_name_unresolved,no
R4FIB4,,Cacophis squamulosus,Cacophis squamulosus,505434,,,group_level_or_name_unresolved,no
R4FIB8,,Cacophis squamulosus,Cacophis squamulosus,505434,,,group_level_or_name_unresolved,no
R4FIC0,,Cacophis squamulosus,Cacophis squamulosus,505434,,,group_level_or_name_unresolved,no
R4FIC8,,Denisonia devisi,Denisonia devisi,529689,,,group_level_or_name_unresolved,no
R4FID4,,Denisonia devisi,Denisonia devisi,529689,,,group_level_or_name_unresolved,no
R4FIE0,,Echiopsis curta,Echiopsis curta,529692,,,group_level_or_name_unresolved,no
R4FIG8,,Furina ornata,Furina ornata,529697,,,group_level_or_name_unresolved,no
R4FIH0,,Furina ornata,Furina ornata,529697,,,group_level_or_name_unresolved,no
R4FIH4,,Furina ornata,Furina ornata,529697,,,group_level_or_name_unresolved,no
R4FIH7,,Furina ornata,Furina ornata,529697,,,group_level_or_name_unresolved,no
R4FIH9,,Furina ornata,Furina ornata,529697,,,group_level_or_name_unresolved,no
R4FIJ0,,Hemiaspis signata,Hemiaspis signata,355698,,,group_level_or_name_unresolved,no
R4FIJ3,,Hemiaspis signata,Hemiaspis signata,355698,,,group_level_or_name_unresolved,no
R4FIJ7,,Hemiaspis signata,Hemiaspis signata,355698,,,group_level_or_name_unresolved,no
R4FIK1,,Hemiaspis signata,Hemiaspis signata,355698,,,group_level_or_name_unresolved,no
R4FIK4,,Hemiaspis signata,Hemiaspis signata,355698,,,group_level_or_name_unresolved,no
R4FIN6,Hoplocephalus spp,Hoplocephalus bungaroides,Hoplocephalus bungaroides,83403,83403,Hoplocephalus bungaroides,direct_original_and_live_match,yes
R4FIR5,,Pseudonaja modesta,Pseudonaja modesta,340912,,,group_level_or_name_unresolved,no
R4FIS5,,Pseudonaja modesta,Pseudonaja modesta,340912,,,group_level_or_name_unresolved,no
R4FIT0,,Pseudonaja modesta,Pseudonaja modesta,340912,,,group_level_or_name_unresolved,no
R4FIT5,,Pseudonaja modesta,Pseudonaja modesta,340912,,,group_level_or_name_unresolved,no
R4FIU6,,Pseudonaja modesta,Pseudonaja modesta,340912,,,group_level_or_name_unresolved,no
R4FIV9,,Pseudonaja modesta,Pseudonaja modesta,340912,,,group_level_or_name_unresolved,no
R4FIW2,,Pseudonaja modesta,Pseudonaja modesta,340912,,,group_level_or_name_unresolved,no
R4FIW5,,Pseudonaja modesta,Pseudonaja modesta,340912,,,group_level_or_name_unresolved,no
R4FIW8,,Pseudonaja modesta,Pseudonaja modesta,340912,,,group_level_or_name_unresolved,no
R4FIX7,,Suta fasciata,Suta fasciata,529716,,,group_level_or_name_unresolved,no
R4FIY3,,Suta fasciata,Suta fasciata,529716,,,group_level_or_name_unresolved,no
R4FIZ2,,Vermicella annulata,Vermicella annulata,1295044,,,group_level_or_name_unresolved,no
R4FIZ6,,Vermicella annulata,Vermicella annulata,1295044,,,group_level_or_name_unresolved,no
R4FIZ8,,Vermicella annulata,Vermicella annulata,1295044,,,group_level_or_name_unresolved,no
R4FJD0,Acanthophis spp,Acanthophis wellsi,Acanthophis wellsi,239747,239747,Acanthophis wellsi,direct_original_and_live_match,yes
R4FJI5,,Cacophis squamulosus,Cacophis squamulosus,505434,,,group_level_or_name_unresolved,no
R4FJJ5,,Cacophis squamulosus,Cacophis squamulosus,505434,,,group_level_or_name_unresolved,no
R4FJK0,,Cacophis squamulosus,Cacophis squamulosus,505434,,,group_level_or_name_unresolved,no
R4FJK2,,Cacophis squamulosus,Cacophis squamulosus,505434,,,group_level_or_name_unresolved,no
R4FJQ3,,Echiopsis curta,Echiopsis curta,529692,,,group_level_or_name_unresolved,no
R4FJR7,,Furina ornata,Furina ornata,529697,,,group_level_or_name_unresolved,no
R4FJS0,,Furina ornata,Furina ornata,529697,,,group_level_or_name_unresolved,no
R4FJS5,,Furina ornata,Furina ornata,529697,,,group_level_or_name_unresolved,no
R4FJT0,,Furina ornata,Furina ornata,529697,,,group_level_or_name_unresolved,no
R4FJT6,,Furina ornata,Furina ornata,529697,,,group_level_or_name_unresolved,no
R4FJV4,,Hemiaspis signata,Hemiaspis signata,355698,,,group_level_or_name_unresolved,no
R4FJV8,,Hemiaspis signata,Hemiaspis signata,355698,,,group_level_or_name_unresolved,no
R4FJW1,,Hemiaspis signata,Hemiaspis signata,355698,,,group_level_or_name_unresolved,no
R4FJX3,,Hemiaspis signata,Hemiaspis signata,355698,,,group_level_or_name_unresolved,no
R4FK10,Hoplocephalus spp,Hoplocephalus bungaroides,Hoplocephalus bungaroides,83403,83403,Hoplocephalus bungaroides,direct_original_and_live_match,yes
R4FK47,,Pseudonaja modesta,Pseudonaja modesta,340912,,,group_level_or_name_unresolved,no
R4FK68,,Pseudonaja modesta,Pseudonaja modesta,340912,,,group_level_or_name_unresolved,no
R4FK75,,Pseudonaja modesta,Pseudonaja modesta,340912,,,group_level_or_name_unresolved,no
R4FK93,,Pseudonaja modesta,Pseudonaja modesta,340912,,,group_level_or_name_unresolved,no
R4FKA6,,Pseudonaja modesta,Pseudonaja modesta,340912,,,group_level_or_name_unresolved,no
R4FKB1,,Pseudonaja modesta,Pseudonaja modesta,340912,,,group_level_or_name_unresolved,no
R4FKC0,,Pseudonaja modesta,Pseudonaja modesta,340912,,,group_level_or_name_unresolved,no
R4FKC4,,Pseudonaja modesta,Pseudonaja modesta,340912,,,group_level_or_name_unresolved,no
R4FKC7,,Pseudonaja modesta,Pseudonaja modesta,340912,,,group_level_or_name_unresolved,no
R4FKD8,,Suta fasciata,Suta fasciata,529716,,,group_level_or_name_unresolved,no
R4FKF8,,Vermicella annulata,Vermicella annulata,1295044,,,group_level_or_name_unresolved,no
R4FKG3,,Vermicella annulata,Vermicella annulata,1295044,,,group_level_or_name_unresolved,no
R4FKG7,,Vermicella annulata,Vermicella annulata,1295044,,,group_level_or_name_unresolved,no
R4G2D5,Acanthophis spp,Acanthophis wellsi,Acanthophis wellsi,239747,239747,Acanthophis wellsi,direct_original_and_live_match,yes
R4G2D7,Acanthophis spp,Acanthophis wellsi,Acanthophis wellsi,239747,239747,Acanthophis wellsi,direct_original_and_live_match,yes
R4G2D8,Acanthophis spp,Acanthophis wellsi,Acanthophis wellsi,239747,239747,Acanthophis wellsi,direct_original_and_live_match,yes
R4G2D9,Acanthophis spp,Acanthophis wellsi,Acanthophis wellsi,239747,239747,Acanthophis wellsi,direct_original_and_live_match,yes
R4G2E1,,Brachyurophis roperi,Brachyurophis roperi,1295043,,,group_level_or_name_unresolved,no
R4G2E7,,Cacophis squamulosus,Cacophis squamulosus,505434,,,group_level_or_name_unresolved,no
R4G2F0,,Cacophis squamulosus,Cacophis squamulosus,505434,,,group_level_or_name_unresolved,no
R4G2F2,,Cacophis squamulosus,Cacophis squamulosus,505434,,,group_level_or_name_unresolved,no
R4G2F4,,Denisonia devisi,Denisonia devisi,529689,,,group_level_or_name_unresolved,no
R4G2F6,,Denisonia devisi,Denisonia devisi,529689,,,group_level_or_name_unresolved,no
R4G2F7,,Echiopsis curta,Echiopsis curta,529692,,,group_level_or_name_unresolved,no
R4G2F8,,Echiopsis curta,Echiopsis curta,529692,,,group_level_or_name_unresolved,no
R4G2F9,,Echiopsis curta,Echiopsis curta,529692,,,group_level_or_name_unresolved,no
R4G2G0,,Echiopsis curta,Echiopsis curta,529692,,,group_level_or_name_unresolved,no
R4G2G1,,Echiopsis curta,Echiopsis curta,529692,,,group_level_or_name_unresolved,no
R4G2G2,,Echiopsis curta,Echiopsis curta,529692,,,group_level_or_name_unresolved,no
R4G2G7,,Furina ornata,Furina ornata,529697,,,group_level_or_name_unresolved,no
R4G2G8,,Furina ornata,Furina ornata,529697,,,group_level_or_name_unresolved,no
R4G2G9,,Furina ornata,Furina ornata,529697,,,group_level_or_name_unresolved,no
R4G2H3,,Hemiaspis signata,Hemiaspis signata,355698,,,group_level_or_name_unresolved,no
R4G2H4,,Hemiaspis signata,Hemiaspis signata,355698,,,group_level_or_name_unresolved,no
R4G2H6,,Hemiaspis signata,Hemiaspis signata,355698,,,group_level_or_name_unresolved,no
R4G2H7,,Hemiaspis signata,Hemiaspis signata,355698,,,group_level_or_name_unresolved,no
R4G2H8,,Hemiaspis signata,Hemiaspis signata,355698,,,group_level_or_name_unresolved,no
R4G2J0,,Pseudonaja modesta,Pseudonaja modesta,340912,,,group_level_or_name_unresolved,no
R4G2J3,,Pseudonaja modesta,Pseudonaja modesta,340912,,,group_level_or_name_unresolved,no
R4G2J4,,Pseudonaja modesta,Pseudonaja modesta,340912,,,group_level_or_name_unresolved,no
R4G2J5,,Pseudonaja modesta,Pseudonaja modesta,340912,,,group_level_or_name_unresolved,no
R4G2J6,,Pseudonaja modesta,Pseudonaja modesta,340912,,,group_level_or_name_unresolved,no
R4G2J7,,Pseudonaja modesta,Pseudonaja modesta,340912,,,group_level_or_name_unresolved,no
R4G2J9,,Pseudonaja modesta,Pseudonaja modesta,340912,,,group_level_or_name_unresolved,no
R4G2K1,,Pseudonaja modesta,Pseudonaja modesta,340912,,,group_level_or_name_unresolved,no
R4G2K2,,Pseudonaja modesta,Pseudonaja modesta,340912,,,group_level_or_name_unresolved,no
R4G2K4,,Pseudonaja modesta,Pseudonaja modesta,340912,,,group_level_or_name_unresolved,no
R4G2K6,,Pseudonaja modesta,Pseudonaja modesta,340912,,,group_level_or_name_unresolved,no
R4G2K8,,Suta fasciata,Suta fasciata,529716,,,group_level_or_name_unresolved,no
R4G2L2,,Suta fasciata,Suta fasciata,529716,,,group_level_or_name_unresolved,no
R4G2L3,,Suta fasciata,Suta fasciata,529716,,,group_level_or_name_unresolved,no
R4G2L7,,Vermicella annulata,Vermicella annulata,1295044,,,group_level_or_name_unresolved,no
R4G2M0,,Vermicella annulata,Vermicella annulata,1295044,,,group_level_or_name_unresolved,no
R4G2M2,,Vermicella annulata,Vermicella annulata,1295044,,,group_level_or_name_unresolved,no
R4G2P2,Acanthophis spp,Acanthophis wellsi,Acanthophis wellsi,239747,239747,Acanthophis wellsi,direct_original_and_live_match,yes
R4G2P6,Acanthophis spp,Acanthophis wellsi,Acanthophis wellsi,239747,239747,Acanthophis wellsi,direct_original_and_live_match,yes
R4G2Q3,,Brachyurophis roperi,Brachyurophis roperi,1295043,,,group_level_or_name_unresolved,no
R4G2R3,,Cacophis squamulosus,Cacophis squamulosus,505434,,,group_level_or_name_unresolved,no
R4G2S0,,Cacophis squamulosus,Cacophis squamulosus,505434,,,group_level_or_name_unresolved,no
R4G2S3,,Cacophis squamulosus,Cacophis squamulosus,505434,,,group_level_or_name_unresolved,no
R4G2T0,,Denisonia devisi,Denisonia devisi,529689,,,group_level_or_name_unresolved,no
R4G2T2,,Denisonia devisi,Denisonia devisi,529689,,,group_level_or_name_unresolved,no
R4G2T5,,Denisonia devisi,Denisonia devisi,529689,,,group_level_or_name_unresolved,no
R4G2T9,,Echiopsis curta,Echiopsis curta,529692,,,group_level_or_name_unresolved,no
R4G2U8,,Echiopsis curta,Echiopsis curta,529692,,,group_level_or_name_unresolved,no
R4G2V7,,Furina ornata,Furina ornata,529697,,,group_level_or_name_unresolved,no
R4G2W0,,Furina ornata,Furina ornata,529697,,,group_level_or_name_unresolved,no
R4G2W2,,Furina ornata,Furina ornata,529697,,,group_level_or_name_unresolved,no
R4G2W4,,Furina ornata,Furina ornata,529697,,,group_level_or_name_unresolved,no
R4G2X3,,Hemiaspis signata,Hemiaspis signata,355698,,,group_level_or_name_unresolved,no
R4G2X5,,Hemiaspis signata,Hemiaspis signata,355698,,,group_level_or_name_unresolved,no
R4G2Y2,,Hemiaspis signata,Hemiaspis signata,355698,,,group_level_or_name_unresolved,no
R4G2Y4,,Hemiaspis signata,Hemiaspis signata,355698,,,group_level_or_name_unresolved,no
R4G2Z8,Hoplocephalus spp,Hoplocephalus bungaroides,Hoplocephalus bungaroides,83403,83403,Hoplocephalus bungaroides,direct_original_and_live_match,yes
R4G307,,Pseudonaja modesta,Pseudonaja modesta,340912,,,group_level_or_name_unresolved,no
R4G312,,Pseudonaja modesta,Pseudonaja modesta,340912,,,group_level_or_name_unresolved,no
R4G319,,Pseudonaja modesta,Pseudonaja modesta,340912,,,group_level_or_name_unresolved,no
R4G321,,Pseudonaja modesta,Pseudonaja modesta,340912,,,group_level_or_name_unresolved,no
R4G323,,Pseudonaja modesta,Pseudonaja modesta,340912,,,group_level_or_name_unresolved,no
R4G326,,Pseudonaja modesta,Pseudonaja modesta,340912,,,group_level_or_name_unresolved,no
R4G327,,Pseudonaja modesta,Pseudonaja modesta,340912,,,group_level_or_name_unresolved,no
R4G330,,Pseudonaja modesta,Pseudonaja modesta,340912,,,group_level_or_name_unresolved,no
R4G332,,Pseudonaja modesta,Pseudonaja modesta,340912,,,group_level_or_name_unresolved,no
R4G334,,Pseudonaja modesta,Pseudonaja modesta,340912,,,group_level_or_name_unresolved,no
R4G336,,Pseudonaja modesta,Pseudonaja modesta,340912,,,group_level_or_name_unresolved,no
R4G338,,Pseudonaja modesta,Pseudonaja modesta,340912,,,group_level_or_name_unresolved,no
R4G340,,Suta fasciata,Suta fasciata,529716,,,group_level_or_name_unresolved,no
R4G344,,Suta fasciata,Suta fasciata,529716,,,group_level_or_name_unresolved,no
R4G346,,Suta fasciata,Suta fasciata,529716,,,group_level_or_name_unresolved,no
R4G350,,Vermicella annulata,Vermicella annulata,1295044,,,group_level_or_name_unresolved,no
R4G352,,Vermicella annulata,Vermicella annulata,1295044,,,group_level_or_name_unresolved,no
R4G354,,Vermicella annulata,Vermicella annulata,1295044,,,group_level_or_name_unresolved,no
R4G7E4,Acanthophis spp,Acanthophis wellsi,Acanthophis wellsi,239747,239747,Acanthophis wellsi,direct_original_and_live_match,yes
R4G7E6,Acanthophis spp,Acanthophis wellsi,Acanthophis wellsi,239747,239747,Acanthophis wellsi,direct_original_and_live_match,yes
R4G7E7,Acanthophis spp,Acanthophis wellsi,Acanthophis wellsi,239747,239747,Acanthophis wellsi,direct_original_and_live_match,yes
R4G7E8,Acanthophis spp,Acanthophis wellsi,Acanthophis wellsi,239747,239747,Acanthophis wellsi,direct_original_and_live_match,yes
R4G7G0,,Cacophis squamulosus,Cacophis squamulosus,505434,,,group_level_or_name_unresolved,no
R4G7G3,,Denisonia devisi,Denisonia devisi,529689,,,group_level_or_name_unresolved,no
R4G7G5,,Denisonia devisi,Denisonia devisi,529689,,,group_level_or_name_unresolved,no
R4G7G8,,Echiopsis curta,Echiopsis curta,529692,,,group_level_or_name_unresolved,no
R4G7H1,,Echiopsis curta,Echiopsis curta,529692,,,group_level_or_name_unresolved,no
R4G7H5,,Furina ornata,Furina ornata,529697,,,group_level_or_name_unresolved,no
R4G7H6,,Furina ornata,Furina ornata,529697,,,group_level_or_name_unresolved,no
R4G7H7,,Furina ornata,Furina ornata,529697,,,group_level_or_name_unresolved,no
R4G7H8,,Furina ornata,Furina ornata,529697,,,group_level_or_name_unresolved,no
R4G7I2,,Hemiaspis signata,Hemiaspis signata,355698,,,group_level_or_name_unresolved,no
R4G7I3,,Hemiaspis signata,Hemiaspis signata,355698,,,group_level_or_name_unresolved,no
R4G7I5,,Hemiaspis signata,Hemiaspis signata,355698,,,group_level_or_name_unresolved,no
R4G7I7,,Hemiaspis signata,Hemiaspis signata,355698,,,group_level_or_name_unresolved,no
R4G7J4,Hoplocephalus spp,Hoplocephalus bungaroides,Hoplocephalus bungaroides,83403,83403,Hoplocephalus bungaroides,direct_original_and_live_match,yes
R4G7J9,,Pseudonaja modesta,Pseudonaja modesta,340912,,,group_level_or_name_unresolved,no
R4G7K2,,Pseudonaja modesta,Pseudonaja modesta,340912,,,group_level_or_name_unresolved,no
R4G7K3,,Pseudonaja modesta,Pseudonaja modesta,340912,,,group_level_or_name_unresolved,no
R4G7K4,,Pseudonaja modesta,Pseudonaja modesta,340912,,,group_level_or_name_unresolved,no
R4G7K5,,Pseudonaja modesta,Pseudonaja modesta,340912,,,group_level_or_name_unresolved,no
R4G7K6,,Pseudonaja modesta,Pseudonaja modesta,340912,,,group_level_or_name_unresolved,no
R4G7K7,,Pseudonaja modesta,Pseudonaja modesta,340912,,,group_level_or_name_unresolved,no
R4G7K8,,Pseudonaja modesta,Pseudonaja modesta,340912,,,group_level_or_name_unresolved,no
R4G7K9,,Pseudonaja modesta,Pseudonaja modesta,340912,,,group_level_or_name_unresolved,no
R4G7L0,,Pseudonaja modesta,Pseudonaja modesta,340912,,,group_level_or_name_unresolved,no
R4G7L1,,Pseudonaja modesta,Pseudonaja modesta,340912,,,group_level_or_name_unresolved,no
R4G7L2,,Suta fasciata,Suta fasciata,529716,,,group_level_or_name_unresolved,no
R4G7L5,,Suta fasciata,Suta fasciata,529716,,,group_level_or_name_unresolved,no
R4G7L7,,Vermicella annulata,Vermicella annulata,1295044,,,group_level_or_name_unresolved,no
R4G7L8,,Vermicella annulata,Vermicella annulata,1295044,,,group_level_or_name_unresolved,no
R4G7L9,,Vermicella annulata,Vermicella annulata,1295044,,,group_level_or_name_unresolved,no
R4G7M0,,Vermicella annulata,Vermicella annulata,1295044,,,group_level_or_name_unresolved,no
S6BCL7,Pseudechis rossignolii,Pseudechis rossignolii,Pseudechis rossignolii,1489342,1489342,Pseudechis rossignolii,direct_original_and_live_match,no
S6CB76,Pseudechis rossignolii,Pseudechis rossignolii,Pseudechis rossignolii,1489342,1489342,Pseudechis rossignolii,direct_original_and_live_match,no
T1D6Q8,Crotalus horridus,Crotalus horridus,Crotalus horridus,35024,35024,Crotalus horridus,direct_original_and_live_match,no
T1D6R8,Crotalus horridus,Crotalus horridus,Crotalus horridus,35024,35024,Crotalus horridus,direct_original_and_live_match,no
T1DE73,,Crotalus helleri,Crotalus helleri,8741,,,group_level_or_name_unresolved,no
T1DEG5,,Crotalus helleri,Crotalus helleri,8741,,,group_level_or_name_unresolved,no
T1DEG8,,Crotalus helleri,Crotalus helleri,8741,,,group_level_or_name_unresolved,no
T1DH34,Crotalus horridus,Crotalus horridus,Crotalus horridus,35024,35024,Crotalus horridus,direct_original_and_live_match,no
T1DJZ7,Crotalus horridus,Crotalus horridus,Crotalus horridus,35024,35024,Crotalus horridus,direct_original_and_live_match,no
T1DK00,Crotalus horridus,Crotalus horridus,Crotalus horridus,35024,35024,Crotalus horridus,direct_original_and_live_match,no
T1DK04,Crotalus horridus,Crotalus horridus,Crotalus horridus,35024,35024,Crotalus horridus,direct_original_and_live_match,no
T1DML6,,Crotalus helleri,Crotalus helleri,8741,,,group_level_or_name_unresolved,no
T1DMM9,,Crotalus helleri,Crotalus helleri,8741,,,group_level_or_name_unresolved,no
T1DMN7,,Crotalus helleri,Crotalus helleri,8741,,,group_level_or_name_unresolved,no
T1DMN9,,Crotalus helleri,Crotalus helleri,8741,,,group_level_or_name_unresolved,no
T1DMP9,,Crotalus helleri,Crotalus helleri,8741,,,group_level_or_name_unresolved,no
T1DP52,,Crotalus helleri,Crotalus helleri,8741,,,group_level_or_name_unresolved,no
T1DP80,,Crotalus helleri,Crotalus helleri,8741,,,group_level_or_name_unresolved,no
T1DP82,,Crotalus helleri,Crotalus helleri,8741,,,group_level_or_name_unresolved,no
T1DP88,,Crotalus helleri,Crotalus helleri,8741,,,group_level_or_name_unresolved,no
T1DP90,,Crotalus helleri,Crotalus helleri,8741,,,group_level_or_name_unresolved,no
T1E3B3,Crotalus horridus,Crotalus horridus,Crotalus horridus,35024,35024,Crotalus horridus,direct_original_and_live_match,no
T1E3D6,Crotalus horridus,Crotalus horridus,Crotalus horridus,35024,35024,Crotalus horridus,direct_original_and_live_match,no
T1E3D8,Crotalus horridus,Crotalus horridus,Crotalus horridus,35024,35024,Crotalus horridus,direct_original_and_live_match,no
T1E3E0,Crotalus horridus,Crotalus horridus,Crotalus horridus,35024,35024,Crotalus horridus,direct_original_and_live_match,no
T1E3Z0,Crotalus horridus,Crotalus horridus,Crotalus horridus,35024,35024,Crotalus horridus,direct_original_and_live_match,no
T1E3Z2,Crotalus horridus,Crotalus horridus,Crotalus horridus,35024,35024,Crotalus horridus,direct_original_and_live_match,no
T1E3Z4,Crotalus horridus,Crotalus horridus,Crotalus horridus,35024,35024,Crotalus horridus,direct_original_and_live_match,no
T1E6S4,,Crotalus helleri,Crotalus helleri,8741,,,group_level_or_name_unresolved,no
T1E6S7,,Crotalus helleri,Crotalus helleri,8741,,,group_level_or_name_unresolved,no
T1E6U4,,Crotalus helleri,Crotalus helleri,8741,,,group_level_or_name_unresolved,no
T1E6U6,,Crotalus helleri,Crotalus helleri,8741,,,group_level_or_name_unresolved,no
T1E6V8,,Crotalus helleri,Crotalus helleri,8741,,,group_level_or_name_unresolved,no
T1E6W0,,Crotalus helleri,Crotalus helleri,8741,,,group_level_or_name_unresolved,no
T1E6W3,,Crotalus helleri,Crotalus helleri,8741,,,group_level_or_name_unresolved,no
T1E7H7,,Crotalus helleri,Crotalus helleri,8741,,,group_level_or_name_unresolved,no
T1E7J9,,Crotalus helleri,Crotalus helleri,8741,,,group_level_or_name_unresolved,no
T1E7K2,,Crotalus helleri,Crotalus helleri,8741,,,group_level_or_name_unresolved,no
T1E7L4,,Crotalus helleri,Crotalus helleri,8741,,,group_level_or_name_unresolved,no
T1P647,Daboia russelii,Daboia russelii,Daboia russelii,8707,8707,Daboia russelii,direct_original_and_live_match,no
T2HP25,Protobothrops flavoviridis,Protobothrops flavoviridis,Protobothrops flavoviridis,88087,88087,Protobothrops flavoviridis,direct_original_and_live_match,no
T2HP30,Protobothrops flavoviridis,Protobothrops flavoviridis,Protobothrops flavoviridis,88087,88087,Protobothrops flavoviridis,direct_original_and_live_match,no
T2HP35,Protobothrops flavoviridis,Protobothrops flavoviridis,Protobothrops flavoviridis,88087,88087,Protobothrops flavoviridis,direct_original_and_live_match,no
T2HP42,Protobothrops flavoviridis,Protobothrops flavoviridis,Protobothrops flavoviridis,88087,88087,Protobothrops flavoviridis,direct_original_and_live_match,no
T2HP53,Protobothrops flavoviridis,Protobothrops flavoviridis,Protobothrops flavoviridis,88087,88087,Protobothrops flavoviridis,direct_original_and_live_match,no
T2HP57,Protobothrops flavoviridis,Protobothrops flavoviridis,Protobothrops flavoviridis,88087,88087,Protobothrops flavoviridis,direct_original_and_live_match,no
T2HPA6,Protobothrops flavoviridis,Protobothrops flavoviridis,Protobothrops flavoviridis,88087,88087,Protobothrops flavoviridis,direct_original_and_live_match,no
T2HPB1,Protobothrops flavoviridis,Protobothrops flavoviridis,Protobothrops flavoviridis,88087,88087,Protobothrops flavoviridis,direct_original_and_live_match,no
T2HPC2,Protobothrops flavoviridis,Protobothrops flavoviridis,Protobothrops flavoviridis,88087,88087,Protobothrops flavoviridis,direct_original_and_live_match,no
T2HPQ3,Protobothrops flavoviridis,Protobothrops flavoviridis,Protobothrops flavoviridis,88087,88087,Protobothrops flavoviridis,direct_original_and_live_match,no
T2HPR8,,Ovophis okinavensis,Ovophis okinavensis,8769,,,group_level_or_name_unresolved,no
T2HPS7,Protobothrops flavoviridis,Protobothrops flavoviridis,Protobothrops flavoviridis,88087,88087,Protobothrops flavoviridis,direct_original_and_live_match,no
T2HQ64,Protobothrops flavoviridis,Protobothrops flavoviridis,Protobothrops flavoviridis,88087,88087,Protobothrops flavoviridis,direct_original_and_live_match,no
T2HQ68,Protobothrops flavoviridis,Protobothrops flavoviridis,Protobothrops flavoviridis,88087,88087,Protobothrops flavoviridis,direct_original_and_live_match,no
T2HQM1,,Ovophis okinavensis,Ovophis okinavensis,8769,,,group_level_or_name_unresolved,no
T2HS56,,Ovophis okinavensis,Ovophis okinavensis,8769,,,group_level_or_name_unresolved,no
U3EPI1,Micrurus fulvius,Micrurus fulvius,Micrurus fulvius,8637,8637,Micrurus fulvius,direct_original_and_live_match,no
U3EPM9,Micrurus fulvius,Micrurus fulvius,Micrurus fulvius,8637,8637,Micrurus fulvius,direct_original_and_live_match,no
U3F5B1,Micrurus fulvius,Micrurus fulvius,Micrurus fulvius,8637,8637,Micrurus fulvius,direct_original_and_live_match,no
U3F5B5,Micrurus fulvius,Micrurus fulvius,Micrurus fulvius,8637,8637,Micrurus fulvius,direct_original_and_live_match,no
U3FAB7,Micrurus fulvius,Micrurus fulvius,Micrurus fulvius,8637,8637,Micrurus fulvius,direct_original_and_live_match,no
U3FAC0,Micrurus fulvius,Micrurus fulvius,Micrurus fulvius,8637,8637,Micrurus fulvius,direct_original_and_live_match,no
U3FDA1,Micrurus fulvius,Micrurus fulvius,Micrurus fulvius,8637,8637,Micrurus fulvius,direct_original_and_live_match,no
U3FVG3,Micrurus fulvius,Micrurus fulvius,Micrurus fulvius,8637,8637,Micrurus fulvius,direct_original_and_live_match,no
U3FVG5,Micrurus fulvius,Micrurus fulvius,Micrurus fulvius,8637,8637,Micrurus fulvius,direct_original_and_live_match,no
U3FVG7,Micrurus fulvius,Micrurus fulvius,Micrurus fulvius,8637,8637,Micrurus fulvius,direct_original_and_live_match,no
U3FYQ0,Micrurus fulvius,Micrurus fulvius,Micrurus fulvius,8637,8637,Micrurus fulvius,direct_original_and_live_match,no
U3FYQ1,Micrurus fulvius,Micrurus fulvius,Micrurus fulvius,8637,8637,Micrurus fulvius,direct_original_and_live_match,no
U3T788,Protobothrops flavoviridis,Protobothrops flavoviridis,Protobothrops flavoviridis,88087,88087,Protobothrops flavoviridis,direct_original_and_live_match,no
U3T7E7,,Ovophis okinavensis,Ovophis okinavensis,8769,,,group_level_or_name_unresolved,no
V8N1S9,Ophiophagus hannah,Ophiophagus hannah,Ophiophagus hannah,8665,8665,Ophiophagus hannah,direct_original_and_live_match,no
V8N207,Ophiophagus hannah,Ophiophagus hannah,Ophiophagus hannah,8665,8665,Ophiophagus hannah,direct_original_and_live_match,no
V8N2J2,Ophiophagus hannah,Ophiophagus hannah,Ophiophagus hannah,8665,8665,Ophiophagus hannah,direct_original_and_live_match,no
V8N2P3,Ophiophagus hannah,Ophiophagus hannah,Ophiophagus hannah,8665,8665,Ophiophagus hannah,direct_original_and_live_match,no
V8N2Y4,Ophiophagus hannah,Ophiophagus hannah,Ophiophagus hannah,8665,8665,Ophiophagus hannah,direct_original_and_live_match,no
V8N399,Ophiophagus hannah,Ophiophagus hannah,Ophiophagus hannah,8665,8665,Ophiophagus hannah,direct_original_and_live_match,no
V8N3A3,Ophiophagus hannah,Ophiophagus hannah,Ophiophagus hannah,8665,8665,Ophiophagus hannah,direct_original_and_live_match,no
V8N3F2,Ophiophagus hannah,Ophiophagus hannah,Ophiophagus hannah,8665,8665,Ophiophagus hannah,direct_original_and_live_match,no
V8N3U4,Ophiophagus hannah,Ophiophagus hannah,Ophiophagus hannah,8665,8665,Ophiophagus hannah,direct_original_and_live_match,no
V8N490,Ophiophagus hannah,Ophiophagus hannah,Ophiophagus hannah,8665,8665,Ophiophagus hannah,direct_original_and_live_match,no
V8N4A1,Ophiophagus hannah,Ophiophagus hannah,Ophiophagus hannah,8665,8665,Ophiophagus hannah,direct_original_and_live_match,no
V8N4Z3,Ophiophagus hannah,Ophiophagus hannah,Ophiophagus hannah,8665,8665,Ophiophagus hannah,direct_original_and_live_match,no
V8N807,Ophiophagus hannah,Ophiophagus hannah,Ophiophagus hannah,8665,8665,Ophiophagus hannah,direct_original_and_live_match,no
V8N8Z0,Ophiophagus hannah,Ophiophagus hannah,Ophiophagus hannah,8665,8665,Ophiophagus hannah,direct_original_and_live_match,no
V8N9V3,Ophiophagus hannah,Ophiophagus hannah,Ophiophagus hannah,8665,8665,Ophiophagus hannah,direct_original_and_live_match,no
V8N9Y1,Ophiophagus hannah,Ophiophagus hannah,Ophiophagus hannah,8665,8665,Ophiophagus hannah,direct_original_and_live_match,no
V8NAU6,Ophiophagus hannah,Ophiophagus hannah,Ophiophagus hannah,8665,8665,Ophiophagus hannah,direct_original_and_live_match,no
V8NE61,Ophiophagus hannah,Ophiophagus hannah,Ophiophagus hannah,8665,8665,Ophiophagus hannah,direct_original_and_live_match,no
V8NEN8,Ophiophagus hannah,Ophiophagus hannah,Ophiophagus hannah,8665,8665,Ophiophagus hannah,direct_original_and_live_match,no
V8NEU2,Ophiophagus hannah,Ophiophagus hannah,Ophiophagus hannah,8665,8665,Ophiophagus hannah,direct_original_and_live_match,no
V8NF90,Ophiophagus hannah,Ophiophagus hannah,Ophiophagus hannah,8665,8665,Ophiophagus hannah,direct_original_and_live_match,no
V8NFE0,Ophiophagus hannah,Ophiophagus hannah,Ophiophagus hannah,8665,8665,Ophiophagus hannah,direct_original_and_live_match,no
V8NFQ6,Ophiophagus hannah,Ophiophagus hannah,Ophiophagus hannah,8665,8665,Ophiophagus hannah,direct_original_and_live_match,no
V8NGM8,Ophiophagus hannah,Ophiophagus hannah,Ophiophagus hannah,8665,8665,Ophiophagus hannah,direct_original_and_live_match,no
V8NH43,Ophiophagus hannah,Ophiophagus hannah,Ophiophagus hannah,8665,8665,Ophiophagus hannah,direct_original_and_live_match,no
V8NJZ8,Ophiophagus hannah,Ophiophagus hannah,Ophiophagus hannah,8665,8665,Ophiophagus hannah,direct_original_and_live_match,no
V8NL68,Ophiophagus hannah,Ophiophagus hannah,Ophiophagus hannah,8665,8665,Ophiophagus hannah,direct_original_and_live_match,no
V8NMF9,Ophiophagus hannah,Ophiophagus hannah,Ophiophagus hannah,8665,8665,Ophiophagus hannah,direct_original_and_live_match,no
V8NQZ9,Ophiophagus hannah,Ophiophagus hannah,Ophiophagus hannah,8665,8665,Ophiophagus hannah,direct_original_and_live_match,no
V8P0B6,Ophiophagus hannah,Ophiophagus hannah,Ophiophagus hannah,8665,8665,Ophiophagus hannah,direct_original_and_live_match,no
V8PB89,Ophiophagus hannah,Ophiophagus hannah,Ophiophagus hannah,8665,8665,Ophiophagus hannah,direct_original_and_live_match,no
V8PJ30,Ophiophagus hannah,Ophiophagus hannah,Ophiophagus hannah,8665,8665,Ophiophagus hannah,direct_original_and_live_match,no
