accession,species,family,length,afdb
A0A0B4U9L8,Vipera ammodytes,SVMP,614,yes
A0A0K2JNB8,Bothrops atrox,SVMP,610,yes
A0A0S4FKT4,Crotalus durissus,SVSP,238,yes
A0A1Z0YU59,Dendroaspis angusticeps,OTHER,57,yes
A0A2D0TC04,Naja atra,PDE,830,yes
A0A411EZW9,Agkistrodon piscivorus,3FTx,138,yes
A0A670XR14,Pseudonaja textilis,PDE,856,yes
A0A670XY21,Pseudonaja textilis,3FTx,198,yes
A0A670XYJ6,Pseudonaja textilis,PDE,888,yes
A0A670Y0J1,Pseudonaja textilis,PDE,884,yes
A0A670YSH0,Pseudonaja textilis,PDE,846,yes
A0A670YZZ1,Pseudonaja textilis,OTHER,848,yes
A0A670Z6M5,Pseudonaja textilis,SVMP,836,yes
A0A670ZKQ5,Pseudonaja textilis,SVMP,749,yes
A0A6B7FMR5,Vipera ammodytes,SVMP,324,yes
A0A6J1TTB3,Notechis scutatus,PDE,908,yes
A0A6J1U5V7,Notechis scutatus,3FTx,211,yes
A0A6J1UW97,Notechis scutatus,OTHER,868,yes
A0A6J1VD75,Notechis scutatus,SVMP,749,yes
A0A6J1VNB8,Notechis scutatus,PDE,926,yes
A0A8C6V2H9,Naja naja,PDE,908,yes
A0A8C6X6C0,Naja naja,OTHER,866,yes
A0A8C6X6E9,Naja naja,OTHER,846,yes
A0A8C6XSS4,Naja naja,SVMP,838,yes
A0A8C6Y5N2,Naja naja,SVMP,749,yes
A0A8C6Y6U5,Naja naja,PDE,935,yes
A0A8C6Y8P8,Naja naja,PDE,907,yes
A0A8C6Y9B7,Naja naja,PDE,884,yes
A0A8C6YBK4,Naja naja,PDE,939,yes
A0AAW1BM18,Crotalus adamanteus,PDE,930,yes
A3R0T9,Ophiophagus hannah,SVMP,611,yes
A4PBQ9,Crotalus atrox,SVMP,607,yes
A8CG78,Daboia siamensis,PLA2,138,yes
A8CG82,Daboia siamensis,PLA2,138,yes
A8CG86,Daboia russelii,PLA2,138,yes
A8QL52,Bungarus fasciatus,LAAO,517,yes
A8QL56,Ophiophagus hannah,SVSP,260,yes
A8YPR6,Echis ocellatus,SVMP,308,yes
A8YPR9,Cerastes cerastes,SVMP,302,yes
B3A0N3,Bothrops spp,3FTx,50,yes
B7S4N9,Oxyuranus scutellatus,3FTx,88,yes
B8K1W0,Daboia russelii,SVMP,615,yes
C0HJE7,Crotalus durissus,OTHER,516,yes
C0HLF0,Porthidium ophryomegas,PLA2,121,yes
C0HM14,Crotalus durissus,3FTx,122,yes
C0HM96,Crotalus durissus,VEGF,114,yes
C0L2T8,Crotalus durissus,SVMP,478,yes
D3TTC1,Naja atra,SVMP,593,yes
D3TTC2,Naja atra,SVMP,613,yes
D6PXE8,Naja atra,SVMP,593,yes
G8XQX1,Daboia russelii,LAAO,504,yes
I2C090,Ophiophagus hannah,OTHER,1641,yes
I4CHP3,Gloydius halys,SVSP,238,yes
I6L8L6,Bothrops brazili,PLA2,121,yes
J3SCV0,Crotalus adamanteus,PDE,887,yes
J7H670,Lachesis muta,OTHER,516,yes
K4LLQ2,Bothrops spp,SVSP,249,yes
N0A5N4,Gloydius halys,SVSP,237,yes
O57385,Deinagkistrodon acutus,PLA2,138,yes
O57413,Protobothrops mucrosquamatus,SVMP,481,yes
O93364,Crotalus adamanteus,LAAO,516,yes
O93523,Bothrops jararaca,SVMP,610,yes
P00596,Naja kaouthia,3FTx,146,yes
P00598,Naja atra,3FTx,146,yes
P00608,Notechis scutatus,3FTx,119,yes
P00614,Oxyuranus scutellatus,3FTx,119,yes
P00617,Bungarus multicinctus,3FTx,147,yes
P00618,Bungarus multicinctus,3FTx,145,yes
P00619,Bungarus multicinctus,3FTx,147,yes
P00624,Crotalus atrox,PLA2,138,yes
P00626,Vipera ammodytes,3FTx,138,yes
P00627,Bungarus fasciatus,3FTx,135,yes
P00628,Bungarus fasciatus,3FTx,135,yes
P00629,Bungarus fasciatus,3FTx,145,yes
P00981,Dendroaspis polylepis,3FTx,79,yes
P00982,Dendroaspis angusticeps,3FTx,57,yes
P01021,Gloydius blomhoffi,SVMP,263,yes
P01391,Naja kaouthia,3FTx,71,yes
P01398,Bungarus multicinctus,3FTx,87,yes
P01445,Naja kaouthia,3FTx,60,yes
P01446,Naja kaouthia,3FTx,60,yes
P04084,Vipera ammodytes,3FTx,122,yes
P04361,Agkistrodon piscivorus,PLA2,121,yes
P04971,Bothrops atrox,SVSP,255,yes
P05620,Protobothrops flavoviridis,SVSP,260,yes
P06859,Protobothrops flavoviridis,PLA2,138,yes
P08878,Crotalus durissus,3FTx,138,yes
P09872,Agkistrodon contortrix,SVSP,231,yes
P0C1Z0,Dendroaspis angusticeps,3FTx,61,yes
P0C2D4,Naja kaouthia,LAAO,38,no
P0C2D7,Vipera berus,LAAO,88,yes
P0C577,Bitis gabonica,SVSP,19,yes
P0C6E3,Agkistrodon bilineatus,SVMP,291,yes
P0C7B0,Gloydius brevicaudus,SVMP,610,yes
P0C7P5,Protobothrops flavoviridis,SVMP,193,yes
P0C8M1,Bothrops moojeni,3FTx,121,yes
P0C942,Lachesis muta,3FTx,122,no
P0CAR9,Cerastes cerastes,PLA2,137,yes
P0CAS0,Cerastes cerastes,PLA2,136,yes
P0CAS2,Crotalus durissus,3FTx,122,yes
P0CAS5,Crotalus durissus,3FTx,122,yes
P0CAS7,Crotalus durissus,PLA2,121,yes
P0CC16,Agkistrodon contortrix,LAAO,19,yes
P0CC17,Bothrops atrox,LAAO,506,yes
P0CG03,Bothrops alternatus,SVSP,260,yes
P0CG56,Crotalus durissus,PLA2,122,yes
P0DI88,Bothrops jararaca,LAAO,37,yes
P0DI90,Daboia russelii,LAAO,20,yes
P0DJ44,Vipera ammodytes,SVMP,36,no
P0DJE2,Vipera ammodytes,SVMP,184,no
P0DJE9,Bothrops spp,SVSP,285,yes
P0DJF0,Bothrops jararacussu,SVSP,22,yes
P0DJG7,Deinagkistrodon acutus,SVSP,15,no
P0DJH3,Deinagkistrodon acutus,SVMP,10,no
P0DJJ9,Protobothrops flavoviridis,PLA2,138,yes
P0DJN6,Crotalus horridus,3FTx,138,yes
P0DKR6,Dendroaspis polylepis,OTHER,78,yes
P0DM89,Gloydius brevicaudus,SVMP,424,yes
P0DM90,Gloydius brevicaudus,SVMP,424,yes
P0DPS3,Vipera ammodytes,SVSP,200,no
P0DPS4,Cerastes cerastes,PLA2,120,yes
P0DQH9,Cerastes cerastes,OTHER,172,yes
P0DQQ0,Bothrops brazili,PLA2,121,yes
P0DQQ4,Crotalus durissus,PDE,829,yes
P0DRJ7,Lachesis muta,SVSP,194,no
P0DRK3,Bitis arietans,SVSP,31,no
P0DUN1,Bothrocophias hyoprora,PLA2,123,yes
P0DUN2,Bothrocophias hyoprora,PLA2,123,yes
P0DUN3,Bothrops brazili,PLA2,107,no
P0DUN4,Bothrops brazili,PLA2,92,no
P0DV78,Bothrops jararacussu,LAAO,116,yes
P11407,Vipera ammodytes,3FTx,138,yes
P14418,Gloydius halys,PLA2,124,yes
P14420,Vipera ammodytes,3FTx,122,yes
P14421,Gloydius halys,3FTx,122,yes
P14424,Vipera ammodytes,3FTx,138,yes
P14530,Protobothrops flavoviridis,SVMP,478,yes
P15167,Crotalus atrox,SVMP,414,yes
P17347,Echis carinatus,SVMP,186,yes
P17935,Vipera ammodytes,3FTx,138,yes
P18964,Daboia siamensis,SVSP,236,yes
P18965,Daboia siamensis,SVSP,260,yes
P20164,Protobothrops flavoviridis,SVMP,614,yes
P20474,Bothrops asper,PLA2,138,yes
P22796,Lachesis muta,SVMP,200,yes
P22947,Dendroaspis polylepis,3FTx,60,yes
P23026,Pseudonaja textilis,3FTx,145,yes
P23807,Protobothrops flavoviridis,OTHER,146,yes
P24027,Crotalus durissus,3FTx,138,yes
P24605,Bothrops asper,PLA2,137,yes
P28375,Dendroaspis jamesoni,OTHER,59,yes
P28891,Agkistrodon contortrix,SVMP,203,yes
P30403,Calloselasma rhodostoma,SVMP,478,yes
P30431,Bothrops jararaca,SVMP,571,yes
P31100,Daboia siamensis,3FTx,138,yes
P33589,Lachesis muta,SVSP,228,yes
P34182,Crotalus atrox,SVMP,478,yes
P45881,Bothrops jararacussu,PLA2,138,yes
P49121,Agkistrodon contortrix,PLA2,137,yes
P59071,Daboia russelii,3FTx,121,yes
P60244,Deinagkistrodon acutus,SVMP,197,yes
P60305,Naja kaouthia,3FTx,60,yes
P60615,Bungarus multicinctus,3FTx,95,yes
P60770,Naja atra,3FTx,83,yes
P61898,Naja atra,SVMP,116,yes
P62022,Crotalus durissus,3FTx,138,yes
P62023,Crotalus scutulatus,3FTx,138,yes
P67861,Daboia russelii,VEGF,144,yes
P67863,Vipera ammodytes,VEGF,145,yes
P80963,Bothriechis schlegelii,PLA2,137,yes
P80966,Ophiophagus hannah,3FTx,151,yes
P81165,Cerrophidion godmani,PLA2,121,yes
P81382,Calloselasma rhodostoma,LAAO,516,yes
P81383,Ophiophagus hannah,LAAO,491,yes
P81428,Tropidechis carinatus,SVSP,455,yes
P81661,Bothrops jararaca,SVSP,232,yes
P82114,Bothrops moojeni,PLA2,138,yes
P82807,Notechis scutatus,OTHER,455,yes
P82935,Naja kaouthia,3FTx,86,yes
P82972,Pseudocerastes persicus,CNP,37,yes
P82981,Agkistrodon contortrix,SVSP,234,yes
P83302,Ophiophagus hannah,3FTx,57,yes
P83370,Hoplocephalus spp,SVSP,455,yes
P83512,Bothrops asper,SVMP,408,yes
P83942,Vipera aspis,VEGF,110,yes
P84674,Daboia russelii,PLA2,121,yes
P85092,Dendroaspis angusticeps,OTHER,65,yes
P85109,Gloydius brevicaudus,SVSP,236,yes
P85314,Bothrops moojeni,SVMP,205,yes
P85420,Bothrops atrox,SVMP,409,yes
P86169,Crotalus durissus,3FTx,122,yes
P86453,Bothrops alternatus,3FTx,121,yes
P86535,Daboia russelii,LAAO,20,yes
P86802,Bothrops spp,SVMP,238,yes
P86803,Bothrops spp,3FTx,121,yes
P86804,Bothrops spp,3FTx,121,yes
P86805,Crotalus durissus,PLA2,122,yes
P86806,Crotalus durissus,PLA2,122,yes
P86907,Bothrops ammodytoides,PLA2,122,yes
P86976,Bothrops spp,SVMP,202,no
Q02471,Daboia siamensis,3FTx,138,yes
Q072L5,Bothrops asper,SVMP,477,yes
Q072L6,Bothrops asper,SVSP,259,yes
Q0NZX5,Bothrops jararaca,SVMP,478,yes
Q10749,Naja mossambica,SVMP,609,yes
Q14FJ4,Echis ocellatus,SVMP,494,yes
Q1PHZ4,Bothrops jararacussu,SVMP,547,yes
Q27J47,Lachesis muta,SVSP,258,yes
Q27J49,Lachesis muta,SVMP,239,yes
Q2PQJ3,Bothrops jararacussu,SVSP,232,yes
Q330K6,Protobothrops mucrosquamatus,VEGF,143,yes
Q45Z47,Oxyuranus scutellatus,3FTx,146,yes
Q4F867,Daboia siamensis,LAAO,407,yes
Q4PRD1,Daboia siamensis,CTL,146,yes
Q4PRD2,Daboia siamensis,CTL,158,yes
Q53B58,Ophiophagus hannah,3FTx,93,yes
Q56VR3,Pseudonaja textilis,SVSP,467,yes
Q58L91,Oxyuranus scutellatus,OTHER,1459,yes
Q58L94,Notechis scutatus,SVSP,453,yes
Q58L96,Oxyuranus scutellatus,SVSP,467,yes
Q5W959,Bothrops jararaca,SVSP,258,yes
Q698K8,Gloydius brevicaudus,SVMP,319,yes
Q6EER4,Bothriechis schlegelii,PLA2,138,yes
Q6JK69,Bothrops atrox,PLA2,138,yes
Q6LEM5,Bothrops jararaca,SVMP,256,yes
Q6SLM1,Bungarus caeruleus,PLA2,137,yes
Q6SLM2,Bungarus caeruleus,3FTx,137,yes
Q6STF1,Gloydius halys,LAAO,504,yes
Q6T271,Bitis gabonica,SVMP,325,yes
Q6TGQ8,Bothrops moojeni,LAAO,502,yes
Q6TGQ9,Bothrops jararacussu,LAAO,497,yes
Q71QE8,Crotalus viridis,PLA2,138,yes
Q7LZ61,Daboia siamensis,SVMP,619,yes
Q7SID6,Deinagkistrodon acutus,PLA2,123,yes
Q7SYF1,Cerastes cerastes,SVSP,256,yes
Q7SZE1,Gloydius intermedius,SVSP,258,yes
Q7SZN0,Pseudonaja textilis,OTHER,1460,yes
Q7T1M3,Bothrops jararacussu,SVMP,144,yes
Q7T2R1,Daboia siamensis,3FTx,138,yes
Q7T3S7,Echis carinatus,PLA2,136,yes
Q7T3T5,Daboia siamensis,3FTx,130,yes
Q800C4,Crotalus viridis,PLA2,138,yes
Q805A2,Protobothrops flavoviridis,3FTx,138,yes
Q805F6,Agkistrodon contortrix,SVMP,483,yes
Q805F7,Agkistrodon contortrix,Disintegrin,111,yes
Q8AWI5,Gloydius halys,SVMP,610,yes
Q8AXY1,Bothrops jararacussu,PLA2,138,yes
Q8JIR2,Protobothrops flavoviridis,SVMP,609,yes
Q8QGR0,Dendroaspis angusticeps,3FTx,86,yes
Q90249,Bothrops jararacussu,PLA2,137,yes
Q90282,Crotalus atrox,SVMP,609,yes
Q90495,Echis carinatus,SVMP,616,yes
Q90W39,Protobothrops mucrosquamatus,3FTx,138,yes
Q90WA8,Bungarus fasciatus,3FTx,145,yes
Q90WC0,Gloydius brevicaudus,SVMP,317,yes
Q90Y12,Crotalus durissus,SVMP,181,yes
Q90ZI3,Protobothrops flavoviridis,SVMP,612,yes
Q91053,Gloydius ussuriensis,SVSP,262,yes
Q91132,Naja kaouthia,OTHER,1642,yes
Q91401,Crotalus atrox,SVMP,203,no
Q91511,Protobothrops mucrosquamatus,SVSP,257,yes
Q92035,Bungarus fasciatus,AChE,606,yes
Q92084,Naja sputatrix,PLA2,146,yes
Q98SP2,Bothrops jararaca,SVMP,477,yes
Q98UF9,Bothrops jararaca,SVMP,606,yes
Q9DF33,Ophiophagus hannah,PLA2,146,yes
Q9DF52,Bungarus caeruleus,3FTx,145,yes
Q9DGB9,Crotalus atrox,SVMP,610,yes
Q9I834,Bothrops moojeni,3FTx,122,yes
Q9I8X1,Deinagkistrodon acutus,SVSP,258,yes
Q9IAB0,Agkistrodon contortrix,SVMP,483,yes
Q9PT51,Gloydius blomhoffi,SVSP,233,yes
Q9PTU8,Bothrops jararaca,SVSP,258,yes
Q9PVF0,Calloselasma rhodostoma,PLA2,126,yes
Q9PVF1,Calloselasma rhodostoma,PLA2,126,yes
Q9PVF2,Calloselasma rhodostoma,PLA2,139,yes
Q9PVF4,Calloselasma rhodostoma,PLA2,137,yes
Q9PW35,Deinagkistrodon acutus,SVMP,413,yes
Q9PW56,Bothrops jararaca,SVMP,265,yes
Q9PWF3,Crotalus durissus,3FTx,65,yes
Q9W6M5,Deinagkistrodon acutus,SVMP,610,yes
Q9W7J3,Pseudonaja textilis,PLA2,154,yes
Q9W7J4,Pseudonaja textilis,PLA2,154,yes
Q9YI19,Gloydius brevicaudus,SVMP,476,yes
R4NNL0,Vipera ammodytes,SVMP,616,yes
U3FAE1,Micrurus fulvius,3FTx,84,yes
U5PZ28,Bothriechis lateralis,SVMP,484,yes
V5TBK6,Vipera ammodytes,SVMP,614,yes
V8P682,Ophiophagus hannah,PDE,881,yes
V8P6Z0,Ophiophagus hannah,OTHER,750,yes
X2JCV5,Cerastes cerastes,OTHER,516,yes
X2L4E2,Bothrops pictus,OTHER,498,yes
A0A1I9KNP0,Vipera ammodytes,SVSP,260,yes
A0A670XWV7,Pseudonaja textilis,SVMP,337,yes
A0A670Y2F9,Pseudonaja textilis,3FTx,687,yes
A0A670Y9W8,Pseudonaja textilis,3FTx,667,yes
A0A670YIZ5,Pseudonaja textilis,3FTx,605,yes
A0A670YWQ6,Pseudonaja textilis,PDE,889,yes
A0A670Z299,Pseudonaja textilis,SVMP,631,yes
A0A6J1U4A8,Notechis scutatus,3FTx,667,yes
A0A6J1UXD9,Notechis scutatus,SVMP,338,yes
A0A8C6V5L6,Naja naja,3FTx,492,yes
A0A8C6V7L7,Naja naja,PDE,889,yes
A0A8C6X6F3,Naja naja,SVMP,722,yes
A0A8C6XEF9,Naja naja,3FTx,667,yes
A0A8C6XSI3,Naja naja,3FTx,687,yes
A0AAW1APA3,Crotalus adamanteus,OTHER,152,yes
A0RZC6,Austrelaps spp,OTHER,1651,yes
A1IVR8,Bungarus candidus,3FTx,75,yes
A2TK72,Deinagkistrodon acutus,SVMP,233,yes
A4FS04,Naja atra,3FTx,119,yes
A6MEY4,Bungarus fasciatus,PLA2,145,yes
A8CG89,Daboia russelii,PLA2,138,yes
A8CG90,Daboia russelii,PLA2,137,yes
A8QL48,Bungarus fasciatus,SVMP,605,yes
A8QL49,Bungarus multicinctus,SVMP,614,yes
A8QL58,Naja atra,LAAO,507,yes
A8QL59,Naja atra,SVMP,621,yes
B0FXM1,Crotalus durissus,SVSP,262,yes
B0FXM2,Crotalus durissus,SVSP,262,yes
B0FXM3,Crotalus durissus,SVSP,259,yes
B0VXV8,Sistrurus catenatus,SVMP,201,yes
B5U6Y4,Echis ocellatus,PLA2,138,yes
B7U492,Agkistrodon piscivorus,SVMP,411,yes
B8QCG6,Agkistrodon contortrix,SVMP,190,yes
C0HJD7,Dendroaspis polylepis,3FTx,72,yes
C0HJP9,Bothrops diporus,PLA2,45,yes
C0HK16,Daboia russelii,PLA2,121,yes
C0HKC2,Agkistrodon piscivorus,PLA2,137,yes
C0HLA3,Lachesis muta,SVSP,53,yes
C0HLB2,Pseudocerastes persicus,SVSP,68,yes
C0HM67,Lachesis muta,SVMP,200,yes
C0HM79,Agkistrodon piscivorus,PLA2,95,yes
C0K3N1,Bitis arietans,VEGF,150,yes
C0K3N3,Crotalus atrox,VEGF,144,yes
C1IC45,Walterinnesia aegyptia,PLA2,137,yes
C1IC46,Walterinnesia aegyptia,PLA2,137,yes
C1IC47,Walterinnesia aegyptia,3FTx,83,yes
C1IC49,Walterinnesia aegyptia,3FTx,86,yes
C7G1G6,Protobothrops flavoviridis,PLA2,138,yes
C9E1R9,Crotalus viridis,SVMP,478,yes
C9E1S1,Agkistrodon piscivorus,SVMP,483,yes
D6MKR0,Crotalus horridus,PLA2,138,yes
D9IX97,Naja atra,CNP,165,yes
E2ITZ3,Naja atra,3FTx,83,yes
F8S114,Crotalus adamanteus,SVSP,262,yes
G3DT18,Bothrops moojeni,PLA2,138,yes
G9I929,Micrurus tener,3FTx,84,yes
G9I930,Micrurus tener,PLA2,149,yes
H6VC05,Daboia russelii,SVSP,90,yes
H6VC06,Daboia russelii,SVSP,84,yes
J3SBP3,Crotalus adamanteus,PDE,810,yes
J3SEZ3,Crotalus adamanteus,PDE,851,yes
J9Z332,Crotalus adamanteus,SVMP,488,yes
O13069,Bothrops jararaca,SVSP,257,yes
O42138,Agkistrodon contortrix,SVMP,620,yes
O42187,Gloydius halys,PLA2,138,yes
O42207,Gloydius ussuriensis,SVSP,258,yes
O93426,Crotalus durissus,OTHER,158,yes
O93427,Crotalus durissus,OTHER,148,yes
P00595,Hemachatus haemachatus,PLA2,119,yes
P00604,Naja mossambica,3FTx,118,yes
P00605,Naja nigricollis,PLA2,118,yes
P00609,Notechis scutatus,3FTx,119,yes
P00623,Crotalus adamanteus,PLA2,138,yes
P00979,Dendroaspis polylepis,3FTx,60,yes
P00980,Dendroaspis angusticeps,3FTx,59,yes
P00983,Dendroaspis polylepis,SVSP,57,yes
P00987,Bungarus multicinctus,3FTx,85,yes
P00989,Bungarus multicinctus,3FTx,85,yes
P01140,Naja naja,SVMP,116,yes
P01404,Dendroaspis angusticeps,OTHER,81,yes
P01442,Naja atra,3FTx,81,yes
P01443,Naja atra,3FTx,81,yes
P01452,Naja mossambica,3FTx,60,yes
P01467,Naja mossambica,3FTx,60,yes
P01469,Naja mossambica,3FTx,60,yes
P01476,Crotalus viridis,3FTx,42,yes
P04417,Gloydius blomhoffi,3FTx,122,yes
P0C2D5,Protobothrops flavoviridis,LAAO,505,yes
P0C590,Gloydius ussuriensis,SVSP,19,no
P0C6R9,Bothrops alternatus,SVMP,196,no
P0C6S6,Bothrops jararaca,SVMP,47,no
P0C7A9,Bothrops jararaca,SVMP,60,yes
P0C7B1,Bothrops alternatus,SVMP,62,yes
P0C7X6,Crotalus horridus,Disintegrin,71,yes
P0C7X7,Crotalus scutulatus,Disintegrin,73,yes
P0C932,Lachesis muta,PLA2,50,yes
P0C933,Lachesis muta,PLA2,49,yes
P0C943,Lachesis muta,3FTx,122,no
P0C944,Naja atra,3FTx,30,yes
P0CAR8,Bothrops jararacussu,PLA2,21,yes
P0CAS1,Crotalus durissus,3FTx,21,yes
P0CAS3,Crotalus durissus,3FTx,122,yes
P0CAS4,Crotalus durissus,3FTx,122,yes
P0CAS6,Crotalus durissus,3FTx,122,yes
P0CB14,Calloselasma rhodostoma,SVMP,417,yes
P0CY52,Notechis scutatus,OTHER,20,yes
P0DI84,Vipera ammodytes,LAAO,484,yes
P0DI86,Bothrops alternatus,LAAO,18,yes
P0DI91,Naja oxiana,LAAO,95,yes
P0DJ42,Crotalus atrox,SVMP,43,yes
P0DJE1,Bothrops atrox,SVMP,24,yes
P0DJG5,Gloydius halys,SVSP,15,no
P0DJH5,Daboia siamensis,SVMP,25,yes
P0DJJ8,Protobothrops flavoviridis,PLA2,138,yes
P0DKR0,Bothrops moojeni,SVMP,33,yes
P0DKT6,Bitis arietans,3FTx,35,yes
P0DKT7,Oxyuranus scutellatus,3FTx,20,yes
P0DKU1,Gloydius ussuriensis,3FTx,122,yes
P0DKX2,Crotalus durissus,SVSP,10,no
P0DKX3,Crotalus durissus,SVSP,20,yes
P0DKY5,Crotalus durissus,SVSP,44,yes
P0DL42,Daboia siamensis,VEGF,109,yes
P0DM97,Bitis arietans,SVMP,515,yes
P0DMD1,Echis ocellatus,SVMP,168,yes
P0DMJ9,Bothrops mattogrossensis,PLA2,51,yes
P0DMK1,Bothrops mattogrossensis,PLA2,32,yes
P0DMT1,Echis pyramidum,PLA2,121,yes
P0DMT2,Echis carinatus,PLA2,122,yes
P0DMT3,Echis coloratus,PLA2,121,yes
P0DQH3,Hemachatus haemachatus,OTHER,37,yes
P0DQH4,Hemachatus haemachatus,OTHER,37,yes
P0DQP2,Dendroaspis jamesoni,OTHER,84,yes
P0DQP6,Cerrophidion godmani,PLA2,39,yes
P0DQP9,Bothrops brazili,PLA2,78,yes
P0DRL0,Oxyuranus scutellatus,3FTx,20,no
P0DRN3,Dendroaspis polylepis,3FTx,60,no
P0DRO0,Bothrops atrox,SVMP,202,no
P0DTS8,Bothrops brazili,PLA2,121,yes
P0DUG4,Naja haje,PLA2,48,yes
P0DUN6,Bothrops neuwiedi,PLA2,108,yes
P0DUN7,Lachesis muta,PLA2,120,yes
P0DUP1,Bothrops diporus,PLA2,40,yes
P0DUP9,Bothrops spp,3FTx,106,no
P14411,Bungarus fasciatus,3FTx,135,yes
P17497,Bitis arietans,Disintegrin,83,yes
P17934,Bungarus multicinctus,3FTx,147,yes
P18329,Dendroaspis angusticeps,OTHER,80,yes
P18619,Protobothrops flavoviridis,SVMP,483,yes
P18998,Crotalus scutulatus,3FTx,138,yes
P20258,Pseudechis spp,PLA2,117,yes
P20259,Pseudechis spp,PLA2,117,yes
P21789,Cerastes cerastes,PLA2,120,yes
P22028,Bothrops jararaca,SVMP,25,yes
P23027,Pseudonaja textilis,3FTx,121,yes
P23028,Pseudonaja textilis,3FTx,152,yes
P23806,Protobothrops flavoviridis,OTHER,152,yes
P25660,Bungarus fasciatus,SVSP,65,yes
P26324,Calloselasma rhodostoma,SVSP,234,yes
P30811,Pseudonaja textilis,3FTx,145,yes
P30894,Daboia russelii,SVMP,117,yes
P31854,Vipera berus,PLA2,138,yes
P31989,Bothrops jararaca,SVMP,161,yes
P34128,Bungarus multicinctus,SVMP,243,yes
P47797,Calloselasma rhodostoma,SVSP,258,yes
P56742,Crotalus atrox,LAAO,516,yes
P59018,Bungarus multicinctus,3FTx,137,yes
P59067,Austrelaps spp,PLA2,62,yes
P59068,Austrelaps spp,PLA2,57,yes
P59069,Austrelaps spp,PLA2,46,yes
P59070,Austrelaps spp,PLA2,48,yes
P59276,Naja kaouthia,3FTx,61,yes
P60301,Naja atra,3FTx,81,yes
P60304,Naja atra,3FTx,81,yes
P60616,Bungarus multicinctus,3FTx,95,yes
P61899,Naja kaouthia,SVMP,116,yes
P62375,Naja atra,3FTx,83,yes
P67862,Protobothrops flavoviridis,VEGF,146,yes
P68520,Crotalus atrox,Disintegrin,72,yes
P80245,Naja atra,3FTx,81,yes
P80958,Naja atra,3FTx,82,yes
P81038,Cerastes cerastes,SVSP,98,no
P81166,Micrurus nigrocinctus,PLA2,118,yes
P81167,Micrurus nigrocinctus,PLA2,118,yes
P81176,Gloydius blomhoffi,SVSP,238,yes
P81236,Acanthophis antarcticus,PLA2,119,yes
P81237,Acanthophis antarcticus,PLA2,118,yes
P81243,Bothrops jararaca,PLA2,124,yes
P81397,Calloselasma rhodostoma,OTHER,133,yes
P81398,Calloselasma rhodostoma,OTHER,129,yes
P81458,Daboia russelii,PLA2,121,yes
P81783,Bungarus candidus,3FTx,87,yes
P81824,Bothrops jararaca,SVSP,237,yes
P82662,Ophiophagus hannah,3FTx,91,yes
P82942,Naja kaouthia,SVMP,401,yes
P83228,Oxyuranus scutellatus,CNP,111,yes
P84035,Bothrops asper,SVMP,63,yes
P85025,Agkistrodon bilineatus,OTHER,12,no
P85062,Acanthophis rugosus,PLA2,29,yes
P85162,Bothrops jararaca,SVMP,12,no
P86193,Crotalus durissus,3FTx,42,yes
P86194,Crotalus durissus,3FTx,42,yes
P86419,Dendroaspis angusticeps,OTHER,66,yes
P86456,Bothrops alternatus,PLA2,121,yes
P86523,Acanthophis antarcticus,3FTx,27,yes
P86524,Acanthophis antarcticus,3FTx,31,yes
P86525,Acanthophis antarcticus,3FTx,20,yes
Q02517,Protobothrops flavoviridis,PLA2,138,yes
Q0ZZJ6,Austrelaps spp,OTHER,1652,yes
Q10754,Vipera aspis,3FTx,138,yes
Q10755,Vipera aspis,3FTx,122,yes
Q1ZY03,Deinagkistrodon acutus,3FTx,138,yes
Q2PWA3,Protobothrops mucrosquamatus,PLA2,138,yes
Q2QA02,Crotalus durissus,SVMP,609,yes
Q2UXQ5,Echis ocellatus,SVMP,613,yes
Q2UXR0,Echis ocellatus,SVMP,614,yes
Q3BER1,Echis ocellatus,Disintegrin,128,yes
Q3BER3,Echis ocellatus,Disintegrin,128,yes
Q3HLQ4,Protobothrops mucrosquamatus,PLA2,138,yes
Q3HXX4,Tropidechis carinatus,SVMP,243,yes
Q3HXX5,Tropidechis carinatus,SVMP,244,yes
Q3HXX6,Tropidechis carinatus,SVMP,243,yes
Q3HXX7,Tropidechis carinatus,SVMP,244,yes
Q3HXX8,Tropidechis carinatus,SVMP,245,yes
Q3HXX9,Hoplocephalus spp,SVMP,245,yes
Q3HXY0,Hoplocephalus spp,SVMP,243,yes
Q3HXY1,Pseudechis australis,SVMP,242,yes
Q3HXY2,Pseudechis australis,SVMP,242,yes
Q3HXY4,Pseudechis spp,SVMP,239,yes
Q3HXY5,Notechis scutatus,SVMP,244,yes
Q3HXY6,Notechis scutatus,SVMP,244,yes
Q3HXY7,Notechis scutatus,SVMP,244,yes
Q3HXY8,Pseudonaja textilis,SVMP,243,yes
Q3HXY9,Pseudonaja textilis,SVMP,243,yes
Q3HXZ0,Oxyuranus microlepidotus,SVMP,243,yes
Q3HXZ1,Oxyuranus microlepidotus,SVMP,243,yes
Q3I5F4,Oxyuranus scutellatus,SVMP,243,yes
Q3SAE9,Tropidechis carinatus,CNP,39,yes
Q45Z11,Oxyuranus scutellatus,3FTx,83,yes
Q45Z25,Tropidechis carinatus,PLA2,151,yes
Q45Z26,Tropidechis carinatus,PLA2,151,yes
Q45Z27,Tropidechis carinatus,PLA2,151,yes
Q45Z28,Tropidechis carinatus,PLA2,151,yes
Q45Z29,Tropidechis carinatus,PLA2,151,yes
Q45Z30,Tropidechis carinatus,PLA2,151,yes
Q45Z42,Oxyuranus microlepidotus,3FTx,146,yes
Q4JHE1,Pseudechis australis,LAAO,517,yes
Q4QXT9,Tropidechis carinatus,SVSP,483,yes
Q56EB0,Bothrops jararaca,OTHER,150,yes
Q56EB1,Bothrops jararaca,OTHER,155,yes
Q58L90,Oxyuranus microlepidotus,OTHER,1460,yes
Q58L93,Pseudechis spp,SVSP,454,yes
Q58L95,Oxyuranus microlepidotus,SVSP,467,yes
Q593B6,Pseudonaja textilis,OTHER,1459,yes
Q5YF90,Naja sputatrix,SVMP,243,yes
Q5ZPJ7,Naja atra,SVSP,81,yes
Q69CK0,Ophiophagus hannah,3FTx,84,yes
Q6EER5,Cerrophidion godmani,PLA2,122,yes
Q6EER6,Sistrurus miliarius,PLA2,122,yes
Q6SLM0,Bungarus caeruleus,3FTx,137,yes
Q6X1T6,Echis ocellatus,SVMP,515,yes
Q6YIJ3,Bungarus candidus,3FTx,137,yes
Q7LZ71,Protobothrops flavoviridis,OTHER,129,yes
Q7LZG2,Oxyuranus scutellatus,3FTx,27,yes
Q7SZE2,Gloydius ussuriensis,SVSP,234,yes
Q7T1K6,Naja atra,CRISP,239,yes
Q7T1T4,Bothrops jararacussu,SVMP,369,yes
Q7T3J2,Bungarus candidus,3FTx,95,yes
Q7ZT99,Crotalus atrox,3FTx,240,yes
Q7ZTA6,Crotalus viridis,PLA2,138,yes
Q7ZTA8,Crotalus viridis,PLA2,138,yes
Q800C3,Crotalus viridis,PLA2,138,yes
Q805F4,Agkistrodon piscivorus,SVMP,483,yes
Q8AVA3,Pseudechis spp,3FTx,238,yes
Q8AVA4,Pseudechis australis,3FTx,238,yes
Q8AWX7,Gloydius halys,SVMP,488,yes
Q8AXW7,Micrurus corallinus,PLA2,146,yes
Q8JFG0,Vipera aspis,3FTx,138,yes
Q8JFX7,Bungarus multicinctus,3FTx,103,yes
Q8JGT6,Protobothrops mucrosquamatus,OTHER,146,yes
Q8JGT7,Protobothrops mucrosquamatus,OTHER,158,yes
Q8JI39,Protobothrops flavoviridis,3FTx,240,yes
Q8JIG0,Protobothrops flavoviridis,PLA2,138,yes
Q8QHK2,Crotalus atrox,SVSP,258,yes
Q8QHK3,Crotalus atrox,SVSP,262,yes
Q8UVU7,Cerrophidion godmani,PLA2,137,yes
Q8UVZ7,Crotalus atrox,PLA2,137,yes
Q90220,Gloydius halys,SVMP,480,yes
Q90391,Crotalus atrox,SVMP,414,yes
Q90392,Crotalus atrox,SVMP,414,yes
Q90W38,Bothrops jararacussu,SVMP,241,yes
Q90W54,Gloydius blomhoffi,LAAO,504,yes
Q90WA1,Pseudonaja textilis,SVSP,83,yes
Q90WA7,Bungarus fasciatus,3FTx,145,yes
Q90X23,Bothrops jararaca,VEGF,146,yes
Q90Y77,Protobothrops flavoviridis,PLA2,138,yes
Q91507,Protobothrops mucrosquamatus,SVSP,257,yes
Q91508,Protobothrops mucrosquamatus,SVSP,257,yes
Q91509,Protobothrops mucrosquamatus,SVSP,257,yes
Q91510,Protobothrops mucrosquamatus,SVSP,257,yes
Q92031,Agkistrodon contortrix,SVMP,411,yes
Q92032,Agkistrodon contortrix,SVMP,407,yes
Q92043,Crotalus atrox,SVMP,419,yes
Q92085,Naja sputatrix,PLA2,146,yes
Q92086,Naja sputatrix,PLA2,146,yes
Q92147,Protobothrops flavoviridis,PLA2,138,yes
Q9DEF9,Deinagkistrodon acutus,OTHER,152,yes
Q9DF56,Ophiophagus hannah,PLA2,152,yes
Q9DGH6,Gloydius halys,Disintegrin,73,yes
Q9I840,Calloselasma rhodostoma,OTHER,146,yes
Q9I8X2,Deinagkistrodon acutus,SVSP,260,yes
Q9IAM1,Deinagkistrodon acutus,OTHER,152,yes
Q9PRG0,Austrelaps spp,PLA2,145,yes
Q9PRM8,Cerastes cerastes,SVSP,27,no
Q9PRP4,Lachesis muta,SVSP,30,yes
Q9PRW2,Crotalus atrox,SVSP,15,no
Q9PRW3,Crotalus atrox,SVSP,15,no
Q9PRW4,Crotalus atrox,SVSP,21,yes
Q9PSN3,Agkistrodon bilineatus,SVSP,235,yes
Q9PSN5,Notechis scutatus,3FTx,125,yes
Q9PTA1,Bungarus multicinctus,3FTx,145,yes
Q9PUG7,Austrelaps spp,PLA2,152,yes
Q9PUG8,Austrelaps spp,PLA2,152,yes
Q9PVK7,Naja kaouthia,SVMP,600,yes
Q9PVK9,Gloydius brevicaudus,SVMP,482,yes
Q9PW36,Deinagkistrodon acutus,SVMP,417,yes
Q9PWJ0,Deinagkistrodon acutus,SVMP,479,yes
Q9W7S2,Deinagkistrodon acutus,SVMP,417,yes
Q9YGG9,Gloydius blomhoffi,OTHER,157,yes
Q9YGJ0,Bungarus multicinctus,3FTx,89,yes
Q9YGJ8,Gloydius brevicaudus,SVSP,258,yes
Q9YGS1,Deinagkistrodon acutus,SVSP,234,yes
Q9YI92,Gloydius blomhoffi,OTHER,146,yes
R4G2D4,Acanthophis spp,OTHER,160,yes
A0A077L6P3,Protobothrops flavoviridis,SVSP,260,yes
A0A077L854,Protobothrops flavoviridis,SVMP,293,yes
A0A081DUA8,Echis coloratus,SVMP,244,yes
A0A081DUB0,Echis coloratus,SVSP,480,yes
A0A0F7YZ00,Micrurus fulvius,SVMP,243,yes
A0A0F7Z289,Crotalus adamanteus,3FTx,687,yes
A0A0F7Z394,Micrurus fulvius,SVMP,837,yes
A0A0F7Z7A2,Crotalus adamanteus,OTHER,138,yes
A0A0F7ZEQ7,Crotalus adamanteus,SVMP,751,yes
A0A0K8RYR4,Crotalus horridus,OTHER,138,yes
A0A0M3PMP1,Gloydius intermedius,SVMP,241,yes
A0A0U5AUY6,Naja naja,3FTx,72,yes
A0A193CHJ8,Crotalus molossus,OTHER,137,yes
A0A193CHK0,Crotalus molossus,OTHER,138,yes
A0A193CHK5,Crotalus molossus,OTHER,138,yes
A0A193CHK6,Crotalus basiliscus,OTHER,138,yes
A0A193CHK7,Crotalus basiliscus,OTHER,138,yes
A0A193CHL0,Crotalus basiliscus,OTHER,138,yes
A0A1D8BAW9,Pseudechis papuanus,SVMP,239,yes
A0A1J0R042,Crotalus scutulatus,OTHER,138,yes
A0A1J0R046,Crotalus scutulatus,OTHER,138,yes
A0A1J0R049,Crotalus scutulatus,OTHER,156,yes
A0A1J0R053,Crotalus scutulatus,OTHER,152,yes
A0A1J0R054,Crotalus scutulatus,OTHER,138,yes
A0A1J0R055,Crotalus scutulatus,OTHER,138,yes
A0A1J0R061,Crotalus atrox,OTHER,138,yes
A0A1J0R063,Crotalus atrox,OTHER,138,yes
A0A1J0R065,Crotalus atrox,OTHER,156,yes
A0A1J0R067,Crotalus atrox,OTHER,138,yes
A0A1J0R068,Crotalus atrox,OTHER,152,yes
A0A1J0R072,Crotalus atrox,OTHER,138,yes
A0A1J0R074,Crotalus atrox,OTHER,138,yes
A0A1J0R076,Crotalus atrox,OTHER,138,yes
A0A1J0R079,Crotalus atrox,OTHER,156,yes
A0A1J0R080,Crotalus atrox,OTHER,137,yes
A0A1J0R081,Crotalus atrox,OTHER,138,yes
A0A1J0R087,Crotalus adamanteus,OTHER,146,yes
A0A1J0R091,Crotalus adamanteus,OTHER,152,yes
A0A1J0R094,Crotalus adamanteus,OTHER,156,yes
A0A1L8D5U5,Bothrops atrox,OTHER,146,yes
A0A1L8D5V6,Bothrops atrox,OTHER,146,yes
A0A1L8D608,Bothrops atrox,SVMP,241,yes
A0A1L8D651,Bothrops atrox,OTHER,146,yes
A0A223PK09,Daboia russelii,SVMP,838,no
A0A286S0D8,Gloydius intermedius,SVSP,258,yes
A0A286S0E3,Gloydius intermedius,SVSP,262,yes
A0A286S0E4,Gloydius intermedius,SVSP,260,yes
A0A286S0F5,Gloydius intermedius,SVSP,258,yes
A0A2H4N383,Bothrops moojeni,VEGF,146,yes
A0A2H4N385,Bothrops moojeni,SVMP,750,yes
A0A2I7YS07,Crotalus scutulatus,OTHER,138,yes
A0A2I7YS12,Crotalus scutulatus,OTHER,138,yes
A0A2I7YS13,Crotalus scutulatus,OTHER,138,yes
A0A2I7YSA7,Crotalus scutulatus,SVSP,257,yes
A0A411EZZ3,Crotalus adamanteus,OTHER,114,yes
A0A411EZZ4,Crotalus atrox,OTHER,164,yes
A0A411F000,Crotalus adamanteus,OTHER,138,yes
A0A411F012,Crotalus adamanteus,OTHER,104,yes
A0A4P1LYC9,Dendroaspis polylepis,3FTx,57,yes
A0A670XP77,Pseudonaja textilis,OTHER,818,yes
A0A670XTN8,Pseudonaja textilis,3FTx,587,yes
A0A670XV66,Pseudonaja textilis,SVMP,790,no
A0A670XZR3,Pseudonaja textilis,OTHER,998,yes
A0A670XZU7,Pseudonaja textilis,OTHER,313,yes
A0A670Y204,Pseudonaja textilis,3FTx,146,yes
A0A670Y351,Pseudonaja textilis,SVMP,731,yes
A0A670Y9H9,Pseudonaja textilis,OTHER,1356,no
A0A670YDQ9,Pseudonaja textilis,OTHER,341,yes
A0A670YGV0,Pseudonaja textilis,OTHER,688,yes
A0A670YIL7,Pseudonaja textilis,SVMP,157,yes
A0A670YQ38,Pseudonaja textilis,PDE,764,yes
A0A670YQK3,Pseudonaja textilis,PDE,746,yes
A0A670YQQ3,Pseudonaja textilis,SVSP,248,yes
A0A670YRB1,Pseudonaja textilis,OTHER,1743,no
A0A670YSJ9,Pseudonaja textilis,PDE,773,yes
A0A670YWR8,Pseudonaja textilis,PDE,794,yes
A0A670YXZ2,Pseudonaja textilis,3FTx,632,yes
A0A670Z2L9,Pseudonaja textilis,SVMP,835,yes
A0A670Z2N0,Pseudonaja textilis,SVMP,834,yes
A0A670Z3Q1,Pseudonaja textilis,3FTx,500,yes
A0A670Z8Y2,Pseudonaja textilis,SVMP,807,yes
A0A670ZKR5,Pseudonaja textilis,SVMP,635,yes
A0A670ZND5,Pseudonaja textilis,SVMP,211,yes
A0A670ZPK5,Pseudonaja textilis,SVMP,100,yes
A0A6J1TQ15,Notechis scutatus,SVMP,246,yes
A0A6J1TU04,Notechis scutatus,SVSP,256,yes
A0A6J1TUS8,Notechis scutatus,SVSP,265,yes
A0A6J1TVQ2,Notechis scutatus,OTHER,313,yes
A0A6J1TVU9,Notechis scutatus,SVSP,288,yes
A0A6J1U240,Notechis scutatus,SVMP,865,yes
A0A6J1U3G3,Notechis scutatus,SVMP,204,yes
A0A6J1U4A6,Notechis scutatus,OTHER,818,yes
A0A6J1U690,Notechis scutatus,3FTx,593,yes
A0A6J1U7E5,Notechis scutatus,SVMP,729,yes
A0A6J1U832,Notechis scutatus,SVMP,905,yes
A0A6J1U8T7,Notechis scutatus,SVMP,710,yes
A0A6J1U8W7,Notechis scutatus,OTHER,1356,no
A0A6J1U930,Notechis scutatus,SVMP,846,yes
A0A6J1UHX2,Notechis scutatus,3FTx,651,yes
A0A6J1UJH5,Notechis scutatus,3FTx,687,yes
A0A6J1UN68,Notechis scutatus,OTHER,677,yes
A0A6J1UQZ0,Notechis scutatus,SVMP,839,yes
A0A6J1UXR5,Notechis scutatus,SVSP,260,yes
A0A6J1V516,Notechis scutatus,SVMP,748,yes
A0A6J1V7K1,Notechis scutatus,SVMP,243,yes
A0A6J1VCW5,Notechis scutatus,SVSP,458,yes
A0A6J1VI16,Notechis scutatus,3FTx,1636,no
A0A6J1VKD9,Notechis scutatus,OTHER,411,yes
A0A6J1VLY3,Notechis scutatus,SVMP,692,yes
A0A6J1VW41,Notechis scutatus,SVSP,471,yes
A0A6J1VWA9,Notechis scutatus,SVSP,455,yes
A0A6J1VYK5,Notechis scutatus,SVSP,396,yes
A0A6J1W360,Notechis scutatus,SVSP,454,yes
A0A7T7DMY7,Naja sumatrana,3FTx,81,yes
A0A8C6VA93,Naja naja,3FTx,444,yes
A0A8C6VC02,Naja naja,3FTx,448,yes
A0A8C6VK98,Naja naja,SVMP,249,yes
A0A8C6VNS5,Naja naja,SVMP,856,yes
A0A8C6X1H0,Naja naja,3FTx,455,yes
A0A8C6X2I3,Naja naja,SVMP,928,yes
A0A8C6X322,Naja naja,3FTx,575,yes
A0A8C6X3L6,Naja naja,SVMP,248,yes
A0A8C6X4G2,Naja naja,3FTx,149,yes
A0A8C6X6J2,Naja naja,SVMP,657,yes
A0A8C6X8X2,Naja naja,OTHER,320,yes
A0A8C6XBU7,Naja naja,SVMP,615,yes
A0A8C6XV03,Naja naja,SVMP,712,yes
A0A8C6XVA8,Naja naja,SVMP,189,yes
A0A8C6XVY9,Naja naja,SVMP,521,yes
A0A8C6XW23,Naja naja,OTHER,818,yes
A0A8C6XWE4,Naja naja,LAAO,539,yes
A0A8C6XX99,Naja naja,SVMP,672,yes
A0A8C6Y4C1,Naja naja,3FTx,481,yes
A0A8C6Y837,Naja naja,OTHER,1356,no
A0A8C6YBV3,Naja naja,SVMP,582,yes
A0A8C6YFJ8,Naja naja,SVMP,722,yes
A0A8C6YFV2,Naja naja,3FTx,588,yes
A0A8C6YHE8,Naja naja,OTHER,687,yes
A0A8C6YJR8,Naja naja,OTHER,2095,no
A0A8C7DX43,Naja naja,SVMP,859,yes
A0A8C7E130,Naja naja,SVMP,197,yes
A0A8C7E2Y1,Naja naja,SVMP,535,yes
A0A8C7E2Z0,Naja naja,SVMP,723,yes
A0A8C7E348,Naja naja,SVMP,686,yes
A0A8C7E5Z4,Naja naja,OTHER,986,yes
A0A8T1N336,Bothrops jararaca,SVMP,241,yes
A0AAW1AR40,Crotalus adamanteus,OTHER,156,yes
A0AAW1ARB3,Crotalus adamanteus,OTHER,166,yes
A0AAW1ATK0,Crotalus adamanteus,OTHER,967,yes
A0AAW1AVJ4,Crotalus adamanteus,SVMP,717,yes
A0AAW1AZH2,Crotalus adamanteus,SVSP,238,yes
A0AAW1AZT6,Crotalus adamanteus,SVMP,741,yes
A0AAW1BAV3,Crotalus adamanteus,OTHER,510,yes
A0AAW1BAZ5,Crotalus adamanteus,OTHER,313,yes
A0AAW1BLU2,Crotalus adamanteus,OTHER,796,yes
A0AAW1BV82,Crotalus adamanteus,3FTx,492,yes
A0AAW1C3A6,Crotalus adamanteus,SVMP,731,yes
A0AAW1C4I2,Crotalus adamanteus,3FTx,692,yes
A0AAW1C9S9,Crotalus adamanteus,SVMP,838,yes
A0AAW1CBW0,Crotalus adamanteus,PDE,969,yes
A1IVR9,Bungarus candidus,3FTx,75,yes
A2CJE2,Crotalus scutulatus,SVMP,177,yes
A2CJE3,Crotalus viridis,SVMP,177,yes
A2CJE4,Crotalus atrox,SVMP,175,yes
A2CKF6,Bungarus fasciatus,3FTx,86,yes
A2CKF7,Bungarus fasciatus,3FTx,86,yes
A6MJG3,Hoplocephalus spp,OTHER,152,yes
A6MJG4,Hoplocephalus spp,OTHER,152,yes
A6MJG5,Hoplocephalus spp,OTHER,152,yes
A6MJG6,Hoplocephalus spp,OTHER,146,yes
A6MJG7,Hoplocephalus spp,OTHER,145,yes
A6MJG8,Hoplocephalus spp,OTHER,145,yes
A8CG84,Daboia siamensis,3FTx,137,yes
A8CG87,Daboia russelii,3FTx,138,yes
A8E2V5,Cerrophidion godmani,OTHER,139,yes
A8E2V6,Cerrophidion godmani,OTHER,139,yes
A8E2V7,Cerrophidion godmani,OTHER,121,yes
A8HDJ4,Pseudechis spp,3FTx,83,yes
A8N286,Ophiophagus hannah,3FTx,86,yes
A8QL51,Bungarus multicinctus,LAAO,517,yes
A8QL53,Naja atra,SVSP,282,yes
A8QL57,Bungarus multicinctus,SVSP,282,yes
A8S6C2,Austrelaps spp,OTHER,146,yes
A8S6C5,Austrelaps spp,OTHER,146,yes
A8S6C8,Austrelaps spp,OTHER,147,yes
A8Y7N5,Daboia siamensis,SVSP,84,yes
A8Y7P3,Daboia siamensis,SVSP,84,yes
A8Y7P4,Daboia siamensis,SVSP,84,yes
B0VXT6,Sistrurus catenatus,SVSP,258,yes
B0VXU3,Sistrurus catenatus,SVSP,257,yes
B0VXV3,Sistrurus catenatus,VEGF,149,yes
B0VXV4,Sistrurus catenatus,VEGF,149,yes
B0VXV5,Sistrurus catenatus,SVMP,241,yes
B0VXW0,Sistrurus catenatus,LAAO,516,yes
B1Q3K2,Protobothrops flavoviridis,SVMP,241,yes
B2BRQ5,Austrelaps spp,3FTx,96,yes
B2BRS4,Austrelaps spp,OTHER,94,yes
B2BRS5,Austrelaps spp,OTHER,146,yes
B2BRS6,Austrelaps spp,OTHER,145,yes
B2BRS7,Austrelaps spp,OTHER,145,yes
B2BRS8,Austrelaps spp,OTHER,145,yes
B2BRS9,Austrelaps spp,OTHER,147,yes
B3A0N1,Bothrops atrox,SVMP,15,no
B3EWG8,Porthidium nasutum,PLA2,10,no
B3EWH9,Hemachatus haemachatus,3FTx,61,yes
B3EWI9,Bothrops mattogrossensis,LAAO,31,yes
B3EWQ8,Bungarus fasciatus,PLA2,16,yes
B3EWR3,Naja naja,3FTx,10,no
B5G6G1,Tropidechis carinatus,OTHER,146,yes
B5U6Y3,Echis ocellatus,SVSP,258,yes
B5U6Y8,Echis ocellatus,LAAO,504,yes
C0HJB0,Dendroaspis angusticeps,OTHER,57,yes
C0HJI9,Bungarus fasciatus,3FTx,25,yes
C0HJM4,Crotalus simus,Disintegrin,71,yes
C0HJQ0,Bothrops diporus,OTHER,32,yes
C0HJR6,Crotalus durissus,SVSP,29,yes
C0HJT4,Dendroaspis angusticeps,OTHER,63,yes
C0HJT5,Hemachatus haemachatus,3FTx,65,yes
C0HJW9,Naja kaouthia,3FTx,33,yes
C0HK18,Crotalus durissus,SVSP,64,yes
C0HK19,Crotalus durissus,SVSP,81,yes
C0HKZ8,Walterinnesia aegyptia,3FTx,63,yes
C0HLA5,Dendroaspis viridis,OTHER,57,yes
C0HLA6,Dendroaspis polylepis,OTHER,57,yes
C0HLA7,Dendroaspis viridis,OTHER,57,yes
C0HLA8,Dendroaspis jamesoni,OTHER,57,yes
C0HLA9,Dendroaspis viridis,OTHER,57,yes
C0HLB0,Dendroaspis viridis,OTHER,56,yes
C0HM08,Naja naja,3FTx,62,yes
C0HM09,Naja naja,3FTx,71,yes
C0HMB6,Bothrops moojeni,Disintegrin,69,no
C0HMC4,Protobothrops mucrosquamatus,OTHER,15,no
C0HME7,Deinagkistrodon acutus,OTHER,133,no
C0HML9,Protobothrops mucrosquamatus,OTHER,15,no
C0K3N2,Agkistrodon piscivorus,VEGF,124,yes
C1IC48,Walterinnesia aegyptia,3FTx,83,yes
C1IC50,Walterinnesia aegyptia,SVSP,81,yes
C1IC52,Walterinnesia aegyptia,SVSP,81,yes
C1IC53,Walterinnesia aegyptia,SVSP,83,yes
C5H5D2,Bothrops atrox,SVMP,423,yes
C5H5D3,Bothrops atrox,SVMP,418,yes
C5H5D4,Bothrops atrox,SVMP,414,yes
C5H5D5,Lachesis muta,SVMP,421,yes
C5H5D6,Lachesis muta,SVMP,421,yes
C6JUP3,Micrurus corallinus,3FTx,82,yes
C9E1R7,Crotalus atrox,SVMP,486,yes
C9E1R8,Crotalus viridis,SVMP,609,yes
C9E1S0,Agkistrodon piscivorus,SVMP,613,yes
C9E7C4,Crotalus durissus,OTHER,138,yes
D1MZV3,Rhabdophis tigrinus,CNP,161,yes
D2YW39,Calloselasma rhodostoma,OTHER,135,yes
D2YW40,Calloselasma rhodostoma,OTHER,124,yes
D3YLG9,Echis ocellatus,SVSP,258,yes
D5LMJ3,Naja atra,SVMP,607,yes
E5L0E3,Daboia siamensis,SVSP,258,yes
E5L0E4,Daboia siamensis,SVSP,256,yes
E5L0E6,Agkistrodon piscivorus,SVSP,255,yes
E7FL11,Pseudechis rossignolii,SVSP,83,yes
E7FL12,Pseudechis rossignolii,SVSP,83,yes
E7FL13,Pseudechis rossignolii,SVSP,83,yes
E9NW26,Protobothrops mucrosquamatus,SVMP,479,yes
E9NW27,Protobothrops mucrosquamatus,SVMP,484,yes
E9NW28,Protobothrops mucrosquamatus,SVMP,411,yes
F8S0Z5,Crotalus adamanteus,LAAO,516,yes
F8S108,Crotalus adamanteus,SVMP,610,yes
F8S116,Crotalus adamanteus,SVSP,258,yes
I1SB18,Vipera ammodytes,3FTx,122,yes
J3RY63,Crotalus adamanteus,OTHER,138,yes
J3RY93,Crotalus adamanteus,SVSP,260,yes
J3RYA3,Crotalus adamanteus,SVSP,262,yes
J3S3V5,Crotalus adamanteus,OTHER,138,yes
J3S3V6,Crotalus adamanteus,OTHER,138,yes
J3S3W5,Crotalus adamanteus,SVSP,262,yes
J3S823,Crotalus adamanteus,OTHER,138,yes
J3S829,Crotalus adamanteus,SVMP,612,yes
J3S830,Crotalus adamanteus,SVMP,610,yes
J3S832,Crotalus adamanteus,SVSP,257,yes
J3S833,Crotalus adamanteus,SVSP,259,yes
J3S835,Crotalus adamanteus,SVSP,258,yes
J3S836,Crotalus adamanteus,OTHER,1652,yes
J3SBP4,Crotalus adamanteus,OTHER,138,yes
J3SBP9,Crotalus adamanteus,SVMP,488,yes
J3SBQ3,Crotalus adamanteus,SVSP,262,yes
J3SDK6,Crotalus adamanteus,3FTx,476,yes
J3SDV8,Crotalus adamanteus,SVMP,241,yes
J3SDV9,Crotalus adamanteus,OTHER,138,yes
J3SDW0,Crotalus adamanteus,OTHER,138,yes
J3SDW6,Crotalus adamanteus,SVMP,612,yes
J3SDW8,Crotalus adamanteus,SVMP,612,yes
J3SDW9,Crotalus adamanteus,SVSP,253,yes
J3SDX0,Crotalus adamanteus,SVSP,260,yes
J3SDY6,Crotalus adamanteus,SVMP,838,yes
K0IV83,Gloydius blomhoffi,SVSP,258,yes
K7RW47,Oxyuranus microlepidotus,SVSP,443,yes
N0AAE6,Gloydius halys,SVSP,237,yes
O13057,Protobothrops flavoviridis,SVSP,260,yes
O13058,Protobothrops flavoviridis,SVSP,257,yes
O42257,Naja sputatrix,3FTx,90,yes
O73795,Gloydius brevicaudus,SVMP,505,yes
O73800,Gloydius halys,SVSP,260,yes
O73856,Naja sputatrix,3FTx,81,yes
O73857,Naja sputatrix,3FTx,81,yes
O93421,Gloydius halys,SVSP,236,yes
O93472,Naja sputatrix,3FTx,81,yes
O93515,Gloydius brevicaudus,SVMP,146,yes
O93516,Gloydius brevicaudus,SVMP,108,yes
O93517,Gloydius brevicaudus,SVMP,105,yes
O93518,Gloydius brevicaudus,SVMP,190,yes
P00602,Naja mossambica,3FTx,118,yes
P00603,Naja mossambica,3FTx,118,yes
P00984,Dendroaspis polylepis,SVSP,59,yes
P01022,Bothrops jararaca,SVMP,10,no
P01382,Naja oxiana,3FTx,73,yes
P01384,Notechis scutatus,3FTx,94,yes
P01386,Ophiophagus hannah,3FTx,73,yes
P01388,Naja melanoleuca,3FTx,71,yes
P01390,Naja nivea,3FTx,71,yes
P01394,Dendroaspis viridis,3FTx,72,yes
P01395,Dendroaspis viridis,3FTx,73,yes
P01396,Dendroaspis polylepis,3FTx,72,yes
P01409,Dendroaspis angusticeps,OTHER,63,yes
P01412,Ophiophagus hannah,OTHER,83,yes
P01414,Dendroaspis polylepis,3FTx,60,yes
P01416,Dendroaspis polylepis,3FTx,60,yes
P01418,Dendroaspis viridis,3FTx,60,yes
P01420,Naja annulifera,3FTx,61,yes
P01421,Naja annulifera,3FTx,61,yes
P01422,Naja annulifera,3FTx,61,yes
P01423,Naja nivea,3FTx,61,yes
P01425,Hemachatus haemachatus,3FTx,61,yes
P01427,Naja oxiana,3FTx,61,yes
P01431,Naja mossambica,3FTx,62,yes
P01432,Naja mossambica,3FTx,62,yes
P01433,Hemachatus haemachatus,3FTx,61,yes
P01434,Acanthophis antarcticus,3FTx,62,yes
P01440,Naja naja,3FTx,60,yes
P01441,Naja oxiana,3FTx,60,yes
P01447,Naja naja,3FTx,60,yes
P01448,Naja melanoleuca,3FTx,60,yes
P01451,Naja oxiana,3FTx,60,yes
P01453,Naja annulifera,3FTx,60,yes
P01454,Naja annulifera,3FTx,60,yes
P01455,Naja annulifera,3FTx,60,yes
P01456,Naja nivea,3FTx,60,yes
P01457,Naja haje,3FTx,60,yes
P01458,Naja nivea,3FTx,60,yes
P01459,Naja annulifera,3FTx,60,yes
P01460,Naja annulifera,3FTx,60,yes
P01461,Naja annulifera,3FTx,60,yes
P01462,Naja annulifera,3FTx,60,yes
P01463,Naja nivea,3FTx,60,yes
P01464,Naja annulifera,3FTx,60,yes
P01465,Naja annulifera,3FTx,60,yes
P01466,Naja annulifera,3FTx,60,yes
P01470,Naja mossambica,3FTx,60,yes
P01473,Naja melanoleuca,3FTx,61,yes
P01474,Naja melanoleuca,3FTx,61,yes
P06860,Protobothrops flavoviridis,PLA2,122,yes
P07525,Naja atra,3FTx,60,yes
P0C1Y9,Dendroaspis angusticeps,3FTx,61,yes
P0C2D6,Protobothrops mucrosquamatus,LAAO,24,yes
P0C547,Naja atra,3FTx,21,yes
P0C552,Bungarus fasciatus,3FTx,78,yes
P0C553,Bungarus fasciatus,3FTx,79,yes
P0C554,Bungarus fasciatus,3FTx,86,yes
P0C616,Bothrops asper,PLA2,137,yes
P0C6A4,Echis ocellatus,Disintegrin,66,yes
P0C6A5,Vipera ammodytes,Disintegrin,64,yes
P0C6A6,Vipera berus,Disintegrin,64,yes
P0C6A7,Vipera berus,Disintegrin,64,yes
P0C6A8,Macrovipera lebetina,Disintegrin,65,yes
P0C6A9,Macrovipera lebetina,Disintegrin,64,yes
P0C6B0,Macrovipera lebetina,Disintegrin,69,yes
P0C6B4,Echis carinatus,Disintegrin,62,yes
P0C6B5,Echis carinatus,Disintegrin,63,yes
P0C6S5,Bothrops jararaca,OTHER,43,no
P0C7N3,Crotalus viridis,SVMP,51,yes
P0C7S4,Bothrops neuwiedi,SVMP,9,no
P0C7S7,Protobothrops mucrosquamatus,SVMP,11,no
P0C8I7,Vipera ammodytes,SVMP,15,no
P0C8I9,Bothrops alternatus,OTHER,25,yes
P0C8J0,Ophiophagus hannah,OTHER,20,yes
P0C8J1,Ophiophagus hannah,OTHER,13,no
P0C8J2,Vipera ammodytes,OTHER,13,no
P0C8J3,Vipera ammodytes,OTHER,11,no
P0C8J4,Vipera ammodytes,OTHER,19,no
P0C8J5,Vipera ammodytes,OTHER,16,yes
P0CB06,Oxyuranus scutellatus,3FTx,62,yes
P0CH80,Naja kaouthia,3FTx,60,yes
P0CJ35,Oxyuranus scutellatus,3FTx,28,no
P0CJ40,Bothrops spp,LAAO,39,yes
P0CV87,Crotalus atrox,CNP,25,yes
P0CV89,Crotalus atrox,PLA2,61,yes
P0DI85,Deinagkistrodon acutus,LAAO,19,yes
P0DI92,Bothrops spp,PLA2,33,yes
P0DJC8,Bothrops asper,OTHER,62,yes
P0DJC9,Bothrops asper,OTHER,62,yes
P0DJE8,Bothrops jararacussu,SVSP,10,no
P0DJG6,Crotalus viridis,SVSP,30,yes
P0DJJ1,Naja atra,SVMP,16,yes
P0DJJ4,Naja oxiana,SVMP,22,yes
P0DJK6,Bothrops jararaca,SVMP,11,no
P0DJM5,Crotalus viridis,PLA2,23,yes
P0DJM8,Gloydius intermedius,3FTx,23,yes
P0DJM9,Crotalus basiliscus,3FTx,23,yes
P0DJN1,Crotalus durissus,3FTx,23,yes
P0DJN3,Crotalus durissus,3FTx,23,yes
P0DJN5,Crotalus durissus,3FTx,23,yes
P0DJN8,Sistrurus miliarius,PLA2,23,yes
P0DJP5,Daboia siamensis,PLA2,18,yes
P0DJR1,Crotalus horridus,OTHER,23,yes
P0DJR2,Crotalus horridus,PLA2,23,yes
P0DKS3,Dendroaspis polylepis,OTHER,57,yes
P0DKU3,Naja nigricollis,PLA2,30,yes
P0DKU4,Naja nigricollis,PLA2,30,yes
P0DKW9,Acanthophis antarcticus,3FTx,79,yes
P0DKX1,Daboia russelii,PLA2,19,yes
P0DKY6,Crotalus durissus,CNP,33,yes
P0DL01,Bothrops jararaca,SVMP,11,no
P0DL02,Bothrops jararaca,SVMP,13,no
P0DL03,Bothrops jararaca,SVMP,12,no
P0DM77,Deinagkistrodon acutus,Disintegrin,48,yes
P0DMJ6,Dendroaspis angusticeps,SVSP,59,yes
P0DMK0,Bothrops mattogrossensis,PLA2,28,yes
P0DMV6,Daboia russelii,3FTx,20,yes
P0DQH2,Hemachatus haemachatus,OTHER,57,yes
P0DQQ1,Naja melanoleuca,3FTx,72,yes
P0DQQ2,Naja melanoleuca,3FTx,71,yes
P0DQQ3,Naja melanoleuca,3FTx,65,yes
P0DRK1,Bitis gabonica,SVMP,11,no
P0DRN9,Bothrops moojeni,SVMP,99,no
P0DSN0,Naja kaouthia,3FTx,61,yes
P0DTB7,Crotalus atrox,SVMP,12,no
P0DUK7,Naja atra,3FTx,62,yes
P0DUN8,Bothrops mattogrossensis,PLA2,51,yes
P0DUP0,Bothrops diporus,PLA2,68,yes
P15816,Bungarus multicinctus,3FTx,87,yes
P15817,Bungarus multicinctus,3FTx,87,yes
P15818,Bungarus multicinctus,3FTx,87,yes
P16338,Agkistrodon piscivorus,Disintegrin,71,yes
P18328,Dendroaspis angusticeps,3FTx,86,yes
P18618,Bothrops atrox,Disintegrin,72,yes
P18997,Gloydius halys,3FTx,32,yes
P18999,Daboia siamensis,3FTx,22,no
P20416,Bothrops jararaca,SVMP,29,yes
P21790,Micrurus nigrocinctus,3FTx,27,yes
P21791,Micrurus nigrocinctus,3FTx,28,yes
P21792,Micrurus nigrocinctus,3FTx,28,yes
P21858,Gloydius blomhoffi,Disintegrin,71,yes
P21859,Protobothrops flavoviridis,Disintegrin,70,yes
P22029,Bothrops jararaca,OTHER,133,yes
P22030,Bothrops jararaca,OTHER,125,yes
P22640,Protobothrops mucrosquamatus,PLA2,122,yes
P22827,Sistrurus miliarius,Disintegrin,73,yes
P23323,Protobothrops flavoviridis,Disintegrin,75,yes
P24330,Crotalus adamanteus,3FTx,70,yes
P24776,Hemachatus haemachatus,3FTx,61,yes
P24777,Hemachatus haemachatus,3FTx,61,yes
P24778,Hemachatus haemachatus,3FTx,63,yes
P24780,Naja naja,3FTx,60,yes
P25497,Pseudechis australis,3FTx,83,yes
P25517,Naja mossambica,3FTx,60,yes
P25518,Dendroaspis polylepis,3FTx,65,yes
P25671,Naja naja,3FTx,71,yes
P25687,Dendroaspis polylepis,OTHER,81,yes
P31351,Vipera aspis,SVMP,10,no
P31981,Crotalus basiliscus,Disintegrin,72,yes
P31984,Crotalus molossus,Disintegrin,73,yes
P31987,Crotalus viridis,Disintegrin,71,yes
P31990,Lachesis muta,Disintegrin,73,yes
P33588,Agkistrodon bilineatus,SVSP,20,yes
P59072,Pseudonaja textilis,3FTx,11,no
P59073,Pseudonaja textilis,3FTx,15,no
P59264,Protobothrops flavoviridis,PLA2,122,yes
P59265,Protobothrops flavoviridis,PLA2,122,yes
P59275,Naja kaouthia,3FTx,61,yes
P59359,Austrelaps spp,PLA2,145,yes
P60234,Dendroaspis angusticeps,3FTx,65,yes
P60235,Dendroaspis angusticeps,3FTx,40,yes
P60236,Dendroaspis angusticeps,3FTx,40,yes
P60302,Naja sputatrix,3FTx,81,yes
P60303,Naja kaouthia,3FTx,81,yes
P60771,Naja kaouthia,3FTx,83,yes
P60773,Naja philippinensis,3FTx,61,yes
P62377,Naja naja,3FTx,62,yes
P62390,Naja annulifera,3FTx,62,yes
P62394,Naja haje,3FTx,62,yes
P63175,Crotalus viridis,3FTx,45,yes
P63176,Crotalus viridis,3FTx,45,yes
P63327,Crotalus durissus,3FTx,42,yes
P68417,Naja annulifera,3FTx,61,yes
P68418,Naja haje,3FTx,61,yes
P68419,Naja nivea,3FTx,61,yes
P68521,Crotalus durissus,Disintegrin,72,yes
P79845,Protobothrops mucrosquamatus,3FTx,240,yes
P80494,Dendroaspis polylepis,3FTx,66,yes
P80548,Micrurus nigrocinctus,3FTx,60,yes
P81017,Echis carinatus,OTHER,133,yes
P81030,Dendroaspis angusticeps,3FTx,66,yes
P81508,Crotalus horridus,OTHER,127,yes
P81509,Crotalus horridus,OTHER,117,yes
P81630,Echis carinatus,Disintegrin,67,yes
P81631,Echis carinatus,Disintegrin,67,yes
P81658,Dendroaspis angusticeps,3FTx,60,yes
P81782,Bungarus candidus,3FTx,63,yes
P81882,Bothrops jararaca,SVSP,19,yes
P81883,Bothrops jararaca,SVSP,19,yes
P81884,Bothrops jararaca,SVSP,19,yes
P81946,Dendroaspis angusticeps,OTHER,59,yes
P81996,Echis carinatus,OTHER,123,yes
P82462,Naja kaouthia,3FTx,65,yes
P82463,Naja kaouthia,3FTx,65,yes
P82464,Naja kaouthia,3FTx,65,yes
P82465,Echis carinatus,Disintegrin,115,yes
P82466,Echis carinatus,Disintegrin,69,yes
P82849,Naja kaouthia,3FTx,62,yes
P83041,Cerastes cerastes,Disintegrin,65,yes
P83043,Cerastes cerastes,Disintegrin,65,yes
P83044,Cerastes cerastes,Disintegrin,65,yes
P83224,Oxyuranus microlepidotus,CNP,35,yes
P83225,Oxyuranus scutellatus,CNP,35,yes
P83226,Oxyuranus scutellatus,CNP,35,yes
P83227,Oxyuranus microlepidotus,CNP,35,yes
P83229,Oxyuranus scutellatus,CNP,35,yes
P83230,Oxyuranus microlepidotus,CNP,39,yes
P83231,Oxyuranus scutellatus,CNP,39,yes
P83234,Ophiophagus hannah,3FTx,190,yes
P83346,Bungarus candidus,OTHER,65,yes
P83469,Macrovipera lebetina,Disintegrin,41,yes
P83658,Echis carinatus,Disintegrin,64,yes
P84026,Bothrops jararaca,OTHER,15,no
P84470,Bungarus candidus,3FTx,15,no
P84471,Bungarus candidus,3FTx,15,no
P84472,Bungarus candidus,3FTx,14,no
P84473,Bungarus candidus,3FTx,15,no
P84474,Bungarus candidus,3FTx,14,no
P84475,Bungarus candidus,3FTx,14,no
P84745,Bothrops jararacussu,OTHER,11,no
P84747,Bothrops moojeni,OTHER,12,no
P84803,Naja kaouthia,CRISP,23,no
P84804,Naja haje,CRISP,14,no
P84805,Naja kaouthia,CRISP,239,yes
P84806,Naja haje,CRISP,25,no
P84807,Naja haje,CRISP,29,yes
P84808,Naja kaouthia,CRISP,238,yes
P85024,Crotalus viridis,OTHER,11,no
P85140,Bungarus candidus,3FTx,73,yes
P85160,Bothrops jararaca,OTHER,7,no
P85161,Bothrops jararaca,SVMP,11,no
P85163,Bothrops jararaca,SVMP,14,no
P85168,Bothrops jararaca,SVMP,12,no
P85169,Bothrops jararaca,SVMP,13,no
P85429,Naja atra,3FTx,15,no
P85520,Naja oxiana,3FTx,65,yes
P86382,Naja naja,3FTx,60,yes
P86536,Daboia russelii,SVMP,19,yes
P86538,Naja naja,3FTx,60,yes
P86540,Naja naja,3FTx,60,yes
P86541,Naja naja,3FTx,60,yes
P86545,Naja naja,SVSP,36,yes
P86721,Bothrops atrox,SVMP,12,no
Q072L7,Lachesis stenophyrs,SVSP,258,yes
Q076D1,Crotalus durissus,SVMP,421,yes
Q0NZX6,Bothrops jararaca,SVMP,156,yes
Q0NZX7,Bothrops jararaca,SVMP,97,yes
Q0NZX8,Bothrops jararaca,SVMP,196,yes
Q0NZX9,Bothrops jararaca,SVMP,218,yes
Q0NZY0,Bothrops jararaca,SVMP,166,yes
Q1PBD1,Gloydius halys,SVMP,477,yes
Q1PS45,Deinagkistrodon acutus,SVMP,608,yes
Q2EI26,Deinagkistrodon acutus,SVMP,413,yes
Q2QA04,Crotalus durissus,SVSP,262,yes
Q2VBP8,Ophiophagus hannah,3FTx,94,yes
Q38L02,Daboia siamensis,CTL,154,yes
Q3BER4,Echis ocellatus,Disintegrin,115,yes
Q3HXY3,Pseudechis australis,SVMP,242,yes
Q4JHE2,Notechis scutatus,LAAO,517,yes
Q4JHE3,Oxyuranus scutellatus,LAAO,517,yes
Q53B47,Ophiophagus hannah,3FTx,78,yes
Q53B52,Ophiophagus hannah,3FTx,78,yes
Q53B53,Ophiophagus hannah,3FTx,90,yes
Q53B59,Ophiophagus hannah,3FTx,91,yes
Q58G94,Crotalus durissus,SVSP,238,yes
Q5FZI5,Protobothrops mucrosquamatus,OTHER,144,yes
Q5FZI6,Protobothrops mucrosquamatus,OTHER,156,yes
Q5W958,Bothrops jararaca,SVSP,253,yes
Q5W960,Bothrops jararaca,SVSP,255,yes
Q5YF89,Naja sputatrix,SVMP,241,yes
Q6A336,Vipera aspis,3FTx,138,yes
Q6A337,Vipera aspis,3FTx,138,yes
Q6A338,Vipera aspis,3FTx,138,yes
Q6A339,Vipera aspis,3FTx,138,yes
Q6A342,Vipera aspis,3FTx,138,yes
Q6A346,Vipera aspis,3FTx,138,yes
Q6A349,Vipera aspis,3FTx,138,yes
Q6A351,Vipera aspis,3FTx,138,yes
Q6A352,Vipera aspis,3FTx,138,yes
Q6A356,Vipera aspis,3FTx,138,yes
Q6A359,Vipera aspis,3FTx,138,yes
Q6A360,Vipera aspis,3FTx,138,yes
Q6A361,Vipera aspis,3FTx,138,yes
Q6A362,Vipera aspis,3FTx,138,yes
Q6A363,Vipera aspis,3FTx,137,yes
Q6A364,Vipera aspis,3FTx,138,yes
Q6A367,Vipera ammodytes,3FTx,138,yes
Q6A368,Vipera ammodytes,3FTx,138,yes
Q6A369,Vipera ammodytes,3FTx,138,yes
Q6A370,Vipera ammodytes,3FTx,138,yes
Q6A371,Vipera ammodytes,3FTx,138,yes
Q6A373,Vipera ammodytes,3FTx,138,yes
Q6A374,Vipera ammodytes,3FTx,138,yes
Q6A376,Vipera ammodytes,3FTx,138,yes
Q6A378,Vipera ammodytes,3FTx,138,yes
Q6A380,Vipera ammodytes,3FTx,138,yes
Q6A381,Vipera ammodytes,3FTx,138,yes
Q6A382,Vipera ammodytes,3FTx,138,yes
Q6A383,Vipera ammodytes,3FTx,138,yes
Q6A385,Vipera berus,3FTx,138,yes
Q6A386,Vipera ammodytes,3FTx,138,yes
Q6A387,Vipera ammodytes,3FTx,138,yes
Q6A388,Vipera berus,3FTx,138,yes
Q6A389,Vipera berus,3FTx,138,yes
Q6A390,Vipera berus,3FTx,138,yes
Q6A391,Vipera berus,3FTx,138,yes
Q6A392,Vipera berus,3FTx,138,yes
Q6A394,Vipera berus,3FTx,138,yes
Q6A3B8,Vipera aspis,3FTx,137,yes
Q6A3C3,Vipera berus,3FTx,137,yes
Q6A3M8,Vipera ammodytes,3FTx,138,yes
Q6A3M9,Vipera ammodytes,3FTx,138,yes
Q6A3N1,Vipera aspis,3FTx,128,yes
Q6A3N2,Vipera aspis,3FTx,128,yes
Q6A3N6,Vipera aspis,3FTx,138,yes
Q6A3N9,Vipera aspis,3FTx,138,yes
Q6A3P1,Vipera aspis,3FTx,138,yes
Q6IWF1,Bothrops alternatus,SVSP,233,yes
Q6T6S7,Bitis gabonica,SVSP,260,yes
Q6T6T2,Bitis gabonica,Disintegrin,128,yes
Q6T6T3,Bitis gabonica,Disintegrin,128,yes
Q6TAR7,Bungarus candidus,3FTx,134,yes
Q6TPG9,Protobothrops mucrosquamatus,OTHER,148,yes
Q6TPH0,Protobothrops mucrosquamatus,OTHER,158,yes
Q6X5T3,Bitis arietans,CTL,152,yes
Q6YCP0,Vipera aspis,3FTx,138,yes
Q6YCP1,Vipera aspis,3FTx,138,yes
Q6YNQ0,Bungarus candidus,3FTx,137,yes
Q715Z8,Vipera aspis,3FTx,138,yes
Q75S51,Bungarus candidus,3FTx,147,yes
Q7LZF4,Cerastes cerastes,SVSP,15,no
Q7LZF5,Crotalus atrox,SVSP,75,yes
Q7LZF6,Crotalus atrox,SVSP,25,yes
Q7LZG1,Naja oxiana,AChE,181,no
Q7LZG3,Pseudechis papuanus,PLA2,34,yes
Q7LZI5,Gloydius ussuriensis,Disintegrin,71,yes
Q7LZK1,Echis pyramidum,Disintegrin,50,yes
Q7LZK5,Bitis arietans,OTHER,131,yes
Q7LZK8,Bitis arietans,OTHER,125,yes
Q7LZQ4,Gloydius ussuriensis,PLA2,124,yes
Q7LZQ5,Vipera aspis,3FTx,52,yes
Q7LZS9,Deinagkistrodon acutus,SVMP,202,yes
Q7LZT4,Gloydius ussuriensis,Disintegrin,71,yes
Q7SZD9,Gloydius ussuriensis,SVMP,478,yes
Q7SZE0,Gloydius intermedius,SVMP,483,yes
Q7T1C6,Vipera aspis,3FTx,138,yes
Q7T229,Bothrops jararacussu,SVSP,260,yes
Q7T247,Echis carinatus,OTHER,146,yes
Q7T248,Echis carinatus,OTHER,135,yes
Q7ZT98,Ophiophagus hannah,3FTx,239,yes
Q7ZTA0,Agkistrodon piscivorus,3FTx,240,yes
Q7ZZN8,Naja atra,3FTx,238,yes
Q800C1,Crotalus viridis,PLA2,138,yes
Q800C2,Crotalus viridis,PLA2,138,yes
Q801Z4,Bothrops alternatus,Disintegrin,78,yes
Q802F0,Gloydius halys,SVSP,258,yes
Q805F5,Agkistrodon piscivorus,Disintegrin,111,yes
Q8AV97,Protobothrops flavoviridis,OTHER,158,yes
Q8AV98,Protobothrops flavoviridis,OTHER,148,yes
Q8AXW2,Bungarus multicinctus,3FTx,146,yes
Q8AY47,Bungarus candidus,3FTx,139,yes
Q8AY48,Bungarus candidus,3FTx,137,yes
Q8AYA3,Deinagkistrodon acutus,OTHER,149,yes
Q8AYA4,Deinagkistrodon acutus,OTHER,146,yes
Q8AYA5,Deinagkistrodon acutus,OTHER,158,yes
Q8JFG1,Vipera aspis,3FTx,138,yes
Q8JI40,Gloydius blomhoffi,3FTx,240,yes
Q8JIV8,Deinagkistrodon acutus,CTL,155,yes
Q8JIV9,Deinagkistrodon acutus,OTHER,154,yes
Q8JIW1,Deinagkistrodon acutus,OTHER,146,yes
Q8JJ51,Crotalus molossus,SVMP,414,yes
Q8QFW3,Bungarus caeruleus,3FTx,147,yes
Q8QFW4,Bungarus caeruleus,3FTx,147,yes
Q8UUJ1,Gloydius ussuriensis,SVSP,233,yes
Q8UUJ2,Gloydius ussuriensis,SVSP,236,yes
Q8UUK2,Crotalus adamanteus,SVSP,259,yes
Q8UVX1,Gloydius ussuriensis,SVSP,260,yes
Q90221,Gloydius halys,SVMP,117,yes
Q90251,Bungarus multicinctus,3FTx,137,yes
Q90Y44,Gloydius halys,Disintegrin,212,yes
Q9DEA1,Deinagkistrodon acutus,OTHER,146,yes
Q9DEA2,Deinagkistrodon acutus,OTHER,155,yes
Q9DEF8,Deinagkistrodon acutus,OTHER,146,yes
Q9DEZ9,Crotalus durissus,SVMP,241,yes
Q9DG31,Gloydius halys,OTHER,146,yes
Q9DG83,Protobothrops mucrosquamatus,SVSP,260,yes
Q9DG84,Protobothrops mucrosquamatus,SVSP,257,yes
Q9I841,Calloselasma rhodostoma,OTHER,136,yes
Q9I8W9,Deinagkistrodon acutus,SVSP,260,yes
Q9I8X0,Deinagkistrodon acutus,SVSP,257,yes
Q9I900,Naja sputatrix,PLA2,146,yes
Q9I968,Protobothrops mucrosquamatus,PLA2,138,yes
Q9IAX6,Deinagkistrodon acutus,SVMP,466,yes
Q9IAY0,Deinagkistrodon acutus,SVMP,400,yes
Q9IAY1,Deinagkistrodon acutus,SVMP,400,yes
Q9IAY3,Deinagkistrodon acutus,SVMP,400,yes
Q9IAY4,Deinagkistrodon acutus,SVMP,357,yes
Q9PRP7,Echis carinatus,OTHER,30,yes
Q9PRP8,Echis carinatus,OTHER,30,yes
Q9PRP9,Echis carinatus,SVMP,32,no
Q9PRY9,Bitis arietans,SVSP,32,no
Q9PS28,Cerastes cerastes,SVSP,33,no
Q9PS48,Crotalus atrox,SVMP,25,yes
Q9PSF9,Agkistrodon bilineatus,PLA2,39,yes
Q9PSM5,Bothrops jararaca,OTHER,123,yes
Q9PSM6,Bothrops jararaca,OTHER,142,yes
Q9PSM8,Echis carinatus,OTHER,125,yes
Q9PSM9,Echis carinatus,OTHER,131,yes
Q9PSN1,Dendroaspis angusticeps,3FTx,66,yes
Q9PSN6,Naja sputatrix,3FTx,62,yes
Q9PTA5,Bungarus multicinctus,3FTx,137,yes
Q9PTA6,Bungarus multicinctus,3FTx,138,yes
Q9PTA7,Bungarus multicinctus,3FTx,133,yes
Q9PTL3,Gloydius brevicaudus,SVSP,257,yes
Q9PTT0,Naja naja,3FTx,83,yes
Q9PU97,Bungarus multicinctus,3FTx,137,yes
Q9PUG9,Austrelaps spp,PLA2,144,yes
Q9PUH0,Austrelaps spp,PLA2,146,yes
Q9PUH1,Austrelaps spp,PLA2,146,yes
Q9PUH2,Austrelaps spp,PLA2,146,yes
Q9PUH3,Austrelaps spp,PLA2,146,yes
Q9PUH4,Austrelaps spp,PLA2,146,yes
Q9PUH5,Austrelaps spp,PLA2,145,yes
Q9PUH6,Austrelaps spp,PLA2,145,yes
Q9PUH7,Austrelaps spp,PLA2,144,yes
Q9PUH8,Austrelaps spp,PLA2,147,yes
Q9PUH9,Austrelaps spp,PLA2,147,yes
Q9PUI0,Austrelaps spp,PLA2,147,yes
Q9PUI1,Austrelaps spp,PLA2,145,yes
Q9PVE3,Bothrops asper,PLA2,138,yes
Q9PVE9,Calloselasma rhodostoma,PLA2,139,yes
Q9PVF3,Calloselasma rhodostoma,PLA2,138,yes
Q9PW19,Bungarus multicinctus,3FTx,103,yes
Q9W7J5,Pseudonaja textilis,3FTx,103,yes
Q9W7J6,Pseudonaja textilis,3FTx,79,yes
Q9W7J7,Pseudonaja textilis,3FTx,79,yes
Q9W7K0,Pseudonaja textilis,3FTx,79,yes
Q9W7K1,Pseudonaja textilis,3FTx,79,yes
Q9W7K2,Pseudonaja textilis,3FTx,79,yes
Q9YGI0,Bungarus multicinctus,3FTx,86,yes
Q9YGI6,Gloydius halys,SVSP,260,yes
Q9YGJ2,Gloydius halys,SVSP,260,yes
Q9YGJ9,Gloydius brevicaudus,SVSP,257,yes
Q9YGN4,Gloydius brevicaudus,OTHER,145,yes
Q9YGN5,Gloydius brevicaudus,OTHER,154,yes
R4FIK9,Hoplocephalus spp,SVMP,249,yes
R4FIM5,Hoplocephalus spp,OTHER,143,yes
R4FIN0,Hoplocephalus spp,SVMP,242,yes
R4FJZ9,Hoplocephalus spp,OTHER,152,yes
R4FK05,Hoplocephalus spp,SVMP,242,yes
R4FK22,Hoplocephalus spp,SVSP,280,yes
R4G2H9,Hoplocephalus spp,SVMP,248,yes
R4G2I3,Hoplocephalus spp,OTHER,146,yes
R4G2I4,Hoplocephalus spp,SVMP,241,yes
R4G2Z3,Hoplocephalus spp,OTHER,145,yes
R4G2Z5,Hoplocephalus spp,OTHER,146,yes
R4G7I8,Hoplocephalus spp,SVMP,249,yes
R4G7J2,Hoplocephalus spp,OTHER,143,yes
R4G7J3,Hoplocephalus spp,SVMP,241,yes
T1D6N7,Crotalus horridus,OTHER,138,yes
T1D6P2,Crotalus horridus,OTHER,138,yes
T1DGZ4,Crotalus horridus,VEGF,141,yes
T1DH13,Crotalus horridus,OTHER,139,yes
T1DH17,Crotalus horridus,OTHER,138,yes
T1DHN3,Crotalus horridus,3FTx,687,yes
T1DJY7,Crotalus horridus,OTHER,138,yes
T1DP13,Crotalus horridus,SVMP,751,yes
T1E3C7,Crotalus horridus,OTHER,137,yes
T1E3C9,Crotalus horridus,OTHER,138,yes
T1E3D1,Crotalus horridus,SVMP,241,yes
T1E3Y1,Crotalus horridus,OTHER,138,yes
T1E3Y3,Crotalus horridus,OTHER,138,yes
T2HRU2,Protobothrops flavoviridis,SVSP,260,yes
U3EPH5,Micrurus fulvius,SVMP,243,yes
U3F5A6,Micrurus fulvius,SVMP,243,yes
U3FYV1,Micrurus fulvius,3FTx,476,yes
U3FZF7,Micrurus fulvius,OTHER,818,yes
U5YCR8,Bothrops pictus,SVSP,250,yes
V8N4D8,Ophiophagus hannah,SVMP,231,yes
V8NGA1,Ophiophagus hannah,3FTx,749,yes
V8NGZ8,Ophiophagus hannah,SVMP,253,yes
V8NP13,Ophiophagus hannah,SVMP,243,yes
V8NZZ2,Ophiophagus hannah,SVMP,589,yes
V8P5I5,Ophiophagus hannah,SVMP,718,yes
V8PAN4,Ophiophagus hannah,SVMP,204,yes
V8PF09,Ophiophagus hannah,SVMP,2868,no
V8PFC9,Ophiophagus hannah,SVMP,731,yes
V9I1A1,Bungarus fasciatus,SVMP,243,yes
V9I1F9,Walterinnesia aegyptia,SVMP,242,yes
A0A068EPZ2,Gloydius intermedius,OTHER,504,yes
A0A077L7H9,Protobothrops flavoviridis,SVMP,263,yes
A0A077LA85,Protobothrops flavoviridis,SVMP,514,yes
A0A077LD42,Protobothrops flavoviridis,OTHER,104,yes
A0A081DUA9,Echis coloratus,OTHER,1277,yes
A0A0A1WC91,Echis coloratus,SVSP,252,yes
A0A0A1WC94,Echis coloratus,OTHER,104,yes
A0A0A1WCI0,Echis coloratus,OTHER,88,yes
A0A0A1WCK4,Echis coloratus,SVMP,429,yes
A0A0A1WCL0,Echis coloratus,SVMP,136,yes
A0A0A1WCN2,Echis coloratus,3FTx,239,yes
A0A0A1WCY1,Echis coloratus,OTHER,116,yes
A0A0A1WCY6,Echis coloratus,OTHER,504,yes
A0A0A1WCZ6,Echis coloratus,SVMP,824,yes
A0A0A1WD06,Echis coloratus,SVMP,435,yes
A0A0A1WD12,Echis coloratus,SVMP,364,yes
A0A0A1WDM9,Echis coloratus,SVSP,260,yes
A0A0A1WDN9,Echis coloratus,OTHER,334,yes
A0A0A1WDQ6,Echis coloratus,SVMP,609,yes
A0A0A1WDR4,Echis coloratus,SVSP,280,yes
A0A0A1WDS7,Echis coloratus,OTHER,90,yes
A0A0A1WDV5,Echis coloratus,SVMP,317,yes
A0A0C4ZNF1,Gloydius intermedius,SVMP,610,yes
A0A0F7YYV1,Micrurus fulvius,SVMP,614,yes
A0A0F7YYZ8,Micrurus fulvius,PDE,850,yes
A0A0F7Z0V4,Crotalus adamanteus,SVMP,612,yes
A0A0F7Z0V8,Crotalus adamanteus,SVMP,610,yes
A0A0F7Z2Q3,Crotalus adamanteus,PDE,851,yes
A0A0F7Z2Q4,Crotalus adamanteus,3FTx,70,yes
A0A0F7Z3C1,Crotalus adamanteus,SVMP,610,yes
A0A0F7Z792,Crotalus adamanteus,SVMP,621,yes
A0A0F7Z793,Crotalus adamanteus,SVMP,612,yes
A0A0F7Z7C8,Crotalus adamanteus,3FTx,70,yes
A0A0F7Z7G5,Crotalus adamanteus,SVMP,197,yes
A0A0F7ZCQ8,Crotalus adamanteus,SVMP,836,no
A0A0M4AL47,Gloydius intermedius,SVMP,258,yes
A0A0P0G942,Pseudonaja textilis,SVMP,612,no
A0A1B3LEZ8,Bothriechis lateralis,SVMP,485,yes
A0A1D8BAX5,Pseudechis papuanus,3FTx,238,yes
A0A1I9KNL5,Vipera ammodytes,SVSP,261,yes
A0A1I9KNM0,Vipera ammodytes,3FTx,239,yes
A0A1I9KNN4,Vipera ammodytes,SVSP,257,yes
A0A1I9KNP8,Vipera ammodytes,SVMP,244,yes
A0A1I9KNR5,Vipera ammodytes,SVSP,229,yes
A0A1I9KNR6,Vipera ammodytes,SVMP,607,yes
A0A1I9KNR8,Vipera ammodytes,SVSP,260,yes
A0A1I9KNS1,Vipera ammodytes,SVMP,478,yes
A0A1I9KNS3,Vipera ammodytes,SVMP,478,yes
A0A1I9KNT0,Vipera ammodytes,SVMP,478,yes
A0A1L8D5R9,Bothrops atrox,SVSP,257,yes
A0A1L8D5T9,Bothrops atrox,OTHER,258,yes
A0A1L8D5U3,Bothrops atrox,SVSP,258,yes
A0A1L8D5U8,Bothrops atrox,SVSP,257,yes
A0A1L8D5U9,Bothrops atrox,OTHER,260,yes
A0A1L8D5V0,Bothrops atrox,SVSP,257,yes
A0A1L8D5V3,Bothrops atrox,SVSP,258,yes
A0A1L8D5V4,Bothrops atrox,SVSP,258,yes
A0A1L8D5V7,Bothrops atrox,SVMP,610,yes
A0A1L8D5V8,Bothrops atrox,SVMP,610,yes
A0A1L8D5V9,Bothrops atrox,SVSP,257,yes
A0A1L8D5W3,Bothrops atrox,SVSP,258,yes
A0A1L8D5W4,Bothrops atrox,SVSP,257,yes
A0A1L8D5W5,Bothrops atrox,SVSP,257,yes
A0A1L8D5W6,Bothrops atrox,SVMP,612,yes
A0A1L8D5W7,Bothrops atrox,SVMP,610,yes
A0A1L8D5X1,Bothrops atrox,SVMP,612,yes
A0A1L8D5X2,Bothrops atrox,SVMP,610,yes
A0A1L8D5X3,Bothrops atrox,SVMP,603,yes
A0A1L8D5X4,Bothrops atrox,SVMP,603,yes
A0A1L8D5X6,Bothrops atrox,SVMP,604,yes
A0A1L8D5X7,Bothrops atrox,SVMP,604,yes
A0A1L8D5X8,Bothrops atrox,SVMP,612,yes
A0A1L8D5X9,Bothrops atrox,SVMP,611,yes
A0A1L8D5Y0,Bothrops atrox,SVMP,606,yes
A0A1L8D5Y2,Bothrops atrox,SVMP,603,yes
A0A1L8D5Y6,Bothrops atrox,SVMP,605,yes
A0A1L8D5Y7,Bothrops atrox,SVMP,604,yes
A0A1L8D5Z0,Bothrops atrox,OTHER,476,yes
A0A1L8D5Z1,Bothrops atrox,SVMP,605,yes
A0A1L8D5Z3,Bothrops atrox,OTHER,488,yes
A0A1L8D5Z6,Bothrops atrox,OTHER,476,yes
A0A1L8D600,Bothrops atrox,OTHER,477,yes
A0A1L8D610,Bothrops atrox,SVSP,258,yes
A0A1L8D615,Bothrops atrox,OTHER,502,yes
A0A1L8D620,Bothrops atrox,SVSP,257,yes
A0A1L8D626,Bothrops atrox,SVSP,258,yes
A0A1L8D633,Bothrops atrox,SVMP,612,yes
A0A1L8D635,Bothrops atrox,OTHER,260,yes
A0A1L8D641,Bothrops atrox,SVMP,604,yes
A0A1L8D646,Bothrops atrox,SVMP,610,yes
A0A1L8D649,Bothrops atrox,OTHER,478,yes
A0A1L8D656,Bothrops atrox,SVMP,612,yes
A0A1L8D658,Bothrops atrox,SVSP,258,yes
A0A1L8D660,Bothrops atrox,SVMP,215,yes
A0A1L8D662,Bothrops atrox,SVMP,234,yes
A0A1L8D664,Bothrops atrox,SVSP,258,yes
A0A1L8D665,Bothrops atrox,SVMP,213,yes
A0A1L8D666,Bothrops atrox,SVMP,606,yes
A0A1L8D668,Bothrops atrox,SVSP,256,yes
A0A1L8D674,Bothrops atrox,SVSP,258,yes
A0A1L8D675,Bothrops atrox,OTHER,483,yes
A0A1L8D676,Bothrops atrox,SVMP,197,yes
A0A1L8D677,Bothrops atrox,SVMP,612,yes
A0A1L8D679,Bothrops atrox,SVMP,218,no
A0A1L8D680,Bothrops atrox,SVMP,211,yes
A0A1L8D681,Bothrops atrox,SVMP,195,yes
A0A1L8D682,Bothrops atrox,SVMP,610,yes
A0A1L8D686,Bothrops atrox,SVMP,212,yes
A0A1L8D689,Bothrops atrox,SVMP,602,yes
A0A1L8D691,Bothrops atrox,SVMP,606,yes
A0A1L8D698,Bothrops atrox,OTHER,478,yes
A0A1L8D6A0,Bothrops atrox,SVMP,605,yes
A0A1L8D6A9,Bothrops atrox,OTHER,476,yes
A0A1L8D6B7,Bothrops atrox,OTHER,810,yes
A0A1L8D6D1,Bothrops atrox,SVMP,225,yes
A0A1L8D6G6,Bothrops atrox,SVMP,218,yes
A0A1L8D6I0,Bothrops atrox,SVMP,206,yes
A0A1L8D6I8,Bothrops atrox,SVMP,212,yes
A0A1L8D6J8,Bothrops atrox,SVMP,201,yes
A0A1S6K7T1,Bothrops atrox,SVMP,610,yes
A0A1W7RB89,Crotalus adamanteus,SVMP,602,yes
A0A1W7RB97,Crotalus adamanteus,SVMP,613,yes
A0A1W7RBA3,Crotalus adamanteus,SVMP,608,yes
A0A1W7RBB8,Crotalus adamanteus,SVMP,478,yes
A0A223PK14,Daboia russelii,SVMP,784,no
A0A223PK23,Daboia russelii,3FTx,206,no
A0A223PK27,Daboia russelii,SVSP,628,no
A0A223PK29,Daboia russelii,SVMP,848,no
A0A223PK33,Daboia russelii,SVMP,247,no
A0A223PK39,Daboia russelii,3FTx,190,no
A0A286S0D3,Gloydius intermedius,SVSP,258,yes
A0A286S0D6,Gloydius intermedius,SVSP,259,yes
A0A286S0D7,Gloydius intermedius,SVSP,258,yes
A0A286S0E6,Gloydius intermedius,SVSP,258,yes
A0A2H4Z2W1,Daboia siamensis,OTHER,619,yes
A0A2H4Z2X4,Daboia siamensis,OTHER,619,yes
A0A2H4Z2Y9,Daboia siamensis,OTHER,486,yes
A0A3G1E3T4,Echis ocellatus,SVMP,607,yes
A0A3G1E3T5,Echis ocellatus,SVMP,457,yes
A0A3G1E3U2,Echis ocellatus,SVMP,494,yes
A0A670XPL2,Pseudonaja textilis,3FTx,594,yes
A0A670XRP9,Pseudonaja textilis,OTHER,246,yes
A0A670XSZ9,Pseudonaja textilis,3FTx,121,yes
A0A670XTF2,Pseudonaja textilis,3FTx,629,yes
A0A670XTM7,Pseudonaja textilis,OTHER,490,yes
A0A670XU93,Pseudonaja textilis,OTHER,312,yes
A0A670XWP2,Pseudonaja textilis,OTHER,244,yes
A0A670XYC8,Pseudonaja textilis,SVMP,575,yes
A0A670Y098,Pseudonaja textilis,OTHER,490,yes
A0A670Y1G0,Pseudonaja textilis,OTHER,399,yes
A0A670YAR1,Pseudonaja textilis,3FTx,240,yes
A0A670YB59,Pseudonaja textilis,OTHER,472,yes
A0A670YFJ0,Pseudonaja textilis,SVSP,249,yes
A0A670YHI6,Pseudonaja textilis,OTHER,347,yes
A0A670YI11,Pseudonaja textilis,SVMP,757,yes
A0A670YLV9,Pseudonaja textilis,3FTx,511,yes
A0A670YMF0,Pseudonaja textilis,SVSP,279,yes
A0A670YMP6,Pseudonaja textilis,OTHER,497,yes
A0A670YPP0,Pseudonaja textilis,SVSP,156,yes
A0A670YQ43,Pseudonaja textilis,SVMP,612,yes
A0A670YQ46,Pseudonaja textilis,SVSP,250,yes
A0A670YQH3,Pseudonaja textilis,SVSP,259,yes
A0A670YQN1,Pseudonaja textilis,SVSP,271,yes
A0A670YQV9,Pseudonaja textilis,SVSP,273,yes
A0A670YR02,Pseudonaja textilis,SVSP,160,yes
A0A670YR19,Pseudonaja textilis,SVSP,255,yes
A0A670YRN7,Pseudonaja textilis,SVSP,232,yes
A0A670YRX0,Pseudonaja textilis,SVSP,120,yes
A0A670YS85,Pseudonaja textilis,3FTx,493,yes
A0A670YSN2,Pseudonaja textilis,SVMP,599,yes
A0A670YST0,Pseudonaja textilis,PDE,755,yes
A0A670YSZ7,Pseudonaja textilis,OTHER,217,yes
A0A670YT18,Pseudonaja textilis,SVSP,239,yes
A0A670YTM0,Pseudonaja textilis,OTHER,231,yes
A0A670YUD8,Pseudonaja textilis,SVSP,272,yes
A0A670YUI2,Pseudonaja textilis,3FTx,494,yes
A0A670YWZ7,Pseudonaja textilis,PDE,792,yes
A0A670YXJ0,Pseudonaja textilis,3FTx,493,yes
A0A670YY34,Pseudonaja textilis,3FTx,388,yes
A0A670YY52,Pseudonaja textilis,OTHER,489,yes
A0A670YY63,Pseudonaja textilis,3FTx,519,yes
A0A670YYT6,Pseudonaja textilis,SVSP,232,yes
A0A670YYY4,Pseudonaja textilis,SVMP,612,yes
A0A670YZ49,Pseudonaja textilis,SVSP,237,yes
A0A670YZC6,Pseudonaja textilis,PDE,780,yes
A0A670YZY6,Pseudonaja textilis,CNP,133,yes
A0A670YZZ7,Pseudonaja textilis,SVMP,800,yes
A0A670Z003,Pseudonaja textilis,SVMP,589,yes
A0A670Z0L6,Pseudonaja textilis,SVMP,831,yes
A0A670Z0N2,Pseudonaja textilis,SVMP,586,yes
A0A670Z1X5,Pseudonaja textilis,OTHER,442,yes
A0A670Z2B3,Pseudonaja textilis,OTHER,117,yes
A0A670Z2L0,Pseudonaja textilis,SVSP,205,yes
A0A670Z2T9,Pseudonaja textilis,3FTx,224,yes
A0A670Z460,Pseudonaja textilis,3FTx,483,yes
A0A670Z4L4,Pseudonaja textilis,OTHER,287,yes
A0A670Z578,Pseudonaja textilis,3FTx,483,yes
A0A670Z6C8,Pseudonaja textilis,CNP,131,yes
A0A670Z6D8,Pseudonaja textilis,SVMP,576,yes
A0A670Z6H7,Pseudonaja textilis,3FTx,399,yes
A0A670Z8L4,Pseudonaja textilis,CNP,142,yes
A0A670Z8M9,Pseudonaja textilis,SVMP,686,yes
A0A670Z8X5,Pseudonaja textilis,SVMP,808,yes
A0A670Z8Z3,Pseudonaja textilis,SVMP,812,yes
A0A670ZAB1,Pseudonaja textilis,SVMP,860,yes
A0A670ZBR1,Pseudonaja textilis,OTHER,298,yes
A0A670ZBW6,Pseudonaja textilis,OTHER,485,yes
A0A670ZCN3,Pseudonaja textilis,SVSP,110,yes
A0A670ZDU7,Pseudonaja textilis,SVSP,272,yes
A0A670ZGB3,Pseudonaja textilis,SVSP,273,yes
A0A670ZGC3,Pseudonaja textilis,SVSP,272,yes
A0A670ZHX7,Pseudonaja textilis,OTHER,289,yes
A0A670ZKE5,Pseudonaja textilis,SVMP,470,yes
A0A670ZL08,Pseudonaja textilis,OTHER,406,yes
A0A670ZNQ9,Pseudonaja textilis,LAAO,459,yes
A0A670ZNW0,Pseudonaja textilis,LAAO,464,yes
A0A670ZRQ2,Pseudonaja textilis,SVMP,647,yes
A0A670ZSW4,Pseudonaja textilis,LAAO,546,yes
A0A670ZSY2,Pseudonaja textilis,LAAO,381,yes
A0A670ZT23,Pseudonaja textilis,LAAO,553,yes
A0A670ZTT3,Pseudonaja textilis,LAAO,535,yes
A0A670ZWJ2,Pseudonaja textilis,3FTx,489,yes
A0A6B7FMQ3,Vipera ammodytes,SVSP,257,yes
A0A6B7FMR4,Vipera ammodytes,SVMP,609,yes
A0A6B7FNM6,Vipera ammodytes,SVMP,208,yes
A0A6B7FNN4,Vipera ammodytes,SVMP,616,yes
A0A6B7FPJ0,Vipera ammodytes,SVSP,260,yes
A0A6B7FPT0,Vipera ammodytes,SVMP,137,yes
A0A6B7FPT6,Vipera ammodytes,SVMP,238,yes
A0A6B7FQF8,Vipera ammodytes,SVSP,257,yes
A0A6B7FRF2,Vipera ammodytes,OTHER,504,yes
A0A6B7FRK6,Vipera ammodytes,SVMP,613,yes
A0A6J1TQY5,Notechis scutatus,OTHER,497,yes
A0A6J1TTY5,Notechis scutatus,PDE,853,yes
A0A6J1TV53,Notechis scutatus,PDE,889,yes
A0A6J1TXF6,Notechis scutatus,OTHER,323,yes
A0A6J1TYH5,Notechis scutatus,3FTx,189,yes
A0A6J1U0C5,Notechis scutatus,OTHER,347,yes
A0A6J1U1P8,Notechis scutatus,SVMP,850,yes
A0A6J1U767,Notechis scutatus,OTHER,317,yes
A0A6J1U821,Notechis scutatus,SVMP,663,yes
A0A6J1UAX0,Notechis scutatus,OTHER,951,yes
A0A6J1UDE6,Notechis scutatus,SVMP,610,yes
A0A6J1UG27,Notechis scutatus,3FTx,494,yes
A0A6J1UHL8,Notechis scutatus,OTHER,1974,no
A0A6J1UTR7,Notechis scutatus,OTHER,472,yes
A0A6J1UZN3,Notechis scutatus,OTHER,509,yes
A0A6J1V018,Notechis scutatus,3FTx,633,yes
A0A6J1V027,Notechis scutatus,3FTx,630,yes
A0A6J1V116,Notechis scutatus,SVMP,661,no
A0A6J1V117,Notechis scutatus,SVMP,820,yes
A0A6J1V1I2,Notechis scutatus,3FTx,622,yes
A0A6J1V1L9,Notechis scutatus,SVMP,932,yes
A0A6J1V1M1,Notechis scutatus,SVMP,961,yes
A0A6J1V1M4,Notechis scutatus,SVMP,867,yes
A0A6J1V2M9,Notechis scutatus,OTHER,1518,no
A0A6J1V326,Notechis scutatus,SVMP,896,yes
A0A6J1V5Z2,Notechis scutatus,3FTx,149,yes
A0A6J1V7F6,Notechis scutatus,3FTx,630,yes
A0A6J1V7G1,Notechis scutatus,3FTx,461,yes
A0A6J1V7Y6,Notechis scutatus,OTHER,542,yes
A0A6J1V8Z2,Notechis scutatus,SVMP,903,yes
A0A6J1V971,Notechis scutatus,3FTx,481,yes
A0A6J1V989,Notechis scutatus,3FTx,505,yes
A0A6J1V9T1,Notechis scutatus,3FTx,627,yes
A0A6J1V9Z9,Notechis scutatus,OTHER,1059,yes
A0A6J1VB39,Notechis scutatus,SVMP,878,yes
A0A6J1VBB6,Notechis scutatus,SVMP,901,yes
A0A6J1VBR6,Notechis scutatus,OTHER,333,yes
A0A6J1VBX6,Notechis scutatus,3FTx,550,yes
A0A6J1VD78,Notechis scutatus,3FTx,556,yes
A0A6J1VE32,Notechis scutatus,SVSP,281,yes
A0A6J1VED4,Notechis scutatus,OTHER,455,yes
A0A6J1VFP9,Notechis scutatus,OTHER,332,yes
A0A6J1VG35,Notechis scutatus,OTHER,333,yes
A0A6J1VGC9,Notechis scutatus,OTHER,1900,no
A0A6J1VGV1,Notechis scutatus,OTHER,333,yes
A0A6J1VIH7,Notechis scutatus,LAAO,514,yes
A0A6J1VJM9,Notechis scutatus,OTHER,343,yes
A0A6J1VLQ1,Notechis scutatus,SVMP,529,yes
A0A6J1VNH2,Notechis scutatus,OTHER,502,yes
A0A6J1VPN9,Notechis scutatus,SVMP,549,yes
A0A6J1VQ70,Notechis scutatus,LAAO,266,yes
A0A6J1VQ94,Notechis scutatus,3FTx,455,yes
A0A6J1VS22,Notechis scutatus,3FTx,444,yes
A0A6J1VS77,Notechis scutatus,SVSP,226,yes
A0A6J1VSP6,Notechis scutatus,OTHER,3712,no
A0A6J1VUI6,Notechis scutatus,SVMP,784,yes
A0A6J1VW13,Notechis scutatus,LAAO,297,yes
A0A6J1VW97,Notechis scutatus,SVMP,196,yes
A0A6J1VWZ5,Notechis scutatus,SVMP,286,yes
A0A6J1VYT1,Notechis scutatus,SVMP,380,yes
A0A6J1VZS5,Notechis scutatus,LAAO,346,yes
A0A6J1W0I1,Notechis scutatus,LAAO,309,yes
A0A6J1W0R4,Notechis scutatus,LAAO,322,yes
A0A6J1W1Y1,Notechis scutatus,CNP,181,yes
A0A6J1W1Z0,Notechis scutatus,CNP,206,yes
A0A6J1W538,Notechis scutatus,SVMP,423,yes
A0A6J1W554,Notechis scutatus,SVMP,423,yes
A0A6J1W5S3,Notechis scutatus,3FTx,238,yes
A0A6J1W5Z9,Notechis scutatus,SVMP,286,yes
A0A6J1W634,Notechis scutatus,LAAO,116,yes
A0A6J1W854,Notechis scutatus,SVMP,196,yes
A0A6J1W8T1,Notechis scutatus,SVMP,594,yes
A0A8C6V7I6,Naja naja,3FTx,179,yes
A0A8C6V7Z3,Naja naja,3FTx,494,yes
A0A8C6V804,Naja naja,3FTx,493,yes
A0A8C6V814,Naja naja,OTHER,331,yes
A0A8C6V890,Naja naja,LAAO,502,yes
A0A8C6V8E0,Naja naja,LAAO,441,yes
A0A8C6V8Q9,Naja naja,LAAO,524,yes
A0A8C6V945,Naja naja,OTHER,497,yes
A0A8C6V9B0,Naja naja,OTHER,331,yes
A0A8C6V9N4,Naja naja,LAAO,514,yes
A0A8C6VAS7,Naja naja,OTHER,377,yes
A0A8C6VBS6,Naja naja,LAAO,449,yes
A0A8C6VCJ3,Naja naja,OTHER,320,yes
A0A8C6VCK0,Naja naja,OTHER,331,yes
A0A8C6VD35,Naja naja,SVSP,317,yes
A0A8C6VD58,Naja naja,LAAO,527,yes
A0A8C6VDB1,Naja naja,LAAO,442,yes
A0A8C6VFA9,Naja naja,OTHER,331,yes
A0A8C6VFE7,Naja naja,3FTx,439,yes
A0A8C6VGF2,Naja naja,OTHER,512,yes
A0A8C6VGY2,Naja naja,OTHER,332,yes
A0A8C6VHW3,Naja naja,OTHER,521,yes
A0A8C6VRK7,Naja naja,OTHER,235,yes
A0A8C6X0L1,Naja naja,PDE,853,yes
A0A8C6X1H3,Naja naja,OTHER,487,yes
A0A8C6X1M1,Naja naja,OTHER,331,yes
A0A8C6X1M5,Naja naja,OTHER,331,yes
A0A8C6X1Z8,Naja naja,3FTx,155,yes
A0A8C6X5U4,Naja naja,SVMP,616,yes
A0A8C6X628,Naja naja,SVMP,605,yes
A0A8C6X698,Naja naja,SVMP,607,yes
A0A8C6X6A0,Naja naja,SVMP,558,yes
A0A8C6X7E6,Naja naja,CNP,315,yes
A0A8C6X7G1,Naja naja,CNP,396,yes
A0A8C6X7Y0,Naja naja,CNP,112,yes
A0A8C6X7Z5,Naja naja,SVMP,691,yes
A0A8C6X831,Naja naja,SVMP,712,yes
A0A8C6X8C4,Naja naja,OTHER,191,yes
A0A8C6X8F4,Naja naja,SVMP,715,yes
A0A8C6X9N2,Naja naja,OTHER,448,yes
A0A8C6XAT8,Naja naja,OTHER,302,yes
A0A8C6XBD0,Naja naja,SVMP,461,yes
A0A8C6XBK5,Naja naja,OTHER,208,yes
A0A8C6XE63,Naja naja,OTHER,333,yes
A0A8C6XI15,Naja naja,SVMP,750,yes
A0A8C6XIQ9,Naja naja,SVMP,614,yes
A0A8C6XIT1,Naja naja,SVMP,614,yes
A0A8C6XIZ9,Naja naja,SVMP,611,yes
A0A8C6XJ65,Naja naja,OTHER,347,yes
A0A8C6XJC3,Naja naja,SVSP,251,yes
A0A8C6XJV4,Naja naja,SVMP,614,yes
A0A8C6XJZ1,Naja naja,SVSP,259,yes
A0A8C6XLA9,Naja naja,SVMP,614,yes
A0A8C6XLX6,Naja naja,SVMP,610,yes
A0A8C6XMH3,Naja naja,SVMP,542,yes
A0A8C6XMY9,Naja naja,SVSP,263,yes
A0A8C6XN15,Naja naja,3FTx,524,yes
A0A8C6XPB6,Naja naja,SVSP,263,yes
A0A8C6XQE5,Naja naja,3FTx,211,yes
A0A8C6XQK7,Naja naja,CNP,121,yes
A0A8C6XQM7,Naja naja,CNP,135,yes
A0A8C6XRZ1,Naja naja,3FTx,304,yes
A0A8C6XUZ5,Naja naja,SVMP,630,yes
A0A8C6XWC6,Naja naja,SVSP,112,yes
A0A8C6XY57,Naja naja,SVMP,648,yes
A0A8C6Y285,Naja naja,SVSP,256,yes
A0A8C6Y2F1,Naja naja,OTHER,341,yes
A0A8C6Y2J5,Naja naja,SVSP,276,yes
A0A8C6Y2W0,Naja naja,SVSP,128,yes
A0A8C6Y2X0,Naja naja,SVSP,128,yes
A0A8C6Y542,Naja naja,SVSP,107,yes
A0A8C6Y6B8,Naja naja,SVSP,227,yes
A0A8C6Y6N2,Naja naja,SVSP,160,yes
A0A8C6Y9C7,Naja naja,OTHER,490,yes
A0A8C6YBP1,Naja naja,SVMP,712,yes
A0A8C6YCD6,Naja naja,OTHER,297,yes
A0A8C6YH37,Naja naja,OTHER,2038,no
A0A8C6YH48,Naja naja,OTHER,1560,no
A0A8C6YH63,Naja naja,3FTx,617,yes
A0A8C6YHC7,Naja naja,OTHER,1755,no
A0A8C6YJT3,Naja naja,OTHER,1708,no
A0A8C6YJT8,Naja naja,OTHER,2067,no
A0A8C6YJV4,Naja naja,OTHER,1616,no
A0A8C6YLK1,Naja naja,OTHER,472,yes
A0A8C6YMN7,Naja naja,OTHER,1733,no
A0A8C7DSX1,Naja naja,SVMP,650,yes
A0A8C7DU51,Naja naja,SVMP,699,yes
A0A8C7DZU5,Naja naja,SVMP,614,yes
A0A8C7E011,Naja naja,SVSP,250,yes
A0A8C7E027,Naja naja,SVSP,246,yes
A0A8C7E051,Naja naja,SVSP,263,yes
A0A8C7E060,Naja naja,SVMP,607,yes
A0A8C7E1L9,Naja naja,SVSP,232,yes
A0A8C7E2Y2,Naja naja,SVMP,471,yes
A0A8C7E359,Naja naja,SVMP,666,yes
A0A8C7E5Y6,Naja naja,OTHER,1040,yes
A0A8C7E7N8,Naja naja,OTHER,1988,no
A0A8C7E7S6,Naja naja,OTHER,1832,no
A0A8T1N153,Bothrops jararaca,SVMP,605,yes
A0A8T1N158,Bothrops jararaca,SVMP,607,yes
A0A8T1N163,Bothrops jararaca,SVSP,257,yes
A0A8T1N169,Bothrops jararaca,SVMP,613,yes
A0A8T1N171,Bothrops jararaca,SVMP,483,yes
A0A8T1N172,Bothrops jararaca,SVSP,258,yes
A0A8T1N174,Bothrops jararaca,SVMP,610,yes
A0A8T1N180,Bothrops jararaca,SVMP,265,yes
A0A8T1N182,Bothrops jararaca,SVMP,612,yes
A0A8T1N2E9,Bothrops jararaca,SVMP,478,yes
A0A8T1N2F4,Bothrops jararaca,SVMP,611,yes
A0A8T1N2F9,Bothrops jararaca,SVSP,258,yes
A0A8T1N2G3,Bothrops jararaca,SVMP,612,yes
A0A8T1N2G8,Bothrops jararaca,SVMP,616,yes
A0A8T1N2H3,Bothrops jararaca,SVMP,488,yes
A0A8T1N2V3,Bothrops jararaca,SVMP,483,yes
A0A8T1N2V9,Bothrops jararaca,SVMP,478,yes
A0A8T1N2W5,Bothrops jararaca,SVSP,257,yes
A0A8T1N2X3,Bothrops jararaca,SVMP,615,yes
A0A8T1N2X9,Bothrops jararaca,SVMP,610,yes
A0A8T1N329,Bothrops jararaca,OTHER,258,yes
A0A8T1N342,Bothrops jararaca,OTHER,260,yes
A0A8T1N356,Bothrops jararaca,SVMP,601,yes
A0A8T1N367,Bothrops jararaca,SVSP,257,yes
A0A8T1N405,Bothrops jararaca,SVMP,611,yes
A0A8T1N420,Bothrops jararaca,SVMP,606,yes
A0A8T1N427,Bothrops jararaca,OTHER,502,yes
A0A8T1N447,Bothrops jararaca,SVMP,478,yes
A0A8T1N450,Bothrops jararaca,SVMP,609,yes
A0A8T1N476,Bothrops jararaca,SVMP,530,yes
A0A8T1N487,Bothrops jararaca,SVMP,586,yes
A0A8T1N499,Bothrops jararaca,SVMP,607,yes
A0A8T1N4P7,Bothrops jararaca,SVMP,477,yes
A0A8T1N4S1,Bothrops jararaca,SVMP,606,yes
A0A8T1N4T2,Bothrops jararaca,OTHER,516,yes
A0A8T1N4U4,Bothrops jararaca,SVMP,614,yes
A0A8T1N4V1,Bothrops jararaca,SVSP,258,yes
A0A8T1N4W0,Bothrops jararaca,SVSP,257,yes
A0A8T1N4X0,Bothrops jararaca,SVMP,486,yes
A0A8T1N4Y0,Bothrops jararaca,SVSP,257,yes
A0A8T1N5P5,Bothrops jararaca,SVMP,802,yes
A0A8T1N5Q9,Bothrops jararaca,SVSP,261,yes
A0A8T1N5R9,Bothrops jararaca,SVMP,610,yes
A0A8T1N5T1,Bothrops jararaca,SVSP,258,yes
A0A977TFW8,Bothrops atrox,SVSP,256,yes
A0AA50IEA0,Bothrops pictus,SVMP,610,yes
A0AAW1AP29,Crotalus adamanteus,SVMP,825,yes
A0AAW1APX4,Crotalus adamanteus,CNP,129,yes
A0AAW1AQI6,Crotalus adamanteus,OTHER,353,yes
A0AAW1AQU8,Crotalus adamanteus,OTHER,138,no
A0AAW1AQZ7,Crotalus adamanteus,OTHER,138,no
A0AAW1AR85,Crotalus adamanteus,OTHER,353,yes
A0AAW1ARC3,Crotalus adamanteus,OTHER,329,yes
A0AAW1ARJ9,Crotalus adamanteus,CNP,142,yes
A0AAW1ART7,Crotalus adamanteus,OTHER,1900,no
A0AAW1AXI5,Crotalus adamanteus,3FTx,214,yes
A0AAW1AYY9,Crotalus adamanteus,SVMP,612,yes
A0AAW1AZ03,Crotalus adamanteus,SVMP,488,yes
A0AAW1AZ78,Crotalus adamanteus,SVMP,484,yes
A0AAW1AZ91,Crotalus adamanteus,SVMP,824,yes
A0AAW1AZJ1,Crotalus adamanteus,SVMP,610,yes
A0AAW1AZL2,Crotalus adamanteus,SVMP,479,yes
A0AAW1AZM0,Crotalus adamanteus,SVMP,612,yes
A0AAW1AZN6,Crotalus adamanteus,SVMP,377,yes
A0AAW1AZP7,Crotalus adamanteus,SVMP,478,no
A0AAW1AZR3,Crotalus adamanteus,SVMP,486,yes
A0AAW1AZS6,Crotalus adamanteus,SVMP,368,yes
A0AAW1AZX0,Crotalus adamanteus,SVMP,487,yes
A0AAW1B012,Crotalus adamanteus,SVMP,758,yes
A0AAW1B069,Crotalus adamanteus,SVMP,621,yes
A0AAW1B072,Crotalus adamanteus,SVMP,380,yes
A0AAW1B0B2,Crotalus adamanteus,SVMP,608,yes
A0AAW1B0F2,Crotalus adamanteus,SVMP,831,yes
A0AAW1B156,Crotalus adamanteus,SVMP,634,yes
A0AAW1B1Y4,Crotalus adamanteus,OTHER,207,yes
A0AAW1B2G4,Crotalus adamanteus,SVMP,902,yes
A0AAW1B3V4,Crotalus adamanteus,SVMP,776,yes
A0AAW1B6R2,Crotalus adamanteus,3FTx,481,yes
A0AAW1B8R5,Crotalus adamanteus,SVMP,194,yes
A0AAW1BFF7,Crotalus adamanteus,SVMP,896,yes
A0AAW1BGY9,Crotalus adamanteus,SVMP,811,yes
A0AAW1BHH2,Crotalus adamanteus,SVMP,195,yes
A0AAW1BJR7,Crotalus adamanteus,OTHER,1429,no
A0AAW1BLL2,Crotalus adamanteus,SVMP,623,yes
A0AAW1BLM9,Crotalus adamanteus,SVMP,779,yes
A0AAW1BNJ2,Crotalus adamanteus,3FTx,206,yes
A0AAW1BP06,Crotalus adamanteus,OTHER,900,yes
A0AAW1BRZ8,Crotalus adamanteus,SVMP,241,no
A0AAW1BS91,Crotalus adamanteus,3FTx,187,yes
A0AAW1BTY0,Crotalus adamanteus,3FTx,551,yes
A0AAW1BUN4,Crotalus adamanteus,3FTx,70,no
A0AAW1BUR1,Crotalus adamanteus,3FTx,506,yes
A0AAW1BUT8,Crotalus adamanteus,3FTx,629,yes
A0AAW1BV02,Crotalus adamanteus,3FTx,690,yes
A0AAW1BV77,Crotalus adamanteus,OTHER,483,yes
A0AAW1BW16,Crotalus adamanteus,OTHER,1398,no
A0AAW1BW52,Crotalus adamanteus,SVMP,911,yes
A0AAW1BYN5,Crotalus adamanteus,3FTx,647,yes
A0AAW1BZJ8,Crotalus adamanteus,3FTx,1049,yes
A0AAW1BZY4,Crotalus adamanteus,OTHER,463,yes
A0AAW1C0K0,Crotalus adamanteus,SVSP,138,yes
A0AAW1C6P1,Crotalus adamanteus,SVMP,723,yes
A0AAW1C6Y2,Crotalus adamanteus,SVMP,730,yes
A0AAW1C7L8,Crotalus adamanteus,SVMP,735,yes
A0AAW1C850,Crotalus adamanteus,OTHER,435,yes
A0AAW1C8P0,Crotalus adamanteus,OTHER,354,yes
A0AAW1CAH9,Crotalus adamanteus,SVMP,825,yes
A0AAW1CAX3,Crotalus adamanteus,OTHER,343,yes
A0AAW1CD90,Crotalus adamanteus,3FTx,467,yes
A0RZG1,Austrelaps spp,OTHER,1652,no
A0RZG2,Austrelaps spp,OTHER,1651,no
A1IVR7,Bungarus candidus,3FTx,75,yes
A2CJE5,Crotalus atrox,Disintegrin,61,yes
A2CJE6,Crotalus viridis,Disintegrin,61,yes
A5X2W8,Sistrurus catenatus,3FTx,89,yes
A6XJS7,Austrelaps spp,SVMP,613,yes
A7X4Q3,Oxyuranus microlepidotus,3FTx,92,yes
A7X4R0,Oxyuranus microlepidotus,3FTx,92,yes
A7X4R5,Oxyuranus microlepidotus,3FTx,83,yes
A7X4S0,Oxyuranus microlepidotus,3FTx,83,yes
A7X4S7,Oxyuranus microlepidotus,3FTx,79,yes
A7X4T2,Oxyuranus microlepidotus,3FTx,81,yes
A7X6J0,Dispholidus typus,OTHER,86,yes
A8HDJ5,Tropidechis carinatus,3FTx,81,yes
A8HDJ6,Tropidechis carinatus,3FTx,81,yes
A8HDJ9,Hoplocephalus spp,3FTx,81,yes
A8HDK0,Notechis scutatus,3FTx,81,yes
A8HDK1,Pseudonaja textilis,3FTx,79,yes
A8HDK2,Oxyuranus scutellatus,3FTx,79,yes
A8HDK4,Tropidechis carinatus,3FTx,93,yes
A8HDK6,Pseudonaja textilis,3FTx,89,yes
A8HDK7,Oxyuranus microlepidotus,3FTx,92,yes
A8HDK8,Oxyuranus microlepidotus,3FTx,92,yes
A8HDK9,Oxyuranus scutellatus,3FTx,92,yes
A8N285,Ophiophagus hannah,3FTx,93,yes
A8S6A4,Austrelaps spp,3FTx,81,yes
A8S6A8,Austrelaps spp,3FTx,90,yes
A8S6B0,Austrelaps spp,3FTx,92,yes
A8S6B3,Austrelaps spp,CNP,39,yes
A8S6B6,Austrelaps spp,3FTx,238,yes
B0VXU4,Sistrurus catenatus,SVMP,611,yes
B0VXU5,Sistrurus catenatus,SVMP,612,yes
B0VXU6,Sistrurus catenatus,SVMP,602,yes
B0VXU8,Sistrurus catenatus,OTHER,444,yes
B0VXU9,Sistrurus catenatus,SVMP,503,yes
B0VXV0,Sistrurus catenatus,CTL,146,yes
B0VXV1,Sistrurus catenatus,CTL,142,yes
B0VXV2,Sistrurus catenatus,CTL,151,yes
B0VXV6,Sistrurus catenatus,3FTx,239,yes
B1NMS6,Pseudonaja textilis,CNP,133,yes
B2BRQ6,Austrelaps spp,3FTx,107,yes
B2CGN4,Crotalus durissus,3FTx,34,yes
B2CGN7,Crotalus durissus,3FTx,34,yes
B2CGN9,Crotalus durissus,3FTx,34,yes
B2KTG2,Bungarus fasciatus,3FTx,85,yes
B2KTG3,Bungarus fasciatus,3FTx,85,yes
B5KFV1,Tropidechis carinatus,SVMP,608,yes
B5KFV2,Pseudechis spp,SVMP,613,yes
B5KFV3,Pseudechis australis,SVMP,615,yes
B5KFV4,Hoplocephalus spp,SVMP,611,yes
B5KFV5,Oxyuranus scutellatus,SVMP,612,yes
B5KFV6,Oxyuranus microlepidotus,SVMP,612,yes
B5KFV7,Notechis scutatus,SVMP,608,yes
B5KFV9,Pseudonaja textilis,SVMP,612,yes
B5L5Q8,Pseudechis australis,SVSP,83,yes
B5U6Y6,Echis ocellatus,CTL,146,yes
B5U6Y7,Echis ocellatus,CTL,150,yes
B7FDI1,Vipera berus,3FTx,239,yes
B8K1V9,Micrurus fulvius,CNP,139,yes
C0HLA1,Lachesis muta,SVSP,30,yes
C0HLA2,Lachesis muta,SVSP,26,yes
C0HLA4,Lachesis muta,OTHER,40,yes
C0HLL1,Crotalus durissus,SVMP,32,yes
C0HMH2,Gloydius intermedius,PLA2,122,no
C1IC51,Walterinnesia aegyptia,SVSP,81,yes
C5ILC5,Ophiophagus hannah,3FTx,93,yes
C6JUP1,Micrurus corallinus,3FTx,84,yes
C6JUP2,Micrurus corallinus,3FTx,88,yes
C9E1S2,Agkistrodon piscivorus,Disintegrin,111,yes
D2N116,Bungarus caeruleus,3FTx,76,yes
D5KRX9,Echis ocellatus,SVSP,259,yes
D5KRY0,Echis ocellatus,SVSP,258,yes
D5KRY1,Echis ocellatus,SVSP,261,yes
D9IX98,Ophiophagus hannah,CNP,210,yes
E3UJL0,Bothrops neuwiedi,OTHER,443,yes
E3UJL1,Bothrops neuwiedi,OTHER,442,yes
E3UJL2,Bothrops neuwiedi,OTHER,443,yes
E3UJL5,Bothrops neuwiedi,OTHER,319,yes
E3UJL7,Bothrops neuwiedi,OTHER,324,yes
E3UJL8,Bothrops neuwiedi,OTHER,298,yes
E3UJL9,Bothrops neuwiedi,OTHER,298,yes
E3UJM0,Bothrops neuwiedi,OTHER,313,yes
E9JFZ5,Echis pyramidum,SVSP,208,yes
E9JFZ6,Echis pyramidum,SVSP,228,yes
E9JFZ7,Echis pyramidum,SVSP,233,yes
E9JFZ8,Echis coloratus,SVSP,258,yes
E9JFZ9,Echis carinatus,SVSP,233,yes
E9JG00,Echis coloratus,SVSP,236,yes
E9JG01,Echis coloratus,SVSP,258,no
E9JG02,Echis ocellatus,SVSP,221,no
E9JG04,Echis ocellatus,SVSP,254,yes
E9JG05,Echis ocellatus,SVSP,193,yes
E9JG06,Echis pyramidum,SVSP,258,yes
E9JG07,Echis pyramidum,SVSP,230,yes
E9JG08,Echis coloratus,SVSP,260,yes
E9JG09,Echis coloratus,SVSP,260,yes
E9JG12,Echis ocellatus,SVSP,245,no
E9JG14,Echis carinatus,SVSP,237,yes
E9JG15,Echis coloratus,SVSP,260,yes
E9JG16,Echis coloratus,SVSP,232,yes
E9JG17,Echis coloratus,SVSP,235,yes
E9JG18,Echis coloratus,SVSP,234,yes
E9JG19,Echis coloratus,SVSP,237,yes
E9JG20,Echis pyramidum,SVSP,236,yes
E9JG21,Echis coloratus,SVSP,236,yes
E9JG22,Echis carinatus,SVSP,232,yes
E9JG23,Echis coloratus,SVSP,260,yes
E9JG24,Echis carinatus,SVSP,235,yes
E9JG25,Echis coloratus,SVSP,258,yes
E9JG26,Echis carinatus,SVMP,607,no
E9JG27,Echis carinatus,SVMP,568,yes
E9JG28,Echis carinatus,SVMP,611,yes
E9JG29,Echis carinatus,SVMP,607,yes
E9JG30,Echis carinatus,SVMP,612,yes
E9JG33,Echis carinatus,SVMP,618,no
E9JG34,Echis carinatus,SVMP,610,no
E9JG35,Echis carinatus,SVMP,615,no
E9JG36,Echis carinatus,SVMP,557,yes
E9JG37,Echis carinatus,SVMP,512,yes
E9JG38,Echis carinatus,SVMP,607,yes
E9JG39,Echis carinatus,SVMP,610,no
E9JG40,Echis carinatus,SVMP,552,yes
E9JG41,Echis carinatus,SVMP,607,yes
E9JG43,Echis carinatus,SVMP,321,yes
E9JG44,Echis carinatus,SVMP,270,yes
E9JG45,Echis carinatus,SVMP,276,yes
E9JG46,Echis carinatus,SVMP,385,yes
E9JG47,Echis carinatus,SVMP,323,yes
E9JG48,Echis carinatus,SVMP,422,no
E9JG49,Echis carinatus,SVMP,253,yes
E9JG50,Echis carinatus,SVMP,369,yes
E9JG51,Echis carinatus,SVMP,290,yes
E9JG52,Echis carinatus,SVMP,618,yes
E9JG54,Echis coloratus,SVMP,531,no
E9JG55,Echis coloratus,SVMP,583,no
E9JG56,Echis coloratus,SVMP,610,yes
E9JG57,Echis coloratus,SVMP,614,yes
E9JG58,Echis coloratus,SVMP,505,yes
E9JG59,Echis coloratus,SVMP,610,yes
E9JG60,Echis coloratus,SVMP,610,yes
E9JG61,Echis coloratus,SVMP,614,no
E9JG62,Echis coloratus,SVMP,610,no
E9JG63,Echis coloratus,SVMP,511,no
E9JG64,Echis coloratus,SVMP,611,yes
E9JG65,Echis coloratus,SVMP,610,yes
E9JG66,Echis coloratus,SVMP,606,no
E9JG67,Echis coloratus,SVMP,610,no
E9JG68,Echis coloratus,SVMP,610,yes
E9JG69,Echis coloratus,SVMP,611,yes
E9JG70,Echis coloratus,SVMP,610,yes
E9JG71,Echis coloratus,SVMP,610,no
E9JG72,Echis coloratus,SVMP,610,yes
E9JG73,Echis coloratus,SVMP,610,no
E9JG74,Echis coloratus,SVMP,606,yes
E9JG75,Echis coloratus,SVMP,610,yes
E9JG76,Echis coloratus,SVMP,610,yes
E9JG77,Echis coloratus,SVMP,614,no
E9JG78,Echis coloratus,SVMP,614,no
E9JG79,Echis coloratus,SVMP,619,no
E9JG80,Echis coloratus,SVMP,610,no
E9JG81,Echis coloratus,SVMP,611,no
E9JG82,Echis coloratus,SVMP,610,yes
E9JG83,Echis coloratus,SVMP,618,no
E9JG84,Echis coloratus,SVMP,629,no
E9JG85,Echis coloratus,SVMP,614,yes
E9JG86,Echis coloratus,SVMP,614,no
E9JG87,Echis coloratus,SVMP,616,no
E9JG88,Echis coloratus,SVMP,610,no
E9JG89,Echis coloratus,SVMP,488,yes
E9JG90,Echis coloratus,SVMP,621,no
E9JG91,Echis coloratus,SVMP,618,no
E9JG92,Echis coloratus,SVMP,616,no
E9JG93,Echis coloratus,SVMP,541,no
E9JG94,Echis coloratus,SVMP,614,no
E9JG95,Echis coloratus,SVMP,617,no
E9JG96,Echis coloratus,SVMP,614,no
E9JG97,Echis coloratus,SVMP,610,no
E9JG98,Echis coloratus,SVMP,617,no
E9JG99,Echis coloratus,SVMP,614,no
E9JGA0,Echis coloratus,SVMP,593,no
E9JGA1,Echis coloratus,SVMP,462,yes
E9JGA2,Echis coloratus,SVMP,621,no
E9JGA3,Echis coloratus,SVMP,492,yes
E9JGA4,Echis coloratus,SVMP,614,no
E9JGA5,Echis coloratus,SVMP,201,yes
E9JGA6,Echis coloratus,SVMP,379,yes
E9JGA7,Echis coloratus,SVMP,611,no
E9JGA8,Echis coloratus,SVMP,233,yes
E9JGA9,Echis coloratus,SVMP,295,no
E9JGB0,Echis coloratus,SVMP,380,yes
E9JGB1,Echis pyramidum,SVMP,362,yes
E9JGB2,Echis pyramidum,SVMP,375,yes
E9JGB3,Echis pyramidum,SVMP,334,yes
E9JGB4,Echis pyramidum,SVMP,397,no
E9JGB5,Echis pyramidum,SVMP,553,no
E9JGB6,Echis pyramidum,SVMP,533,yes
E9JGB7,Echis pyramidum,SVMP,617,no
E9JGB9,Echis pyramidum,SVMP,257,no
E9JGC0,Echis pyramidum,SVMP,625,no
E9JGC1,Echis pyramidum,SVMP,621,no
E9JGC2,Echis pyramidum,SVMP,502,no
E9JGC3,Echis pyramidum,SVMP,424,no
E9JGC4,Echis pyramidum,SVMP,432,yes
E9JGC5,Echis pyramidum,SVMP,443,no
E9JGC6,Echis pyramidum,SVMP,323,yes
E9JGC7,Echis pyramidum,SVMP,298,yes
E9JGC8,Echis pyramidum,SVMP,379,yes
E9JGC9,Echis pyramidum,SVMP,345,yes
E9JGD0,Echis pyramidum,SVMP,449,yes
E9JGD2,Echis coloratus,SVMP,410,yes
E9JGD3,Echis coloratus,SVMP,410,no
E9JGD4,Echis coloratus,SVMP,410,yes
E9JGD5,Echis coloratus,SVMP,410,no
E9JGD6,Echis coloratus,SVMP,410,no
E9JGD7,Echis coloratus,SVMP,479,no
E9JGD8,Echis coloratus,SVMP,479,no
E9JGD9,Echis coloratus,SVMP,474,no
E9JGE0,Echis coloratus,SVMP,276,yes
E9JGE1,Echis coloratus,SVMP,475,no
E9JGE2,Echis coloratus,SVMP,475,yes
E9JGE3,Echis coloratus,SVMP,475,no
E9JGE4,Echis coloratus,SVMP,475,yes
E9JGE5,Echis coloratus,SVMP,479,no
E9JGE6,Echis coloratus,SVMP,475,yes
E9JGE7,Echis coloratus,SVMP,479,no
E9JGE8,Echis coloratus,SVMP,475,yes
E9JGE9,Echis coloratus,SVMP,488,no
E9JGF0,Echis coloratus,SVMP,488,yes
E9JGF1,Echis coloratus,SVMP,492,no
E9JGF2,Echis coloratus,SVMP,488,yes
E9JGF3,Echis coloratus,SVMP,492,no
E9JGF4,Echis coloratus,SVMP,492,no
E9JGF5,Echis coloratus,SVMP,492,no
E9JGF6,Echis coloratus,SVMP,494,yes
E9JGF7,Echis coloratus,SVMP,494,yes
E9JGF8,Echis coloratus,SVMP,235,no
E9JGG0,Echis coloratus,SVMP,500,no
E9JGG1,Echis coloratus,SVMP,494,yes
E9JGG2,Echis coloratus,SVMP,492,no
E9JGG3,Echis coloratus,SVMP,488,yes
E9JGG4,Echis coloratus,SVMP,348,no
E9JGG5,Echis coloratus,SVMP,479,no
E9JGG7,Echis carinatus,SVMP,248,yes
E9JGG8,Echis carinatus,SVMP,327,no
E9JGH0,Echis carinatus,SVMP,482,yes
E9JGH1,Echis carinatus,SVMP,472,no
E9JGH2,Echis carinatus,SVMP,474,yes
E9JGH3,Echis carinatus,SVMP,474,yes
E9JGH4,Echis carinatus,SVMP,248,yes
E9JGH7,Echis pyramidum,SVMP,488,yes
E9JGH8,Echis pyramidum,SVMP,488,yes
E9JGH9,Echis pyramidum,SVMP,488,yes
E9JGI0,Echis pyramidum,SVMP,494,yes
E9JGI1,Echis pyramidum,SVMP,488,yes
E9JGI2,Echis pyramidum,SVMP,488,yes
E9JGI3,Echis pyramidum,SVMP,488,yes
E9JGI4,Echis pyramidum,SVMP,359,yes
E9JGI6,Echis pyramidum,SVMP,488,yes
E9JGI7,Echis pyramidum,SVMP,488,yes
E9JGI8,Echis pyramidum,SVMP,488,yes
E9JGI9,Echis pyramidum,SVMP,493,no
E9JGJ0,Echis pyramidum,SVMP,327,yes
E9JGJ1,Echis pyramidum,SVMP,494,yes
E9JGJ2,Echis pyramidum,SVMP,488,yes
E9JGJ3,Echis pyramidum,SVMP,489,no
E9JGJ4,Echis pyramidum,SVMP,408,yes
E9JGJ5,Echis pyramidum,SVMP,441,yes
E9JGJ6,Echis pyramidum,SVMP,321,yes
E9JGJ7,Echis pyramidum,SVMP,385,yes
E9JGJ8,Echis pyramidum,SVMP,415,yes
E9JGJ9,Echis pyramidum,SVMP,494,no
E9JGK0,Echis pyramidum,SVMP,348,no
E9JGK1,Echis pyramidum,SVMP,499,no
E9JGK2,Echis pyramidum,SVMP,494,no
E9JGK3,Echis pyramidum,SVMP,501,no
E9JGK4,Echis pyramidum,SVMP,494,yes
E9JGK5,Echis pyramidum,SVMP,255,yes
E9JGK6,Echis pyramidum,SVMP,494,no
E9JGK7,Echis pyramidum,SVMP,387,yes
E9JGK8,Echis pyramidum,SVMP,499,no
E9JGK9,Echis pyramidum,SVMP,327,no
E9JGL0,Echis pyramidum,SVMP,494,yes
E9JGL1,Echis pyramidum,SVMP,491,no
E9JGL2,Echis pyramidum,SVMP,261,yes
E9JGL3,Echis pyramidum,SVMP,229,yes
E9JGL4,Echis pyramidum,SVMP,261,yes
E9JGL5,Echis pyramidum,SVMP,266,yes
E9JGL6,Echis pyramidum,SVMP,210,yes
E9JGL7,Echis pyramidum,SVMP,223,yes
E9JGL8,Echis pyramidum,SVMP,194,yes
E9KJW7,Echis ocellatus,SVMP,305,yes
E9KJW8,Echis ocellatus,SVMP,463,no
E9KJW9,Echis ocellatus,SVMP,463,no
E9KJX0,Echis ocellatus,SVMP,494,no
E9KJX1,Echis ocellatus,SVMP,505,no
E9KJX2,Echis ocellatus,SVMP,324,no
E9KJX3,Echis ocellatus,SVMP,456,no
E9KJX4,Echis ocellatus,SVMP,456,no
E9KJX5,Echis ocellatus,SVMP,240,yes
E9KJX6,Echis ocellatus,SVMP,526,no
E9KJX7,Echis ocellatus,SVMP,598,no
E9KJX8,Echis ocellatus,SVMP,626,no
E9KJX9,Echis ocellatus,SVMP,360,no
E9KJY0,Echis ocellatus,SVMP,639,no
E9KJY1,Echis ocellatus,SVMP,420,yes
E9KJY2,Echis ocellatus,SVMP,649,no
E9KJY3,Echis ocellatus,SVMP,649,no
E9KJY4,Echis ocellatus,SVMP,613,no
E9KJY5,Echis ocellatus,SVMP,613,yes
E9KJY6,Echis ocellatus,SVMP,515,yes
E9KJY7,Echis ocellatus,SVMP,613,yes
E9KJY8,Echis ocellatus,SVMP,614,no
E9KJY9,Echis ocellatus,SVMP,614,yes
E9KJZ0,Echis ocellatus,SVMP,558,yes
E9KJZ1,Echis ocellatus,SVMP,345,no
E9KJZ2,Echis ocellatus,SVMP,610,no
E9KJZ3,Echis ocellatus,SVMP,289,yes
E9KJZ4,Echis ocellatus,SVMP,254,yes
E9KJZ5,Echis ocellatus,SVMP,617,no
E9KJZ6,Echis ocellatus,SVMP,553,yes
E9KJZ7,Echis ocellatus,SVMP,477,no
E9KJZ8,Echis ocellatus,SVMP,610,no
E9KJZ9,Echis ocellatus,SVMP,610,yes
E9KNB4,Echis carinatus,SVMP,612,yes
F2Q6F2,Daboia russelii,3FTx,239,yes
F2Q6F3,Daboia russelii,3FTx,221,yes
F8S0Y4,Crotalus adamanteus,3FTx,240,yes
F8S101,Crotalus adamanteus,OTHER,553,yes
F8S102,Crotalus adamanteus,SVMP,487,yes
F8S103,Crotalus adamanteus,SVMP,487,yes
F8S104,Crotalus adamanteus,SVMP,478,yes
F8S105,Crotalus adamanteus,SVMP,612,yes
F8S106,Crotalus adamanteus,SVMP,610,yes
F8S107,Crotalus adamanteus,SVMP,612,yes
F8S109,Crotalus adamanteus,SVMP,484,yes
F8S110,Crotalus adamanteus,SVMP,298,yes
F8S111,Crotalus adamanteus,SVMP,388,yes
F8S112,Crotalus adamanteus,SVMP,540,yes
F8S121,Crotalus adamanteus,SVSP,109,yes
F8S122,Crotalus adamanteus,3FTx,222,yes
G1UJB2,Protobothrops flavoviridis,OTHER,613,yes
J3RY43,Crotalus adamanteus,CTL,142,yes
J3RY66,Crotalus adamanteus,SVMP,483,yes
J3RY69,Crotalus adamanteus,SVMP,482,yes
J3RY72,Crotalus adamanteus,SVMP,483,yes
J3RY76,Crotalus adamanteus,SVMP,478,yes
J3RY78,Crotalus adamanteus,SVMP,480,yes
J3RY82,Crotalus adamanteus,SVMP,612,yes
J3RY86,Crotalus adamanteus,SVMP,611,yes
J3RY90,Crotalus adamanteus,SVMP,621,yes
J3S3U4,Crotalus adamanteus,SVMP,197,yes
J3S3U6,Crotalus adamanteus,CTL,150,yes
J3S3V8,Crotalus adamanteus,SVMP,487,yes
J3S3V9,Crotalus adamanteus,SVMP,478,yes
J3S3W0,Crotalus adamanteus,SVMP,478,yes
J3S3W1,Crotalus adamanteus,SVMP,601,yes
J3S3W2,Crotalus adamanteus,SVMP,612,yes
J3S3W3,Crotalus adamanteus,SVMP,610,yes
J3S824,Crotalus adamanteus,SVMP,483,yes
J3S825,Crotalus adamanteus,SVMP,482,yes
J3S826,Crotalus adamanteus,SVMP,487,yes
J3S827,Crotalus adamanteus,SVMP,478,yes
J3S828,Crotalus adamanteus,SVMP,482,yes
J3S831,Crotalus adamanteus,SVMP,608,yes
J3SBN9,Crotalus adamanteus,CTL,140,yes
J3SBP0,Crotalus adamanteus,CTL,157,yes
J3SBP6,Crotalus adamanteus,SVMP,487,yes
J3SBP7,Crotalus adamanteus,SVMP,478,yes
J3SBP8,Crotalus adamanteus,SVMP,478,yes
J3SBQ0,Crotalus adamanteus,SVMP,612,yes
J3SBQ1,Crotalus adamanteus,SVMP,611,yes
J3SBQ2,Crotalus adamanteus,SVMP,611,yes
J3SDW1,Crotalus adamanteus,SVMP,482,yes
J3SDW3,Crotalus adamanteus,SVMP,478,yes
J3SDW4,Crotalus adamanteus,SVMP,478,yes
J3SDW5,Crotalus adamanteus,SVMP,601,yes
J7LCB0,Deinagkistrodon acutus,SVSP,260,yes
K0IXA2,Gloydius blomhoffi,SVSP,259,yes
K0J2I0,Gloydius blomhoffi,SVSP,258,yes
K9JAW0,Daboia russelii,OTHER,619,yes
M5A7D0,Calloselasma rhodostoma,SVMP,281,yes
M5A8I2,Protobothrops flavoviridis,SVMP,193,yes
O12961,Bungarus multicinctus,3FTx,87,yes
O12962,Bungarus multicinctus,3FTx,87,yes
O12963,Bungarus multicinctus,3FTx,89,yes
O42255,Naja sputatrix,3FTx,86,yes
O42256,Naja sputatrix,3FTx,86,yes
O57326,Naja sputatrix,3FTx,83,yes
O57327,Naja sputatrix,3FTx,83,yes
O57540,Crotalus durissus,3FTx,65,yes
O73799,Crotalus durissus,3FTx,64,yes
O73858,Naja sputatrix,3FTx,62,yes
O73859,Naja sputatrix,3FTx,62,yes
O93422,Naja atra,3FTx,86,yes
O93471,Naja sputatrix,3FTx,81,yes
O93473,Naja sputatrix,3FTx,81,yes
P01383,Naja melanoleuca,3FTx,71,yes
P01385,Acanthophis antarcticus,3FTx,73,yes
P01387,Ophiophagus hannah,3FTx,73,yes
P01393,Dendroaspis jamesoni,3FTx,72,yes
P01397,Dendroaspis polylepis,3FTx,72,yes
P01399,Naja annulifera,OTHER,65,yes
P01400,Naja melanoleuca,OTHER,65,yes
P01401,Naja haje,OTHER,65,yes
P01402,Hemachatus haemachatus,OTHER,57,yes
P01405,Dendroaspis viridis,OTHER,60,yes
P01406,Dendroaspis jamesoni,OTHER,60,yes
P01407,Dendroaspis jamesoni,OTHER,62,yes
P01408,Dendroaspis angusticeps,OTHER,63,yes
P01410,Dendroaspis angusticeps,OTHER,62,yes
P01411,Dendroaspis angusticeps,OTHER,62,yes
P01413,Dendroaspis jamesoni,OTHER,61,yes
P01415,Naja haje,OTHER,61,yes
P01417,Dendroaspis jamesoni,3FTx,60,yes
P01419,Dendroaspis jamesoni,3FTx,58,yes
P01424,Naja melanoleuca,3FTx,61,yes
P01471,Hemachatus haemachatus,3FTx,61,yes
P04562,Gloydius halys,SVMP,11,no
P07526,Ophiophagus hannah,3FTx,73,yes
P0C555,Bungarus fasciatus,3FTx,83,yes
P0C5H4,Daboia russelii,3FTx,20,yes
P0C6R6,Echis ocellatus,Disintegrin,49,yes
P0C6R7,Echis pyramidum,Disintegrin,50,yes
P0C6R8,Echis pyramidum,Disintegrin,49,yes
P0C7A7,Echis leucogaster,Disintegrin,48,yes
P0C7A8,Echis leucogaster,Disintegrin,49,yes
P0C7J7,Bothrops alternatus,SVMP,11,no
P0C7J8,Bothrops jararaca,SVMP,11,no
P0C7J9,Crotalus adamanteus,SVMP,11,no
P0C7K0,Crotalus adamanteus,SVMP,11,no
P0C7K1,Crotalus viridis,SVMP,11,no
P0C7K2,Crotalus viridis,SVMP,11,no
P0C7K3,Crotalus viridis,SVMP,11,no
P0C7R7,Bothrops alternatus,SVMP,13,no
P0C7S0,Bothrops moojeni,SVMP,13,no
P0C7S5,Bothrops neuwiedi,SVMP,11,no
P0C8I8,Bitis arietans,OTHER,12,no
P0CJ34,Crotalus atrox,OTHER,11,no
P0CV88,Crotalus atrox,OTHER,13,no
P0CV90,Crotalus atrox,SVSP,9,no
P0DJ63,Oxyuranus microlepidotus,SVSP,17,yes
P0DJ96,Dendroaspis angusticeps,OTHER,19,yes
P0DL04,Bothrops jararaca,SVMP,11,no
P0DL05,Bothrops jararaca,SVMP,11,no
P0DL06,Bothrops jararaca,SVMP,13,no
P0DL14,Naja annulifera,CRISP,30,no
P0DL15,Naja annulifera,CRISP,30,no
P0DL16,Naja mossambica,CRISP,30,yes
P0DL17,Hemachatus haemachatus,CRISP,30,no
P0DL19,Notechis scutatus,CRISP,22,yes
P0DL20,Pseudechis spp,CRISP,22,yes
P0DL21,Pseudechis spp,CRISP,22,yes
P0DM46,Micrurus corallinus,SVMP,15,no
P0DM54,Bothrops jararaca,SVMP,12,no
P0DMD5,Bungarus multicinctus,CNP,210,yes
P0DMT4,Echis coloratus,3FTx,220,yes
P0DRK9,Agkistrodon bilineatus,OTHER,12,no
P0DSM9,Naja kaouthia,3FTx,53,yes
P0DSN1,Naja nigricollis,3FTx,60,yes
P0DXT0,Pseudechis spp,3FTx,62,yes
P10808,Bungarus fasciatus,3FTx,64,yes
P13495,Pseudonaja textilis,3FTx,71,yes
P14534,Bungarus fasciatus,3FTx,63,yes
P14541,Naja kaouthia,3FTx,62,yes
P14612,Pseudechis australis,3FTx,89,yes
P14613,Naja kaouthia,3FTx,62,yes
P17696,Dendroaspis angusticeps,OTHER,86,yes
P24331,Crotalus durissus,3FTx,65,yes
P24332,Crotalus durissus,3FTx,64,yes
P24333,Crotalus durissus,3FTx,65,yes
P24334,Crotalus durissus,3FTx,51,yes
P24779,Naja kaouthia,3FTx,60,yes
P25667,Dendroaspis polylepis,3FTx,72,yes
P25668,Naja naja,3FTx,71,yes
P25669,Naja naja,3FTx,71,yes
P25672,Naja naja,3FTx,71,yes
P25673,Naja naja,3FTx,71,yes
P25674,Naja haje,3FTx,71,yes
P25675,Naja haje,3FTx,61,yes
P25676,Hemachatus haemachatus,OTHER,61,yes
P25677,Naja annulifera,OTHER,60,yes
P25678,Naja annulifera,OTHER,61,yes
P25679,Naja kaouthia,OTHER,64,yes
P25680,Naja nivea,OTHER,65,yes
P25681,Dendroaspis polylepis,3FTx,61,yes
P25682,Dendroaspis jamesoni,3FTx,63,yes
P25683,Dendroaspis jamesoni,3FTx,60,yes
P25684,Dendroaspis angusticeps,3FTx,60,yes
P28374,Dendroaspis angusticeps,CNP,38,yes
P29179,Naja naja,3FTx,62,yes
P29180,Naja naja,3FTx,65,yes
P29181,Naja naja,3FTx,65,yes
P29182,Naja naja,3FTx,65,yes
P34073,Acanthophis antarcticus,3FTx,74,yes
P43445,Bungarus multicinctus,3FTx,83,yes
P49122,Naja atra,3FTx,82,yes
P49123,Naja atra,3FTx,81,yes
P58370,Micrurus corallinus,3FTx,86,yes
P59066,Austrelaps spp,PLA2,17,yes
P60237,Dendroaspis angusticeps,3FTx,63,yes
P60306,Naja atra,3FTx,60,yes
P60307,Naja atra,3FTx,60,yes
P60308,Naja atra,3FTx,60,yes
P60309,Naja atra,3FTx,60,yes
P60310,Naja sputatrix,3FTx,81,yes
P60311,Naja sputatrix,3FTx,60,yes
P60772,Naja sputatrix,3FTx,61,yes
P60774,Naja samarensis,3FTx,61,yes
P60814,Naja atra,3FTx,86,yes
P79688,Bungarus multicinctus,3FTx,86,yes
P79799,Micrurus corallinus,CNP,139,yes
P79810,Naja atra,3FTx,81,yes
P80156,Ophiophagus hannah,3FTx,72,yes
P80495,Dendroaspis polylepis,3FTx,65,yes
P80899,Gloydius halys,SVSP,15,no
P80965,Ophiophagus hannah,3FTx,72,yes
P81031,Dendroaspis angusticeps,3FTx,65,yes
P81991,Austrelaps spp,3FTx,46,no
P81992,Austrelaps spp,3FTx,28,yes
P81993,Bungarus candidus,3FTx,67,yes
P81994,Tropidechis carinatus,3FTx,27,no
P82885,Naja kaouthia,3FTx,108,yes
P84746,Bothrops jararacussu,OTHER,12,no
P85038,Gloydius halys,SVMP,11,no
P86348,Deinagkistrodon acutus,OTHER,20,yes
P86522,Acanthophis antarcticus,3FTx,35,yes
P86530,Daboia russelii,SVSP,16,yes
P86531,Daboia russelii,SVSP,15,no
P86532,Daboia russelii,SVSP,16,yes
P86537,Daboia russelii,3FTx,10,no
P86539,Naja naja,3FTx,30,yes
P86543,Naja naja,3FTx,33,yes
P86544,Naja naja,3FTx,26,yes
Q02454,Naja sputatrix,3FTx,81,yes
Q0PL65,Bungarus multicinctus,3FTx,61,yes
Q1RPS8,Bungarus multicinctus,3FTx,83,yes
Q1RPS9,Bungarus multicinctus,3FTx,83,yes
Q1RPT0,Bungarus multicinctus,3FTx,85,yes
Q1ZZ79,Crotalus durissus,SVMP,414,yes
Q27J48,Lachesis muta,3FTx,218,yes
Q2QA03,Crotalus durissus,SVMP,478,yes
Q2UXQ0,Echis ocellatus,SVMP,622,yes
Q2UXQ1,Echis ocellatus,SVMP,584,yes
Q2UXQ2,Echis ocellatus,SVMP,616,yes
Q2UXQ3,Echis ocellatus,SVMP,457,yes
Q2UXQ4,Echis ocellatus,OTHER,613,yes
Q2UXQ6,Echis ocellatus,SVMP,610,yes
Q2UXQ7,Echis ocellatus,SVMP,610,yes
Q2UXQ9,Echis ocellatus,SVMP,610,yes
Q2VBN0,Ophiophagus hannah,3FTx,86,yes
Q2VBN1,Ophiophagus hannah,3FTx,86,yes
Q2VBN2,Ophiophagus hannah,3FTx,86,yes
Q2VBN3,Ophiophagus hannah,3FTx,83,yes
Q2VBN4,Ophiophagus hannah,3FTx,84,yes
Q2VBN5,Ophiophagus hannah,3FTx,84,yes
Q2VBN7,Ophiophagus hannah,3FTx,84,yes
Q2VBN8,Ophiophagus hannah,3FTx,84,yes
Q2VBN9,Ophiophagus hannah,3FTx,78,yes
Q2VBP0,Ophiophagus hannah,3FTx,78,yes
Q2VBP1,Ophiophagus hannah,3FTx,78,yes
Q2VBP2,Ophiophagus hannah,3FTx,78,yes
Q2VBP3,Ophiophagus hannah,3FTx,94,yes
Q2VBP4,Ophiophagus hannah,3FTx,91,yes
Q2VBP5,Ophiophagus hannah,3FTx,93,yes
Q2VBP6,Ophiophagus hannah,3FTx,94,yes
Q2XXQ4,Dispholidus typus,3FTx,237,yes
Q2XXQ5,Dispholidus typus,3FTx,237,yes
Q2XXQ6,Dispholidus typus,3FTx,237,yes
Q3BER2,Echis ocellatus,Disintegrin,111,yes
Q3SAE5,Hoplocephalus spp,CNP,40,yes
Q3SAE6,Hoplocephalus spp,CNP,39,yes
Q3SAE7,Notechis scutatus,CNP,39,yes
Q3SAE8,Notechis scutatus,CNP,39,yes
Q3SAF0,Pseudechis spp,CNP,40,yes
Q3SAF1,Pseudechis spp,CNP,40,yes
Q3SAF2,Pseudechis australis,CNP,39,yes
Q3SAF3,Pseudechis australis,SVMP,40,yes
Q3SAF4,Pseudechis australis,CNP,40,yes
Q3SAF5,Pseudechis australis,CNP,40,yes
Q3SAF6,Pseudonaja textilis,SVMP,40,yes
Q3SAF7,Oxyuranus microlepidotus,CNP,40,yes
Q3SAF8,Oxyuranus microlepidotus,CNP,40,yes
Q3SAX8,Oxyuranus scutellatus,CNP,45,yes
Q3SB03,Hoplocephalus spp,3FTx,238,yes
Q3SB04,Notechis scutatus,3FTx,238,yes
Q3SB05,Pseudonaja textilis,3FTx,238,yes
Q3SB06,Oxyuranus microlepidotus,3FTx,238,yes
Q3SB07,Oxyuranus scutellatus,3FTx,238,yes
Q49HM6,Austrelaps spp,OTHER,1652,no
Q4JCS0,Bitis arietans,Disintegrin,83,yes
Q4JCS1,Bitis arietans,Disintegrin,83,yes
Q4PRC6,Daboia siamensis,CTL,150,yes
Q4PRC7,Daboia siamensis,CTL,144,yes
Q4PRC8,Daboia siamensis,CTL,148,yes
Q4PRC9,Daboia siamensis,CTL,146,yes
Q4PRD0,Daboia siamensis,CTL,148,yes
Q4QT06,Bitis arietans,SVMP,513,yes
Q4VRI0,Oxyuranus scutellatus,3FTx,79,yes
Q53B46,Ophiophagus hannah,3FTx,84,yes
Q53B48,Ophiophagus hannah,3FTx,78,yes
Q53B49,Ophiophagus hannah,3FTx,86,yes
Q53B50,Ophiophagus hannah,3FTx,77,yes
Q53B54,Ophiophagus hannah,3FTx,72,yes
Q53B55,Ophiophagus hannah,3FTx,94,yes
Q53B56,Ophiophagus hannah,3FTx,91,yes
Q53B57,Ophiophagus hannah,3FTx,91,yes
Q53B61,Ophiophagus hannah,3FTx,81,yes
Q5EE07,Echis carinatus,Disintegrin,64,yes
Q5I2B6,Deinagkistrodon acutus,SVSP,260,yes
Q5I2C5,Deinagkistrodon acutus,SVSP,260,yes
Q69CJ8,Ophiophagus hannah,3FTx,83,yes
Q6ITB0,Tropidechis carinatus,SVSP,83,yes
Q6ITB1,Pseudechis spp,SVSP,83,yes
Q6ITB8,Pseudechis australis,SVSP,83,yes
Q6ITB9,Pseudechis australis,SVSP,83,yes
Q6ITC0,Pseudechis australis,SVSP,83,yes
Q6ITC1,Pseudechis australis,SVSP,83,yes
Q6IZ95,Bungarus candidus,3FTx,86,yes
Q6T627,Bitis gabonica,LAAO,60,yes
Q6T6T1,Bitis gabonica,SVMP,40,yes
Q6T7B5,Bitis gabonica,CTL,157,yes
Q6T7B6,Bitis gabonica,CTL,156,yes
Q6X5S0,Echis pyramidum,CTL,148,yes
Q6X5S1,Echis pyramidum,CTL,146,yes
Q6X5S2,Echis pyramidum,CTL,148,yes
Q6X5S3,Echis pyramidum,CTL,148,yes
Q6X5S4,Echis carinatus,CTL,146,yes
Q6X5S5,Echis ocellatus,CTL,148,yes
Q6X5S6,Echis carinatus,CTL,148,yes
Q6X5S7,Echis ocellatus,CTL,148,yes
Q6X5S8,Echis carinatus,CTL,148,yes
Q6X5S9,Echis carinatus,CTL,148,yes
Q6X5T0,Echis ocellatus,CTL,148,yes
Q6X5T1,Bitis arietans,CTL,148,yes
Q6X5T2,Bitis arietans,CTL,148,yes
Q6X5T4,Bitis arietans,CTL,148,yes
Q6X5T5,Bitis arietans,CTL,146,yes
Q70WS8,Bungarus multicinctus,3FTx,84,yes
Q719L8,Crotalus durissus,OTHER,148,yes
Q719L9,Crotalus durissus,OTHER,158,yes
Q75S49,Bungarus candidus,3FTx,84,yes
Q75S50,Bungarus candidus,3FTx,85,yes
Q7LZ24,Vipera aspis,OTHER,13,no
Q7LZ26,Deinagkistrodon acutus,OTHER,12,no
Q7LZJ1,Crotalus molossus,SVMP,12,no
Q7LZK0,Echis pyramidum,Disintegrin,49,yes
Q7LZQ6,Bungarus fasciatus,3FTx,31,yes
Q7SZV0,Gloydius halys,OTHER,121,yes
Q7T1M4,Bothrops jararacussu,SVMP,221,yes
Q7T1T3,Bothrops jararacussu,SVMP,243,yes
Q7T1T5,Bothrops jararacussu,SVMP,329,yes
Q7ZT13,Bungarus multicinctus,3FTx,86,yes
Q800Y3,Bungarus multicinctus,3FTx,86,yes
Q802B2,Naja sputatrix,3FTx,86,yes
Q802B3,Naja sputatrix,3FTx,86,yes
Q8AY44,Bungarus candidus,3FTx,85,yes
Q8AY45,Bungarus candidus,3FTx,85,yes
Q8AY46,Bungarus candidus,3FTx,85,yes
Q8AY49,Bungarus candidus,3FTx,86,yes
Q8AY50,Bungarus candidus,3FTx,86,yes
Q8AY51,Bungarus candidus,3FTx,86,yes
Q8AY52,Bungarus candidus,OTHER,86,yes
Q8AY53,Bungarus candidus,OTHER,86,yes
Q8AY55,Bungarus candidus,3FTx,87,yes
Q8AY56,Bungarus candidus,3FTx,87,yes
Q8JJ49,Crotalus molossus,SVMP,414,yes
Q8JJ50,Crotalus molossus,SVMP,414,yes
Q8JJ52,Crotalus molossus,SVMP,414,yes
Q8QGP7,Dendroaspis angusticeps,CNP,53,yes
Q8UUK0,Naja atra,3FTx,82,yes
Q90499,Echis pyramidum,SVMP,617,yes
Q90500,Echis pyramidum,SVMP,549,yes
Q91124,Naja atra,3FTx,81,yes
Q91126,Naja atra,3FTx,83,yes
Q91135,Naja atra,3FTx,81,yes
Q91136,Naja atra,3FTx,81,yes
Q91137,Naja atra,3FTx,83,yes
Q91996,Naja atra,3FTx,83,yes
Q98956,Naja atra,3FTx,81,yes
Q98957,Naja atra,3FTx,81,yes
Q98958,Naja atra,3FTx,81,yes
Q98959,Naja atra,3FTx,81,yes
Q98960,Naja atra,3FTx,81,yes
Q98961,Naja atra,3FTx,81,yes
Q98962,Naja atra,3FTx,81,yes
Q98965,Naja atra,3FTx,82,yes
Q9DEQ3,Naja atra,3FTx,86,yes
Q9DG39,Gloydius halys,OTHER,152,yes
Q9DGH9,Naja kaouthia,3FTx,81,yes
Q9PRI1,Micrurus corallinus,3FTx,78,yes
Q9PRQ2,Micrurus nigrocinctus,3FTx,26,yes
Q9PRQ3,Micrurus nigrocinctus,3FTx,28,yes
Q9PRQ4,Micrurus nigrocinctus,3FTx,25,yes
Q9PRT7,Bothrops asper,PLA2,23,yes
Q9PS05,Bothrops jararaca,OTHER,30,yes
Q9PS06,Bothrops jararaca,OTHER,30,yes
Q9PS08,Dendroaspis angusticeps,3FTx,30,yes
Q9PS09,Dendroaspis angusticeps,3FTx,30,yes
Q9PS34,Naja oxiana,3FTx,60,yes
Q9PST3,Naja sputatrix,3FTx,81,yes
Q9PST4,Naja sputatrix,3FTx,81,yes
Q9PTA2,Bungarus multicinctus,3FTx,28,yes
Q9PUB7,Micrurus corallinus,3FTx,78,yes
Q9W6W6,Naja atra,3FTx,82,yes
Q9W6W9,Naja atra,3FTx,81,yes
Q9W717,Naja atra,3FTx,86,yes
Q9W727,Bungarus multicinctus,3FTx,86,yes
Q9W728,Bungarus multicinctus,3FTx,85,yes
Q9W729,Bungarus multicinctus,3FTx,87,yes
Q9W7I3,Naja sputatrix,3FTx,86,yes
Q9W7J9,Pseudonaja textilis,3FTx,79,yes
Q9YGH9,Bungarus multicinctus,3FTx,89,yes
Q9YGI1,Naja atra,3FTx,86,yes
Q9YGI2,Naja atra,3FTx,86,yes
Q9YGI4,Naja atra,3FTx,86,yes
Q9YGI8,Bungarus multicinctus,3FTx,86,yes
Q9YGJ5,Naja sputatrix,3FTx,83,yes
Q9YGJ6,Naja sputatrix,3FTx,83,yes
R4FIL3,Hoplocephalus spp,SVMP,278,yes
R4FIL7,Hoplocephalus spp,SVMP,293,yes
R4FIM1,Hoplocephalus spp,SVMP,379,yes
R4FJY3,Hoplocephalus spp,SVMP,277,yes
R4FJY9,Hoplocephalus spp,SVMP,249,yes
R4FJZ4,Hoplocephalus spp,SVMP,253,no
R4FK16,Hoplocephalus spp,LAAO,147,yes
R4G2D3,Acanthophis spp,SVMP,610,yes
R4G2I0,Hoplocephalus spp,SVMP,477,yes
R4G2I1,Hoplocephalus spp,SVMP,258,no
R4G2I2,Hoplocephalus spp,SVSP,145,yes
R4G2Y6,Hoplocephalus spp,SVMP,243,yes
R4G2Y9,Hoplocephalus spp,SVMP,276,yes
R4G2Z1,Hoplocephalus spp,SVMP,359,yes
R4G7I9,Hoplocephalus spp,SVMP,293,yes
R4G7J0,Hoplocephalus spp,SVMP,247,yes
R4G7J1,Hoplocephalus spp,SVMP,247,yes
T1D6P7,Crotalus horridus,PDE,851,yes
T1DH25,Crotalus horridus,3FTx,65,yes
T1DJT5,Crotalus horridus,PDE,827,yes
T1DJY5,Crotalus horridus,SVMP,611,yes
T1DK06,Crotalus horridus,SVMP,205,yes
T1E3C5,Crotalus horridus,SVMP,411,yes
T1E3X9,Crotalus horridus,SVMP,610,yes
T1E3Z6,Crotalus horridus,SVMP,191,yes
T2HP62,Protobothrops flavoviridis,PDE,851,yes
T2HP78,Protobothrops flavoviridis,OTHER,172,yes
T2HPD6,Protobothrops flavoviridis,PDE,852,yes
T2HPF3,Protobothrops flavoviridis,OTHER,169,yes
T2HQA0,Protobothrops flavoviridis,PDE,811,yes
T2HQA7,Protobothrops flavoviridis,OTHER,200,yes
T2HRR0,Protobothrops flavoviridis,SVMP,327,yes
T2HRT4,Protobothrops flavoviridis,PDE,810,yes
T2HRT8,Protobothrops flavoviridis,OTHER,161,yes
U3EPC7,Micrurus fulvius,SVMP,613,yes
U3EPI5,Micrurus fulvius,OTHER,516,yes
U3EPL2,Micrurus fulvius,3FTx,84,yes
U3FAB3,Micrurus fulvius,PDE,853,yes
U3FWL3,Micrurus fulvius,SVMP,614,yes
U3FYQ2,Micrurus fulvius,OTHER,516,yes
U3TBC0,Protobothrops flavoviridis,SVMP,329,yes
U3TBG7,Protobothrops flavoviridis,OTHER,191,yes
V5Z141,Deinagkistrodon acutus,SVMP,607,yes
V8N2B9,Ophiophagus hannah,OTHER,123,yes
V8N3Q9,Ophiophagus hannah,OTHER,489,yes
V8N4F6,Ophiophagus hannah,SVSP,189,yes
V8N5Y3,Ophiophagus hannah,LAAO,334,yes
V8N647,Ophiophagus hannah,OTHER,222,yes
V8N6C6,Ophiophagus hannah,OTHER,216,yes
V8N6D9,Ophiophagus hannah,OTHER,317,yes
V8N6J1,Ophiophagus hannah,LAAO,73,yes
V8N6T1,Ophiophagus hannah,SVMP,386,yes
V8N8J2,Ophiophagus hannah,3FTx,454,yes
V8N9E2,Ophiophagus hannah,3FTx,489,yes
V8NB97,Ophiophagus hannah,OTHER,501,yes
V8NBD7,Ophiophagus hannah,3FTx,535,yes
V8NC56,Ophiophagus hannah,SVMP,398,yes
V8NEA0,Ophiophagus hannah,3FTx,461,yes
V8NI93,Ophiophagus hannah,CNP,161,yes
V8NID4,Ophiophagus hannah,SVSP,458,yes
V8NIH4,Ophiophagus hannah,3FTx,183,yes
V8NJI5,Ophiophagus hannah,SVMP,1022,yes
V8NKD3,Ophiophagus hannah,3FTx,157,yes
V8NKR8,Ophiophagus hannah,SVMP,428,yes
V8NL69,Ophiophagus hannah,SVMP,193,yes
V8NS25,Ophiophagus hannah,SVMP,748,yes
V8NVY5,Ophiophagus hannah,SVMP,762,yes
V8NW79,Ophiophagus hannah,3FTx,149,yes
V8NX49,Ophiophagus hannah,OTHER,113,yes
V8NXF9,Ophiophagus hannah,SVSP,223,no
V8P0N7,Ophiophagus hannah,OTHER,522,yes
V8P216,Ophiophagus hannah,SVSP,295,yes
V8P243,Ophiophagus hannah,OTHER,1924,no
V8P328,Ophiophagus hannah,SVMP,990,yes
V8P449,Ophiophagus hannah,OTHER,356,yes
V8P5N2,Ophiophagus hannah,3FTx,623,yes
V8P9E2,Ophiophagus hannah,OTHER,497,yes
V8P9I6,Ophiophagus hannah,SVMP,675,yes
V8PAW3,Ophiophagus hannah,OTHER,485,yes
V8PBP5,Ophiophagus hannah,3FTx,606,yes
V8PC90,Ophiophagus hannah,SVMP,741,yes
V8PCF5,Ophiophagus hannah,LAAO,351,yes
V8PCT6,Ophiophagus hannah,SVSP,265,yes
V8PFL7,Ophiophagus hannah,SVMP,765,yes
V8PGL7,Ophiophagus hannah,3FTx,487,yes
V8PIB8,Ophiophagus hannah,OTHER,1462,no
V9I168,Vipera ursinii,SVMP,243,yes
V9I1B5,Daboia russelii,SVMP,243,yes
V9I1K1,Daboia russelii,SVMP,243,yes
A0A068B2C1,Gloydius intermedius,CTL,153,yes
A0A068B4V7,Gloydius intermedius,CTL,158,yes
A0A077L6T2,Protobothrops flavoviridis,SVMP,117,yes
A0A077L7I7,Protobothrops flavoviridis,3FTx,259,yes
A0A077L7M5,Protobothrops flavoviridis,SVMP,136,yes
A0A077L844,Protobothrops flavoviridis,CTL,113,yes
A0A077L861,Protobothrops flavoviridis,CTL,148,yes
A0A077LAC3,Protobothrops flavoviridis,SVMP,187,yes
A0A077LAE2,Protobothrops flavoviridis,CTL,127,yes
A0A077LD34,Protobothrops flavoviridis,CTL,175,yes
A0A077LD73,Protobothrops flavoviridis,CTL,146,yes
A0A077LD96,Protobothrops flavoviridis,SVMP,85,yes
A0A0A1WCB1,Echis coloratus,SVMP,138,yes
A0A0A1WCC0,Echis coloratus,SVMP,78,yes
A0A0A1WCC5,Echis coloratus,SVMP,154,yes
A0A0A1WCD4,Echis coloratus,CTL,158,yes
A0A0A1WCD8,Echis coloratus,CTL,146,yes
A0A0A1WCJ4,Echis coloratus,SVMP,263,yes
A0A0A1WCJ8,Echis coloratus,SVMP,254,yes
A0A0A1WCL8,Echis coloratus,CTL,154,yes
A0A0A1WCM3,Echis coloratus,CTL,152,yes
A0A0A1WCM8,Echis coloratus,CTL,158,yes
A0A0A1WD01,Echis coloratus,SVMP,191,yes
A0A0A1WD17,Echis coloratus,SVMP,118,yes
A0A0A1WD30,Echis coloratus,CTL,131,yes
A0A0A1WD34,Echis coloratus,CTL,113,yes
A0A0A1WDR0,Echis coloratus,SVMP,106,yes
A0A0A1WDS0,Echis coloratus,SVSP,90,yes
A0A0A1WDS1,Echis coloratus,CTL,158,yes
A0A0A1WDS6,Echis coloratus,CTL,148,yes
A0A0A1WDV1,Echis coloratus,SVMP,166,yes
A0A0A1WDW9,Echis coloratus,CTL,158,yes
A0A0A1WDX5,Echis coloratus,CTL,99,yes
A0A0F7YYW3,Micrurus fulvius,CNP,149,yes
A0A0F7Z0Y7,Crotalus adamanteus,CTL,149,yes
A0A0F7Z2N8,Crotalus adamanteus,3FTx,427,yes
A0A0F7Z2Q6,Crotalus adamanteus,CTL,157,yes
A0A0F7Z2U7,Crotalus adamanteus,3FTx,240,yes
A0A0F7Z3A7,Crotalus adamanteus,3FTx,222,yes
A0A0F7Z3H3,Crotalus adamanteus,CTL,149,yes
A0A0F7Z3H4,Crotalus adamanteus,CTL,140,yes
A0A0F7Z7E6,Crotalus adamanteus,CTL,151,yes
A0A0F7ZDX6,Crotalus adamanteus,3FTx,508,yes
A0A0M4AL12,Gloydius intermedius,3FTx,240,yes
A0A0M4MEY5,Deinagkistrodon acutus,SVMP,212,yes
A0A140DC06,Bitis arietans,CTL,154,yes
A0A191UIN6,Bothrops asper,OTHER,110,yes
A0A191UIS3,Echis ocellatus,OTHER,110,yes
A0A191UIS5,Ophiophagus hannah,OTHER,110,yes
A0A191UIS7,Naja naja,OTHER,110,yes
A0A191UIV2,Bothriechis lateralis,OTHER,110,yes
A0A191UIV5,Echis ocellatus,OTHER,110,yes
A0A191UIV7,Bothrops asper,OTHER,110,yes
A0A191UIW4,Bothriechis lateralis,OTHER,110,yes
A0A191UIW7,Ophiophagus hannah,OTHER,110,yes
A0A1B3AXS3,Bitis arietans,CTL,154,yes
A0A1D8BAW6,Pseudechis papuanus,3FTx,83,yes
A0A1D8BAX9,Pseudechis papuanus,3FTx,190,yes
A0A1I9KNP4,Vipera ammodytes,SVMP,180,yes
A0A1I9KNR4,Vipera ammodytes,Disintegrin,128,yes
A0A1I9KNR7,Vipera ammodytes,Disintegrin,128,yes
A0A1J0CQH1,Naja naja,3FTx,86,yes
A0A1J0CZN0,Vipera ammodytes,OTHER,111,yes
A0A1J0CZN1,Vipera ammodytes,OTHER,180,yes
A0A1L8D5Z9,Bothrops atrox,OTHER,155,yes
A0A1L8D609,Bothrops atrox,OTHER,155,yes
A0A1L8D613,Bothrops atrox,OTHER,155,yes
A0A1L8D618,Bothrops atrox,OTHER,155,yes
A0A1L8D619,Bothrops atrox,OTHER,163,yes
A0A1L8D622,Bothrops atrox,OTHER,155,yes
A0A1L8D623,Bothrops atrox,OTHER,163,yes
A0A1L8D624,Bothrops atrox,OTHER,155,yes
A0A1L8D627,Bothrops atrox,OTHER,155,yes
A0A1L8D629,Bothrops atrox,OTHER,144,yes
A0A1L8D630,Bothrops atrox,OTHER,155,yes
A0A1L8D631,Bothrops atrox,OTHER,144,yes
A0A1L8D632,Bothrops atrox,OTHER,156,yes
A0A1L8D634,Bothrops atrox,OTHER,156,yes
A0A1L8D636,Bothrops atrox,OTHER,158,yes
A0A1L8D638,Bothrops atrox,OTHER,163,yes
A0A1L8D639,Bothrops atrox,OTHER,152,yes
A0A1L8D640,Bothrops atrox,OTHER,150,yes
A0A1L8D643,Bothrops atrox,OTHER,150,yes
A0A1L8D644,Bothrops atrox,OTHER,152,yes
A0A1L8D645,Bothrops atrox,OTHER,146,no
A0A1L8D647,Bothrops atrox,OTHER,146,yes
A0A1L8D648,Bothrops atrox,OTHER,146,yes
A0A1L8D650,Bothrops atrox,OTHER,152,yes
A0A1L8D653,Bothrops atrox,OTHER,148,yes
A0A1L8D654,Bothrops atrox,OTHER,146,yes
A0A1L8D657,Bothrops atrox,OTHER,150,yes
A0A1L8D659,Bothrops atrox,OTHER,150,yes
A0A1L8D661,Bothrops atrox,OTHER,150,yes
A0A1L8D663,Bothrops atrox,OTHER,150,yes
A0A1L8D670,Bothrops atrox,OTHER,148,yes
A0A1L8D672,Bothrops atrox,OTHER,146,yes
A0A1L8D673,Bothrops atrox,3FTx,240,yes
A0A1L8D678,Bothrops atrox,OTHER,155,yes
A0A1L8D687,Bothrops atrox,OTHER,155,yes
A0A1L8D697,Bothrops atrox,OTHER,155,yes
A0A1L8D6A2,Bothrops atrox,OTHER,146,yes
A0A1L8D6A6,Bothrops atrox,OTHER,155,yes
A0A1L8D6B2,Bothrops atrox,OTHER,150,yes
A0A1L8D6B3,Bothrops atrox,OTHER,156,yes
A0A1L8D6B9,Bothrops atrox,OTHER,152,yes
A0A1L8D6C2,Bothrops atrox,OTHER,146,yes
A0A1L8D6C7,Bothrops atrox,OTHER,155,yes
A0A1L8D6C9,Bothrops atrox,OTHER,151,yes
A0A1L8D6D7,Bothrops atrox,OTHER,155,yes
A0A1L8D6E0,Bothrops atrox,OTHER,155,yes
A0A1L8D6E3,Bothrops atrox,OTHER,150,yes
A0A1L8D6E6,Bothrops atrox,OTHER,158,yes
A0A1L8D6E9,Bothrops atrox,OTHER,158,yes
A0A1L8D6F1,Bothrops atrox,OTHER,150,yes
A0A1L8D6F6,Bothrops atrox,OTHER,146,yes
A0A1L8D6F9,Bothrops atrox,OTHER,152,yes
A0A1L8D6G5,Bothrops atrox,OTHER,150,yes
A0A1L8D6G9,Bothrops atrox,OTHER,146,yes
A0A1L8D6H4,Bothrops atrox,OTHER,146,yes
A0A1L8D6H8,Bothrops atrox,OTHER,148,yes
A0A1W7RBC3,Crotalus adamanteus,OTHER,153,yes
A0A223PK16,Daboia russelii,CTL,292,no
A0A223PK20,Daboia russelii,CTL,200,no
A0A223PK21,Daboia russelii,CTL,196,no
A0A223PK22,Daboia russelii,3FTx,257,no
A0A223PK26,Daboia russelii,OTHER,151,no
A0A223PK28,Daboia russelii,SVMP,763,no
A0A223PK48,Daboia russelii,3FTx,239,no
A0A2H4N3D1,Bothrops moojeni,CTL,167,yes
A0A2H4N3D3,Bothrops moojeni,CTL,144,yes
A0A2H4N3D5,Bothrops moojeni,3FTx,240,yes
A0A2H4N3D6,Bothrops moojeni,OTHER,151,yes
A0A2H4Z2X6,Daboia siamensis,Disintegrin,110,yes
A0A2H4Z2X7,Daboia siamensis,OTHER,146,yes
A0A2H4Z2Y1,Daboia siamensis,Disintegrin,110,yes
A0A670XU06,Pseudonaja textilis,3FTx,277,yes
A0A670Y7T3,Pseudonaja textilis,3FTx,351,yes
A0A670YBA5,Pseudonaja textilis,3FTx,226,yes
A0A670YCB4,Pseudonaja textilis,3FTx,218,yes
A0A670YES4,Pseudonaja textilis,3FTx,253,yes
A0A670YF05,Pseudonaja textilis,3FTx,249,yes
A0A670YFC6,Pseudonaja textilis,3FTx,270,yes
A0A670YFK1,Pseudonaja textilis,3FTx,252,yes
A0A670YHN0,Pseudonaja textilis,3FTx,251,yes
A0A670YMA9,Pseudonaja textilis,3FTx,186,yes
A0A670YNB5,Pseudonaja textilis,3FTx,489,yes
A0A670YRG0,Pseudonaja textilis,3FTx,152,yes
A0A670YRH6,Pseudonaja textilis,OTHER,230,yes
A0A670YRX9,Pseudonaja textilis,3FTx,313,yes
A0A670YRZ0,Pseudonaja textilis,3FTx,305,yes
A0A670YTK0,Pseudonaja textilis,3FTx,220,yes
A0A670YVN4,Pseudonaja textilis,3FTx,211,yes
A0A670YWY2,Pseudonaja textilis,3FTx,488,yes
A0A670YX77,Pseudonaja textilis,3FTx,298,yes
A0A670YXV4,Pseudonaja textilis,3FTx,182,yes
A0A670YXY9,Pseudonaja textilis,3FTx,400,yes
A0A670YXZ8,Pseudonaja textilis,3FTx,422,yes
A0A670YY32,Pseudonaja textilis,3FTx,337,yes
A0A670YY53,Pseudonaja textilis,3FTx,486,yes
A0A670YZH3,Pseudonaja textilis,3FTx,412,yes
A0A670Z089,Pseudonaja textilis,3FTx,426,yes
A0A670Z092,Pseudonaja textilis,OTHER,122,yes
A0A670Z094,Pseudonaja textilis,3FTx,390,yes
A0A670Z2H0,Pseudonaja textilis,3FTx,375,yes
A0A670Z3N3,Pseudonaja textilis,3FTx,467,yes
A0A670Z4C4,Pseudonaja textilis,3FTx,190,yes
A0A670Z4F0,Pseudonaja textilis,3FTx,429,yes
A0A670Z4K0,Pseudonaja textilis,3FTx,218,yes
A0A670Z4K9,Pseudonaja textilis,3FTx,255,yes
A0A670Z5R8,Pseudonaja textilis,3FTx,432,yes
A0A670Z658,Pseudonaja textilis,3FTx,195,yes
A0A670Z6N2,Pseudonaja textilis,3FTx,329,yes
A0A670Z8I6,Pseudonaja textilis,3FTx,400,yes
A0A670Z8L6,Pseudonaja textilis,3FTx,380,yes
A0A670Z9F0,Pseudonaja textilis,3FTx,438,yes
A0A670ZCG9,Pseudonaja textilis,3FTx,408,yes
A0A670ZCH7,Pseudonaja textilis,3FTx,356,yes
A0A670ZF24,Pseudonaja textilis,3FTx,352,yes
A0A670ZF85,Pseudonaja textilis,3FTx,454,yes
A0A670ZJA6,Pseudonaja textilis,3FTx,253,yes
A0A670ZN16,Pseudonaja textilis,3FTx,202,yes
A0A670ZQG9,Pseudonaja textilis,3FTx,409,yes
A0A670ZQM8,Pseudonaja textilis,3FTx,360,yes
A0A670ZQU7,Pseudonaja textilis,3FTx,429,yes
A0A670ZQZ9,Pseudonaja textilis,3FTx,447,yes
A0A670ZR02,Pseudonaja textilis,3FTx,345,yes
A0A670ZR39,Pseudonaja textilis,3FTx,363,yes
A0A670ZR51,Pseudonaja textilis,3FTx,468,yes
A0A670ZR54,Pseudonaja textilis,3FTx,442,yes
A0A670ZUY1,Pseudonaja textilis,3FTx,500,yes
A0A670ZVI2,Pseudonaja textilis,3FTx,497,yes
A0A6B7FMP6,Vipera ammodytes,CTL,158,yes
A0A6J1TW09,Notechis scutatus,3FTx,253,yes
A0A6J1TY79,Notechis scutatus,3FTx,435,yes
A0A6J1TYG6,Notechis scutatus,3FTx,252,yes
A0A6J1TYX8,Notechis scutatus,3FTx,629,yes
A0A6J1TZI9,Notechis scutatus,3FTx,270,yes
A0A6J1U3K7,Notechis scutatus,3FTx,559,yes
A0A6J1U606,Notechis scutatus,3FTx,3581,no
A0A6J1UH79,Notechis scutatus,SVMP,215,yes
A0A6J1UWG7,Notechis scutatus,3FTx,670,yes
A0A6J1UX37,Notechis scutatus,OTHER,442,yes
A0A6J1UXP1,Notechis scutatus,3FTx,213,yes
A0A6J1UYZ3,Notechis scutatus,3FTx,615,yes
A0A6J1UZF8,Notechis scutatus,3FTx,497,yes
A0A6J1V0W1,Notechis scutatus,3FTx,508,yes
A0A6J1V9D0,Notechis scutatus,3FTx,489,yes
A0A6J1VAM2,Notechis scutatus,3FTx,264,yes
A0A6J1VBW7,Notechis scutatus,3FTx,221,yes
A0A6J1VFN9,Notechis scutatus,3FTx,427,yes
A0A6J1VHM7,Notechis scutatus,3FTx,733,yes
A0A6J1VHP0,Notechis scutatus,3FTx,479,yes
A0A6J1VI58,Notechis scutatus,3FTx,81,yes
A0A6J1VIH2,Notechis scutatus,3FTx,335,yes
A0A6J1VII3,Notechis scutatus,3FTx,683,yes
A0A6J1VIK0,Notechis scutatus,3FTx,218,yes
A0A6J1VJU1,Notechis scutatus,3FTx,249,yes
A0A6J1VJW0,Notechis scutatus,3FTx,463,yes
A0A6J1VNG6,Notechis scutatus,3FTx,462,yes
A0A6J1VNR8,Notechis scutatus,3FTx,371,yes
A0A6J1VQ65,Notechis scutatus,3FTx,188,yes
A0A6J1VQ84,Notechis scutatus,3FTx,727,yes
A0A6J1VQ90,Notechis scutatus,3FTx,519,yes
A0A6J1VS11,Notechis scutatus,3FTx,694,yes
A0A6J1VS18,Notechis scutatus,3FTx,516,yes
A0A6J1VTG0,Notechis scutatus,3FTx,255,yes
A0A6J1VTG5,Notechis scutatus,3FTx,310,yes
A0A6J1VUF3,Notechis scutatus,CRISP,198,no
A0A6J1VV14,Notechis scutatus,3FTx,257,yes
A0A6J1VVV8,Notechis scutatus,OTHER,262,yes
A0A6J1VVX1,Notechis scutatus,3FTx,251,yes
A0A6J1VWA1,Notechis scutatus,3FTx,292,yes
A0A6J1VWT6,Notechis scutatus,3FTx,253,yes
A0A6J1VXN6,Notechis scutatus,3FTx,491,yes
A0A6J1VYK4,Notechis scutatus,3FTx,380,yes
A0A6J1VZY4,Notechis scutatus,3FTx,228,yes
A0A6J1W0N0,Notechis scutatus,3FTx,335,yes
A0A6J1W0U4,Notechis scutatus,SVMP,303,yes
A0A6J1W175,Notechis scutatus,3FTx,259,yes
A0A6J1W1I4,Notechis scutatus,3FTx,208,yes
A0A6J1W235,Notechis scutatus,3FTx,175,yes
A0A6J1W342,Notechis scutatus,CNP,97,yes
A0A6J1W407,Notechis scutatus,3FTx,497,yes
A0A6J1W4D3,Notechis scutatus,3FTx,161,yes
A0A6J1W4G5,Notechis scutatus,3FTx,158,yes
A0A6J1W5V6,Notechis scutatus,3FTx,180,yes
A0A6J1W5X0,Notechis scutatus,3FTx,169,yes
A0A6J1W7P7,Notechis scutatus,CNP,123,yes
A0A6J1W7W6,Notechis scutatus,3FTx,385,yes
A0A6J1W9J2,Notechis scutatus,CNP,99,yes
A0A6J1W9L1,Notechis scutatus,3FTx,190,yes
A0A6J1WAM2,Notechis scutatus,3FTx,173,yes
A0A6J1WAS1,Notechis scutatus,3FTx,176,yes
A0A6J1WC72,Notechis scutatus,3FTx,170,yes
A0A6J1WCF0,Notechis scutatus,3FTx,169,yes
A0A7R7T1Q6,Montivipera raddei,SVMP,117,yes
A0A8C6V4P8,Naja naja,3FTx,443,yes
A0A8C6V6H8,Naja naja,3FTx,385,yes
A0A8C6V6K6,Naja naja,3FTx,464,yes
A0A8C6V7E0,Naja naja,3FTx,449,yes
A0A8C6V7J9,Naja naja,3FTx,337,yes
A0A8C6V7S8,Naja naja,3FTx,462,yes
A0A8C6V835,Naja naja,3FTx,379,yes
A0A8C6V8G5,Naja naja,3FTx,263,yes
A0A8C6V8W4,Naja naja,3FTx,401,yes
A0A8C6V912,Naja naja,3FTx,472,yes
A0A8C6V943,Naja naja,3FTx,218,yes
A0A8C6VC33,Naja naja,3FTx,204,yes
A0A8C6VC53,Naja naja,3FTx,366,yes
A0A8C6VCC5,Naja naja,3FTx,280,yes
A0A8C6VCL4,Naja naja,3FTx,157,yes
A0A8C6VCQ2,Naja naja,3FTx,318,yes
A0A8C6VDT1,Naja naja,3FTx,446,yes
A0A8C6VDU4,Naja naja,3FTx,253,yes
A0A8C6VDW6,Naja naja,3FTx,470,yes
A0A8C6VE02,Naja naja,3FTx,456,yes
A0A8C6VE18,Naja naja,3FTx,467,yes
A0A8C6VEG5,Naja naja,3FTx,550,yes
A0A8C6VEH5,Naja naja,3FTx,435,yes
A0A8C6VEI9,Naja naja,3FTx,477,yes
A0A8C6VEL6,Naja naja,3FTx,333,yes
A0A8C6VF25,Naja naja,3FTx,194,yes
A0A8C6VFD8,Naja naja,3FTx,389,yes
A0A8C6VFV7,Naja naja,3FTx,670,yes
A0A8C6VG19,Naja naja,3FTx,425,yes
A0A8C6VGD7,Naja naja,3FTx,249,yes
A0A8C6VHV0,Naja naja,3FTx,385,yes
A0A8C6VHX8,Naja naja,3FTx,438,yes
A0A8C6VKX1,Naja naja,3FTx,425,yes
A0A8C6VM42,Naja naja,3FTx,435,yes
A0A8C6VPF7,Naja naja,3FTx,270,yes
A0A8C6VRG0,Naja naja,3FTx,425,yes
A0A8C6X0P9,Naja naja,3FTx,201,yes
A0A8C6X0T7,Naja naja,3FTx,237,yes
A0A8C6X0Z8,Naja naja,3FTx,399,yes
A0A8C6X199,Naja naja,3FTx,462,yes
A0A8C6X1V1,Naja naja,3FTx,251,yes
A0A8C6X2R8,Naja naja,3FTx,301,yes
A0A8C6X316,Naja naja,3FTx,524,yes
A0A8C6X3M4,Naja naja,3FTx,549,yes
A0A8C6X4F2,Naja naja,3FTx,302,yes
A0A8C6X4Z0,Naja naja,3FTx,181,yes
A0A8C6X5K5,Naja naja,3FTx,511,yes
A0A8C6X5N5,Naja naja,3FTx,500,yes
A0A8C6X7I0,Naja naja,3FTx,559,yes
A0A8C6X7K3,Naja naja,OTHER,234,yes
A0A8C6X7N4,Naja naja,OTHER,233,yes
A0A8C6X800,Naja naja,OTHER,114,yes
A0A8C6XFL0,Naja naja,OTHER,547,yes
A0A8C6XQZ1,Naja naja,SVSP,251,yes
A0A8C6Y1P2,Naja naja,3FTx,449,yes
A0A8C6Y651,Naja naja,3FTx,184,yes
A0A8C6Y962,Naja naja,3FTx,204,yes
A0A8C6YJW3,Naja naja,3FTx,352,yes
A0A8C6YLC8,Naja naja,3FTx,323,yes
A0A8C7DRJ6,Naja naja,3FTx,217,yes
A0A8C7E5D9,Naja naja,3FTx,500,yes
A0A8T1N2H8,Bothrops jararaca,CTL,146,yes
A0A8T1N2Z0,Bothrops jararaca,CTL,151,yes
A0A8T1N374,Bothrops jararaca,CTL,152,yes
A0A8T1N412,Bothrops jararaca,3FTx,240,yes
A0A8T1N4Z9,Bothrops jararaca,CTL,152,yes
A0A8T1N5V4,Bothrops jararaca,CTL,154,yes
A0AAW1AQ71,Crotalus adamanteus,CNP,154,yes
A0AAW1AQE8,Crotalus adamanteus,3FTx,490,yes
A0AAW1ARG4,Crotalus adamanteus,OTHER,487,yes
A0AAW1AS68,Crotalus adamanteus,3FTx,416,yes
A0AAW1AUZ4,Crotalus adamanteus,3FTx,512,yes
A0AAW1AV06,Crotalus adamanteus,3FTx,461,yes
A0AAW1AVR3,Crotalus adamanteus,3FTx,670,yes
A0AAW1AWU4,Crotalus adamanteus,3FTx,359,yes
A0AAW1AYC4,Crotalus adamanteus,OTHER,376,yes
A0AAW1AZV8,Crotalus adamanteus,SVMP,601,no
A0AAW1B088,Crotalus adamanteus,SVMP,610,no
A0AAW1B0M8,Crotalus adamanteus,SVMP,162,yes
A0AAW1B141,Crotalus adamanteus,SVMP,610,no
A0AAW1B4P3,Crotalus adamanteus,3FTx,214,yes
A0AAW1B584,Crotalus adamanteus,3FTx,310,yes
A0AAW1B5G1,Crotalus adamanteus,OTHER,262,yes
A0AAW1B982,Crotalus adamanteus,SVMP,158,yes
A0AAW1BCN7,Crotalus adamanteus,3FTx,233,yes
A0AAW1BDH9,Crotalus adamanteus,CTL,140,no
A0AAW1BDN4,Crotalus adamanteus,CTL,186,yes
A0AAW1BDP1,Crotalus adamanteus,CTL,150,yes
A0AAW1BDQ2,Crotalus adamanteus,OTHER,182,yes
A0AAW1BEA6,Crotalus adamanteus,CTL,150,no
A0AAW1BEF1,Crotalus adamanteus,CTL,158,yes
A0AAW1BER7,Crotalus adamanteus,CTL,146,no
A0AAW1BEV4,Crotalus adamanteus,CTL,149,yes
A0AAW1BFU0,Crotalus adamanteus,CTL,157,no
A0AAW1BQ28,Crotalus adamanteus,OTHER,583,yes
A0AAW1BSY2,Crotalus adamanteus,3FTx,514,yes
A0AAW1BSY8,Crotalus adamanteus,3FTx,525,yes
A0AAW1BT23,Crotalus adamanteus,3FTx,429,yes
A0AAW1BT49,Crotalus adamanteus,3FTx,63,yes
A0AAW1BT82,Crotalus adamanteus,SVSP,261,yes
A0AAW1BU64,Crotalus adamanteus,3FTx,640,yes
A0AAW1BUC3,Crotalus adamanteus,3FTx,463,yes
A0AAW1BUL0,Crotalus adamanteus,3FTx,622,yes
A0AAW1BUN9,Crotalus adamanteus,3FTx,476,yes
A0AAW1BUQ7,Crotalus adamanteus,3FTx,299,yes
A0AAW1BUR4,Crotalus adamanteus,3FTx,476,yes
A0AAW1BUV9,Crotalus adamanteus,3FTx,435,yes
A0AAW1BUW4,Crotalus adamanteus,3FTx,548,yes
A0AAW1BUZ5,Crotalus adamanteus,3FTx,1208,yes
A0AAW1BV16,Crotalus adamanteus,3FTx,264,yes
A0AAW1BV93,Crotalus adamanteus,3FTx,575,yes
A0AAW1BVA6,Crotalus adamanteus,3FTx,465,yes
A0AAW1BVI2,Crotalus adamanteus,3FTx,243,yes
A0AAW1BW22,Crotalus adamanteus,3FTx,238,yes
A0AAW1BW72,Crotalus adamanteus,3FTx,428,yes
A0AAW1BWH1,Crotalus adamanteus,3FTx,253,yes
A0AAW1BWN1,Crotalus adamanteus,3FTx,438,yes
A0AAW1BX03,Crotalus adamanteus,3FTx,146,yes
A0AAW1BX81,Crotalus adamanteus,3FTx,499,yes
A0AAW1BYB0,Crotalus adamanteus,3FTx,594,yes
A0AAW1BYI2,Crotalus adamanteus,3FTx,568,yes
A0AAW1BZW6,Crotalus adamanteus,3FTx,488,yes
A0AAW1C0A5,Crotalus adamanteus,3FTx,213,yes
A0AAW1C2T4,Crotalus adamanteus,3FTx,718,yes
A0AAW1C2W9,Crotalus adamanteus,3FTx,674,yes
A0AAW1C5Z8,Crotalus adamanteus,SVMP,371,yes
A0AAW1C727,Crotalus adamanteus,SVMP,285,yes
A0AAW1C8A7,Crotalus adamanteus,OTHER,354,yes
A0AAW1C9Q8,Crotalus adamanteus,3FTx,235,yes
A0AAW1CAC9,Crotalus adamanteus,OTHER,487,yes
A0AAW1CCU5,Crotalus adamanteus,PDE,851,no
B0VXU7,Sistrurus catenatus,SVMP,176,yes
B2BRQ7,Austrelaps spp,3FTx,89,yes
B2BRQ8,Austrelaps spp,3FTx,88,yes
B2BRQ9,Austrelaps spp,3FTx,90,yes
B2BRR0,Austrelaps spp,3FTx,88,yes
B2BRR1,Austrelaps spp,3FTx,88,yes
B2BRR2,Austrelaps spp,3FTx,88,yes
B2BRR3,Austrelaps spp,3FTx,88,yes
B2BRR4,Austrelaps spp,3FTx,88,yes
B2BRR5,Austrelaps spp,3FTx,88,yes
B2BRR6,Austrelaps spp,3FTx,88,yes
B2BRR7,Austrelaps spp,3FTx,88,yes
B2BRR8,Austrelaps spp,3FTx,88,yes
B2BRR9,Austrelaps spp,3FTx,57,yes
B2BRS0,Austrelaps spp,3FTx,57,yes
B2BRS1,Austrelaps spp,3FTx,93,yes
B2BRS2,Austrelaps spp,3FTx,81,yes
B2BRS3,Austrelaps spp,3FTx,81,yes
B5G6F6,Oxyuranus microlepidotus,3FTx,83,yes
B5KLA9,Pseudonaja textilis,3FTx,190,yes
B5KLB0,Pseudonaja textilis,3FTx,190,yes
B5KLB1,Notechis scutatus,3FTx,190,yes
B5KLB2,Notechis scutatus,3FTx,190,yes
B5KLB3,Oxyuranus scutellatus,3FTx,190,yes
B5KLB4,Oxyuranus scutellatus,3FTx,190,yes
B5KLB9,Tropidechis carinatus,3FTx,190,yes
B5KLC0,Pseudechis spp,3FTx,190,yes
B5KLC1,Pseudechis australis,3FTx,190,yes
B5KLC2,Hoplocephalus spp,3FTx,190,yes
E3UJL6,Bothrops neuwiedi,OTHER,293,yes
E9JG13,Echis ocellatus,SVSP,194,yes
E9JG31,Echis carinatus,SVMP,348,yes
E9JG32,Echis carinatus,SVMP,412,no
E9JG42,Echis carinatus,SVMP,255,yes
E9JG53,Echis carinatus,SVMP,247,no
E9JGB8,Echis pyramidum,SVMP,231,yes
E9JGD1,Echis pyramidum,SVMP,215,yes
E9JGG6,Echis coloratus,SVMP,128,yes
E9JGH6,Echis carinatus,SVMP,128,yes
F2Q6E4,Bothriechis schlegelii,3FTx,240,yes
F2Q6E5,Crotalus horridus,3FTx,221,yes
F2Q6E6,Crotalus horridus,3FTx,221,yes
F2Q6E7,Crotalus horridus,3FTx,221,yes
F2Q6E8,Crotalus horridus,3FTx,221,yes
F2Q6E9,Crotalus horridus,3FTx,221,yes
F2Q6F0,Calloselasma rhodostoma,3FTx,240,yes
F2Q6F1,Crotalus viridis,3FTx,221,yes
F2Q6F6,Cerrophidion godmani,3FTx,240,yes
F2Q6G0,Deinagkistrodon acutus,3FTx,220,yes
F2Q6G1,Deinagkistrodon acutus,3FTx,221,yes
F8RTZ7,Agkistrodon contortrix,OTHER,139,yes
F8S0Y5,Crotalus adamanteus,CTL,151,yes
F8S0Y6,Crotalus adamanteus,CTL,146,yes
F8S0Y7,Crotalus adamanteus,CTL,142,yes
F8S0Y8,Crotalus adamanteus,CTL,157,yes
F8S0Y9,Crotalus adamanteus,CTL,149,yes
F8S0Z0,Crotalus adamanteus,CTL,150,yes
F8S0Z1,Crotalus adamanteus,CTL,148,yes
F8S0Z2,Crotalus adamanteus,CTL,158,yes
F8S0Z3,Crotalus adamanteus,CTL,148,yes
I2GAE2,Gloydius halys,OTHER,123,yes
I2GAE3,Gloydius halys,OTHER,129,yes
I2GAE4,Deinagkistrodon acutus,OTHER,123,yes
J3RY45,Crotalus adamanteus,CTL,151,yes
J3RY47,Crotalus adamanteus,CTL,149,yes
J3RY48,Crotalus adamanteus,CTL,151,yes
J3RY49,Crotalus adamanteus,CTL,148,yes
J3RY50,Crotalus adamanteus,CTL,146,yes
J3RYI5,Crotalus adamanteus,3FTx,273,yes
J3S3U5,Crotalus adamanteus,CTL,150,yes
J3S3U7,Crotalus adamanteus,CTL,156,yes
J3S3U8,Crotalus adamanteus,CTL,149,yes
J3S815,Crotalus adamanteus,CTL,154,yes
J3S816,Crotalus adamanteus,CTL,149,yes
J3S817,Crotalus adamanteus,CTL,151,yes
J3S818,Crotalus adamanteus,CTL,148,yes
J3SBN4,Crotalus adamanteus,CTL,153,yes
J3SBN5,Crotalus adamanteus,CTL,158,yes
J3SBN6,Crotalus adamanteus,CTL,158,yes
J3SBN7,Crotalus adamanteus,CTL,149,yes
J3SBN8,Crotalus adamanteus,CTL,151,yes
J3SDU9,Crotalus adamanteus,CTL,158,yes
J3SDV0,Crotalus adamanteus,CTL,151,yes
J3SDV2,Crotalus adamanteus,CTL,149,yes
J3SDV3,Crotalus adamanteus,CTL,165,yes
J3SDV4,Crotalus adamanteus,CTL,165,yes
J3SDV5,Crotalus adamanteus,CTL,149,yes
J3SDV6,Crotalus adamanteus,CTL,173,yes
K9JAX2,Daboia russelii,OTHER,146,yes
K9JBU6,Daboia siamensis,OTHER,146,yes
K9JBV0,Daboia siamensis,OTHER,158,yes
K9JBV3,Daboia russelii,OTHER,150,yes
K9JCB2,Daboia russelii,OTHER,158,yes
K9JDE8,Daboia russelii,OTHER,150,yes
K9JDF2,Daboia russelii,OTHER,158,yes
K9JDF6,Daboia siamensis,OTHER,150,yes
K9JDJ1,Daboia siamensis,OTHER,158,yes
K9JDJ6,Daboia siamensis,OTHER,150,yes
K9JDK6,Daboia russelii,OTHER,150,yes
M1V359,Bothrops jararaca,OTHER,155,yes
M1VNP5,Bothrops jararaca,OTHER,148,yes
Q14FJ3,Echis ocellatus,Disintegrin,69,yes
Q14FJ5,Echis ocellatus,Disintegrin,43,yes
Q3YK52,Agkistrodon contortrix,Disintegrin,27,yes
Q3YK53,Agkistrodon contortrix,Disintegrin,27,yes
Q3YK54,Agkistrodon contortrix,Disintegrin,27,yes
Q3YK55,Agkistrodon contortrix,Disintegrin,27,yes
Q3YL39,Agkistrodon contortrix,Disintegrin,26,yes
Q3YL43,Agkistrodon contortrix,Disintegrin,26,yes
Q3YL44,Agkistrodon contortrix,Disintegrin,26,yes
Q3YL47,Agkistrodon contortrix,Disintegrin,26,yes
Q3YL48,Agkistrodon contortrix,Disintegrin,26,yes
Q3YL49,Agkistrodon contortrix,Disintegrin,26,yes
Q3YL50,Agkistrodon contortrix,Disintegrin,26,yes
Q3YL51,Agkistrodon contortrix,Disintegrin,26,yes
Q3YL52,Agkistrodon contortrix,Disintegrin,26,yes
Q3YL53,Agkistrodon contortrix,Disintegrin,26,yes
Q3YL54,Agkistrodon contortrix,Disintegrin,26,yes
Q4JCR9,Bitis arietans,Disintegrin,108,yes
Q6T270,Bitis gabonica,SVMP,224,yes
Q6TAR6,Bungarus candidus,3FTx,36,yes
Q7T1S0,Protobothrops mucrosquamatus,OTHER,73,yes
Q8JIW0,Deinagkistrodon acutus,OTHER,152,yes
Q90WL9,Deinagkistrodon acutus,OTHER,124,yes
Q9YH67,Bungarus multicinctus,3FTx,60,yes
R4FI70,Acanthophis spp,3FTx,94,yes
R4FI75,Acanthophis spp,3FTx,88,yes
R4FIN6,Hoplocephalus spp,OTHER,124,yes
R4FJD0,Acanthophis spp,3FTx,184,yes
R4FK10,Hoplocephalus spp,OTHER,121,yes
R4G2D5,Acanthophis spp,OTHER,109,yes
R4G2D7,Acanthophis spp,3FTx,83,yes
R4G2D8,Acanthophis spp,3FTx,100,yes
R4G2D9,Acanthophis spp,3FTx,94,yes
R4G2P2,Acanthophis spp,3FTx,83,yes
R4G2P6,Acanthophis spp,3FTx,88,yes
R4G2Z8,Hoplocephalus spp,OTHER,123,yes
R4G7E4,Acanthophis spp,OTHER,109,yes
R4G7E6,Acanthophis spp,3FTx,83,yes
R4G7E7,Acanthophis spp,3FTx,100,yes
R4G7E8,Acanthophis spp,3FTx,94,yes
R4G7J4,Hoplocephalus spp,OTHER,125,yes
S6BCL7,Pseudechis rossignolii,3FTx,83,yes
S6CB76,Pseudechis rossignolii,3FTx,88,yes
T1D6Q8,Crotalus horridus,CTL,158,yes
T1D6R8,Crotalus horridus,3FTx,240,yes
T1DH34,Crotalus horridus,CTL,157,yes
T1DJZ7,Crotalus horridus,CTL,146,yes
T1DK00,Crotalus horridus,CTL,158,yes
T1DK04,Crotalus horridus,CTL,148,yes
T1E3B3,Crotalus horridus,3FTx,218,yes
T1E3D6,Crotalus horridus,CTL,146,yes
T1E3D8,Crotalus horridus,CTL,158,yes
T1E3E0,Crotalus horridus,CTL,149,yes
T1E3Z0,Crotalus horridus,CTL,151,yes
T1E3Z2,Crotalus horridus,CTL,146,yes
T1E3Z4,Crotalus horridus,CTL,142,yes
T1P647,Daboia russelii,OTHER,158,yes
T2HP25,Protobothrops flavoviridis,3FTx,240,yes
T2HP30,Protobothrops flavoviridis,CTL,149,yes
T2HP35,Protobothrops flavoviridis,SVMP,127,yes
T2HP42,Protobothrops flavoviridis,OTHER,148,yes
T2HP53,Protobothrops flavoviridis,CTL,148,yes
T2HP57,Protobothrops flavoviridis,CTL,109,yes
T2HPA6,Protobothrops flavoviridis,CTL,134,yes
T2HPB1,Protobothrops flavoviridis,SVMP,188,yes
T2HPC2,Protobothrops flavoviridis,SVMP,109,yes
T2HPQ3,Protobothrops flavoviridis,CTL,130,yes
T2HPS7,Protobothrops flavoviridis,CTL,150,yes
T2HQ64,Protobothrops flavoviridis,CTL,158,yes
T2HQ68,Protobothrops flavoviridis,CTL,87,yes
U3EPI1,Micrurus fulvius,3FTx,87,yes
U3EPM9,Micrurus fulvius,3FTx,86,yes
U3F5B1,Micrurus fulvius,3FTx,87,yes
U3F5B5,Micrurus fulvius,3FTx,87,yes
U3FAB7,Micrurus fulvius,3FTx,82,yes
U3FAC0,Micrurus fulvius,3FTx,87,yes
U3FDA1,Micrurus fulvius,3FTx,254,yes
U3FVG3,Micrurus fulvius,CNP,139,yes
U3FVG5,Micrurus fulvius,3FTx,87,yes
U3FVG7,Micrurus fulvius,3FTx,87,yes
U3FYQ0,Micrurus fulvius,3FTx,84,yes
U3FYQ1,Micrurus fulvius,3FTx,87,yes
U3T788,Protobothrops flavoviridis,SVMP,35,yes
V8N1S9,Ophiophagus hannah,OTHER,97,yes
V8N207,Ophiophagus hannah,3FTx,151,yes
V8N2J2,Ophiophagus hannah,OTHER,50,yes
V8N2P3,Ophiophagus hannah,3FTx,119,yes
V8N2Y4,Ophiophagus hannah,3FTx,132,yes
V8N399,Ophiophagus hannah,3FTx,98,yes
V8N3A3,Ophiophagus hannah,3FTx,146,yes
V8N3F2,Ophiophagus hannah,Disintegrin,87,yes
V8N3U4,Ophiophagus hannah,3FTx,132,yes
V8N490,Ophiophagus hannah,3FTx,217,yes
V8N4A1,Ophiophagus hannah,3FTx,144,yes
V8N4Z3,Ophiophagus hannah,CNP,70,yes
V8N807,Ophiophagus hannah,3FTx,232,yes
V8N8Z0,Ophiophagus hannah,3FTx,1012,yes
V8N9V3,Ophiophagus hannah,3FTx,284,yes
V8N9Y1,Ophiophagus hannah,3FTx,269,yes
V8NAU6,Ophiophagus hannah,3FTx,984,yes
V8NE61,Ophiophagus hannah,3FTx,355,yes
V8NEN8,Ophiophagus hannah,3FTx,417,no
V8NEU2,Ophiophagus hannah,3FTx,220,yes
V8NF90,Ophiophagus hannah,3FTx,315,yes
V8NFE0,Ophiophagus hannah,3FTx,184,yes
V8NFQ6,Ophiophagus hannah,3FTx,109,yes
V8NGM8,Ophiophagus hannah,3FTx,386,yes
V8NH43,Ophiophagus hannah,3FTx,341,yes
V8NJZ8,Ophiophagus hannah,3FTx,199,yes
V8NL68,Ophiophagus hannah,3FTx,690,yes
V8NMF9,Ophiophagus hannah,3FTx,206,yes
V8NQZ9,Ophiophagus hannah,3FTx,499,yes
V8P0B6,Ophiophagus hannah,3FTx,560,yes
V8PB89,Ophiophagus hannah,3FTx,418,yes
V8PJ30,Ophiophagus hannah,3FTx,155,yes
